-0.0106201171875,-1.015869140625,-0.1185302734375,-8.544921875,-62.988277435302734,-3.417968511581421
-0.0255126953125,-0.9893798828125,-0.0499267578125,-1.220703125,-75.50048828125,1.4648436307907104
-0.054931640625,-0.985107421875,-0.00390625,3.234863042831421,-74.8291015625,7.080077648162842
-0.0576171875,-0.981201171875,-0.001220703125,5.615233898162842,-60.546871185302734,11.779784202575684
-0.0491943359375,-0.9747314453125,-0.0399169921875,7.873534679412842,-40.10009765625,13.000487327575684
-0.0693359375,-0.9957275390625,-0.1395263671875,11.108397483825684,-13.977049827575684,7.263183116912842
-0.0556640625,-1.0205078125,-0.1075439453125,9.82666015625,-15.380858421325684,4.45556640625
-0.050048828125,-1.006591796875,-0.0650634765625,10.131834983825684,-19.6533203125,8.72802734375
-0.0450439453125,-0.9886474609375,-0.0322265625,11.596678733825684,-20.751951217651367,12.817381858825684
-0.0396728515625,-1.006103515625,-0.0020751953125,13.610838890075684,-18.37158203125,13.610838890075684
-0.023193359375,-1.0450439453125,0.0404052734375,15.686034202575684,-14.221190452575684,9.33837890625
-0.0238037109375,-1.025146484375,0.0716552734375,17.76123046875,-7.995604991912842,2.563476324081421
-0.038818359375,-0.947998046875,0.0794677734375,17.4560546875,-3.112792730331421,1.220703125
-0.021484375,-0.919677734375,0.1044921875,12.512206077575684,-2.13623046875,4.5166015625
0.01611328125,-0.9671630859375,0.171875,8.6669921875,-2.563476324081421,2.50244140625
0.03125,-1.0277099609375,0.2408447265625,11.108397483825684,-1.4038084745407104,-6.408690929412842
0.0191650390625,-1.049072265625,0.2513427734375,14.587401390075684,4.33349609375,-14.465331077575684
0.0123291015625,-1.026611328125,0.2142333984375,11.718749046325684,15.380858421325684,-15.686034202575684
0.0198974609375,-0.99755859375,0.1842041015625,5.493163585662842,23.376462936401367,-12.756346702575684
0.002197265625,-0.9700927734375,0.19873046875,6.286620616912842,8.72802734375,-12.145995140075684
0.0003662109375,-0.97314453125,0.20947265625,5.065917491912842,3.662109136581421,-7.995604991912842
0.01708984375,-1.045166015625,0.0887451171875,-14.953612327575684,5.126952648162842,0.0
-0.0074462890625,-1.0399169921875,0.06494140625,-17.27294921875,-10.314940452575684,4.638671875
-0.02001953125,-1.0418701171875,0.06591796875,-17.39501953125,-27.893064498901367,11.474608421325684
-0.0107421875,-1.033447265625,0.0916748046875,-17.578125,-38.63525390625,18.24951171875
0.0245361328125,-1.000732421875,0.1400146484375,-16.41845703125,-44.982906341552734,21.606443405151367
0.038818359375,-0.987060546875,0.16748046875,-13.977049827575684,-50.842281341552734,19.95849609375
0.0106201171875,-0.9969482421875,0.12255859375,-12.695311546325684,-49.377437591552734,14.221190452575684
-0.013671875,-0.9898681640625,0.028076171875,-13.793944358825684,-36.0107421875,7.873534679412842
-0.009033203125,-0.9801025390625,-0.034912109375,-15.075682640075684,-22.827146530151367,4.69970703125
-0.0157470703125,-0.992431640625,-0.03759765625,-12.878417015075684,-23.254392623901367,3.051757574081421
-0.0670166015625,-0.9942626953125,-0.0211181640625,-7.385253429412842,-32.53173828125,0.2441406100988388
-0.1162109375,-1.0087890625,-0.0302734375,-1.4038084745407104,-16.6015625,6.652831554412842
-0.111328125,-0.9456787109375,-0.0706787109375,0.1831054538488388,-7.141112804412842,3.784179449081421
-0.108154296875,-0.920166015625,-0.092529296875,-1.4648436307907104,2.197265625,-0.54931640625
-0.12109375,-0.9610595703125,-0.0872802734375,-2.44140625,7.141112804412842,-4.57763671875
-0.137451171875,-1.019287109375,-0.0535888671875,0.4272460639476776,6.408690929412842,-5.065917491912842
-0.130615234375,-1.0382080078125,-0.005126953125,5.920409679412842,3.173827886581421,-2.624511480331421
-0.1298828125,-1.0233154296875,0.0123291015625,10.559081077575684,4.69970703125,0.0
-0.1339111328125,-0.9974365234375,-0.00390625,11.901854515075684,16.357421875,2.685546636581421
0.0235595703125,-1.0072021484375,0.103271484375,14.343260765075684,64.453125,-7.812499523162842
-0.003662109375,-0.9114990234375,0.06396484375,9.521484375,75.37841796875,-6.713866710662842
0.041015625,-0.92529296875,0.08544921875,1.03759765625,78.7353515625,-4.39453125
0.0914306640625,-0.989990234375,0.135986328125,0.7324218153953552,71.533203125,-9.21630859375
0.0811767578125,-1.0198974609375,0.146240234375,7.324218273162842,62.499996185302734,-18.06640625
0.0570068359375,-1.015625,0.1417236328125,10.498045921325684,58.410640716552734,-20.874021530151367
0.054931640625,-1.0048828125,0.1630859375,9.27734375,56.213375091552734,-17.2119140625
0.0601806640625,-0.998046875,0.1905517578125,9.33837890625,50.537105560302734,-13.366698265075684
0.04296875,-0.9954833984375,0.176513671875,10.009765625,46.142574310302734,-9.8876953125
0.0093994140625,-0.9906005859375,0.120361328125,7.934569835662842,49.438472747802734,-5.065917491912842
0.01171875,-0.9964599609375,0.0841064453125,4.638671875,53.222652435302734,-3.601073980331421
0.0460205078125,-1.025390625,0.0938720703125,2.868652105331421,48.400875091552734,-8.11767578125
0.0550537109375,-1.0399169921875,0.1068115234375,1.8920897245407104,37.41455078125,-11.230467796325684
0.0450439453125,-1.009033203125,0.101318359375,0.7934569716453552,26.489255905151367,-8.23974609375
0.0391845703125,-0.9678955078125,0.1004638671875,-0.2441406100988388,18.310546875,-3.417968511581421
0.02783203125,-1.0072021484375,0.1368408203125,-2.929687261581421,13.000487327575684,-1.0986328125
0.0374755859375,-1.00390625,0.0826416015625,-4.2724609375,16.41845703125,-3.295898199081421
0.02099609375,-1.0128173828125,0.045654296875,-5.554198741912842,-12.084959983825684,-0.9765624403953552
0.02001953125,-0.9989013671875,0.0380859375,-3.906249761581421,-12.817381858825684,2.746581792831421
0.0181884765625,-0.9991455078125,0.032470703125,-2.13623046875,-14.343260765075684,5.249022960662842
0.0211181640625,-0.9952392578125,0.031005859375,0.4272460639476776,-15.197752952575684,5.798339366912842
0.018798828125,-0.9930419921875,0.035888671875,0.6713866591453552,-12.268065452575684,4.39453125
0.0263671875,-0.997314453125,0.0555419921875,1.220703125,-7.568358898162842,2.25830078125
0.0235595703125,-1.0072021484375,0.0633544921875,2.50244140625,-2.563476324081421,0.54931640625
0.0084228515625,-1.0126953125,0.0443115234375,3.051757574081421,2.807616949081421,1.7700194120407104
-0.001708984375,-1.001708984375,0.0224609375,3.112792730331421,6.958007335662842,3.479003667831421
-0.0015869140625,-1.0035400390625,0.031005859375,2.807616949081421,7.263183116912842,2.38037109375
0.006103515625,-1.020263671875,0.0589599609375,2.13623046875,5.0048828125,0.54931640625
0.0020751953125,-1.01513671875,0.062255859375,1.6479490995407104,3.845214605331421,1.2817381620407104
0.0047607421875,-0.9957275390625,0.049072265625,1.15966796875,3.540038824081421,3.479003667831421
0.0125732421875,-0.985595703125,0.0513916015625,1.0986328125,1.7700194120407104,3.784179449081421
0.00830078125,-0.9910888671875,0.080322265625,1.5869139432907104,-1.3427733182907104,1.9531248807907104
0.0152587890625,-1.0006103515625,0.123779296875,2.13623046875,-2.807616949081421,0.0610351525247097
0.0220947265625,-1.0009765625,0.1427001953125,2.3193359375,1.5258787870407104,-0.2441406100988388
0.01220703125,-0.999267578125,0.1204833984375,2.0751953125,10.986327171325684,1.15966796875
0.0029296875,-1.0003662109375,0.0936279296875,2.868652105331421,19.59228515625,1.8310545682907104
0.0052490234375,-1.0023193359375,0.093994140625,5.676269054412842,23.071287155151367,0.0
0.004150390625,-1.00439453125,0.1021728515625,8.23974609375,23.193357467651367,-2.44140625
-0.007080078125,-1.0018310546875,0.0989990234375,8.30078125,23.376462936401367,-2.624511480331421
-0.0047607421875,-1.003662109375,0.1085205078125,7.019042491912842,23.010251998901367,-2.685546636581421
0.00732421875,-1.0185546875,0.1336669921875,6.774901866912842,21.789548873901367,-5.371093273162842
0.015869140625,-1.0179443359375,0.1484375,6.713866710662842,21.911619186401367,-6.042479991912842
0.0283203125,-0.9967041015625,0.15234375,5.798339366912842,23.376462936401367,-3.662109136581421
0.0263671875,-0.982421875,0.15283203125,5.0048828125,22.705076217651367,-3.967284917831421
0.0103759765625,-0.9786376953125,0.15380859375,3.662109136581421,19.1650390625,-6.591796398162842
0.013916015625,-0.981689453125,0.1619873046875,0.1220703050494194,15.380858421325684,-6.469726085662842
0.0301513671875,-0.990966796875,0.1722412109375,-4.33349609375,11.596678733825684,-2.563476324081421
0.029541015625,-1.0076904296875,0.1693115234375,-7.141112804412842,5.737304210662842,0.7324218153953552
0.015869140625,-1.0220947265625,0.1541748046875,-7.873534679412842,-4.45556640625,2.25830078125
0.01220703125,-1.0174560546875,0.1441650390625,-7.385253429412842,-18.00537109375,6.958007335662842
0.005859375,-1.001220703125,0.135498046875,-7.019042491912842,-31.127927780151367,14.221190452575684
0.00439453125,-1.0614013671875,0.08642578125,-8.6669921875,-53.649898529052734,12.329100608825684
0.003173828125,-0.986328125,0.0003662109375,-10.559081077575684,-48.461910247802734,9.765625
-0.02490234375,-0.884765625,-0.064453125,-12.634276390075684,-48.706050872802734,7.385253429412842
-0.07373046875,-0.9027099609375,-0.0870361328125,-15.563963890075684,-55.725093841552734,1.15966796875
-0.095458984375,-1.0091552734375,-0.0736083984375,-19.8974609375,-57.006832122802734,-5.371093273162842
-0.07958984375,-1.0999755859375,-0.0528564453125,-21.850584030151367,-52.185054779052734,-12.268065452575684
-0.066650390625,-1.12255859375,-0.052734375,-20.263669967651367,-48.889156341552734,-17.76123046875
-0.0633544921875,-1.0615234375,-0.0413818359375,-19.8974609375,-47.485347747802734,-12.207030296325684
-0.0626220703125,-0.960205078125,0.00341796875,-20.446775436401367,-46.264644622802734,0.4272460639476776
-0.067626953125,-0.9136962890625,0.0283203125,-19.59228515625,-40.649410247802734,4.0283203125
-0.061767578125,-0.951171875,-0.01953125,-21.606443405151367,-23.925779342651367,-4.33349609375
-0.047607421875,-0.995361328125,-0.1136474609375,-30.395505905151367,-1.8310545682907104,-10.375975608825684
-0.0614013671875,-0.968994140625,-0.1802978515625,-37.90283203125,9.521484375,-7.568358898162842
-0.10693359375,-0.93505859375,-0.177490234375,-33.38623046875,2.25830078125,-10.681151390075684
-0.1065673828125,-0.9732666015625,-0.1131591796875,-22.155759811401367,-14.892577171325684,-22.949216842651367
-0.068115234375,-1.0189208984375,-0.059326171875,-16.90673828125,-22.155759811401367,-26.245115280151367
-0.06005859375,-1.0146484375,-0.074951171875,-18.310546875,-10.253905296325684,-17.63916015625
-0.06787109375,-1.0001220703125,-0.1246337890625,-17.63916015625,6.652831554412842,-10.009765625
-0.0538330078125,-1.010498046875,-0.159423828125,-10.986327171325684,17.333984375,-7.385253429412842
0.0032958984375,-1.05859375,-0.1739501953125,-4.45556640625,26.245115280151367,-7.080077648162842
0.0716552734375,-1.0789794921875,-0.1773681640625,-2.807616949081421,34.3017578125,-4.638671875
0.1107177734375,-1.00732421875,-0.162353515625,-2.25830078125,36.31591796875,4.7607421875
0.1468505859375,-0.943115234375,-0.123291015625,-0.4272460639476776,34.11865234375,11.962889671325684
0.1976318359375,-0.9588623046875,-0.0953369140625,1.0986328125,37.78076171875,7.263183116912842
0.22509765625,-0.98388671875,-0.118896484375,1.7089842557907104,50.170894622802734,-1.3427733182907104
0.250244140625,-0.944091796875,-0.10205078125,10.070799827575684,23.010251998901367,-7.995604991912842
0.2763671875,-0.98046875,-0.060546875,11.291502952575684,17.88330078125,-3.662109136581421
0.279052734375,-1.013427734375,-0.0631103515625,10.375975608825684,21.362302780151367,-3.295898199081421
0.2716064453125,-1.0050048828125,-0.0906982421875,8.1787109375,27.221677780151367,-1.220703125
0.2655029296875,-0.9747314453125,-0.10888671875,5.249022960662842,30.090330123901367,2.685546636581421
0.259033203125,-0.974365234375,-0.091552734375,2.807616949081421,27.404783248901367,6.469726085662842
0.253173828125,-0.9981689453125,-0.0474853515625,2.13623046875,22.094724655151367,9.58251953125
0.250732421875,-1.006591796875,-0.010986328125,2.990722417831421,19.775390625,11.596678733825684
0.249267578125,-1.0006103515625,-0.0096435546875,2.685546636581421,21.545408248901367,13.122557640075684
0.24169921875,-0.99267578125,-0.034912109375,0.8544921278953552,23.742673873901367,15.136717796325684
0.2364501953125,-0.9764404296875,-0.0413818359375,0.7324218153953552,23.071287155151367,17.4560546875
0.2431640625,-0.965576171875,-0.0048828125,3.112792730331421,19.83642578125,19.47021484375
0.23095703125,-0.9769287109375,0.046630859375,5.798339366912842,18.24951171875,20.751951217651367
0.1103515625,-0.99658203125,-0.034912109375,11.901854515075684,58.288570404052734,13.854979515075684
0.0833740234375,-0.9998779296875,-0.0927734375,9.21630859375,70.00732421875,5.859374523162842
-0.0045166015625,-1.0174560546875,-0.1444091796875,5.554198741912842,71.8994140625,3.112792730331421
-0.073974609375,-1.0279541015625,-0.1317138671875,4.2724609375,60.607906341552734,6.225585460662842
-0.0662841796875,-1.020751953125,-0.0426025390625,6.347655773162842,44.799800872802734,11.718749046325684
-0.064208984375,-0.965576171875,-0.0963134765625,3.967284917831421,76.84326171875,11.779784202575684
-0.0548095703125,-0.92919921875,-0.0606689453125,4.7607421875,68.78662109375,13.671874046325684
-0.0511474609375,-0.9443359375,-0.0128173828125,6.347655773162842,57.617183685302734,11.413573265075684
-0.0478515625,-0.991455078125,0.0001220703125,7.751464366912842,53.039546966552734,5.676269054412842
-0.0465087890625,-1.02685546875,-0.0264892578125,8.9111328125,52.429195404052734,1.9531248807907104
-0.0457763671875,-1.0313720703125,-0.04931640625,10.681151390075684,47.851558685302734,2.563476324081421
-0.03564453125,-1.0213623046875,-0.03271484375,12.695311546325684,35.7666015625,5.859374523162842
-0.0323486328125,-1.0130615234375,-0.00146484375,14.343260765075684,20.629880905151367,9.09423828125
-0.0311279296875,-1.0218505859375,-0.02197265625,11.596678733825684,3.601073980331421,8.056640625
-0.038818359375,-0.9862060546875,-0.046630859375,5.981444835662842,1.3427733182907104,4.57763671875
-0.034423828125,-0.917236328125,-0.0028076171875,1.7700194120407104,-10.681151390075684,4.94384765625
-0.0343017578125,-0.897705078125,0.0809326171875,-0.6103515625,-30.212400436401367,6.896972179412842
-0.06005859375,-0.9986572265625,0.131591796875,-4.21142578125,-41.564937591552734,8.97216796875
-0.05078125,-1.1729736328125,0.1302490234375,-4.57763671875,-41.076656341552734,1.7089842557907104
-0.0362548828125,-0.9774169921875,0.18701171875,-8.7890625,-81.05467987060547,0.0
0.0029296875,-1.03759765625,0.19384765625,-9.46044921875,-78.91845703125,-5.676269054412842
0.024169921875,-1.0252685546875,0.155517578125,-11.718749046325684,-80.01708984375,-2.563476324081421
0.0302734375,-0.9951171875,0.1217041015625,-15.563963890075684,-88.56200408935547,5.0048828125
0.046630859375,-0.9801025390625,0.148681640625,-17.02880859375,-100.95214080810547,7.263183116912842
0.0531005859375,-0.976806640625,0.2099609375,-14.953612327575684,-108.70360565185547,4.33349609375
0.04443359375,-1.0008544921875,0.2247314453125,-12.512206077575684,-107.97118377685547,1.6479490995407104
0.0345458984375,-1.0509033203125,0.1422119140625,-13.488768577575684,-99.67040252685547,-2.0751953125
0.0223388671875,-1.06005859375,-0.0125732421875,-18.06640625,-86.73094940185547,-9.1552734375
-0.0614013671875,-1.073974609375,0.0126953125,-14.892577171325684,-90.20995330810547,-16.2353515625
-0.0445556640625,-1.087158203125,-0.0125732421875,-10.864256858825684,-74.64599609375,-7.690429210662842
-0.0272216796875,-1.045654296875,-0.0848388671875,-7.568358898162842,-58.593746185302734,0.0610351525247097
-0.0413818359375,-0.9774169921875,-0.1427001953125,-2.746581792831421,-52.673336029052734,1.5258787870407104
-0.06103515625,-0.9385986328125,-0.13037109375,1.3427733182907104,-56.213375091552734,2.0751953125
-0.0723876953125,-0.962646484375,-0.0751953125,2.868652105331421,-60.485836029052734,5.981444835662842
-0.076416015625,-0.9891357421875,-0.0418701171875,4.150390625,-57.373043060302734,10.986327171325684
-0.08251953125,-0.9810791015625,-0.0523681640625,7.019042491912842,-46.203609466552734,13.183592796325684
-0.0869140625,-0.972900390625,-0.079833984375,9.46044921875,-32.470703125,11.413573265075684
-0.0272216796875,-1.041015625,-0.047119140625,9.6435546875,-8.23974609375,2.746581792831421
0.017822265625,-1.013916015625,0.092529296875,8.23974609375,23.803709030151367,-1.8310545682907104
-0.00244140625,-0.98046875,0.093017578125,6.408690929412842,21.484373092651367,0.0
-0.002685546875,-0.9842529296875,0.0955810546875,3.173827886581421,19.1650390625,0.6103515625
0.0169677734375,-1.0152587890625,0.0830078125,1.9531248807907104,19.10400390625,-1.9531248807907104
0.0264892578125,-1.0364990234375,0.0469970703125,2.38037109375,19.6533203125,-6.164550304412842
0.0126953125,-1.028076171875,0.0120849609375,2.868652105331421,16.4794921875,-7.446288585662842
-0.0010986328125,-1.007568359375,0.0211181640625,2.624511480331421,6.774901866912842,-3.784179449081421
0.00341796875,-0.99072265625,0.0784912109375,2.44140625,-5.737304210662842,1.3427733182907104
0.0194091796875,-0.9874267578125,0.14013671875,2.624511480331421,-13.427733421325684,2.746581792831421
0.0252685546875,-0.9986572265625,0.1539306640625,1.8310545682907104,-10.375975608825684,0.2441406100988388
0.0208740234375,-1.0010986328125,0.121337890625,0.0610351525247097,0.30517578125,-1.5869139432907104
0.0166015625,-0.9912109375,0.09228515625,-0.8544921278953552,7.934569835662842,-0.9155272841453552
0.0145263671875,-0.9989013671875,0.098388671875,-0.3662109076976776,8.11767578125,0.9155272841453552
-0.015625,-1.00390625,0.08740234375,4.7607421875,7.751464366912842,4.8828125
-0.01904296875,-0.9932861328125,0.0753173828125,4.150390625,5.981444835662842,5.310058116912842
-0.01025390625,-0.9981689453125,0.0966796875,3.784179449081421,1.4648436307907104,2.563476324081421
-0.0062255859375,-1.00927734375,0.116455078125,3.601073980331421,-0.6103515625,-0.3662109076976776
0.0052490234375,-1.0096435546875,0.114013671875,2.868652105331421,1.7089842557907104,-0.6103515625
0.0208740234375,-0.9949951171875,0.1041259765625,2.44140625,5.249022960662842,1.3427733182907104
0.01318359375,-0.9888916015625,0.1029052734375,2.868652105331421,6.835937023162842,2.0751953125
-0.00537109375,-0.9970703125,0.1173095703125,3.479003667831421,6.713866710662842,0.8544921278953552
-0.0096435546875,-1.0,0.1331787109375,3.356933355331421,7.202147960662842,-0.2441406100988388
-0.0067138671875,-0.9974365234375,0.1263427734375,2.197265625,9.27734375,-0.4272460639476776
-0.0068359375,-0.9979248046875,0.102783203125,0.4882812201976776,12.329100608825684,0.1220703050494194
-0.0025634765625,-1.0023193359375,0.08984375,0.1220703050494194,13.671874046325684,-0.3662109076976776
-0.0054931640625,-1.0079345703125,0.0888671875,1.8310545682907104,11.108397483825684,-2.685546636581421
-0.027587890625,-0.995361328125,0.0875244140625,3.112792730331421,6.164550304412842,-4.638671875
-0.0335693359375,-0.9874267578125,0.0966796875,2.38037109375,1.7089842557907104,-5.126952648162842
-0.01123046875,-1.0081787109375,0.11865234375,0.9155272841453552,-0.54931640625,-5.0048828125
0.00732421875,-1.01904296875,0.1231689453125,0.4882812201976776,0.6713866591453552,-3.417968511581421
0.00830078125,-1.000244140625,0.101806640625,0.1220703050494194,3.295898199081421,0.1831054538488388
0.002197265625,-0.9853515625,0.09033203125,-0.7934569716453552,2.685546636581421,2.197265625
-0.002197265625,-0.998291015625,0.1063232421875,-1.4648436307907104,-0.1831054538488388,0.7324218153953552
0.0003662109375,-1.0123291015625,0.1251220703125,-1.6479490995407104,-0.2441406100988388,-1.4648436307907104
0.004150390625,-1.0040283203125,0.1229248046875,-1.9531248807907104,3.540038824081421,-1.5258787870407104
-0.000244140625,-0.991943359375,0.1064453125,-2.3193359375,7.446288585662842,-1.220703125
-0.005615234375,-0.994873046875,0.0970458984375,-2.38037109375,9.6435546875,-2.197265625
-0.00341796875,-1.005126953125,0.1004638671875,-2.01416015625,10.253905296325684,-2.746581792831421
-0.006591796875,-1.004150390625,0.0972900390625,-0.9765624403953552,9.33837890625,-2.50244140625
-0.0169677734375,-0.9954833984375,0.0789794921875,-0.4882812201976776,7.629394054412842,-1.7089842557907104
-0.012451171875,-0.997314453125,0.0660400390625,-1.15966796875,4.7607421875,-1.03759765625
0.0028076171875,-1.012939453125,0.073486328125,-1.8310545682907104,0.2441406100988388,-1.0986328125
0.012939453125,-1.0218505859375,0.0892333984375,-2.44140625,-3.967284917831421,-0.7324218153953552
0.014404296875,-1.00537109375,0.0902099609375,-3.295898199081421,-5.615233898162842,0.30517578125
0.012451171875,-1.0020751953125,0.068603515625,-8.1787109375,2.44140625,-5.798339366912842
0.0223388671875,-1.0113525390625,0.0836181640625,-8.4228515625,5.249022960662842,-8.4228515625
0.0162353515625,-0.998046875,0.0760498046875,-8.1787109375,8.9111328125,-8.48388671875
0.0084228515625,-0.986328125,0.058349609375,-8.056640625,12.573241233825684,-6.835937023162842
0.02197265625,-1.001708984375,0.0609130859375,-7.019042491912842,13.732909202575684,-6.713866710662842
0.023681640625,-1.023193359375,0.053466796875,-4.57763671875,13.305663108825684,-7.690429210662842
0.008056640625,-1.0240478515625,0.013671875,-3.173827886581421,13.610838890075684,-6.713866710662842
0.016845703125,-1.012939453125,-0.0142822265625,-3.295898199081421,12.145995140075684,-4.39453125
0.0423583984375,-1.0169677734375,0.001953125,-2.44140625,4.7607421875,-3.356933355331421
0.0491943359375,-1.01953125,0.0386962890625,0.1220703050494194,-5.615233898162842,-3.356933355331421
0.03857421875,-0.99658203125,0.0634765625,2.868652105331421,-12.145995140075684,-2.624511480331421
0.0355224609375,-0.9779052734375,0.076416015625,3.845214605331421,-11.962889671325684,-1.220703125
0.0496826171875,-0.988525390625,0.08740234375,3.112792730331421,-5.981444835662842,-0.8544921278953552
0.0540771484375,-0.999755859375,0.039306640625,0.8544921278953552,13.000487327575684,-1.9531248807907104
0.0618896484375,-0.998046875,0.02392578125,0.4272460639476776,16.357421875,-2.746581792831421
0.06396484375,-1.0062255859375,0.0374755859375,1.8920897245407104,13.366698265075684,-4.7607421875
0.04052734375,-1.0159912109375,0.0308837890625,3.234863042831421,9.8876953125,-5.737304210662842
0.0335693359375,-1.0159912109375,0.004150390625,2.197265625,9.27734375,-4.7607421875
0.05859375,-1.011962890625,-0.0029296875,0.6713866591453552,7.019042491912842,-2.624511480331421
0.0733642578125,-1.0166015625,0.016845703125,0.4272460639476776,-0.4882812201976776,-0.6713866591453552
0.060791015625,-1.0107421875,0.037353515625,0.6103515625,-8.85009765625,0.6103515625
0.0482177734375,-0.985107421875,0.0460205078125,-0.0,-12.695311546325684,2.197265625
0.046142578125,-0.9727783203125,0.0511474609375,-1.2817381620407104,-10.742186546325684,2.44140625
0.0599365234375,-0.992431640625,0.0640869140625,-2.38037109375,-5.493163585662842,0.54931640625
0.0848388671875,-1.0108642578125,0.0726318359375,-2.3193359375,-0.1220703050494194,-2.01416015625
0.082275390625,-0.99365234375,0.0504150390625,-1.5258787870407104,4.8828125,-2.929687261581421
0.0616455078125,-0.97509765625,0.0263671875,-1.5258787870407104,7.507323741912842,-2.0751953125
0.0523681640625,-0.998291015625,0.02880859375,-0.8544921278953552,6.591796398162842,-3.112792730331421
0.0350341796875,-1.0455322265625,0.01416015625,1.3427733182907104,6.225585460662842,-5.920409679412842
0.0379638671875,-1.05322265625,-0.0235595703125,3.295898199081421,7.263183116912842,-5.493163585662842
0.062744140625,-1.015625,-0.041015625,4.8828125,2.746581792831421,-0.54931640625
0.0570068359375,-0.980224609375,-0.020263671875,6.591796398162842,-9.70458984375,4.08935546875
0.0657958984375,-0.9403076171875,0.055419921875,7.934569835662842,-21.484373092651367,4.94384765625
0.10693359375,-0.9154052734375,0.17236328125,8.9111328125,-24.597166061401367,2.685546636581421
0.1182861328125,-0.962646484375,0.269287109375,9.8876953125,-20.01953125,-2.0751953125
0.080078125,-1.0653076171875,0.2823486328125,9.46044921875,-9.46044921875,-8.97216796875
0.079345703125,-1.00341796875,0.1302490234375,1.4038084745407104,16.2353515625,-11.779784202575684
0.0823974609375,-0.887451171875,0.0794677734375,-1.8310545682907104,10.803221702575684,-11.474608421325684
0.06396484375,-0.8929443359375,0.0833740234375,-6.103515148162842,-3.723144292831421,-13.366698265075684
0.0703125,-0.9920654296875,0.1396484375,-11.291502952575684,-12.023924827575684,-12.695311546325684
0.10009765625,-1.0689697265625,0.2012939453125,-12.329100608825684,-13.305663108825684,-9.09423828125
0.064697265625,-1.002197265625,0.0927734375,-30.578611373901367,-2.50244140625,24.414060592651367
0.1226806640625,-1.0792236328125,0.091552734375,-34.0576171875,0.4882812201976776,25.207517623901367
0.167724609375,-1.122314453125,0.053955078125,-31.921384811401367,-2.868652105331421,17.822265625
0.11181640625,-0.98046875,-0.1622314453125,-26.733396530151367,-8.9111328125,5.126952648162842
0.0699462890625,-0.8790283203125,-0.1978759765625,-29.663084030151367,-8.544921875,5.126952648162842
0.044921875,-0.86328125,-0.180419921875,-31.738279342651367,-8.60595703125,4.638671875
0.044677734375,-0.9462890625,-0.164794921875,-30.578611373901367,-5.615233898162842,-1.7700194120407104
0.0687255859375,-1.0177001953125,-0.1744384765625,-26.367185592651367,3.234863042831421,-9.033203125
0.08642578125,-0.9937744140625,-0.2054443359375,-19.83642578125,9.94873046875,-9.58251953125
0.0799560546875,-0.9217529296875,-0.2464599609375,-14.770506858825684,13.366698265075684,-6.591796398162842
0.0777587890625,-0.884765625,-0.27294921875,-15.624999046325684,20.812986373901367,-5.0048828125
0.1109619140625,-0.91162109375,-0.2657470703125,-19.34814453125,29.785154342651367,-6.835937023162842
0.1561279296875,-0.967529296875,-0.2491455078125,-19.287109375,34.11865234375,-11.962889671325684
0.177734375,-0.9970703125,-0.26025390625,-15.319823265075684,34.36279296875,-15.624999046325684
0.1878662109375,-0.9766845703125,-0.298583984375,-11.596678733825684,33.63037109375,-13.183592796325684
0.1995849609375,-0.925048828125,-0.3284912109375,-10.437010765075684,31.982419967651367,-7.019042491912842
0.1956787109375,-0.887451171875,-0.3245849609375,-10.681151390075684,27.282712936401367,-2.807616949081421
0.21142578125,-0.984375,-0.3414306640625,-5.859374523162842,18.73779296875,-5.798339366912842
0.2130126953125,-0.9482421875,-0.3555908203125,-3.234863042831421,8.85009765625,-6.530761241912842
0.20458984375,-0.9229736328125,-0.334716796875,-2.990722417831421,-3.295898199081421,-7.080077648162842
0.1934814453125,-0.9310302734375,-0.2867431640625,-3.967284917831421,-11.779784202575684,-7.019042491912842
0.1978759765625,-0.94091796875,-0.2392578125,-3.601073980331421,-14.587401390075684,-5.0048828125
0.210693359375,-0.9432373046875,-0.2181396484375,-1.4648436307907104,-12.207030296325684,-3.051757574081421
0.2191162109375,-0.95458984375,-0.2305908203125,0.2441406100988388,-7.019042491912842,-3.112792730331421
0.2154541015625,-0.9652099609375,-0.270263671875,0.1831054538488388,-2.929687261581421,-3.295898199081421
0.2073974609375,-0.947998046875,-0.3133544921875,-0.30517578125,-4.5166015625,-2.929687261581421
0.200439453125,-0.9149169921875,-0.3272705078125,-0.54931640625,-11.535643577575684,-3.234863042831421
0.194580078125,-0.912841796875,-0.3013916015625,-1.4648436307907104,-17.9443359375,-4.57763671875
0.192626953125,-0.939697265625,-0.2679443359375,-2.746581792831421,-17.02880859375,-5.554198741912842
0.1937255859375,-0.9532470703125,-0.258544921875,-2.563476324081421,-9.3994140625,-5.187987804412842
0.1954345703125,-0.9525146484375,-0.2652587890625,-0.4272460639476776,-1.8310545682907104,-3.784179449081421
0.1927490234375,-0.9534912109375,-0.280029296875,2.685546636581421,2.807616949081421,-1.7700194120407104
0.197998046875,-0.950927734375,-0.3011474609375,6.164550304412842,5.065917491912842,-0.1220703050494194
0.2086181640625,-0.9437255859375,-0.3199462890625,9.1552734375,3.723144292831421,0.1220703050494194
0.2069091796875,-0.9337158203125,-0.3199462890625,10.375975608825684,-1.4038084745407104,0.8544921278953552
0.1982421875,-0.92919921875,-0.2855224609375,10.925292015075684,-7.507323741912842,2.868652105331421
0.1981201171875,-0.9447021484375,-0.233154296875,12.451170921325684,-10.742186546325684,4.0283203125
0.2061767578125,-0.9638671875,-0.2095947265625,14.770506858825684,-7.629394054412842,4.8828125
0.209228515625,-0.943115234375,-0.259521484375,19.287109375,7.995604991912842,10.009765625
0.2093505859375,-0.9451904296875,-0.2537841796875,21.667478561401367,9.521484375,12.329100608825684
0.1405029296875,-0.9720458984375,-0.2467041015625,27.404783248901367,-27.099607467651367,21.850584030151367
0.1202392578125,-0.99755859375,-0.2216796875,26.489255905151367,-42.785640716552734,21.118162155151367
0.1044921875,-1.0107421875,-0.20068359375,24.291990280151367,-51.757808685302734,21.972654342651367
0.087158203125,-1.0130615234375,-0.193603515625,21.911619186401367,-57.373043060302734,23.986814498901367
0.060546875,-1.0181884765625,-0.2005615234375,18.98193359375,-64.27001953125,25.756834030151367
0.0439453125,-1.011962890625,-0.198486328125,15.136717796325684,-73.73046875,28.381345748901367
0.034423828125,-0.9921875,-0.180419921875,11.657713890075684,-85.32714080810547,30.761716842651367
0.0064697265625,-0.982421875,-0.1507568359375,9.09423828125,-95.82518768310547,31.433103561401367
-0.030517578125,-0.9810791015625,-0.10205078125,7.812499523162842,-102.53905487060547,30.578611373901367
-0.0465087890625,-0.9764404296875,-0.046142578125,7.568358898162842,-104.24803924560547,29.602048873901367
-0.043212890625,-1.0189208984375,-0.0213623046875,4.45556640625,-97.35106658935547,25.817869186401367
-0.0496826171875,-1.079345703125,-0.022216796875,-3.356933355331421,-80.62743377685547,19.287109375
-0.05908203125,-1.018798828125,0.0367431640625,-6.591796398162842,-76.35498046875,21.057126998901367
-0.05615234375,-0.94384765625,0.1800537109375,-0.0,-102.11180877685547,27.954099655151367
-0.053466796875,-1.0177001953125,0.310302734375,5.798339366912842,-125.54930877685547,26.672361373901367
-0.0562744140625,-1.0645751953125,0.314697265625,6.591796398162842,-113.52538299560547,18.73779296875
-0.120361328125,-0.9716796875,0.2816162109375,4.82177734375,-87.03612518310547,3.906249761581421
-0.1513671875,-1.04345703125,0.30908203125,5.065917491912842,-81.78710174560547,-0.30517578125
-0.171142578125,-1.012939453125,0.24755859375,0.6713866591453552,-65.73486328125,2.929687261581421
-0.169189453125,-0.9561767578125,0.1669921875,-7.385253429412842,-49.011226654052734,7.995604991912842
-0.164306640625,-0.94873046875,0.1346435546875,-12.573241233825684,-40.710445404052734,6.347655773162842
-0.1695556640625,-0.97607421875,0.1558837890625,-12.268065452575684,-41.137691497802734,1.3427733182907104
-0.1890869140625,-0.96728515625,0.17919921875,-13.366698265075684,-38.4521484375,3.845214605331421
-0.185546875,-0.9652099609375,0.17333984375,-15.930174827575684,-36.19384765625,5.249022960662842
-0.184326171875,-0.980224609375,0.1893310546875,-15.502928733825684,-36.865234375,5.310058116912842
-0.1873779296875,-0.9954833984375,0.20361328125,-13.122557640075684,-36.4990234375,4.82177734375
-0.194580078125,-0.98388671875,0.1888427734375,-11.657713890075684,-31.921384811401367,5.432128429412842
-0.202392578125,-0.9559326171875,0.1490478515625,-12.451170921325684,-25.756834030151367,6.530761241912842
-0.189697265625,-0.94677734375,0.1278076171875,-14.282225608825684,-23.864744186401367,7.019042491912842
-0.1527099609375,-0.998779296875,0.1373291015625,-15.380858421325684,-25.390623092651367,4.82177734375
-0.103515625,-1.0811767578125,0.096923828125,-16.17431640625,-22.033689498901367,-2.44140625
-0.047119140625,-1.0372314453125,-0.0255126953125,-17.39501953125,-8.544921875,-9.70458984375
-0.0194091796875,-0.87255859375,-0.1224365234375,-16.845703125,0.0610351525247097,-12.268065452575684
-0.1434326171875,-1.0806884765625,-0.017822265625,-12.390135765075684,-40.344234466552734,-24.047849655151367
-0.1622314453125,-1.241455078125,0.07470703125,-4.08935546875,-55.297847747802734,-27.221677780151367
-0.1175537109375,-1.1319580078125,0.0792236328125,7.202147960662842,-55.725093841552734,-17.9443359375
-0.0877685546875,-0.89501953125,-0.01416015625,9.033203125,-42.175289154052734,-2.807616949081421
-0.102783203125,-0.80224609375,-0.0948486328125,-1.0986328125,-24.230955123901367,9.1552734375
-0.0986328125,-0.9197998046875,-0.0517578125,-9.58251953125,-17.88330078125,13.122557640075684
-0.0428466796875,-1.12744140625,0.0908203125,-5.737304210662842,-23.925779342651367,7.324218273162842
0.0123291015625,-1.194580078125,0.1866455078125,6.286620616912842,-26.733396530151367,-2.868652105331421
-0.00830078125,-0.9913330078125,0.1131591796875,13.488768577575684,-13.549803733825684,-5.615233898162842
-0.0673828125,-0.7952880859375,-0.0318603515625,5.432128429412842,7.141112804412842,0.2441406100988388
-0.0880126953125,-0.843505859375,-0.0526123046875,-8.48388671875,10.681151390075684,2.01416015625
-0.1171875,-1.056640625,0.07421875,-10.131834983825684,-11.108397483825684,-7.141112804412842
-0.1099853515625,-0.907470703125,0.0628662109375,-3.906249761581421,-22.949216842651367,3.662109136581421
-0.105712890625,-0.83349609375,-0.047119140625,-16.66259765625,-8.85009765625,8.60595703125
-0.12841796875,-0.9931640625,-0.0555419921875,-26.428220748901367,-14.282225608825684,0.54931640625
-0.1007080078125,-1.084228515625,0.132568359375,-27.770994186401367,-48.156734466552734,-1.7089842557907104
-0.0963134765625,-0.92919921875,0.1651611328125,-20.996091842651367,-64.88037109375,7.629394054412842
-0.1236572265625,-0.9075927734375,0.1103515625,-20.385740280151367,-67.44384765625,14.526366233825684
-0.1170654296875,-0.9764404296875,0.05517578125,-21.911619186401367,-59.265132904052734,12.145995140075684
-0.057861328125,-1.0733642578125,0.0614013671875,-20.446775436401367,-56.884761810302734,2.38037109375
-0.0025634765625,-1.131591796875,0.0830078125,-19.287109375,-63.293453216552734,-0.0610351525247097
-0.0040283203125,-1.060791015625,0.021240234375,-15.441893577575684,-73.54736328125,6.286620616912842
-0.064453125,-0.9698486328125,-0.09912109375,-10.681151390075684,-78.2470703125,8.48388671875
-0.0986328125,-1.00146484375,-0.138427734375,-10.437010765075684,-73.42529296875,2.990722417831421
-0.17724609375,-0.977294921875,-0.1644287109375,-7.995604991912842,-60.363765716552734,5.249022960662842
-0.2108154296875,-0.9208984375,-0.1495361328125,-8.36181640625,-60.913082122802734,19.22607421875
-0.19189453125,-0.8941650390625,-0.095947265625,-6.469726085662842,-51.940914154052734,28.076169967651367
-0.1729736328125,-0.9066162109375,-0.1181640625,-5.126952648162842,-26.184080123901367,22.521970748901367
-0.1475830078125,-0.9486083984375,-0.20556640625,-7.080077648162842,5.920409679412842,7.324218273162842
-0.130615234375,-0.96484375,-0.2608642578125,-6.591796398162842,16.4794921875,-5.493163585662842
-0.1409912109375,-0.950439453125,-0.224609375,-1.6479490995407104,0.54931640625,-9.8876953125
-0.1578369140625,-0.9329833984375,-0.1270751953125,3.051757574081421,-15.380858421325684,-7.995604991912842
-0.163818359375,-0.8829345703125,-0.0635986328125,6.530761241912842,-14.587401390075684,-2.3193359375
-0.1766357421875,-0.8565673828125,-0.0521240234375,12.145995140075684,-3.662109136581421,0.4882812201976776
-0.2110595703125,-0.969970703125,-0.0069580078125,24.719236373901367,1.220703125,-7.934569835662842
-0.1724853515625,-1.1317138671875,0.0960693359375,41.259761810302734,1.03759765625,-22.460935592651367
-0.06982421875,-1.1630859375,0.1080322265625,44.921871185302734,21.179197311401367,-25.390623092651367
-0.048583984375,-1.0279541015625,-0.0242919921875,30.212400436401367,59.326168060302734,-11.413573265075684
-0.1263427734375,-0.878662109375,-0.0968017578125,15.563963890075684,72.20458984375,1.4038084745407104
-0.13525390625,-1.1627197265625,0.322265625,13.916014671325684,18.61572265625,-10.864256858825684
-0.07861328125,-1.0899658203125,0.40478515625,19.34814453125,10.437010765075684,-12.939452171325684
-0.084716796875,-0.840576171875,0.2314453125,20.690916061401367,16.41845703125,-12.939452171325684
-0.1080322265625,-0.76611328125,0.062255859375,11.840819358825684,24.780271530151367,-16.357421875
-0.0660400390625,-0.94140625,0.3577880859375,6.469726085662842,-34.1796875,17.88330078125
-0.03564453125,-0.8428955078125,0.3836669921875,-2.807616949081421,-38.2080078125,31.677244186401367
-0.0186767578125,-0.9019775390625,0.416259765625,-10.559081077575684,-27.160642623901367,28.320310592651367
-0.029541015625,-0.965576171875,0.335693359375,-15.563963890075684,-2.197265625,21.423337936401367
-0.035400390625,-1.011962890625,0.1654052734375,-21.667478561401367,29.785154342651367,15.014647483825684
-0.0389404296875,-1.201171875,0.024169921875,-26.611326217651367,53.039546966552734,2.01416015625
-0.064453125,-1.383056640625,-0.0897216796875,-23.254392623901367,60.485836029052734,-22.033689498901367
-0.0980224609375,-1.1837158203125,-0.195068359375,-12.207030296325684,58.349605560302734,-30.944822311401367
-0.04248046875,-1.029541015625,0.0352783203125,-0.7934569716453552,49.865718841552734,-12.268065452575684
-0.01025390625,-0.9659423828125,-0.0328369140625,10.864256858825684,60.180660247802734,-5.065917491912842
-0.021240234375,-0.937744140625,-0.124267578125,14.282225608825684,73.91357421875,3.173827886581421
-0.020751953125,-1.0133056640625,-0.157470703125,10.314940452575684,85.32714080810547,0.8544921278953552
-0.0064697265625,-1.055419921875,-0.13623046875,9.09423828125,84.96092987060547,-5.676269054412842
-0.0162353515625,-1.0289306640625,-0.0987548828125,11.718749046325684,74.8291015625,-7.812499523162842
-0.0489501953125,-1.0203857421875,-0.0638427734375,12.634276390075684,63.537593841552734,-5.737304210662842
-0.0784912109375,-1.0357666015625,-0.0355224609375,11.718749046325684,52.978511810302734,0.54931640625
-0.108154296875,-1.0264892578125,-0.0318603515625,11.596678733825684,43.212886810302734,8.97216796875
-0.117919921875,-1.006103515625,-0.055908203125,11.108397483825684,37.04833984375,16.2353515625
-0.10400390625,-0.9954833984375,-0.06982421875,10.375975608825684,31.982419967651367,20.141599655151367
-0.1195068359375,-0.9937744140625,-0.03076171875,12.390135765075684,21.118162155151367,19.71435546875
-0.06494140625,-1.0162353515625,0.273681640625,20.874021530151367,-4.94384765625,20.690916061401367
0.0281982421875,-1.044677734375,0.1859130859375,14.343260765075684,30.273435592651367,8.544921875
0.0684814453125,-0.909423828125,0.0340576171875,9.94873046875,61.889644622802734,-5.920409679412842
-0.0474853515625,-0.716552734375,-0.0611572265625,15.380858421325684,56.823726654052734,-17.578125
-0.2230224609375,-0.886474609375,0.0023193359375,14.465331077575684,22.460935592651367,-19.95849609375
-0.2353515625,-1.24755859375,0.214111328125,2.746581792831421,-5.798339366912842,-10.803221702575684
-0.1390380859375,-1.23095703125,0.3062744140625,-2.50244140625,-5.859374523162842,-3.845214605331421
-0.0966796875,-0.87548828125,0.162353515625,-0.0,6.164550304412842,-6.530761241912842
-0.1097412109375,-0.6904296875,0.042236328125,-6.347655773162842,8.97216796875,-10.009765625
-0.1534423828125,-0.861083984375,0.113037109375,-18.49365234375,-1.8310545682907104,-12.512206077575684
-0.1729736328125,-1.08154296875,0.2872314453125,-17.39501953125,-20.568845748901367,-20.263669967651367
-0.151611328125,-1.0865478515625,0.3388671875,-7.019042491912842,-33.26416015625,-20.01953125
-0.1260986328125,-0.968017578125,0.21240234375,-6.347655773162842,-31.372068405151367,-1.4648436307907104
-0.0875244140625,-0.938232421875,0.104736328125,-13.854979515075684,-28.259275436401367,14.160155296325684
-0.004638671875,-1.13232421875,0.133056640625,-15.624999046325684,-36.07177734375,5.371093273162842
0.04931640625,-1.3253173828125,0.12841796875,-9.765625,-36.4990234375,-16.2353515625
0.0301513671875,-1.202392578125,-0.0169677734375,-0.30517578125,-19.71435546875,-24.291990280151367
0.01171875,-0.8963623046875,-0.14208984375,6.896972179412842,-6.225585460662842,-20.141599655151367
-0.012451171875,-0.7554931640625,-0.130615234375,5.126952648162842,-2.44140625,-16.17431640625
-0.0426025390625,-0.8812255859375,-0.0311279296875,0.6713866591453552,-4.0283203125,-14.953612327575684
-0.005615234375,-1.0423583984375,-0.0443115234375,13.977049827575684,-7.202147960662842,3.417968511581421
-0.0177001953125,-1.001220703125,-0.059326171875,13.305663108825684,-5.981444835662842,7.080077648162842
-0.0169677734375,-1.005126953125,0.015869140625,10.864256858825684,-9.46044921875,6.347655773162842
-0.031005859375,-1.0228271484375,0.093994140625,9.765625,-12.878417015075684,7.080077648162842
-0.061767578125,-1.0257568359375,0.114013671875,10.498045921325684,-12.695311546325684,9.21630859375
-0.090087890625,-1.0081787109375,0.09521484375,10.925292015075684,-10.070799827575684,14.526366233825684
-0.1087646484375,-0.9814453125,0.0877685546875,10.681151390075684,-8.6669921875,20.080564498901367
-0.12890625,-0.96630859375,0.1014404296875,10.375975608825684,-9.09423828125,21.301267623901367
-0.1510009765625,-0.9591064453125,0.109375,9.1552734375,-9.3994140625,19.47021484375
-0.1739501953125,-0.9501953125,0.1016845703125,6.652831554412842,-10.437010765075684,17.7001953125
-0.194580078125,-0.943115234375,0.09716796875,3.967284917831421,-13.183592796325684,16.41845703125
-0.2147216796875,-0.947998046875,0.1090087890625,2.197265625,-15.441893577575684,14.770506858825684
-0.2376708984375,-0.9884033203125,0.126953125,1.03759765625,-15.380858421325684,11.901854515075684
-0.23876953125,-1.040771484375,0.13232421875,0.0610351525247097,-13.183592796325684,9.521484375
-0.2291259765625,-1.03759765625,0.1048583984375,-0.6713866591453552,-10.925292015075684,9.765625
-0.234619140625,-1.0081787109375,0.0732421875,-2.38037109375,-12.207030296325684,13.000487327575684
-0.2083740234375,-1.057861328125,0.1009521484375,-6.286620616912842,-18.00537109375,16.54052734375
-0.1243896484375,-1.1480712890625,0.14794921875,-9.09423828125,-21.545408248901367,15.747069358825684
-0.0147705078125,-1.0880126953125,0.1368408203125,-9.1552734375,-16.29638671875,12.451170921325684
0.0743408203125,-0.8369140625,0.1026611328125,-8.9111328125,-9.58251953125,11.962889671325684
-0.06591796875,-1.0382080078125,0.169189453125,-13.488768577575684,-17.2119140625,-1.0986328125
-0.1187744140625,-1.2457275390625,0.16064453125,-9.70458984375,-11.169432640075684,-10.742186546325684
-0.116455078125,-1.061767578125,0.0543212890625,-2.38037109375,-0.0610351525247097,-11.840819358825684
-0.1162109375,-0.81103515625,-0.011962890625,0.2441406100988388,-10.681151390075684,-10.253905296325684
-0.118408203125,-0.80517578125,0.06396484375,-5.737304210662842,-39.1845703125,-10.192870140075684
-0.1414794921875,-0.9361572265625,0.1953125,-12.023924827575684,-57.556148529052734,-7.629394054412842
-0.1685791015625,-0.9957275390625,0.2569580078125,-12.084959983825684,-58.227535247802734,-1.03759765625
-0.1761474609375,-0.9774169921875,0.22314453125,-11.108397483825684,-49.194332122802734,7.934569835662842
-0.15234375,-0.94873046875,0.1561279296875,-13.000487327575684,-38.02490234375,15.441893577575684
-0.117431640625,-0.958740234375,0.131103515625,-15.930174827575684,-29.541013717651367,20.263669967651367
-0.1427001953125,-1.016357421875,0.1573486328125,-15.380858421325684,-31.127927780151367,21.789548873901367
-0.2301025390625,-1.103515625,0.1614990234375,-8.7890625,-43.273921966552734,18.49365234375
-0.2449951171875,-1.217529296875,0.139892578125,-2.685546636581421,-50.598140716552734,12.207030296325684
-0.107421875,-1.25048828125,0.1195068359375,0.54931640625,-43.212886810302734,3.723144292831421
0.0531005859375,-1.068359375,0.02294921875,4.21142578125,-31.127927780151367,-4.82177734375
0.0411376953125,-0.7987060546875,-0.1566162109375,0.54931640625,-22.399900436401367,-4.45556640625
-0.1019287109375,-0.819091796875,-0.2320556640625,-15.136717796325684,-23.803709030151367,2.624511480331421
-0.131591796875,-1.257568359375,0.14599609375,-16.2353515625,-77.1484375,5.310058116912842
-0.1419677734375,-0.994384765625,0.158203125,-3.540038824081421,-83.37401580810547,20.263669967651367
-0.188232421875,-0.676025390625,0.0146484375,-6.774901866912842,-57.312007904052734,37.4755859375
-0.2373046875,-0.6495361328125,-0.09619140625,-20.263669967651367,-22.521970748901367,33.0810546875
-0.2501220703125,-0.8828125,-0.0799560546875,-23.376462936401367,-6.713866710662842,6.530761241912842
-0.2510986328125,-1.0517578125,-0.004638671875,-12.023924827575684,-9.3994140625,-16.7236328125
-0.2838134765625,-1.0015869140625,0.0206298828125,0.2441406100988388,-14.770506858825684,-17.88330078125
-0.3175048828125,-0.9124755859375,0.0081787109375,2.868652105331421,-15.930174827575684,-5.859374523162842
-0.3179931640625,-0.93701171875,0.0155029296875,-1.7089842557907104,-11.901854515075684,1.5258787870407104
-0.3250732421875,-1.046142578125,-0.044677734375,-1.220703125,7.080077648162842,-3.845214605331421
-0.366455078125,-1.0682373046875,-0.0682373046875,1.8310545682907104,2.624511480331421,-1.2817381620407104
-0.27880859375,-1.1575927734375,0.04736328125,4.45556640625,-17.76123046875,6.835937023162842
-0.0538330078125,-1.2261962890625,0.190185546875,7.934569835662842,-24.536130905151367,8.72802734375
0.07080078125,-0.8009033203125,-0.0001220703125,5.859374523162842,25.573728561401367,4.57763671875
-0.1275634765625,-1.1107177734375,0.056640625,1.4648436307907104,-13.916014671325684,-22.888181686401367
-0.077880859375,-1.0667724609375,0.1585693359375,8.72802734375,-22.888181686401367,-32.53173828125
-0.0777587890625,-0.8765869140625,0.1063232421875,9.33837890625,-18.12744140625,-26.672361373901367
-0.1265869140625,-0.8475341796875,0.016357421875,-0.3662109076976776,-15.686034202575684,-14.465331077575684
-0.1700439453125,-1.015869140625,0.093994140625,-6.103515148162842,-38.63525390625,-0.7324218153953552
-0.171630859375,-0.975830078125,0.15869140625,-0.7324218153953552,-57.434078216552734,5.676269054412842
-0.1690673828125,-0.9453125,0.1820068359375,-2.990722417831421,-60.180660247802734,14.831542015075684
-0.1776123046875,-0.9898681640625,0.1875,-8.7890625,-48.278804779052734,21.240232467651367
-0.0426025390625,-1.2303466796875,0.1302490234375,-6.469726085662842,-48.828121185302734,15.258788108825684
0.1043701171875,-0.803955078125,-0.2230224609375,-5.737304210662842,-5.798339366912842,-3.540038824081421
-0.053466796875,-0.8997802734375,-0.208251953125,-7.629394054412842,-27.465818405151367,-12.634276390075684
-0.1522216796875,-1.191162109375,0.0941162109375,-4.69970703125,-76.2939453125,-10.925292015075684
-0.1673583984375,-1.205078125,0.328857421875,4.8828125,-94.60448455810547,3.784179449081421
-0.1357421875,-0.8826904296875,0.2877197265625,7.080077648162842,-60.913082122802734,24.780271530151367
-0.1746826171875,-0.640869140625,0.06689453125,-6.286620616912842,-6.286620616912842,39.0625
-0.252685546875,-0.699462890625,-0.0806884765625,-23.315427780151367,32.65380859375,35.58349609375
-0.2587890625,-0.8837890625,-0.0234375,-25.512693405151367,36.7431640625,14.770506858825684
-0.2598876953125,-0.9764404296875,0.0909423828125,-13.488768577575684,21.301267623901367,-4.5166015625
-0.2911376953125,-0.966796875,0.123779296875,-2.50244140625,13.977049827575684,-4.69970703125
-0.276611328125,-0.9691162109375,0.075439453125,2.868652105331421,22.521970748901367,2.563476324081421
-0.3201904296875,-1.051025390625,-0.0321044921875,6.347655773162842,41.198726654052734,-0.1220703050494194
-0.34912109375,-1.1259765625,-0.0401611328125,10.681151390075684,42.663570404052734,1.03759765625
0.0712890625,-1.13818359375,0.1873779296875,18.12744140625,41.137691497802734,5.126952648162842
-0.0706787109375,-1.0267333984375,0.0234375,17.7001953125,58.898921966552734,-1.3427733182907104
-0.1871337890625,-0.910888671875,-0.0975341796875,17.578125,46.020503997802734,-7.812499523162842
-0.1544189453125,-0.824462890625,-0.0618896484375,10.925292015075684,26.794431686401367,-14.160155296325684
-0.1158447265625,-0.7763671875,0.0579833984375,2.929687261581421,9.58251953125,-20.202634811401367
-0.168212890625,-0.8443603515625,0.1417236328125,0.30517578125,-11.291502952575684,-21.972654342651367
-0.214599609375,-0.9837646484375,0.2060546875,3.234863042831421,-25.329587936401367,-16.66259765625
-0.2081298828125,-1.02392578125,0.250732421875,7.080077648162842,-21.484373092651367,-10.620116233825684
-0.19970703125,-0.95263671875,0.2076416015625,6.530761241912842,-9.70458984375,-4.45556640625
-0.2060546875,-0.9317626953125,0.1221923828125,0.6103515625,-1.8310545682907104,2.01416015625
-0.2099609375,-1.0101318359375,0.1151123046875,-4.150390625,0.3662109076976776,5.371093273162842
-0.24267578125,-1.1278076171875,0.1614990234375,0.2441406100988388,-8.056640625,4.39453125
-0.247802734375,-1.240478515625,0.169921875,8.97216796875,-24.230955123901367,3.051757574081421
-0.072021484375,-1.2449951171875,0.1539306640625,11.657713890075684,-30.883787155151367,4.7607421875
0.1041259765625,-1.0533447265625,0.033935546875,8.544921875,-16.9677734375,1.8310545682907104
0.028564453125,-0.86474609375,-0.1732177734375,1.7089842557907104,3.173827886581421,-7.080077648162842
-0.1099853515625,-0.9014892578125,-0.1448974609375,-5.371093273162842,-5.554198741912842,-7.080077648162842
-0.1431884765625,-1.085693359375,0.153564453125,-3.906249761581421,-41.564937591552734,4.69970703125
-0.1324462890625,-1.114501953125,0.34619140625,6.835937023162842,-59.387203216552734,14.404295921325684
-0.138671875,-0.8837890625,0.247314453125,13.305663108825684,-38.87939453125,23.620603561401367
-0.1895751953125,-0.6990966796875,0.0213623046875,3.906249761581421,-2.807616949081421,32.8369140625
-0.2386474609375,-0.7568359375,-0.094970703125,-10.437010765075684,18.5546875,23.681638717651367
-0.25,-0.9317626953125,-0.026611328125,-13.427733421325684,14.953612327575684,-2.868652105331421
-0.2802734375,-1.0184326171875,0.0787353515625,-7.446288585662842,-0.9155272841453552,-16.78466796875
-0.3292236328125,-1.0054931640625,0.1129150390625,-4.7607421875,-10.314940452575684,-3.173827886581421
-0.3214111328125,-0.9947509765625,0.1072998046875,-6.103515148162842,-5.493163585662842,14.648436546325684
-0.3204345703125,-1.014892578125,0.046630859375,-4.21142578125,9.6435546875,14.465331077575684
-0.308349609375,-1.0982666015625,0.02099609375,-3.479003667831421,22.094724655151367,9.46044921875
-0.18212890625,-1.19091796875,0.0938720703125,-6.042479991912842,21.301267623901367,10.498045921325684
-0.0379638671875,-1.1461181640625,0.142578125,-5.554198741912842,18.9208984375,7.568358898162842
0.029541015625,-0.94189453125,0.12353515625,-4.33349609375,22.033689498901367,1.9531248807907104
-0.0439453125,-0.848388671875,0.064208984375,-7.141112804412842,19.8974609375,-1.6479490995407104
-0.174560546875,-0.9957275390625,0.0347900390625,-7.385253429412842,7.934569835662842,-10.498045921325684
-0.19482421875,-1.0546875,0.0721435546875,0.4272460639476776,-4.82177734375,-21.667478561401367
-0.1512451171875,-0.88671875,0.1033935546875,7.629394054412842,-11.230467796325684,-22.521970748901367
-0.1435546875,-0.773681640625,0.0992431640625,4.8828125,-14.892577171325684,-17.333984375
-0.19091796875,-0.868896484375,0.1094970703125,-4.08935546875,-17.822265625,-12.451170921325684
-0.2420654296875,-0.982666015625,0.1583251953125,-6.225585460662842,-23.254392623901367,-8.30078125
-0.2449951171875,-0.9725341796875,0.203125,-1.03759765625,-32.53173828125,-4.39453125
-0.201416015625,-0.940673828125,0.2066650390625,-0.1220703050494194,-34.97314453125,1.03759765625
-0.1627197265625,-0.9866943359375,0.1812744140625,-4.57763671875,-23.437498092651367,5.920409679412842
-0.2073974609375,-1.0733642578125,0.1153564453125,-5.126952648162842,-11.108397483825684,3.723144292831421
-0.2777099609375,-1.1297607421875,0.0283203125,-1.4038084745407104,-13.793944358825684,-2.746581792831421
-0.2081298828125,-1.15087890625,0.0330810546875,0.1220703050494194,-27.404783248901367,-3.967284917831421
0.017333984375,-1.1353759765625,0.12255859375,0.3662109076976776,-36.7431640625,-4.8828125
0.1514892578125,-1.0223388671875,0.080078125,3.295898199081421,-33.87451171875,-12.573241233825684
0.052490234375,-0.9315185546875,-0.0882568359375,2.807616949081421,-28.747556686401367,-16.845703125
-0.0888671875,-1.0213623046875,-0.060302734375,-3.356933355331421,-39.1845703125,-6.774901866912842
-0.1109619140625,-0.8001708984375,0.2110595703125,5.126952648162842,-29.357908248901367,23.986814498901367
-0.1658935546875,-0.7142333984375,0.060546875,-3.845214605331421,-3.356933355331421,30.761716842651367
-0.2064208984375,-0.8173828125,-0.0081787109375,-10.681151390075684,8.9111328125,22.460935592651367
-0.2132568359375,-0.94189453125,0.0306396484375,-6.896972179412842,7.995604991912842,4.0283203125
-0.277099609375,-0.9656982421875,0.0919189453125,2.44140625,-9.8876953125,-1.5258787870407104
-0.2718505859375,-0.9617919921875,0.0914306640625,0.9765624403953552,-10.009765625,8.36181640625
-0.2628173828125,-1.0491943359375,0.068603515625,-0.4272460639476776,-0.1831054538488388,6.652831554412842
-0.2708740234375,-1.1973876953125,0.049560546875,-1.2817381620407104,6.103515148162842,-0.8544921278953552
-0.202392578125,-1.2645263671875,0.0888671875,-0.54931640625,-2.0751953125,0.4272460639476776
-0.0687255859375,-1.16845703125,0.138916015625,1.03759765625,-8.30078125,6.408690929412842
0.0411376953125,-0.8975830078125,0.130126953125,-0.8544921278953552,4.0283203125,10.070799827575684
0.0396728515625,-0.7171630859375,0.0887451171875,-8.72802734375,21.057126998901367,10.620116233825684
-0.1204833984375,-1.125732421875,0.1082763671875,-0.6103515625,22.338865280151367,-25.085447311401367
-0.113037109375,-0.8868408203125,0.0787353515625,6.103515148162842,15.930174827575684,-16.54052734375
-0.138671875,-0.7945556640625,0.0751953125,3.662109136581421,-1.8920897245407104,-3.417968511581421
-0.16552734375,-0.8934326171875,0.13330078125,-2.01416015625,-15.808104515075684,5.0048828125
-0.164794921875,-1.0047607421875,0.1748046875,-1.03759765625,-15.930174827575684,1.8310545682907104
-0.161376953125,-1.0216064453125,0.114013671875,-2.868652105331421,-8.60595703125,4.82177734375
-0.1539306640625,-1.046142578125,0.0950927734375,-4.5166015625,-7.934569835662842,11.474608421325684
-0.1898193359375,-1.045654296875,0.10595703125,-1.4038084745407104,-19.775390625,15.991209983825684
-0.2393798828125,-1.0501708984375,0.08740234375,1.5258787870407104,-36.80419921875,16.78466796875
-0.2088623046875,-1.1124267578125,0.0767822265625,-1.5869139432907104,-46.264644622802734,18.61572265625
-0.0565185546875,-1.1668701171875,0.1109619140625,-5.249022960662842,-46.630855560302734,18.00537109375
0.086181640625,-0.981201171875,0.084228515625,-3.540038824081421,-43.212886810302734,12.512206077575684
0.0167236328125,-0.6727294921875,-0.0330810546875,-4.0283203125,-41.320796966552734,11.108397483825684
-0.201416015625,-0.760498046875,-0.0802001953125,-14.160155296325684,-48.034664154052734,10.803221702575684
-0.2872314453125,-1.2708740234375,0.057861328125,-24.414060592651367,-57.556148529052734,3.845214605331421
-0.205078125,-1.435546875,0.1982421875,-18.00537109375,-53.833003997802734,3.051757574081421
-0.1475830078125,-0.9891357421875,0.1490478515625,-0.8544921278953552,-39.36767578125,14.465331077575684
-0.175048828125,-0.590087890625,0.013671875,-0.0610351525247097,-22.094724655151367,23.864744186401367
-0.2340087890625,-0.62744140625,-0.061767578125,-16.41845703125,-2.50244140625,20.263669967651367
-0.24853515625,-0.9208984375,-0.0218505859375,-21.850584030151367,7.324218273162842,-2.868652105331421
-0.2314453125,-1.108154296875,0.03955078125,-9.521484375,1.4038084745407104,-28.808591842651367
-0.199462890625,-0.9420166015625,0.0406494140625,-0.6713866591453552,-13.000487327575684,-3.723144292831421
-0.22314453125,-0.97509765625,0.004638671875,-1.8310545682907104,-6.530761241912842,-9.33837890625
-0.2890625,-1.02978515625,-0.0355224609375,-3.051757574081421,-4.94384765625,-11.962889671325684
-0.3001708984375,-0.9381103515625,0.05615234375,1.7089842557907104,-26.916501998901367,3.234863042831421
-0.2593994140625,-0.90478515625,0.0130615234375,-1.4038084745407104,-18.310546875,6.408690929412842
-0.199462890625,-0.9866943359375,-0.0009765625,-4.82177734375,-10.498045921325684,2.50244140625
-0.1085205078125,-1.1829833984375,0.0361328125,-7.934569835662842,-5.065917491912842,-7.995604991912842
-0.0128173828125,-1.1644287109375,0.0589599609375,-6.530761241912842,-0.7324218153953552,-13.977049827575684
0.0343017578125,-0.8502197265625,0.0501708984375,-2.50244140625,-5.187987804412842,-9.033203125
0.0093994140625,-0.7457275390625,0.068359375,-6.164550304412842,-21.423337936401367,-3.784179449081421
-0.075927734375,-1.060546875,0.1273193359375,-13.916014671325684,-34.24072265625,-6.103515148162842
-0.136474609375,-1.2901611328125,0.1683349609375,-11.474608421325684,-32.40966796875,-11.901854515075684
-0.1197509765625,-1.08984375,0.1368408203125,2.01416015625,-29.357908248901367,-13.732909202575684
-0.1014404296875,-0.7769775390625,0.0643310546875,10.681151390075684,-35.82763671875,-12.756346702575684
-0.12744140625,-0.739013671875,0.0347900390625,4.39453125,-41.381832122802734,-13.366698265075684
-0.16259765625,-0.9591064453125,0.0811767578125,-5.615233898162842,-42.785640716552734,-14.709471702575684
-0.1650390625,-1.12646484375,0.135986328125,-5.249022960662842,-47.424312591552734,-13.244627952575684
-0.1295166015625,-1.09423828125,0.1343994140625,1.3427733182907104,-56.213375091552734,-1.4038084745407104
-0.0911865234375,-0.99853515625,0.1141357421875,2.01416015625,-65.49072265625,21.728513717651367
-0.0823974609375,-0.932373046875,0.12646484375,-1.03759765625,-74.27978515625,40.893550872802734
-0.0909423828125,-0.9091796875,0.1470947265625,0.7934569716453552,-84.77782440185547,45.227046966552734
-0.0753173828125,-1.066650390625,0.1446533203125,2.13623046875,-88.68407440185547,40.649410247802734
0.00927734375,-1.2952880859375,0.0826416015625,-3.723144292831421,-73.30322265625,21.240232467651367
-0.0537109375,-0.835693359375,-0.1380615234375,-7.080077648162842,-52.734371185302734,-9.033203125
-0.3031005859375,-1.16748046875,0.2310791015625,-29.418943405151367,-89.05028533935547,32.53173828125
-0.2313232421875,-0.583984375,-0.0491943359375,-3.356933355331421,-2.01416015625,10.253905296325684
-0.2822265625,-0.7481689453125,-0.1116943359375,-16.11328125,10.986327171325684,6.713866710662842
-0.2760009765625,-1.0390625,0.010009765625,-13.488768577575684,-0.9765624403953552,-14.343260765075684
-0.3031005859375,-1.1112060546875,0.1207275390625,-0.0,-14.770506858825684,-24.597166061401367
-0.3218994140625,-0.9862060546875,0.1339111328125,6.225585460662842,-16.17431640625,-7.934569835662842
-0.297607421875,-0.9361572265625,0.1151123046875,3.845214605331421,-7.019042491912842,9.70458984375
-0.29443359375,-1.0118408203125,0.0809326171875,3.723144292831421,7.141112804412842,9.09423828125
-0.2845458984375,-1.1092529296875,0.054443359375,7.507323741912842,16.41845703125,3.601073980331421
-0.2069091796875,-1.204833984375,0.0682373046875,10.742186546325684,15.441893577575684,1.2817381620407104
-0.08740234375,-1.2386474609375,0.080078125,13.610838890075684,15.136717796325684,-7.812499523162842
0.0198974609375,-1.045654296875,0.0377197265625,14.770506858825684,22.949216842651367,-17.15087890625
0.0550537109375,-0.7314453125,-0.0062255859375,5.615233898162842,28.930662155151367,-9.1552734375
-0.0072021484375,-0.7222900390625,0.0367431640625,-13.183592796325684,23.986814498901367,9.82666015625
-0.1048583984375,-1.0247802734375,0.1251220703125,-16.2353515625,12.695311546325684,8.23974609375
-0.1304931640625,-1.2052001953125,0.1822509765625,1.2817381620407104,8.30078125,-17.578125
-0.1097412109375,-1.076904296875,0.15234375,10.437010765075684,14.587401390075684,-27.099607467651367
-0.1285400390625,-0.862548828125,0.0623779296875,2.563476324081421,16.41845703125,-11.718749046325684
-0.1942138671875,-0.9638671875,0.171875,-1.5258787870407104,-18.00537109375,-3.295898199081421
-0.183837890625,-0.9658203125,0.12060546875,-5.0048828125,-10.803221702575684,5.554198741912842
-0.1572265625,-1.0008544921875,0.0941162109375,-9.6435546875,-6.958007335662842,13.122557640075684
-0.1900634765625,-1.0439453125,0.0869140625,-8.6669921875,-11.474608421325684,14.160155296325684
-0.0849609375,-1.205322265625,0.0576171875,-16.6015625,-33.75244140625,8.36181640625
0.11669921875,-1.1805419921875,0.09814453125,-17.333984375,-34.7900390625,-0.4272460639476776
0.1119384765625,-0.8656005859375,-0.035888671875,-9.033203125,-36.7431640625,-8.544921875
-0.0682373046875,-0.6982421875,-0.1585693359375,-3.479003667831421,-49.987789154052734,-5.615233898162842
-0.177001953125,-1.0272216796875,-0.026611328125,-4.5166015625,-70.61767578125,-5.493163585662842
-0.139404296875,-1.31591796875,0.17919921875,0.9155272841453552,-76.2939453125,-10.009765625
-0.06396484375,-1.102294921875,0.1915283203125,14.709471702575684,-62.499996185302734,-6.408690929412842
-0.0609130859375,-0.723388671875,0.0430908203125,19.71435546875,-47.790523529052734,4.45556640625
-0.1580810546875,-0.6612548828125,-0.0765380859375,4.57763671875,-32.53173828125,14.160155296325684
-0.2322998046875,-0.8975830078125,-0.0406494140625,-12.756346702575684,-18.1884765625,11.596678733825684
-0.22119140625,-1.0802001953125,0.0723876953125,-11.962889671325684,-15.136717796325684,-2.685546636581421
-0.1903076171875,-1.3294677734375,0.0592041015625,3.417968511581421,-1.9531248807907104,8.23974609375
-0.091552734375,-1.367431640625,0.0712890625,7.141112804412842,-8.23974609375,3.723144292831421
0.009765625,-1.03076171875,0.0167236328125,10.742186546325684,-6.774901866912842,2.868652105331421
0.06201171875,-0.610595703125,-0.01416015625,7.934569835662842,-4.150390625,4.2724609375
-0.081787109375,-1.3076171875,0.1419677734375,-6.164550304412842,-19.47021484375,-14.099120140075684
-0.1689453125,-0.973388671875,0.1622314453125,-11.962889671325684,-69.88525390625,12.573241233825684
-0.1226806640625,-0.987548828125,0.1624755859375,-15.930174827575684,-64.39208984375,23.742673873901367
-0.1024169921875,-1.031982421875,0.1649169921875,-20.812986373901367,-51.635738372802734,29.724119186401367
-0.18115234375,-1.059814453125,0.139404296875,-17.2119140625,-52.185054779052734,27.038572311401367
-0.2623291015625,-1.093994140625,0.1043701171875,-8.60595703125,-69.82421875,23.742673873901367
-0.238037109375,-1.1610107421875,0.1060791015625,-3.356933355331421,-82.45848846435547,22.216794967651367
-0.09033203125,-1.1510009765625,0.0936279296875,-1.2817381620407104,-73.54736328125,11.901854515075684
0.07861328125,-0.9329833984375,0.009521484375,-0.4272460639476776,-53.405757904052734,-1.03759765625
0.0390625,-0.7017822265625,-0.093505859375,-3.662109136581421,-44.921871185302734,0.9765624403953552
-0.194091796875,-0.8719482421875,-0.0885009765625,-12.084959983825684,-60.607906341552734,9.09423828125
-0.298583984375,-1.3011474609375,0.0819091796875,-12.634276390075684,-84.59471893310547,5.371093273162842
-0.100830078125,-0.8385009765625,0.2156982421875,18.1884765625,-52.917476654052734,10.864256858825684
-0.1612548828125,-0.5091552734375,0.0455322265625,7.629394054412842,-13.977049827575684,20.01953125
-0.264892578125,-0.6453857421875,-0.077880859375,-21.484373092651367,13.000487327575684,18.24951171875
-0.2891845703125,-1.014892578125,-0.06787109375,-36.31591796875,16.11328125,4.2724609375
-0.2857666015625,-1.2066650390625,-0.0008544921875,-23.864744186401367,-2.38037109375,-12.573241233825684
-0.2969970703125,-1.102783203125,0.0308837890625,-3.417968511581421,-25.024412155151367,-11.169432640075684
-0.27734375,-0.9375,0.046630859375,6.164550304412842,-35.15625,5.0048828125
-0.268798828125,-0.883544921875,0.054443359375,4.69970703125,-26.794431686401367,15.624999046325684
-0.2589111328125,-0.99560546875,0.070068359375,-0.7934569716453552,-14.282225608825684,22.583005905151367
-0.1595458984375,-1.231689453125,0.116943359375,-3.540038824081421,-11.779784202575684,20.996091842651367
-0.003173828125,-1.282470703125,0.097412109375,1.2817381620407104,-9.8876953125,2.0751953125
0.074462890625,-0.9471435546875,-0.060546875,6.958007335662842,-4.08935546875,-9.765625
0.00537109375,-0.6610107421875,-0.20849609375,-2.50244140625,-8.11767578125,-0.3662109076976776
-0.0811767578125,-0.8564453125,-0.1783447265625,-23.864744186401367,-33.5693359375,3.295898199081421
-0.059326171875,-1.23876953125,0.0137939453125,-31.555173873901367,-68.9697265625,-15.624999046325684
-0.0198974609375,-1.3001708984375,0.1597900390625,-21.484373092651367,-95.27587127685547,-27.587888717651367
-0.0450439453125,-1.0272216796875,0.1021728515625,-11.169432640075684,-112.97606658935547,-17.76123046875
-0.07861328125,-0.820068359375,-0.0218505859375,-16.29638671875,-122.74169158935547,-5.0048828125
-0.06640625,-0.8818359375,-0.030029296875,-32.40966796875,-123.96239471435547,3.112792730331421
-0.02587890625,-1.0474853515625,0.056640625,-38.26904296875,-127.31932830810547,6.042479991912842
-0.034423828125,-1.1427001953125,0.1021728515625,-31.738279342651367,-136.1083984375,6.896972179412842
-0.0782470703125,-1.1275634765625,0.0577392578125,-27.221677780151367,-146.78955078125,12.512206077575684
-0.0457763671875,-1.0274658203125,0.016357421875,-28.747556686401367,-153.01513671875,20.996091842651367
0.04833984375,-0.90576171875,0.0621337890625,-32.53173828125,-146.484375,25.329587936401367
-0.1080322265625,-0.8897705078125,0.076416015625,-33.63037109375,-126.58690643310547,9.70458984375
-0.2408447265625,-1.0264892578125,-0.0047607421875,-28.381345748901367,-118.83544158935547,-9.46044921875
-0.240966796875,-1.125,0.002197265625,-25.451658248901367,-98.02245330810547,-14.465331077575684
-0.2703857421875,-0.9764404296875,0.0048828125,-12.634276390075684,-64.94140625,-5.859374523162842
-0.268798828125,-0.8739013671875,-0.001953125,-10.253905296325684,-59.814449310302734,-3.051757574081421
-0.2669677734375,-0.8658447265625,0.0140380859375,-10.925292015075684,-54.626461029052734,2.50244140625
-0.2987060546875,-0.9193115234375,0.016357421875,-5.0048828125,-52.185054779052734,4.39453125
-0.311279296875,-0.967041015625,0.00048828125,5.187987804412842,-51.269527435302734,-0.0610351525247097
-0.3018798828125,-0.9930419921875,-0.0325927734375,9.033203125,-46.936031341552734,-5.981444835662842
-0.3062744140625,-1.0015869140625,-0.083251953125,6.347655773162842,-41.625972747802734,-6.958007335662842
-0.315185546875,-1.011962890625,-0.1199951171875,3.051757574081421,-38.9404296875,-3.356933355331421
-0.3206787109375,-1.002685546875,-0.1209716796875,1.4038084745407104,-36.1328125,2.685546636581421
-0.3328857421875,-0.9774169921875,-0.097412109375,0.4882812201976776,-31.372068405151367,9.27734375
-0.2957763671875,-1.0787353515625,-0.0186767578125,-2.990722417831421,-28.076169967651367,13.366698265075684
-0.165771484375,-1.2662353515625,0.09765625,-6.591796398162842,-24.841306686401367,9.033203125
0.074462890625,-0.76123046875,0.1287841796875,5.126952648162842,-13.366698265075684,-2.563476324081421
0.076171875,-0.657958984375,0.1417236328125,2.746581792831421,-11.291502952575684,-7.263183116912842
-0.037841796875,-0.984619140625,0.1627197265625,-3.417968511581421,-1.15966796875,-18.85986328125
-0.1123046875,-1.19873046875,0.163818359375,0.6713866591453552,9.58251953125,-30.151365280151367
-0.1036376953125,-1.027099609375,0.116455078125,11.230467796325684,8.544921875,-31.188962936401367
-0.071533203125,-0.8353271484375,0.080810546875,12.695311546325684,-3.845214605331421,-25.451658248901367
-0.0687255859375,-0.8779296875,0.1031494140625,3.173827886581421,-15.563963890075684,-20.141599655151367
-0.1204833984375,-0.9957275390625,0.131103515625,-3.784179449081421,-18.9208984375,-13.610838890075684
-0.16015625,-0.9993896484375,0.1414794921875,-2.38037109375,-18.98193359375,-6.530761241912842
-0.1536865234375,-0.95361328125,0.142578125,-2.624511480331421,-18.37158203125,0.4882812201976776
-0.1314697265625,-0.97412109375,0.124267578125,-9.6435546875,-16.11328125,6.896972179412842
-0.1343994140625,-1.047607421875,0.087646484375,-16.41845703125,-11.413573265075684,10.253905296325684
-0.1705322265625,-1.125732421875,0.0606689453125,-17.4560546875,-9.82666015625,12.268065452575684
-0.21630859375,-1.1849365234375,0.056640625,-14.953612327575684,-21.545408248901367,16.6015625
0.2149658203125,-1.022705078125,0.0899658203125,-2.685546636581421,-41.076656341552734,3.295898199081421
0.1217041015625,-0.7568359375,-0.16455078125,-3.540038824081421,-24.597166061401367,1.7700194120407104
-0.0557861328125,-0.790283203125,-0.271484375,-13.488768577575684,-19.8974609375,11.169432640075684
-0.1092529296875,-1.080810546875,-0.080078125,-15.441893577575684,-31.127927780151367,7.019042491912842
-0.1019287109375,-1.17919921875,0.1468505859375,0.54931640625,-41.076656341552734,-6.591796398162842
-0.1217041015625,-0.94189453125,0.1685791015625,16.4794921875,-36.865234375,-5.737304210662842
-0.1763916015625,-0.7266845703125,0.0548095703125,13.610838890075684,-19.287109375,10.375975608825684
-0.28759765625,-0.9862060546875,0.0819091796875,4.8828125,17.2119140625,0.1831054538488388
-0.30078125,-1.0076904296875,0.0423583984375,3.173827886581421,23.864744186401367,9.765625
-0.3116455078125,-1.0595703125,-0.0267333984375,5.554198741912842,32.1044921875,12.878417015075684
-0.2576904296875,-1.1953125,-0.003173828125,9.82666015625,31.249998092651367,11.962889671325684
-0.054931640625,-1.330810546875,0.13330078125,13.427733421325684,23.681638717651367,10.559081077575684
0.1622314453125,-1.1893310546875,0.194091796875,20.446775436401367,31.066892623901367,1.15966796875
0.1583251953125,-0.8311767578125,0.073486328125,22.399900436401367,55.480953216552734,-6.713866710662842
-0.05810546875,-0.7291259765625,-0.0968017578125,7.934569835662842,69.2138671875,-7.080077648162842
-0.177978515625,-0.9305419921875,-0.1114501953125,-7.995604991912842,53.894039154052734,-10.498045921325684
-0.113037109375,-1.01611328125,0.0286865234375,-5.187987804412842,27.099607467651367,-19.83642578125
-0.0728759765625,-0.9107666015625,0.1343994140625,6.408690929412842,7.202147960662842,-25.390623092651367
-0.1280517578125,-0.8779296875,0.107666015625,5.859374523162842,-3.234863042831421,-21.728513717651367
-0.17919921875,-0.953125,0.03466796875,-7.568358898162842,-0.0610351525247097,-11.901854515075684
-0.1922607421875,-0.9906005859375,-0.0068359375,-17.578125,5.676269054412842,-3.417968511581421
-0.18896484375,-0.9798583984375,0.0040283203125,-18.310546875,-3.295898199081421,2.0751953125
-0.177734375,-0.9945068359375,0.0516357421875,-17.4560546875,-22.155759811401367,10.314940452575684
-0.2237548828125,-1.0869140625,0.085693359375,-18.12744140625,-36.2548828125,18.00537109375
-0.25048828125,-1.2642822265625,0.1058349609375,-15.563963890075684,-47.424312591552734,19.10400390625
-0.045166015625,-1.3746337890625,0.142822265625,-9.765625,-49.499507904052734,12.573241233825684
0.1851806640625,-1.1378173828125,0.0850830078125,-3.479003667831421,-25.390623092651367,0.4272460639476776
0.085205078125,-0.747802734375,-0.134033203125,1.03759765625,6.408690929412842,-7.080077648162842
-0.118896484375,-0.7568359375,-0.2210693359375,-0.4882812201976776,12.878417015075684,-12.695311546325684
-0.160888671875,-1.1385498046875,-0.026123046875,-3.173827886581421,-1.7700194120407104,-19.4091796875
-0.1279296875,-1.270751953125,0.1602783203125,3.479003667831421,-10.253905296325684,-9.21630859375
-0.1142578125,-0.9273681640625,0.12548828125,18.98193359375,-6.103515148162842,10.681151390075684
-0.1695556640625,-0.5872802734375,-0.0272216796875,22.766111373901367,4.5166015625,21.850584030151367
-0.227783203125,-0.6160888671875,-0.10107421875,5.798339366912842,16.78466796875,22.949216842651367
-0.234619140625,-0.86767578125,-0.029052734375,-4.82177734375,22.644041061401367,11.352538108825684
-0.299560546875,-1.242431640625,-0.054443359375,10.803221702575684,46.264644622802734,6.896972179412842
-0.1151123046875,-1.403076171875,0.0869140625,11.901854515075684,34.423828125,4.638671875
0.1243896484375,-1.255126953125,0.2371826171875,23.620603561401367,18.73779296875,2.685546636581421
0.1783447265625,-0.8824462890625,0.227294921875,31.433103561401367,30.578611373901367,0.0
0.043212890625,-0.72021484375,0.09716796875,23.254392623901367,50.659175872802734,-7.019042491912842
-0.1065673828125,-0.881591796875,-0.00927734375,7.568358898162842,58.959957122802734,-20.874021530151367
-0.108154296875,-0.9913330078125,-0.015869140625,1.4038084745407104,62.133785247802734,-36.865234375
-0.04443359375,-0.8724365234375,0.012939453125,5.676269054412842,56.274410247802734,-43.823238372802734
-0.04638671875,-0.8009033203125,0.03759765625,5.493163585662842,30.334470748901367,-35.7666015625
-0.1090087890625,-0.930419921875,0.0872802734375,-4.33349609375,-4.08935546875,-16.90673828125
-0.1741943359375,-1.0367431640625,0.138671875,-8.72802734375,-28.503416061401367,-2.0751953125
-0.1669921875,-1.0340576171875,0.15087890625,-9.3994140625,-34.912109375,14.709471702575684
-0.1998291015625,-1.1600341796875,0.1175537109375,-17.4560546875,-29.479978561401367,27.099607467651367
-0.1500244140625,-1.29052734375,0.077392578125,-15.991209983825684,-36.9873046875,22.460935592651367
0.078125,-1.215087890625,0.03271484375,-6.225585460662842,-43.945308685302734,3.845214605331421
0.2186279296875,-0.9908447265625,-0.0714111328125,-3.723144292831421,-26.733396530151367,-8.11767578125
-0.1002197265625,-0.8681640625,0.27001953125,27.526853561401367,-63.110347747802734,9.82666015625
-0.097900390625,-0.5662841796875,0.2203369140625,22.705076217651367,-31.311033248901367,24.291990280151367
-0.1663818359375,-0.6339111328125,0.0645751953125,0.9765624403953552,3.601073980331421,21.362302780151367
-0.2144775390625,-0.93115234375,-0.0589599609375,-9.765625,23.193357467651367,0.3662109076976776
-0.195556640625,-1.078369140625,-0.0693359375,0.0610351525247097,27.832029342651367,-19.71435546875
-0.2398681640625,-1.1319580078125,0.0562744140625,12.756346702575684,12.084959983825684,3.295898199081421
-0.1346435546875,-1.2188720703125,0.129638671875,9.21630859375,24.780271530151367,4.69970703125
0.09716796875,-1.2030029296875,0.2415771484375,6.713866710662842,32.2265625,8.85009765625
0.2464599609375,-1.0743408203125,0.2696533203125,5.249022960662842,41.625972747802734,6.530761241912842
0.1795654296875,-0.943359375,0.1859130859375,0.8544921278953552,54.321285247802734,-3.479003667831421
-0.0977783203125,-0.9068603515625,-0.057861328125,-8.48388671875,41.503902435302734,-30.944822311401367
-0.0164794921875,-0.8499755859375,0.001220703125,-10.620116233825684,25.329587936401367,-27.160642623901367
0.0321044921875,-0.7867431640625,0.0992431640625,-8.6669921875,10.253905296325684,-19.34814453125
-0.05029296875,-0.8702392578125,0.150634765625,-6.164550304412842,-0.1220703050494194,-20.935056686401367
-0.1390380859375,-1.0252685546875,0.16455078125,-4.7607421875,-6.958007335662842,-26.184080123901367
-0.1337890625,-1.0443115234375,0.1556396484375,-6.530761241912842,-11.657713890075684,-13.427733421325684
-0.088623046875,-0.98779296875,0.1346435546875,-12.390135765075684,-15.502928733825684,15.991209983825684
-0.11865234375,-1.07373046875,0.130126953125,-15.563963890075684,-21.362302780151367,31.249998092651367
-0.1533203125,-1.2811279296875,0.1322021484375,-12.084959983825684,-28.503416061401367,24.658201217651367
0.0560302734375,-0.77880859375,-0.168212890625,-1.7700194120407104,0.1831054538488388,2.44140625
-0.1348876953125,-1.0601806640625,-0.050537109375,8.6669921875,-33.50830078125,-15.014647483825684
-0.165283203125,-1.180419921875,0.140380859375,22.827146530151367,-51.513668060302734,-11.962889671325684
-0.0712890625,-0.9046630859375,0.226806640625,27.221677780151367,-32.65380859375,11.596678733825684
-0.0697021484375,-0.6517333984375,0.1702880859375,14.709471702575684,-2.746581792831421,27.099607467651367
-0.176025390625,-0.725341796875,0.0614013671875,-2.685546636581421,13.427733421325684,21.118162155151367
-0.22314453125,-0.9306640625,0.034912109375,-10.314940452575684,19.1650390625,7.568358898162842
-0.2073974609375,-0.99365234375,0.06982421875,-5.187987804412842,24.536130905151367,1.7089842557907104
-0.1864013671875,-0.94873046875,0.07958984375,2.807616949081421,30.883787155151367,6.896972179412842
-0.2086181640625,-1.001220703125,0.0428466796875,6.286620616912842,39.73388671875,9.70458984375
-0.2314453125,-1.2657470703125,0.057373046875,7.263183116912842,48.767086029052734,0.0610351525247097
-0.0855712890625,-1.472900390625,0.202392578125,12.573241233825684,44.982906341552734,-4.94384765625
0.136962890625,-1.309814453125,0.310302734375,24.414060592651367,42.358394622802734,-0.6713866591453552
-0.0772705078125,-0.8709716796875,-0.179931640625,-7.934569835662842,93.01757049560547,-22.155759811401367
-0.091064453125,-1.0635986328125,-0.1197509765625,-25.146482467651367,75.1953125,-23.986814498901367
-0.0440673828125,-0.9625244140625,0.0731201171875,-11.901854515075684,40.649410247802734,-27.770994186401367
-0.0489501953125,-0.8214111328125,0.2105712890625,9.521484375,0.7934569716453552,-33.50830078125
-0.079345703125,-0.8834228515625,0.2308349609375,5.920409679412842,-19.1650390625,-26.550291061401367
-0.1202392578125,-0.9918212890625,0.17822265625,-11.413573265075684,-8.056640625,-8.97216796875
-0.11181640625,-0.99462890625,0.132568359375,-15.258788108825684,7.934569835662842,0.4272460639476776
-0.103271484375,-1.0029296875,0.125,-10.253905296325684,7.690429210662842,6.530761241912842
-0.1246337890625,-1.1243896484375,0.1201171875,-9.8876953125,-4.33349609375,18.73779296875
-0.0396728515625,-1.2166748046875,0.098388671875,-13.122557640075684,-9.8876953125,27.770994186401367
0.1143798828125,-1.135986328125,0.033447265625,-13.793944358825684,3.234863042831421,25.451658248901367
0.169189453125,-1.0286865234375,-0.1026611328125,-14.648436546325684,23.376462936401367,13.488768577575684
0.100341796875,-1.0667724609375,-0.197998046875,-15.686034202575684,26.550291061401367,-0.3662109076976776
-0.0306396484375,-1.156005859375,-0.0770263671875,-2.990722417831421,-1.7089842557907104,-6.530761241912842
-0.1414794921875,-1.071044921875,0.156005859375,27.526853561401367,-42.968746185302734,-3.173827886581421
-0.1402587890625,-0.8231201171875,0.2786865234375,43.701168060302734,-46.020503997802734,5.371093273162842
-0.085693359375,-0.6434326171875,0.2506103515625,21.545408248901367,7.690429210662842,22.583005905151367
-0.0919189453125,-0.729736328125,0.1439208984375,-12.268065452575684,72.509765625,33.69140625
-0.0953369140625,-0.966064453125,0.05712890625,-19.6533203125,101.25731658935547,16.2353515625
-0.097900390625,-1.0726318359375,0.0172119140625,0.7934569716453552,101.07421112060547,-9.6435546875
-0.1629638671875,-1.0264892578125,-0.019775390625,19.287109375,97.77831268310547,-14.099120140075684
-0.1929931640625,-0.9661865234375,-0.065673828125,20.751951217651367,89.53856658935547,-2.13623046875
-0.187255859375,-1.003173828125,-0.10498046875,12.756346702575684,82.45848846435547,6.286620616912842
-0.2293701171875,-1.09326171875,-0.107666015625,8.6669921875,78.369140625,3.112792730331421
-0.1741943359375,-1.1900634765625,0.0433349609375,14.038084983825684,51.818843841552734,-1.9531248807907104
0.0706787109375,-1.3167724609375,0.3033447265625,19.47021484375,24.475095748901367,-0.7324218153953552
0.2708740234375,-1.2225341796875,0.410400390625,20.202634811401367,48.950191497802734,-5.249022960662842
0.0003662109375,-0.5997314453125,-0.06201171875,9.82666015625,135.80322265625,-15.869139671325684
-0.0390625,-0.942138671875,-0.032470703125,-3.479003667831421,114.74608612060547,-26.306150436401367
0.0281982421875,-1.2122802734375,0.20654296875,5.432128429412842,83.31298065185547,-44.555660247802734
-0.0362548828125,-1.02392578125,0.27197265625,31.005857467651367,68.2373046875,-48.583980560302734
-0.0814208984375,-0.817626953125,0.1837158203125,31.433103561401367,56.884761810302734,-32.40966796875
-0.0479736328125,-0.912353515625,0.15966796875,1.4648436307907104,51.574703216552734,-11.535643577575684
-0.019287109375,-1.047119140625,0.21240234375,-15.502928733825684,50.048824310302734,1.5258787870407104
-0.0328369140625,-1.0108642578125,0.22412109375,-4.638671875,41.625972747802734,3.540038824081421
-0.0936279296875,-0.968994140625,0.1695556640625,1.0986328125,34.0576171875,2.868652105331421
-0.139404296875,-1.0501708984375,0.1104736328125,-13.549803733825684,35.400390625,5.432128429412842
-0.1046142578125,-1.1590576171875,0.1094970703125,-25.451658248901367,36.92626953125,5.798339366912842
0.0301513671875,-1.2479248046875,0.188720703125,-20.629880905151367,29.785154342651367,0.6103515625
0.19921875,-1.1912841796875,0.25390625,-10.864256858825684,25.024412155151367,-3.295898199081421
0.2298583984375,-0.858642578125,0.1767578125,-10.620116233825684,35.70556640625,7.080077648162842
0.0767822265625,-0.581787109375,0.00634765625,-22.094724655151367,50.598140716552734,26.367185592651367
-0.06689453125,-0.7781982421875,-0.0855712890625,-30.029294967651367,50.781246185302734,23.193357467651367
-0.0338134765625,-1.2674560546875,-0.00634765625,-18.61572265625,47.851558685302734,-10.681151390075684
0.068359375,-1.39453125,0.0986328125,3.784179449081421,61.645503997802734,-32.04345703125
0.0596923828125,-1.0120849609375,0.04638671875,15.136717796325684,80.87157440185547,-10.559081077575684
-0.072021484375,-0.983154296875,0.021240234375,-7.934569835662842,87.64647674560547,-0.1220703050494194
-0.166259765625,-1.087158203125,-0.1085205078125,6.103515148162842,102.60009002685547,9.765625
-0.19384765625,-1.1429443359375,-0.015625,16.90673828125,77.63671875,19.83642578125
-0.0335693359375,-1.172607421875,0.1778564453125,28.808591842651367,48.767086029052734,31.677244186401367
0.1903076171875,-1.1634521484375,0.312744140625,37.4755859375,53.405757904052734,25.695798873901367
0.2894287109375,-0.9427490234375,0.245849609375,41.259761810302734,90.14891815185547,5.615233898162842
0.1661376953125,-0.751708984375,0.0107421875,27.893064498901367,127.80760955810547,-4.150390625
0.06201171875,-0.9248046875,-0.1265869140625,-1.03759765625,137.14599609375,-8.056640625
0.093017578125,-1.1488037109375,-0.0517578125,-16.78466796875,122.55858612060547,-21.301267623901367
0.0257568359375,-1.0672607421875,0.039794921875,-3.967284917831421,98.44969940185547,-29.663084030151367
-0.0836181640625,-0.87255859375,0.0703125,16.9677734375,59.631343841552734,-25.329587936401367
-0.1011962890625,-0.87353515625,0.1068115234375,14.221190452575684,28.686521530151367,-12.939452171325684
-0.083740234375,-0.977294921875,0.131591796875,-4.7607421875,26.916501998901367,2.01416015625
-0.0653076171875,-0.98095703125,0.113037109375,-10.192870140075684,32.1044921875,4.08935546875
-0.052978515625,-0.9625244140625,0.10107421875,-4.45556640625,25.268552780151367,-4.150390625
-0.057373046875,-1.039306640625,0.1026611328125,-3.356933355331421,12.451170921325684,-7.690429210662842
-0.0804443359375,-1.135009765625,0.0653076171875,-6.958007335662842,5.0048828125,-4.33349609375
-0.090576171875,-1.138916015625,0.01171875,-7.568358898162842,-0.7934569716453552,5.0048828125
0.267578125,-0.9525146484375,-0.0157470703125,-3.540038824081421,10.803221702575684,0.3662109076976776
-0.014892578125,-1.0330810546875,0.212158203125,20.751951217651367,-27.221677780151367,-8.72802734375
-0.0316162109375,-0.8553466796875,0.1480712890625,5.981444835662842,6.469726085662842,17.88330078125
-0.05908203125,-0.7579345703125,0.0091552734375,-8.11767578125,33.26416015625,30.761716842651367
-0.0919189453125,-0.8245849609375,-0.064453125,-9.82666015625,46.203609466552734,19.53125
-0.1263427734375,-0.9713134765625,-0.058349609375,-3.234863042831421,52.307125091552734,3.234863042831421
-0.125244140625,-1.0770263671875,-0.0347900390625,5.0048828125,53.344722747802734,0.4882812201976776
-0.0968017578125,-1.0936279296875,-0.0682373046875,11.169432640075684,51.513668060302734,6.713866710662842
-0.1612548828125,-1.126708984375,-0.1751708984375,10.192870140075684,51.940914154052734,9.3994140625
0.013916015625,-1.2149658203125,0.1024169921875,16.05224609375,-2.01416015625,17.88330078125
0.18505859375,-1.09130859375,0.292724609375,28.686521530151367,-7.080077648162842,13.244627952575684
0.2142333984375,-0.892822265625,0.254150390625,24.536130905151367,28.015134811401367,10.070799827575684
0.09375,-0.814697265625,0.025390625,3.356933355331421,60.791011810302734,11.291502952575684
-0.0245361328125,-0.89892578125,-0.1319580078125,-14.404295921325684,64.75830078125,3.906249761581421
-0.0274658203125,-0.96826171875,-0.0654296875,-10.131834983825684,47.607418060302734,-16.845703125
-0.0400390625,-0.9306640625,0.0589599609375,10.131834983825684,23.254392623901367,-35.15625
-0.08837890625,-0.8935546875,0.1065673828125,20.01953125,0.9155272841453552,-34.423828125
-0.1109619140625,-0.9368896484375,0.1041259765625,8.9111328125,-10.375975608825684,-17.822265625
-0.0966796875,-0.9744873046875,0.1002197265625,-1.8310545682907104,-16.6015625,-4.2724609375
-0.0784912109375,-0.98486328125,0.102294921875,-0.54931640625,-25.329587936401367,-3.417968511581421
-0.0567626953125,-1.0438232421875,0.09033203125,2.50244140625,-33.447265625,-4.57763671875
-0.0509033203125,-1.1290283203125,0.056396484375,1.03759765625,-40.0390625,2.197265625
-0.069091796875,-1.188720703125,0.03076171875,-1.2817381620407104,-52.734371185302734,14.770506858825684
0.040283203125,-1.254638671875,0.0718994140625,1.0986328125,-67.93212890625,18.37158203125
0.2374267578125,-1.20068359375,0.063720703125,5.065917491912842,-55.664058685302734,3.295898199081421
0.02734375,-0.8780517578125,-0.200927734375,-16.357421875,-55.786128997802734,1.2817381620407104
0.0084228515625,-1.0726318359375,0.097900390625,2.624511480331421,-101.92870330810547,-13.671874046325684
-0.072021484375,-0.7730712890625,-0.1434326171875,-12.878417015075684,-29.174802780151367,16.9677734375
-0.114501953125,-0.9130859375,-0.13720703125,-18.37158203125,-24.658201217651367,8.23974609375
-0.161865234375,-1.0789794921875,-0.016357421875,-5.432128429412842,-32.1044921875,-11.352538108825684
-0.1884765625,-1.12255859375,0.0177001953125,8.23974609375,-29.907224655151367,-10.375975608825684
-0.134033203125,-1.031005859375,-0.0577392578125,11.352538108825684,-16.41845703125,14.221190452575684
-0.062744140625,-1.0323486328125,-0.14404296875,6.896972179412842,-1.8310545682907104,29.357908248901367
0.0714111328125,-1.29638671875,-0.1021728515625,-0.1831054538488388,0.54931640625,18.4326171875
0.234375,-1.35986328125,0.0206298828125,0.7934569716453552,-6.408690929412842,0.9765624403953552
0.2166748046875,-1.0321044921875,0.042236328125,7.629394054412842,-11.657713890075684,3.173827886581421
0.0682373046875,-0.8394775390625,-0.015625,4.21142578125,-23.620603561401367,15.258788108825684
-0.017578125,-0.9122314453125,0.0,-5.310058116912842,-42.541500091552734,17.7001953125
-0.0059814453125,-0.9166259765625,0.1090087890625,-4.08935546875,-52.185054779052734,13.305663108825684
-0.0343017578125,-0.7679443359375,0.0863037109375,6.652831554412842,-38.0859375,1.5258787870407104
-0.0787353515625,-0.92529296875,-0.0126953125,-2.624511480331421,-24.780271530151367,-3.784179449081421
-0.1138916015625,-1.0751953125,-0.0322265625,-7.324218273162842,-23.376462936401367,-8.60595703125
-0.1278076171875,-1.074462890625,0.023193359375,-1.6479490995407104,-43.762203216552734,-6.347655773162842
-0.1171875,-1.0201416015625,0.1080322265625,6.042479991912842,-71.2890625,1.220703125
-0.1202392578125,-1.0443115234375,0.1707763671875,7.629394054412842,-83.25194549560547,6.652831554412842
-0.14990234375,-1.120849609375,0.148681640625,3.723144292831421,-77.1484375,10.192870140075684
-0.1083984375,-1.165283203125,0.0849609375,-1.220703125,-66.83349609375,13.610838890075684
0.1163330078125,-1.153076171875,0.0811767578125,-5.737304210662842,-54.138179779052734,8.7890625
0.2791748046875,-1.0206298828125,-0.0247802734375,-12.268065452575684,-26.062009811401367,-6.469726085662842
-0.01416015625,-0.923095703125,-0.3583984375,-28.198240280151367,-24.963376998901367,-11.108397483825684
-0.0216064453125,-1.135986328125,-0.10205078125,-12.084959983825684,-81.42089080810547,-22.644041061401367
0.008544921875,-1.1561279296875,0.1370849609375,9.765625,-108.88671112060547,-30.456541061401367
-0.011962890625,-0.872314453125,0.1383056640625,15.502928733825684,-93.93309783935547,-14.282225608825684
-0.150634765625,-1.0350341796875,-0.021240234375,-19.83642578125,-34.11865234375,8.30078125
-0.178955078125,-1.1300048828125,0.0155029296875,-1.9531248807907104,-25.756834030151367,-6.286620616912842
-0.1739501953125,-1.0421142578125,-0.0386962890625,9.033203125,-8.11767578125,3.601073980331421
-0.1669921875,-0.9957275390625,-0.131591796875,6.958007335662842,12.512206077575684,22.521970748901367
-0.1715087890625,-1.1279296875,-0.139892578125,3.356933355331421,15.258788108825684,27.099607467651367
-0.0106201171875,-1.242431640625,0.044921875,8.9111328125,-6.347655773162842,24.658201217651367
0.20947265625,-1.1842041015625,0.2249755859375,18.24951171875,-11.840819358825684,17.822265625
0.2183837890625,-1.0660400390625,0.159423828125,13.427733421325684,18.24951171875,10.131834983825684
0.044189453125,-0.9951171875,-0.065185546875,-3.479003667831421,41.748043060302734,9.521484375
-0.06005859375,-0.91259765625,-0.1522216796875,-9.33837890625,25.634763717651367,5.981444835662842
-0.0206298828125,-0.78125,-0.0068359375,1.4648436307907104,-10.131834983825684,-3.906249761581421
-0.021240234375,-0.7203369140625,0.15283203125,13.183592796325684,-31.249998092651367,-14.038084983825684
-0.083251953125,-0.8544921875,0.16064453125,13.000487327575684,-29.785154342651367,-22.399900436401367
-0.129150390625,-1.0440673828125,0.0706787109375,3.051757574081421,-17.39501953125,-22.277830123901367
-0.1422119140625,-1.0701904296875,0.0010986328125,-5.310058116912842,-13.305663108825684,-8.97216796875
-0.1038818359375,-0.994140625,0.028564453125,-5.615233898162842,-29.541013717651367,5.249022960662842
-0.084228515625,-1.0186767578125,0.13134765625,-2.807616949081421,-52.612300872802734,10.131834983825684
-0.1339111328125,-1.1815185546875,0.173828125,-3.051757574081421,-59.814449310302734,5.981444835662842
-0.1396484375,-1.2916259765625,0.0997314453125,-5.187987804412842,-51.879878997802734,1.9531248807907104
0.0272216796875,-1.206787109375,0.03515625,-7.202147960662842,-41.564937591552734,5.0048828125
0.2166748046875,-0.979736328125,-0.0198974609375,-11.535643577575684,-28.015134811401367,6.164550304412842
0.0064697265625,-1.171142578125,-0.0443115234375,-8.48388671875,-47.302242279052734,-26.916501998901367
-0.0233154296875,-1.200439453125,0.1026611328125,21.362302780151367,-75.37841796875,-29.235837936401367
-0.06689453125,-0.871826171875,0.0596923828125,31.494138717651367,-67.626953125,-6.530761241912842
-0.089111328125,-0.6029052734375,-0.0294189453125,9.94873046875,-36.43798828125,21.606443405151367
-0.1109619140625,-0.9725341796875,0.003662109375,-15.136717796325684,-12.329100608825684,2.50244140625
-0.1484375,-1.1661376953125,0.04443359375,-3.479003667831421,-10.070799827575684,-10.437010765075684
-0.1328125,-1.121826171875,0.038818359375,4.94384765625,-1.3427733182907104,1.7700194120407104
-0.12109375,-1.0340576171875,-0.0455322265625,6.103515148162842,14.282225608825684,16.05224609375
-0.1876220703125,-1.1217041015625,-0.1468505859375,-0.4882812201976776,33.447265625,16.41845703125
-0.1260986328125,-1.1817626953125,-0.04150390625,-1.15966796875,30.334470748901367,20.446775436401367
0.0968017578125,-1.0526123046875,0.2191162109375,15.319823265075684,10.620116233825684,26.062009811401367
0.156494140625,-1.1806640625,0.185791015625,17.08984375,43.762203216552734,-7.324218273162842
-0.01611328125,-1.1292724609375,-0.09814453125,-0.0,63.171382904052734,-11.596678733825684
-0.0576171875,-0.8460693359375,-0.169677734375,-6.896972179412842,43.640132904052734,1.9531248807907104
0.026611328125,-0.598876953125,0.016845703125,-0.4272460639476776,-0.9155272841453552,6.896972179412842
-0.0059814453125,-0.652587890625,0.199951171875,10.070799827575684,-31.677244186401367,-9.33837890625
-0.0963134765625,-0.9561767578125,0.2840576171875,13.549803733825684,-37.59765625,-26.672361373901367
-0.1026611328125,-1.11328125,0.29052734375,8.6669921875,-26.245115280151367,-21.789548873901367
-0.0938720703125,-1.0072021484375,0.201416015625,0.1220703050494194,-5.981444835662842,-2.807616949081421
-0.097412109375,-0.9371337890625,0.1038818359375,-9.21630859375,7.446288585662842,6.103515148162842
-0.112060546875,-1.067138671875,0.0863037109375,-15.319823265075684,6.164550304412842,1.220703125
0.136474609375,-1.237548828125,0.20751953125,-1.4038084745407104,-26.184080123901367,5.065917491912842
0.26025390625,-0.9771728515625,0.0811767578125,-6.652831554412842,-7.141112804412842,3.112792730331421
0.12646484375,-0.7315673828125,-0.1866455078125,-14.892577171325684,15.075682640075684,-0.4272460639476776
-0.0030517578125,-0.8369140625,-0.2281494140625,-15.075682640075684,5.187987804412842,-10.253905296325684
-0.00244140625,-1.1619873046875,0.0234375,-2.563476324081421,-25.817869186401367,-21.911619186401367
0.003173828125,-1.21728515625,0.240966796875,15.197752952575684,-37.59765625,-17.39501953125
-0.0235595703125,-0.9044189453125,0.2362060546875,25.146482467651367,-20.263669967651367,-0.2441406100988388
-0.070556640625,-0.67138671875,0.09716796875,14.404295921325684,12.329100608825684,12.695311546325684
-0.0997314453125,-0.7535400390625,-0.0010986328125,-8.23974609375,44.067378997802734,14.587401390075684
-0.102294921875,-0.940185546875,-0.0001220703125,-15.380858421325684,58.593746185302734,3.051757574081421
-0.1295166015625,-1.042236328125,0.0166015625,-6.286620616912842,54.565425872802734,-9.70458984375
-0.1239013671875,-1.03662109375,0.013671875,-0.7324218153953552,45.227046966552734,-4.39453125
-0.1280517578125,-1.1300048828125,-0.0787353515625,-2.0751953125,44.860836029052734,9.765625
-0.1221923828125,-1.312255859375,-0.0196533203125,0.4272460639476776,35.70556640625,10.009765625
0.0831298828125,-1.2972412109375,0.1689453125,12.756346702575684,14.099120140075684,14.953612327575684
0.24951171875,-1.0421142578125,0.239013671875,20.080564498901367,20.263669967651367,14.160155296325684
0.1806640625,-0.764892578125,0.1114501953125,10.192870140075684,50.292964935302734,10.559081077575684
0.02099609375,-0.8011474609375,-0.0322265625,-4.69970703125,56.396480560302734,1.5869139432907104
-0.007080078125,-1.040283203125,-0.015380859375,-8.97216796875,36.31591796875,-16.7236328125
0.0079345703125,-1.0596923828125,0.0694580078125,-1.3427733182907104,23.803709030151367,-26.916501998901367
-0.05810546875,-0.8651123046875,0.0697021484375,8.1787109375,16.11328125,-20.690916061401367
-0.1331787109375,-0.944091796875,0.09912109375,1.5869139432907104,-22.460935592651367,-2.197265625
-0.103515625,-1.010986328125,0.17431640625,0.7934569716453552,-36.07177734375,2.807616949081421
-0.0823974609375,-0.958251953125,0.1497802734375,3.601073980331421,-40.893550872802734,4.21142578125
-0.061279296875,-0.9676513671875,0.0684814453125,-2.685546636581421,-36.80419921875,6.408690929412842
-0.0615234375,-1.073486328125,0.042236328125,-13.122557640075684,-30.883787155151367,7.751464366912842
-0.1090087890625,-1.2083740234375,0.0660400390625,-12.817381858825684,-38.0859375,4.45556640625
-0.07470703125,-1.328369140625,0.1275634765625,-4.0283203125,-56.518550872802734,0.7934569716453552
0.1177978515625,-1.2877197265625,0.1785888671875,2.0751953125,-59.387203216552734,-0.6713866591453552
0.2242431640625,-1.0010986328125,0.031005859375,-1.03759765625,-31.555173873901367,-1.4648436307907104
0.1363525390625,-0.75439453125,-0.2423095703125,-12.390135765075684,-3.662109136581421,-0.2441406100988388
0.0623779296875,-0.87548828125,-0.2965087890625,-16.7236328125,-12.878417015075684,-7.202147960662842
0.0399169921875,-1.158447265625,-0.092041015625,-3.112792730331421,-48.950191497802734,-20.080564498901367
0.0030517578125,-1.1260986328125,0.09326171875,19.04296875,-76.23291015625,-14.587401390075684
-0.080322265625,-0.6158447265625,0.0634765625,18.24951171875,-52.917476654052734,23.254392623901367
-0.1097412109375,-0.8323974609375,0.00439453125,-3.784179449081421,-24.597166061401367,16.6015625
-0.1033935546875,-1.0760498046875,-0.0211181640625,-9.58251953125,-5.554198741912842,-1.4038084745407104
-0.116943359375,-1.0692138671875,-0.053466796875,0.3662109076976776,-0.1831054538488388,-6.652831554412842
-0.1434326171875,-0.962158203125,-0.0811767578125,7.263183116912842,-3.601073980331421,4.94384765625
-0.1395263671875,-1.0008544921875,-0.0625,6.835937023162842,-9.27734375,12.512206077575684
-0.1490478515625,-1.1900634765625,-0.0081787109375,7.202147960662842,-14.892577171325684,9.58251953125
-0.0836181640625,-1.3070068359375,0.0850830078125,13.183592796325684,-24.353025436401367,10.986327171325684
0.100830078125,-1.20556640625,0.156494140625,19.04296875,-25.329587936401367,17.822265625
0.2451171875,-0.9425048828125,0.13134765625,13.122557640075684,-2.563476324081421,20.935056686401367
0.202392578125,-0.781982421875,0.0230712890625,-3.356933355331421,22.216794967651367,15.686034202575684
0.0435791015625,-0.9298095703125,-0.0887451171875,-14.099120140075684,17.51708984375,-3.601073980331421
-0.0361328125,-0.8516845703125,0.076904296875,-1.220703125,-54.687496185302734,-5.859374523162842
-0.0767822265625,-0.982421875,0.0791015625,-2.197265625,-60.729976654052734,-12.390135765075684
-0.0889892578125,-1.0213623046875,0.10205078125,3.173827886581421,-65.5517578125,-12.817381858825684
-0.07666015625,-0.9803466796875,0.1162109375,3.112792730331421,-64.697265625,0.0
-0.0506591796875,-0.987060546875,0.141357421875,-5.493163585662842,-53.955074310302734,16.2353515625
-0.0814208984375,-1.0484619140625,0.1468505859375,-10.131834983825684,-40.10009765625,21.484373092651367
-0.173828125,-1.1239013671875,0.0570068359375,-9.21630859375,-31.311033248901367,16.357421875
-0.14208984375,-1.1951904296875,-0.032470703125,-13.183592796325684,-24.902341842651367,12.756346702575684
0.122314453125,-1.25,0.0045166015625,-20.935056686401367,-15.441893577575684,8.30078125
0.34765625,-1.1011962890625,-0.0201416015625,-19.53125,-8.1787109375,-1.220703125
0.247802734375,-0.800537109375,-0.150390625,-10.070799827575684,-16.17431640625,3.845214605331421
0.043701171875,-0.8126220703125,-0.0799560546875,-3.906249761581421,-44.799800872802734,13.977049827575684
-0.0286865234375,-1.12841796875,0.1785888671875,7.202147960662842,-69.88525390625,-1.4038084745407104
-0.0225830078125,-0.84765625,0.2210693359375,22.766111373901367,-10.375975608825684,10.620116233825684
-0.0665283203125,-0.65185546875,0.0147705078125,3.479003667831421,35.09521484375,33.99658203125
-0.1298828125,-1.0657958984375,-0.00830078125,17.2119140625,31.616209030151367,7.080077648162842
-0.1240234375,-1.025634765625,-0.07470703125,11.474608421325684,58.532711029052734,8.97216796875
-0.0867919921875,-1.0277099609375,-0.1129150390625,-1.8920897245407104,87.40233612060547,9.58251953125
0.0538330078125,-1.21630859375,0.0145263671875,-11.657713890075684,92.65135955810547,2.990722417831421
0.1654052734375,-1.2896728515625,0.17919921875,-4.7607421875,78.91845703125,-14.465331077575684
0.0819091796875,-0.90625,0.1822509765625,8.9111328125,68.17626953125,-18.798828125
-0.061767578125,-0.5389404296875,0.1368408203125,7.690429210662842,55.053707122802734,-3.784179449081421
-0.080078125,-0.7279052734375,0.1927490234375,-3.051757574081421,29.968259811401367,-0.6713866591453552
-0.0159912109375,-1.154296875,0.2481689453125,-0.4882812201976776,14.160155296325684,-24.597166061401367
-0.004150390625,-1.2359619140625,0.1383056640625,12.573241233825684,20.446775436401367,-42.785640716552734
-0.0191650390625,-1.0313720703125,-0.011962890625,14.282225608825684,17.7001953125,-24.291990280151367
-0.011962890625,-0.874267578125,-0.0013427734375,7.751464366912842,-16.845703125,6.164550304412842
-0.0260009765625,-0.838134765625,0.078857421875,10.620116233825684,-62.011714935302734,14.770506858825684
-0.03076171875,-0.8887939453125,0.0970458984375,14.526366233825684,-86.12059783935547,5.493163585662842
-0.006591796875,-0.9990234375,0.0411376953125,5.126952648162842,-84.16747283935547,-0.4882812201976776
0.016357421875,-1.107421875,-0.0338134765625,-8.48388671875,-83.67919158935547,2.624511480331421
-0.0479736328125,-1.144775390625,0.0120849609375,-10.131834983825684,-135.68115234375,20.446775436401367
0.177734375,-1.0797119140625,0.242919921875,-25.634763717651367,-116.94335174560547,42.236324310302734
0.265625,-1.008544921875,0.193603515625,-25.817869186401367,-92.46825408935547,28.137205123901367
0.111083984375,-0.889404296875,0.084716796875,-22.460935592651367,-84.16747283935547,21.240232467651367
-0.056396484375,-0.9803466796875,0.162841796875,-7.446288585662842,-101.37938690185547,9.33837890625
-0.1102294921875,-1.1541748046875,0.369873046875,12.817381858825684,-102.96630096435547,-9.46044921875
-0.0975341796875,-1.03857421875,0.4185791015625,17.9443359375,-57.312007904052734,-2.868652105331421
-0.08740234375,-0.7607421875,0.216552734375,6.652831554412842,8.9111328125,16.17431640625
-0.0975341796875,-0.7169189453125,-0.0103759765625,-7.751464366912842,58.837886810302734,14.099120140075684
-0.1038818359375,-0.8984375,-0.0545654296875,-9.765625,81.72606658935547,-5.615233898162842
-0.1197509765625,-1.0614013671875,0.0423583984375,4.45556640625,87.46337127685547,-23.132322311401367
-0.128173828125,-1.0850830078125,0.1412353515625,18.37158203125,90.20995330810547,-20.385740280151367
-0.074951171875,-1.0013427734375,0.1724853515625,21.362302780151367,101.92870330810547,-0.1831054538488388
0.0203857421875,-0.962158203125,0.1038818359375,18.06640625,129.82177734375,8.23974609375
0.0919189453125,-1.0,-0.0164794921875,8.30078125,169.86082458496094,-0.30517578125
0.1475830078125,-0.9991455078125,-0.0467529296875,-3.112792730331421,193.05418395996094,-4.8828125
0.20166015625,-1.25341796875,0.2752685546875,7.202147960662842,151.42822265625,-29.663084030151367
0.171142578125,-0.8521728515625,0.294677734375,34.0576171875,111.93846893310547,-42.907711029052734
0.096923828125,-0.7513427734375,0.14990234375,13.366698265075684,125.18309783935547,-29.846189498901367
0.091552734375,-0.9129638671875,0.1572265625,-1.5869139432907104,129.5166015625,-27.343748092651367
0.0838623046875,-1.043212890625,0.2537841796875,3.906249761581421,118.34716033935547,-30.212400436401367
0.04931640625,-1.060302734375,0.328857421875,11.901854515075684,100.15868377685547,-21.240232467651367
0.1534423828125,-0.9500732421875,0.248046875,-7.995604991912842,87.21923065185547,11.718749046325684
0.135009765625,-0.9429931640625,0.4007568359375,1.4038084745407104,43.640132904052734,-2.25830078125
0.143310546875,-0.9012451171875,0.5,11.474608421325684,37.90283203125,-0.9155272841453552
0.0804443359375,-0.884521484375,0.343017578125,12.145995140075684,63.415523529052734,-2.990722417831421
-0.037109375,-1.0928955078125,-0.0216064453125,0.6103515625,110.16844940185547,-10.192870140075684
-0.0819091796875,-1.412109375,-0.2879638671875,-9.1552734375,142.333984375,-23.498533248901367
-0.058349609375,-1.465087890625,-0.265625,-0.9155272841453552,123.29100799560547,-28.259275436401367
-0.0794677734375,-1.2293701171875,-0.099365234375,13.244627952575684,71.4111328125,-11.474608421325684
-0.123046875,-0.958740234375,0.03369140625,13.549803733825684,46.081539154052734,11.840819358825684
0.030517578125,-0.717041015625,0.05224609375,-10.375975608825684,94.97069549560547,19.6533203125
0.0096435546875,-0.7952880859375,-0.0992431640625,-16.17431640625,112.36571502685547,2.990722417831421
-0.0789794921875,-0.9219970703125,-0.2178955078125,-14.160155296325684,110.04637908935547,-19.287109375
-0.1302490234375,-1.0,-0.1666259765625,-8.60595703125,90.45409393310547,-30.639646530151367
-0.15576171875,-1.037841796875,-0.0125732421875,-5.859374523162842,65.4296875,-24.475095748901367
-0.1658935546875,-1.045166015625,0.1024169921875,-4.45556640625,49.926753997802734,-13.732909202575684
-0.1591796875,-1.023681640625,0.1151123046875,-1.03759765625,48.095699310302734,-5.676269054412842
-0.1497802734375,-0.999267578125,0.0792236328125,17.822265625,41.564937591552734,11.352538108825684
0.1368408203125,-0.94482421875,-0.237548828125,11.535643577575684,108.58153533935547,0.4882812201976776
-0.0355224609375,-0.9609375,-0.3697509765625,-6.652831554412842,88.25682830810547,0.0
-0.0321044921875,-0.9818115234375,-0.197509765625,-9.6435546875,37.17041015625,-0.0610351525247097
-0.019287109375,-0.861328125,0.033935546875,3.601073980331421,-11.291502952575684,0.0610351525247097
-0.0386962890625,-0.8060302734375,0.1448974609375,9.33837890625,-41.564937591552734,3.234863042831421
-0.0684814453125,-0.9110107421875,0.1331787109375,1.9531248807907104,-49.743648529052734,4.69970703125
-0.0841064453125,-1.0361328125,0.0867919921875,-4.69970703125,-46.813961029052734,-0.8544921278953552
-0.0799560546875,-1.0645751953125,0.05908203125,-6.713866710662842,-50.109859466552734,-2.807616949081421
-0.0748291015625,-1.015869140625,0.060546875,-8.23974609375,-61.523433685302734,2.807616949081421
-0.0606689453125,-0.9801025390625,0.1162109375,-10.314940452575684,-72.509765625,8.4228515625
-0.08056640625,-0.9996337890625,0.19287109375,-10.742186546325684,-81.66503143310547,13.366698265075684
-0.154541015625,-1.1082763671875,0.1944580078125,-7.873534679412842,-92.71239471435547,19.59228515625
-0.100830078125,-1.28466796875,0.15673828125,-5.371093273162842,-97.59520721435547,21.301267623901367
0.092529296875,-1.2166748046875,0.051513671875,-4.39453125,-81.35985565185547,13.732909202575684
0.1317138671875,-0.8079833984375,-0.2158203125,-4.8828125,-54.870601654052734,8.1787109375
-0.02783203125,-0.610595703125,-0.4097900390625,-12.634276390075684,-49.560543060302734,5.615233898162842
-0.1021728515625,-0.9686279296875,-0.2222900390625,-20.568845748901367,-78.7353515625,-2.990722417831421
-0.0736083984375,-1.366455078125,0.1690673828125,-12.329100608825684,-111.20604705810547,-6.896972179412842
-0.205322265625,-0.6162109375,-0.0950927734375,0.4272460639476776,-25.634763717651367,23.376462936401367
-0.2357177734375,-0.8453369140625,-0.0880126953125,-15.991209983825684,-0.2441406100988388,9.521484375
-0.2388916015625,-1.0606689453125,0.0802001953125,-9.27734375,-0.6103515625,-6.652831554412842
-0.253662109375,-1.0718994140625,0.171142578125,3.601073980331421,-1.220703125,-4.57763671875
-0.2364501953125,-0.998291015625,0.1082763671875,6.164550304412842,14.282225608825684,9.82666015625
-0.2261962890625,-0.9974365234375,-0.0029296875,6.591796398162842,36.865234375,13.732909202575684
-0.027587890625,-1.304931640625,0.1907958984375,19.34814453125,42.358394622802734,2.868652105331421
0.1546630859375,-1.18505859375,0.2763671875,25.329587936401367,52.246089935302734,-0.9765624403953552
0.1260986328125,-0.80029296875,0.1177978515625,27.587888717651367,77.57568359375,-8.544921875
-0.0106201171875,-0.695556640625,-0.0394287109375,16.17431640625,87.40233612060547,-17.15087890625
-0.0294189453125,-0.99267578125,0.0263671875,1.4648436307907104,71.6552734375,-27.038572311401367
-0.0130615234375,-1.192138671875,0.1673583984375,3.723144292831421,51.757808685302734,-35.15625
-0.05908203125,-1.0390625,0.181884765625,15.747069358825684,34.72900390625,-30.578611373901367
-0.0950927734375,-0.8173828125,0.1220703125,15.441893577575684,15.380858421325684,-13.671874046325684
-0.0035400390625,-1.0384521484375,-0.0072021484375,-21.057126998901367,-26.184080123901367,15.136717796325684
0.0023193359375,-1.0379638671875,0.0157470703125,-23.010251998901367,-58.593746185302734,26.733396530151367
0.025634765625,-1.0863037109375,0.0628662109375,-14.160155296325684,-103.88182830810547,30.517576217651367
0.0950927734375,-1.1715087890625,0.075439453125,-11.352538108825684,-125.12206268310547,30.151365280151367
0.1126708984375,-1.16845703125,-0.034912109375,-15.319823265075684,-117.00438690185547,23.315427780151367
0.1063232421875,-0.9744873046875,-0.1514892578125,-14.648436546325684,-109.19188690185547,14.709471702575684
0.0792236328125,-0.824462890625,-0.1175537109375,-11.291502952575684,-116.63817596435547,12.145995140075684
0.03271484375,-0.949951171875,0.02197265625,-10.803221702575684,-128.2958984375,10.803221702575684
-0.013916015625,-1.1282958984375,0.1090087890625,-9.1552734375,-127.56346893310547,6.774901866912842
-0.0433349609375,-1.0789794921875,0.0797119140625,-5.920409679412842,-115.11229705810547,11.779784202575684
-0.06591796875,-0.92529296875,0.0225830078125,-7.995604991912842,-104.18700408935547,26.611326217651367
-0.094482421875,-0.8819580078125,0.0238037109375,-13.610838890075684,-97.16796112060547,33.02001953125
-0.101806640625,-0.9307861328125,0.0576171875,-16.17431640625,-84.96092987060547,24.719236373901367
-0.0948486328125,-0.9683837890625,0.033447265625,-18.1884765625,-63.476558685302734,12.817381858825684
-0.1220703125,-0.995849609375,-0.084228515625,-23.681638717651367,-41.931148529052734,3.784179449081421
-0.1572265625,-1.0201416015625,-0.202880859375,-27.770994186401367,-35.33935546875,-3.173827886581421
-0.1490478515625,-1.002197265625,-0.19873046875,-24.475095748901367,-47.973628997802734,-7.995604991912842
-0.128662109375,-0.97509765625,-0.0814208984375,-17.2119140625,-68.359375,-10.620116233825684
-0.13720703125,-0.99951171875,0.0377197265625,-12.878417015075684,-79.40673828125,-10.253905296325684
-0.1602783203125,-1.0367431640625,0.072265625,-11.657713890075684,-70.86181640625,-5.920409679412842
-0.1536865234375,-1.0284423828125,0.02197265625,-10.986327171325684,-47.363277435302734,0.4272460639476776
-0.1051025390625,-0.986083984375,-0.0533447265625,-11.535643577575684,-22.155759811401367,4.21142578125
-0.0699462890625,-0.9505615234375,-0.12158203125,-13.427733421325684,-3.479003667831421,0.7934569716453552
-0.09130859375,-0.9649658203125,-0.1575927734375,-14.709471702575684,3.845214605331421,-9.1552734375
-0.1251220703125,-1.008544921875,-0.1112060546875,-10.620116233825684,-8.1787109375,-14.770506858825684
-0.134765625,-1.02978515625,-0.0130615234375,-0.4272460639476776,-33.0810546875,-10.803221702575684
-0.086669921875,-0.94140625,-0.0242919921875,-2.01416015625,-13.977049827575684,7.568358898162842
-0.1082763671875,-0.933349609375,0.0709228515625,1.15966796875,-29.541013717651367,10.925292015075684
-0.11474609375,-0.9989013671875,0.168212890625,3.662109136581421,-35.7666015625,8.36181640625
-0.08935546875,-1.0635986328125,0.2034912109375,6.225585460662842,-28.320310592651367,0.6103515625
-0.05126953125,-1.061767578125,0.1517333984375,13.610838890075684,-16.4794921875,-13.916014671325684
-0.03759765625,-0.976318359375,0.1375732421875,17.9443359375,-22.399900436401367,-20.324705123901367
-0.0308837890625,-0.903564453125,0.15673828125,20.080564498901367,-32.470703125,-22.460935592651367
-0.0517578125,-0.9072265625,0.1671142578125,19.775390625,-43.090816497802734,-21.911619186401367
-0.0740966796875,-0.9598388671875,0.1527099609375,18.49365234375,-51.147457122802734,-20.446775436401367
-0.0789794921875,-1.0107421875,0.138916015625,16.29638671875,-55.358882904052734,-16.9677734375
-0.067626953125,-1.028564453125,0.14013671875,11.840819358825684,-57.128902435302734,-9.21630859375
-0.0189208984375,-0.9986572265625,0.09228515625,-2.990722417831421,-67.138671875,8.9111328125
-0.0247802734375,-1.0008544921875,0.05810546875,-6.896972179412842,-76.171875,10.681151390075684
-0.0274658203125,-1.011962890625,0.0736083984375,-7.385253429412842,-86.97509002685547,8.60595703125
-0.023193359375,-1.02880859375,0.1129150390625,-9.033203125,-97.71727752685547,10.009765625
0.0106201171875,-1.0570068359375,0.145263671875,-11.657713890075684,-107.72704315185547,17.9443359375
0.0830078125,-1.166015625,0.1861572265625,-10.131834983825684,-114.99022674560547,21.118162155151367
0.1358642578125,-1.32373046875,0.1986083984375,-6.713866710662842,-111.02294158935547,12.512206077575684
0.1585693359375,-1.21484375,0.1207275390625,-9.58251953125,-95.21483612060547,13.610838890075684
0.02587890625,-0.5234375,-0.1209716796875,-23.986814498901367,-91.24755096435547,41.198726654052734
0.063232421875,-1.0467529296875,-0.180908203125,-1.4038084745407104,-114.56298065185547,-4.45556640625
-0.0015869140625,-0.854248046875,-0.214111328125,-5.371093273162842,-121.64305877685547,10.559081077575684
-0.05908203125,-0.8465576171875,-0.168701171875,-11.413573265075684,-127.68553924560547,10.009765625
-0.08447265625,-0.946044921875,-0.0826416015625,-9.1552734375,-125.97655487060547,1.220703125
-0.1112060546875,-1.0430908203125,-0.0771484375,-2.990722417831421,-110.47362518310547,-5.310058116912842
-0.1163330078125,-1.088623046875,-0.1778564453125,4.5166015625,-89.05028533935547,10.253905296325684
0.0284423828125,-1.068115234375,0.01513671875,10.314940452575684,-103.08837127685547,26.184080123901367
0.1973876953125,-1.0,0.2587890625,15.747069358825684,-107.36083221435547,30.883787155151367
0.1929931640625,-0.9156494140625,0.2755126953125,15.136717796325684,-87.15819549560547,20.996091842651367
0.071044921875,-1.013427734375,0.0943603515625,6.164550304412842,-60.974117279052734,4.638671875
0.0599365234375,-1.21728515625,0.0152587890625,0.6713866591453552,-57.434078216552734,-11.047362327575684
0.0850830078125,-1.1436767578125,0.0772705078125,11.840819358825684,-82.94676971435547,-15.075682640075684
0.0220947265625,-0.8316650390625,0.127685546875,25.085447311401367,-114.25780487060547,-5.310058116912842
-0.0169677734375,-0.6865234375,0.1456298828125,16.7236328125,-125.12206268310547,3.723144292831421
-0.0069580078125,-0.84228515625,0.1456298828125,-5.432128429412842,-110.65673065185547,1.4648436307907104
-0.0032958984375,-1.0838623046875,0.1070556640625,-14.770506858825684,-91.85790252685547,-12.145995140075684
0.0146484375,-1.095458984375,0.0594482421875,-4.45556640625,-102.17284393310547,3.967284917831421
0.0068359375,-0.9708251953125,0.1104736328125,-6.164550304412842,-121.88719940185547,32.65380859375
0.0003662109375,-0.9935302734375,0.126708984375,-11.840819358825684,-128.0517578125,46.142574310302734
0.1195068359375,-1.2039794921875,0.0767822265625,-20.935056686401367,-108.94774627685547,32.77587890625
0.2559814453125,-1.24853515625,-0.0831298828125,-28.747556686401367,-78.61328125,5.310058116912842
0.1790771484375,-0.9302978515625,-0.2518310546875,-26.184080123901367,-74.89013671875,-1.9531248807907104
-0.010009765625,-0.7086181640625,-0.2056884765625,-16.29638671875,-111.63329315185547,3.906249761581421
-0.046142578125,-1.1865234375,0.2125244140625,-4.69970703125,-155.2734375,-13.366698265075684
-0.0460205078125,-1.0726318359375,0.1031494140625,-7.141112804412842,-111.32811737060547,-1.9531248807907104
-0.1114501953125,-0.7908935546875,-0.14697265625,-14.831542015075684,-65.5517578125,15.747069358825684
-0.173828125,-0.7655029296875,-0.2525634765625,-25.695798873901367,-51.147457122802734,19.775390625
-0.181640625,-0.9705810546875,-0.1304931640625,-25.878904342651367,-60.119625091552734,4.8828125
-0.179931640625,-1.0888671875,0.0130615234375,-12.512206077575684,-67.2607421875,-11.413573265075684
-0.190673828125,-0.98291015625,-0.0230712890625,-2.38037109375,-57.128902435302734,-10.131834983825684
-0.2054443359375,-0.87451171875,-0.199951171875,-9.21630859375,-30.883787155151367,1.4648436307907104
-0.146240234375,-1.0430908203125,-0.2816162109375,-28.320310592651367,-6.225585460662842,6.713866710662842
0.036865234375,-1.374267578125,-0.150634765625,-36.19384765625,-2.990722417831421,-4.21142578125
0.206298828125,-1.410400390625,0.02685546875,-20.324705123901367,-12.145995140075684,-21.850584030151367
0.274169921875,-1.037353515625,0.1370849609375,0.9765624403953552,-18.9208984375,-18.798828125
0.2301025390625,-0.7657470703125,0.186767578125,9.46044921875,-23.986814498901367,-3.540038824081421
0.1265869140625,-0.9381103515625,0.2119140625,9.8876953125,-23.559568405151367,-3.906249761581421
0.0697021484375,-1.1248779296875,0.23486328125,16.357421875,-7.873534679412842,-13.366698265075684
0.058349609375,-0.9775390625,0.18701171875,28.686521530151367,23.559568405151367,-14.282225608825684
0.0587158203125,-0.7757568359375,0.0810546875,30.395505905151367,57.250972747802734,-7.568358898162842
0.0111083984375,-1.118408203125,0.1392822265625,16.78466796875,72.57080078125,-6.469726085662842
0.01123046875,-1.0362548828125,0.1129150390625,17.63916015625,66.89453125,-6.103515148162842
-0.0086669921875,-0.92822265625,0.0390625,8.9111328125,64.88037109375,0.0
-0.046875,-0.963134765625,0.017333984375,-0.9765624403953552,55.969234466552734,0.4882812201976776
-0.0711669921875,-1.0780029296875,0.0877685546875,-3.112792730331421,38.26904296875,-1.3427733182907104
-0.069091796875,-1.1121826171875,0.212890625,2.990722417831421,17.08984375,6.286620616912842
-0.097900390625,-1.0831298828125,0.2940673828125,11.291502952575684,-3.906249761581421,22.033689498901367
-0.0426025390625,-1.1063232421875,0.339111328125,16.7236328125,-16.11328125,29.907224655151367
-0.047607421875,-1.08056640625,0.2164306640625,26.245115280151367,-47.485347747802734,-7.141112804412842
-0.0714111328125,-0.88720703125,0.326416015625,22.033689498901367,-39.24560546875,8.72802734375
-0.068115234375,-0.6766357421875,0.2265625,2.929687261581421,-1.9531248807907104,28.259275436401367
-0.0711669921875,-0.6993408203125,0.095703125,-8.85009765625,27.893064498901367,23.010251998901367
-0.0904541015625,-0.924072265625,0.0496826171875,-8.72802734375,43.212886810302734,0.4882812201976776
-0.1160888671875,-1.0760498046875,0.055419921875,-2.01416015625,48.400875091552734,-9.6435546875
-0.11181640625,-1.021728515625,0.0654296875,6.164550304412842,46.508785247802734,-0.7934569716453552
-0.120849609375,-0.99560546875,0.052490234375,9.033203125,45.654293060302734,8.36181640625
-0.195068359375,-1.1650390625,0.0203857421875,5.432128429412842,49.194332122802734,5.676269054412842
-0.19580078125,-1.306640625,0.0855712890625,5.310058116912842,42.785640716552734,4.638671875
-0.0389404296875,-1.242919921875,0.257080078125,11.840819358825684,29.968259811401367,11.169432640075684
0.174560546875,-1.0579833984375,0.366943359375,14.648436546325684,37.353515625,10.437010765075684
0.2659912109375,-0.8123779296875,0.28271484375,9.33837890625,69.03076171875,-1.4648436307907104
0.123291015625,-0.7537841796875,0.058837890625,-0.9765624403953552,96.13036346435547,-17.333984375
-0.035400390625,-0.999755859375,-0.0401611328125,-7.507323741912842,88.98925018310547,-33.75244140625
-0.0621337890625,-1.1075439453125,0.0599365234375,-0.30517578125,58.776851654052734,-40.405269622802734
-0.072509765625,-0.8653564453125,0.166015625,14.770506858825684,30.029294967651367,-28.686521530151367
-0.0540771484375,-0.8262939453125,0.2784423828125,7.080077648162842,-8.72802734375,-15.075682640075684
-0.0673828125,-1.071533203125,0.287109375,-7.446288585662842,-3.112792730331421,-16.66259765625
-0.0921630859375,-1.066162109375,0.1964111328125,-10.498045921325684,11.108397483825684,-14.160155296325684
-0.0709228515625,-0.9588623046875,0.10986328125,-11.657713890075684,16.6015625,-4.21142578125
-0.068115234375,-1.02783203125,0.1253662109375,-16.7236328125,8.7890625,5.493163585662842
-0.0966796875,-1.256103515625,0.17431640625,-15.136717796325684,-6.713866710662842,5.615233898162842
0.00146484375,-1.362548828125,0.197998046875,-5.737304210662842,-19.4091796875,3.051757574081421
0.2467041015625,-1.1895751953125,0.2130126953125,-2.25830078125,-16.2353515625,5.187987804412842
0.314208984375,-0.875244140625,0.0791015625,-5.310058116912842,-0.9765624403953552,5.126952648162842
0.1240234375,-0.7470703125,-0.135009765625,-6.896972179412842,4.33349609375,-0.1831054538488388
-0.017822265625,-0.7969970703125,0.197509765625,30.761716842651367,-34.5458984375,8.11767578125
-0.0787353515625,-0.6572265625,0.092529296875,12.329100608825684,-9.033203125,19.775390625
-0.0811767578125,-0.7935791015625,0.0489501953125,-8.23974609375,9.09423828125,17.27294921875
-0.078369140625,-0.9947509765625,0.0556640625,-9.27734375,15.869139671325684,2.563476324081421
-0.1123046875,-1.0830078125,0.0633544921875,1.9531248807907104,15.808104515075684,-7.263183116912842
-0.15283203125,-1.101806640625,0.0604248046875,6.591796398162842,13.244627952575684,0.3662109076976776
-0.1666259765625,-1.1729736328125,0.072021484375,4.57763671875,12.145995140075684,10.742186546325684
-0.1153564453125,-1.2662353515625,0.154296875,5.432128429412842,13.366698265075684,12.695311546325684
0.070556640625,-1.243408203125,0.2945556640625,9.6435546875,17.7001953125,13.244627952575684
-0.035400390625,-1.0174560546875,-0.011474609375,-11.169432640075684,63.659664154052734,-23.071287155151367
-0.0263671875,-1.0721435546875,0.0672607421875,-3.173827886581421,42.114253997802734,-27.709959030151367
0.00244140625,-0.85107421875,0.1593017578125,9.70458984375,21.911619186401367,-18.4326171875
-0.0260009765625,-0.73583984375,0.174072265625,11.169432640075684,2.50244140625,-7.324218273162842
-0.0745849609375,-0.8709716796875,0.171875,2.807616949081421,-6.042479991912842,-1.03759765625
-0.096435546875,-1.00439453125,0.1986083984375,0.2441406100988388,-3.234863042831421,-1.4038084745407104
-0.083984375,-0.993408203125,0.2174072265625,2.197265625,-0.0,-3.295898199081421
-0.0828857421875,-0.9735107421875,0.1961669921875,-2.624511480331421,-5.249022960662842,3.112792730331421
-0.1297607421875,-1.0743408203125,0.1431884765625,-12.390135765075684,-16.9677734375,11.474608421325684
-0.123046875,-1.23876953125,0.108154296875,-16.6015625,-30.761716842651367,13.000487327575684
0.0855712890625,-1.3084716796875,0.1622314453125,-12.145995140075684,-39.794921875,8.97216796875
0.3236083984375,-1.1612548828125,0.1717529296875,-6.652831554412842,-31.249998092651367,3.723144292831421
0.2705078125,-0.9215087890625,-0.021240234375,-6.042479991912842,-12.695311546325684,-0.1220703050494194
0.0521240234375,-0.853515625,-0.12646484375,-3.173827886581421,-19.287109375,-4.5166015625
-0.04638671875,-1.0224609375,0.0869140625,8.11767578125,-53.527828216552734,-10.314940452575684
-0.009521484375,-1.1080322265625,0.3304443359375,18.61572265625,-67.3828125,-5.126952648162842
0.018310546875,-0.88134765625,0.3150634765625,19.95849609375,-42.358394622802734,14.526366233825684
-0.05908203125,-0.645751953125,0.121826171875,10.314940452575684,-9.82666015625,29.724119186401367
-0.133544921875,-0.7047119140625,-0.00439453125,-5.310058116912842,6.042479991912842,26.550291061401367
-0.1337890625,-0.9376220703125,0.0185546875,-11.901854515075684,11.718749046325684,9.82666015625
-0.1441650390625,-1.0892333984375,0.0716552734375,-5.126952648162842,18.310546875,-5.859374523162842
-0.1669921875,-1.083740234375,0.0867919921875,2.44140625,21.911619186401367,-4.0283203125
-0.1739501953125,-1.062255859375,0.0662841796875,3.723144292831421,19.4091796875,8.30078125
-0.2183837890625,-1.18603515625,0.0286865234375,1.0986328125,19.53125,9.27734375
-0.150634765625,-1.317138671875,0.1231689453125,-0.1831054538488388,15.808104515075684,7.629394054412842
-0.0396728515625,-0.7247314453125,-0.0263671875,-7.202147960662842,66.83349609375,-14.892577171325684
-0.095947265625,-1.0201416015625,0.01025390625,-13.122557640075684,50.231929779052734,-29.357908248901367
-0.00927734375,-1.0841064453125,0.1693115234375,-4.08935546875,31.982419967651367,-32.958984375
-0.0203857421875,-0.9083251953125,0.1700439453125,7.751464366912842,23.010251998901367,-25.695798873901367
-0.0838623046875,-0.801513671875,0.05517578125,5.554198741912842,11.840819358825684,-15.319823265075684
-0.10595703125,-0.873779296875,0.040771484375,-4.2724609375,-7.629394054412842,-6.347655773162842
-0.0994873046875,-0.987060546875,0.1455078125,-3.051757574081421,-31.921384811401367,-4.150390625
-0.08935546875,-1.01318359375,0.2188720703125,5.065917491912842,-45.471187591552734,-5.187987804412842
-0.0849609375,-1.025146484375,0.2110595703125,1.8920897245407104,-38.57421875,1.4648436307907104
-0.1097412109375,-1.1373291015625,0.1658935546875,-8.4228515625,-26.794431686401367,9.6435546875
-0.09521484375,-1.3017578125,0.099853515625,-12.512206077575684,-26.977537155151367,11.108397483825684
0.1072998046875,-1.3115234375,0.0880126953125,-11.596678733825684,-29.846189498901367,8.60595703125
0.324462890625,-1.072509765625,0.0684814453125,-10.925292015075684,-26.245115280151367,4.57763671875
0.2373046875,-0.8309326171875,-0.0958251953125,-9.521484375,-24.719236373901367,0.1831054538488388
0.0438232421875,-0.8541259765625,-0.15380859375,-4.45556640625,-42.297359466552734,-3.784179449081421
-0.0115966796875,-1.072021484375,0.0543212890625,6.530761241912842,-76.416015625,-5.310058116912842
-0.012451171875,-1.1341552734375,0.253173828125,21.484373092651367,-93.81102752685547,-0.8544921278953552
-0.02880859375,-0.8912353515625,0.2529296875,30.578611373901367,-78.43017578125,9.58251953125
-0.068115234375,-0.644775390625,0.142333984375,21.240232467651367,-46.997066497802734,22.094724655151367
-0.0899658203125,-0.685546875,0.0780029296875,-2.990722417831421,-18.12744140625,27.038572311401367
-0.1136474609375,-0.940673828125,0.085205078125,-16.17431640625,2.685546636581421,13.427733421325684
-0.1695556640625,-1.1292724609375,0.094482421875,-7.263183116912842,16.2353515625,-7.324218273162842
-0.1966552734375,-1.1075439453125,0.0989990234375,5.249022960662842,23.315427780151367,-8.11767578125
-0.1942138671875,-1.0562744140625,0.0802001953125,7.080077648162842,28.503416061401367,6.652831554412842
-0.16162109375,-1.1397705078125,0.0458984375,2.3193359375,39.61181640625,10.253905296325684
-0.0235595703125,-1.2161865234375,0.1048583984375,-1.7700194120407104,51.452632904052734,4.69970703125
0.143798828125,-1.180908203125,0.2314453125,-1.5258787870407104,54.565425872802734,-0.54931640625
0.202880859375,-1.033447265625,0.3128662109375,4.45556640625,54.321285247802734,-10.742186546325684
0.137451171875,-0.848388671875,0.2938232421875,11.657713890075684,56.823726654052734,-22.033689498901367
0.028564453125,-0.818115234375,0.20361328125,9.33837890625,58.593746185302734,-25.085447311401367
-0.01416015625,-0.9039306640625,0.1512451171875,-1.0986328125,59.692378997802734,-23.437498092651367
0.007080078125,-0.9005126953125,0.1689453125,-4.638671875,59.204097747802734,-23.193357467651367
-0.00244140625,-0.82470703125,0.1822509765625,2.563476324081421,49.072261810302734,-25.268552780151367
-0.052490234375,-0.87451171875,0.1661376953125,5.737304210662842,33.8134765625,-25.878904342651367
-0.0635986328125,-0.9969482421875,0.163330078125,-0.9765624403953552,22.521970748901367,-18.310546875
-0.05078125,-0.999267578125,0.1552734375,-7.141112804412842,13.793944358825684,-5.554198741912842
-0.065673828125,-0.9788818359375,0.1319580078125,-12.329100608825684,2.746581792831421,6.042479991912842
-0.087646484375,-1.106201171875,0.129150390625,-20.751951217651367,-9.765625,13.610838890075684
-0.0322265625,-1.3245849609375,0.149658203125,-25.207517623901367,-19.83642578125,15.991209983825684
0.2059326171875,-1.3858642578125,0.1976318359375,-19.71435546875,-23.376462936401367,11.718749046325684
0.352783203125,-1.130126953125,0.126708984375,-12.207030296325684,-12.573241233825684,6.774901866912842
0.1705322265625,-0.8455810546875,-0.0771484375,-12.756346702575684,2.197265625,12.634276390075684
-0.025146484375,-0.8697509765625,-0.0909423828125,-11.047362327575684,-11.291502952575684,15.808104515075684
-0.0592041015625,-1.0784912109375,0.1485595703125,2.807616949081421,-42.297359466552734,8.11767578125
-0.0404052734375,-1.0816650390625,0.3543701171875,18.798828125,-46.386714935302734,8.11767578125
-0.0262451171875,-0.805908203125,0.3209228515625,22.705076217651367,-15.075682640075684,20.568845748901367
-0.0543212890625,-0.6063232421875,0.1153564453125,7.324218273162842,28.381345748901367,33.75244140625
-0.121826171875,-0.69189453125,-0.060791015625,-12.817381858825684,57.373043060302734,32.2265625
-0.1968994140625,-0.926513671875,-0.0914306640625,-16.78466796875,61.401363372802734,12.451170921325684
-0.223388671875,-1.0645751953125,0.0020751953125,-7.080077648162842,52.246089935302734,-4.21142578125
-0.1824951171875,-1.04443359375,0.120849609375,4.08935546875,47.363277435302734,-4.638671875
-0.1546630859375,-1.074951171875,0.1304931640625,9.033203125,56.640621185302734,-2.868652105331421
-0.0943603515625,-1.27783203125,0.0970458984375,4.39453125,77.5146484375,-8.60595703125
0.0426025390625,-1.4537353515625,0.135986328125,-0.9765624403953552,91.67479705810547,-16.54052734375
0.1424560546875,-1.303955078125,0.1737060546875,3.967284917831421,87.95165252685547,-19.10400390625
0.1279296875,-0.8072509765625,0.165283203125,15.319823265075684,77.1484375,-11.474608421325684
0.036865234375,-0.51904296875,0.1392822265625,15.930174827575684,70.80078125,-5.065917491912842
0.0030517578125,-0.7662353515625,0.1571044921875,2.868652105331421,74.0966796875,-18.1884765625
0.0477294921875,-1.078125,0.2144775390625,-5.249022960662842,89.59960174560547,-40.222164154052734
-0.0443115234375,-0.9169921875,0.0538330078125,3.417968511581421,56.091304779052734,-16.90673828125
-0.091064453125,-0.9627685546875,0.0833740234375,-3.662109136581421,21.118162155151367,2.990722417831421
-0.119140625,-0.9564208984375,0.13720703125,0.4882812201976776,-4.94384765625,4.8828125
-0.0997314453125,-0.9539794921875,0.1671142578125,3.784179449081421,-15.686034202575684,-1.6479490995407104
-0.0618896484375,-1.068603515625,0.1544189453125,-9.82666015625,-5.432128429412842,1.15966796875
-0.0067138671875,-1.2315673828125,0.1441650390625,-23.071287155151367,6.408690929412842,8.544921875
0.15234375,-1.283935546875,0.193115234375,-16.4794921875,-0.1220703050494194,8.9111328125
0.293212890625,-1.112060546875,0.19775390625,-4.82177734375,-2.868652105331421,6.347655773162842
0.20361328125,-0.9232177734375,0.063232421875,-4.82177734375,13.305663108825684,11.413573265075684
0.0347900390625,-0.9666748046875,0.004638671875,-0.3662109076976776,17.88330078125,12.084959983825684
-0.0155029296875,-1.08544921875,0.1397705078125,18.73779296875,4.2724609375,2.44140625
0.0191650390625,-1.0245361328125,0.2645263671875,30.334470748901367,8.11767578125,3.417968511581421
0.00927734375,-0.8212890625,0.2161865234375,20.202634811401367,37.65869140625,20.996091842651367
-0.07177734375,-0.7452392578125,0.0728759765625,-0.3662109076976776,65.73486328125,33.63037109375
-0.1182861328125,-0.8670654296875,0.00634765625,-10.925292015075684,75.8056640625,20.874021530151367
-0.1185302734375,-0.99462890625,0.040283203125,-4.57763671875,73.91357421875,-3.662109136581421
-0.121826171875,-0.9932861328125,0.084228515625,5.981444835662842,68.54248046875,-10.253905296325684
-0.1241455078125,-0.9415283203125,0.0870361328125,8.36181640625,62.805171966552734,1.3427733182907104
-0.13037109375,-0.9677734375,0.0262451171875,3.723144292831421,66.89453125,7.202147960662842
-0.15576171875,-1.1497802734375,-0.03125,-1.5258787870407104,79.16259765625,-3.051757574081421
0.0657958984375,-1.2940673828125,0.267822265625,15.930174827575684,34.7900390625,-1.2817381620407104
-0.0435791015625,-0.8350830078125,0.0341796875,12.451170921325684,67.19970703125,-30.334470748901367
-0.0802001953125,-0.7294921875,0.1090087890625,10.375975608825684,35.09521484375,-23.132322311401367
-0.0831298828125,-0.9168701171875,0.196533203125,-3.723144292831421,17.2119140625,-14.587401390075684
-0.099609375,-1.055908203125,0.2147216796875,-8.056640625,20.324705123901367,-7.080077648162842
-0.0997314453125,-1.0262451171875,0.1602783203125,-1.2817381620407104,25.207517623901367,-3.356933355331421
-0.09130859375,-1.0032958984375,0.1136474609375,0.1831054538488388,20.812986373901367,6.896972179412842
-0.119384765625,-1.10888671875,0.1038818359375,-4.2724609375,9.1552734375,20.568845748901367
-0.0631103515625,-1.2982177734375,0.1385498046875,-3.356933355331421,-4.69970703125,22.949216842651367
0.158935546875,-1.316650390625,0.180908203125,5.554198741912842,-7.629394054412842,12.145995140075684
0.2791748046875,-0.9910888671875,0.074951171875,8.9111328125,13.244627952575684,6.164550304412842
0.1180419921875,-0.693603515625,-0.135009765625,-2.13623046875,37.59765625,12.817381858825684
-0.06201171875,-0.82763671875,-0.1295166015625,-10.681151390075684,29.541013717651367,12.817381858825684
-0.06982421875,-1.1932373046875,0.1363525390625,0.2441406100988388,-3.234863042831421,1.2817381620407104
-0.0225830078125,-1.2501220703125,0.3057861328125,21.972654342651367,-14.221190452575684,-4.7607421875
-0.171630859375,-0.940185546875,0.005615234375,-7.446288585662842,54.382320404052734,7.690429210662842
-0.205322265625,-1.0107421875,0.064453125,3.540038824081421,46.020503997802734,-5.126952648162842
-0.2047119140625,-1.011962890625,0.0517578125,5.432128429412842,40.344234466552734,1.8920897245407104
-0.2069091796875,-1.156005859375,-0.10400390625,-5.065917491912842,61.828609466552734,1.7700194120407104
0.1273193359375,-0.9376220703125,0.348388671875,18.73779296875,5.981444835662842,12.390135765075684
-0.0499267578125,-1.1878662109375,-0.0469970703125,1.7089842557907104,69.03076171875,-34.66796875
-0.09375,-0.9453125,-0.0469970703125,7.446288585662842,49.377437591552734,-26.184080123901367
-0.1373291015625,-0.7869873046875,-0.0025634765625,7.141112804412842,13.244627952575684,-15.808104515075684
-0.1634521484375,-0.84912109375,0.1141357421875,5.0048828125,-19.47021484375,-8.1787109375
-0.1605224609375,-0.9481201171875,0.177734375,4.08935546875,-25.878904342651367,2.50244140625
-0.1270751953125,-0.97021484375,0.1175537109375,0.7324218153953552,-13.183592796325684,3.662109136581421
-0.1436767578125,-1.1004638671875,0.076904296875,-3.479003667831421,-4.8828125,5.859374523162842
-0.189697265625,-1.2786865234375,0.051025390625,-2.25830078125,-11.291502952575684,7.263183116912842
-0.083740234375,-1.372314453125,0.080322265625,4.82177734375,-26.977537155151367,4.8828125
0.2197265625,-0.80712890625,0.005615234375,17.27294921875,-18.24951171875,-9.33837890625
0.0242919921875,-0.60693359375,-0.152099609375,8.7890625,-7.690429210662842,-7.446288585662842
-0.120361328125,-0.93115234375,-0.065673828125,-3.479003667831421,-23.071287155151367,-1.0986328125
-0.083740234375,-1.335205078125,0.199462890625,-0.1831054538488388,-47.180171966552734,2.25830078125
-0.0137939453125,-1.2186279296875,0.31396484375,19.287109375,-49.255367279052734,7.568358898162842
-0.0623779296875,-0.7733154296875,0.1795654296875,28.991697311401367,-25.756834030151367,19.10400390625
-0.1690673828125,-0.6104736328125,-0.0018310546875,12.329100608825684,5.615233898162842,26.489255905151367
-0.218017578125,-0.8143310546875,-0.0548095703125,-7.873534679412842,29.541013717651367,16.4794921875
-0.2027587890625,-1.0538330078125,0.0264892578125,-8.72802734375,39.12353515625,-3.479003667831421
-0.1939697265625,-1.095703125,0.108154296875,0.4882812201976776,35.7666015625,-7.202147960662842
-0.196044921875,-1.0152587890625,0.11083984375,4.0283203125,30.883787155151367,9.8876953125
-0.1722412109375,-1.0137939453125,0.0614013671875,2.13623046875,39.794921875,18.61572265625
-0.08154296875,-1.1229248046875,0.076904296875,-0.7324218153953552,60.058589935302734,8.7890625
0.0286865234375,-1.2427978515625,0.192626953125,-1.0986328125,72.6318359375,-1.220703125
0.0806884765625,-1.228759765625,0.29296875,5.187987804412842,72.93701171875,-5.859374523162842
-0.0703125,-0.8448486328125,0.07666015625,7.995604991912842,100.76903533935547,-12.145995140075684
-0.022705078125,-1.0484619140625,0.246337890625,10.681151390075684,87.89061737060547,-15.930174827575684
-0.0098876953125,-1.0736083984375,0.3980712890625,25.207517623901367,62.988277435302734,-11.291502952575684
-0.0150146484375,-0.96142578125,0.3988037109375,34.0576171875,51.696773529052734,-4.33349609375
0.0123291015625,-0.9237060546875,0.32666015625,27.038572311401367,69.39697265625,-2.990722417831421
0.036865234375,-0.9512939453125,0.277587890625,17.2119140625,97.22899627685547,-5.249022960662842
0.0162353515625,-0.9547119140625,0.2603759765625,17.51708984375,106.75048065185547,-10.620116233825684
-0.0284423828125,-0.9432373046875,0.2677001953125,22.766111373901367,100.34178924560547,-18.12744140625
-0.049072265625,-0.946533203125,0.2957763671875,24.475095748901367,96.61864471435547,-22.705076217651367
-0.057373046875,-0.943359375,0.3145751953125,24.291990280151367,98.75487518310547,-23.254392623901367
-0.087158203125,-0.9022216796875,0.306884765625,23.620603561401367,96.25243377685547,-22.277830123901367
-0.1177978515625,-0.920654296875,0.28173828125,20.01953125,91.43065643310547,-22.216794967651367
-0.145263671875,-0.9464111328125,0.242431640625,14.282225608825684,87.34130096435547,-21.301267623901367
-0.1729736328125,-0.9498291015625,0.1759033203125,6.713866710662842,81.60399627685547,-17.578125
-0.21484375,-0.947509765625,0.0904541015625,-2.868652105331421,71.71630859375,-12.329100608825684
-0.2265625,-0.9619140625,0.0517578125,-13.610838890075684,57.922359466552734,-6.225585460662842
-0.1500244140625,-1.03955078125,0.1123046875,-21.911619186401367,42.053218841552734,1.0986328125
0.0244140625,-1.166015625,0.2135009765625,-21.911619186401367,28.015134811401367,2.25830078125
0.088623046875,-1.1546630859375,0.1767578125,-13.671874046325684,20.629880905151367,-3.540038824081421
-0.0513916015625,-1.0667724609375,0.052734375,-7.568358898162842,12.756346702575684,-3.295898199081421
-0.1424560546875,-1.108642578125,0.0770263671875,-5.065917491912842,-6.347655773162842,1.2817381620407104
-0.10693359375,-1.13134765625,0.2098388671875,-1.220703125,-12.817381858825684,6.469726085662842
-0.1015625,-0.787841796875,0.125244140625,-5.371093273162842,60.058589935302734,17.2119140625
-0.1405029296875,-0.779296875,-0.01513671875,-12.695311546325684,90.45409393310547,7.995604991912842
-0.1640625,-0.8931884765625,-0.042724609375,-9.58251953125,99.42626190185547,-11.047362327575684
-0.180419921875,-0.9801025390625,0.0303955078125,4.150390625,87.95165252685547,-29.602048873901367
-0.1944580078125,-0.9888916015625,0.0955810546875,12.145995140075684,69.2138671875,-30.395505905151367
-0.2037353515625,-0.9737548828125,0.097900390625,9.46044921875,59.020992279052734,-16.05224609375
-0.2059326171875,-0.9754638671875,0.047607421875,6.896972179412842,60.791011810302734,-5.187987804412842
-0.21826171875,-1.0048828125,-0.015380859375,8.23974609375,67.07763671875,-1.4648436307907104
-0.239990234375,-1.0677490234375,-0.0091552734375,11.779784202575684,63.171382904052734,2.25830078125
-0.20068359375,-1.1829833984375,0.124755859375,19.287109375,39.12353515625,8.11767578125
-0.066162109375,-1.2747802734375,0.2867431640625,29.418943405151367,18.85986328125,9.27734375
0.11328125,-1.092041015625,0.31689453125,33.203125,37.65869140625,8.97216796875
-0.0545654296875,-1.1180419921875,-0.05517578125,5.798339366912842,97.22899627685547,-22.766111373901367
-0.1298828125,-0.8819580078125,0.190673828125,5.371093273162842,-2.807616949081421,-14.526366233825684
-0.159423828125,-0.9736328125,0.2337646484375,3.723144292831421,-13.671874046325684,-8.85009765625
-0.1650390625,-0.9591064453125,0.18701171875,1.0986328125,-8.97216796875,-4.94384765625
-0.1461181640625,-0.9564208984375,0.1063232421875,-6.164550304412842,-0.0,-3.417968511581421
-0.124755859375,-1.03662109375,0.0604248046875,-12.878417015075684,5.493163585662842,-4.5166015625
-0.1448974609375,-1.1458740234375,0.056396484375,-11.962889671325684,-3.173827886581421,-4.638671875
-0.1793212890625,-1.209228515625,0.04833984375,-4.8828125,-27.648923873901367,-2.624511480331421
-0.075439453125,-1.2261962890625,0.093505859375,-1.220703125,-52.368160247802734,0.7324218153953552
0.0589599609375,-0.7255859375,-0.134521484375,-16.41845703125,-29.113767623901367,9.521484375
-0.0714111328125,-0.935791015625,-0.113037109375,-16.41845703125,-40.466304779052734,5.187987804412842
-0.0555419921875,-1.2476806640625,0.1329345703125,-4.45556640625,-65.0634765625,-2.25830078125
-0.0458984375,-1.19384765625,0.2412109375,14.160155296325684,-69.88525390625,-0.4272460639476776
-0.089599609375,-0.8209228515625,0.1273193359375,21.362302780151367,-50.903316497802734,14.770506858825684
-0.2177734375,-1.048095703125,0.138671875,4.57763671875,-16.4794921875,-1.8310545682907104
-0.247314453125,-0.98681640625,0.107177734375,6.591796398162842,-12.268065452575684,10.986327171325684
-0.2359619140625,-0.9794921875,0.0223388671875,0.8544921278953552,1.2817381620407104,20.935056686401367
-0.24072265625,-1.1005859375,-0.0272216796875,-1.7700194120407104,15.563963890075684,12.756346702575684
-0.181884765625,-1.2762451171875,0.0732421875,2.13623046875,10.498045921325684,2.746581792831421
0.0894775390625,-1.027099609375,0.2520751953125,12.451170921325684,10.681151390075684,4.0283203125
0.0845947265625,-0.6982421875,0.14013671875,3.417968511581421,42.724605560302734,6.103515148162842
-0.060791015625,-0.7493896484375,0.0123291015625,-11.596678733825684,60.424800872802734,2.44140625
-0.099365234375,-1.052978515625,0.0189208984375,-14.465331077575684,54.504390716552734,-14.038084983825684
-0.0596923828125,-1.1396484375,0.075439453125,-3.845214605331421,48.400875091552734,-28.686521530151367
-0.098876953125,-0.96923828125,0.0540771484375,3.967284917831421,41.564937591552734,-26.306150436401367
-0.1572265625,-0.8248291015625,0.0260009765625,3.417968511581421,19.47021484375,-19.287109375
-0.15966796875,-0.9703369140625,0.1785888671875,-3.173827886581421,-12.451170921325684,-4.39453125
-0.13916015625,-0.995361328125,0.094970703125,-6.347655773162842,-3.723144292831421,-0.6713866591453552
-0.1202392578125,-1.0985107421875,0.0455322265625,-13.427733421325684,2.0751953125,6.896972179412842
-0.157470703125,-1.2626953125,0.027587890625,-9.521484375,-13.977049827575684,8.72802734375
0.0206298828125,-1.2266845703125,0.1624755859375,4.69970703125,-115.11229705810547,-8.1787109375
-0.010986328125,-1.155517578125,0.3197021484375,13.549803733825684,-131.77490234375,9.70458984375
-0.110107421875,-0.8074951171875,0.144287109375,13.305663108825684,-102.11180877685547,24.902341842651367
-0.170166015625,-0.6463623046875,-0.08984375,-10.070799827575684,-56.823726654052734,35.94970703125
-0.1663818359375,-0.802734375,-0.1802978515625,-31.311033248901367,-29.418943405151367,31.982419967651367
-0.181640625,-1.038818359375,-0.1181640625,-21.423337936401367,-28.320310592651367,3.906249761581421
-0.2412109375,-1.13818359375,0.0,2.197265625,-39.4287109375,-18.61572265625
-0.2855224609375,-1.1051025390625,0.0694580078125,11.291502952575684,-50.903316497802734,-4.45556640625
0.020263671875,-1.1832275390625,0.070556640625,-2.25830078125,-2.3193359375,16.05224609375
0.1748046875,-1.177001953125,0.0701904296875,-5.493163585662842,24.963376998901367,-1.0986328125
0.1253662109375,-0.9873046875,0.0472412109375,-4.638671875,33.63037109375,-4.638671875
-0.0123291015625,-0.96142578125,0.0513916015625,-2.563476324081421,10.437010765075684,-3.479003667831421
-0.094482421875,-0.9783935546875,0.1048583984375,5.554198741912842,-33.26416015625,-7.629394054412842
-0.1142578125,-0.9288330078125,0.1258544921875,-8.544921875,-35.64453125,-1.0986328125
-0.148681640625,-1.0625,0.1282958984375,-8.23974609375,-31.921384811401367,-2.3193359375
-0.1636962890625,-1.01708984375,0.115234375,0.4272460639476776,-37.53662109375,3.479003667831421
-0.1168212890625,-0.95263671875,0.1337890625,0.7324218153953552,-46.936031341552734,17.76123046875
-0.114990234375,-1.0069580078125,0.155517578125,-8.30078125,-49.194332122802734,29.418943405151367
0.0369873046875,-1.2041015625,0.0263671875,-6.103515148162842,-56.823726654052734,-6.164550304412842
0.28271484375,-0.9835205078125,-0.0125732421875,-11.901854515075684,-42.480464935302734,-6.713866710662842
0.165283203125,-0.7601318359375,-0.193359375,-16.2353515625,-35.2783203125,-7.202147960662842
-0.0362548828125,-0.9271240234375,-0.161865234375,-14.831542015075684,-64.208984375,-12.084959983825684
-0.0718994140625,-1.277587890625,0.1666259765625,-4.150390625,-114.01366424560547,-11.169432640075684
-0.04931640625,-1.2509765625,0.363037109375,11.901854515075684,-127.99071502685547,1.3427733182907104
-0.0870361328125,-0.838134765625,0.2159423828125,15.136717796325684,-90.02684783935547,18.24951171875
-0.1627197265625,-0.5797119140625,-0.0487060546875,-7.385253429412842,-39.85595703125,31.799314498901367
-0.195556640625,-0.997802734375,-0.119140625,-33.87451171875,-9.521484375,4.39453125
-0.2041015625,-1.1278076171875,-0.01318359375,-10.437010765075684,-20.812986373901367,-13.244627952575684
-0.2333984375,-1.099853515625,-0.0086669921875,4.08935546875,-33.87451171875,-5.798339366912842
-0.2283935546875,-1.028076171875,-0.090087890625,1.4648436307907104,-36.376953125,14.160155296325684
-0.136474609375,-1.1116943359375,-0.095703125,-7.202147960662842,-30.700681686401367,23.498533248901367
0.0634765625,-1.242919921875,0.028076171875,-10.314940452575684,-31.372068405151367,16.845703125
0.1895751953125,-1.1219482421875,0.09716796875,-6.408690929412842,-28.991697311401367,7.263183116912842
0.1156005859375,-0.985595703125,0.0247802734375,-6.591796398162842,-19.59228515625,6.225585460662842
-0.0045166015625,-1.099853515625,-0.072021484375,-11.840819358825684,-23.864744186401367,2.685546636581421
-0.04736328125,-1.1341552734375,-0.11962890625,-13.549803733825684,-37.53662109375,-3.051757574081421
-0.0609130859375,-1.082763671875,0.0098876953125,-15.686034202575684,-95.45897674560547,-14.282225608825684
-0.0887451171875,-1.077880859375,-0.020263671875,-11.413573265075684,-89.17235565185547,-15.014647483825684
-0.1025390625,-0.970458984375,-0.0634765625,-10.498045921325684,-89.29442596435547,-0.6713866591453552
-0.0819091796875,-0.9688720703125,-0.0234375,-14.892577171325684,-97.29003143310547,11.230467796325684
-0.0634765625,-1.0216064453125,0.0885009765625,-16.7236328125,-109.61913299560547,17.333984375
-0.0765380859375,-1.0316162109375,0.1304931640625,-10.986327171325684,-119.62889862060547,18.24951171875
-0.04736328125,-1.0045166015625,0.0509033203125,-7.629394054412842,-112.18260955810547,10.803221702575684
-0.030517578125,-0.937255859375,-0.12255859375,-17.333984375,-79.77294921875,2.990722417831421
-0.07861328125,-1.1278076171875,-0.1715087890625,-29.785154342651367,-72.021484375,-9.09423828125
-0.06787109375,-1.2230224609375,0.0391845703125,-5.615233898162842,-108.33739471435547,-22.949216842651367
-0.1090087890625,-1.033447265625,0.0941162109375,13.000487327575684,-114.13573455810547,-17.9443359375
-0.166259765625,-0.7742919921875,-0.0577392578125,3.906249761581421,-82.39745330810547,3.967284917831421
-0.1895751953125,-0.74267578125,-0.2213134765625,-21.362302780151367,-45.959468841552734,17.822265625
-0.15576171875,-0.8927001953125,-0.225830078125,-30.700681686401367,-39.6728515625,8.11767578125
-0.1412353515625,-1.027099609375,-0.1236572265625,-15.319823265075684,-60.424800872802734,-15.380858421325684
-0.1856689453125,-1.068115234375,-0.0404052734375,1.3427733182907104,-78.67431640625,-25.146482467651367
-0.20068359375,-1.035888671875,-0.0059814453125,4.08935546875,-78.67431640625,-12.390135765075684
-0.1875,-1.0067138671875,-0.04736328125,-0.9765624403953552,-58.715816497802734,-0.1831054538488388
-0.2269287109375,-1.034912109375,-0.16748046875,-8.1787109375,-24.780271530151367,-0.8544921278953552
-0.2183837890625,-1.0745849609375,-0.078369140625,-9.94873046875,-19.1650390625,8.056640625
-0.0546875,-1.114990234375,0.1304931640625,-2.197265625,-35.09521484375,10.131834983825684
0.1014404296875,-1.111328125,0.2117919921875,2.197265625,-14.038084983825684,2.13623046875
-0.0604248046875,-1.1512451171875,0.12939453125,16.05224609375,12.695311546325684,-23.437498092651367
-0.0714111328125,-1.02783203125,0.1441650390625,21.972654342651367,11.352538108825684,-19.6533203125
-0.0721435546875,-0.8453369140625,0.1021728515625,19.53125,11.535643577575684,-5.187987804412842
-0.0599365234375,-0.857666015625,0.08349609375,9.94873046875,10.437010765075684,1.5869139432907104
-0.0789794921875,-0.978759765625,0.0888671875,2.685546636581421,14.648436546325684,0.0
-0.1099853515625,-1.026123046875,0.0965576171875,2.563476324081421,17.822265625,-3.479003667831421
-0.1357421875,-1.0010986328125,0.09619140625,2.807616949081421,14.465331077575684,-0.7934569716453552
-0.1297607421875,-0.988525390625,0.1129150390625,-0.54931640625,8.48388671875,7.141112804412842
-0.123046875,-1.00439453125,0.1258544921875,-3.356933355331421,4.638671875,13.183592796325684
-0.1689453125,-1.0528564453125,0.0870361328125,-5.432128429412842,2.50244140625,15.136717796325684
-0.1055908203125,-1.15478515625,0.1007080078125,-8.9111328125,-0.9765624403953552,17.27294921875
0.12841796875,-1.19775390625,0.194091796875,-7.629394054412842,-1.3427733182907104,16.17431640625
0.2210693359375,-1.02978515625,0.1153564453125,-2.50244140625,16.90673828125,9.521484375
0.0909423828125,-0.883056640625,-0.0843505859375,-3.601073980331421,45.104976654052734,2.563476324081421
-0.0177001953125,-1.01318359375,-0.0423583984375,-2.01416015625,46.203609466552734,-5.920409679412842
-0.0390625,-1.1094970703125,0.267333984375,27.893064498901367,27.770994186401367,-12.878417015075684
-0.026123046875,-0.814208984375,0.1605224609375,23.132322311401367,66.34521484375,5.920409679412842
0.0035400390625,-0.7152099609375,0.0179443359375,2.685546636581421,108.15428924560547,23.498533248901367
0.00146484375,-0.868408203125,-0.056396484375,-5.371093273162842,130.06591796875,13.732909202575684
-0.02490234375,-1.0250244140625,-0.018310546875,8.4228515625,132.8125,-11.047362327575684
-0.037353515625,-1.0428466796875,0.0772705078125,25.878904342651367,128.35693359375,-20.507810592651367
-0.038818359375,-1.005859375,0.1458740234375,34.36279296875,127.68553924560547,-10.986327171325684
-0.0096435546875,-1.025390625,0.16796875,36.07177734375,135.92529296875,-2.929687261581421
0.0550537109375,-1.085693359375,0.15283203125,33.14208984375,154.60205078125,-5.798339366912842
0.1602783203125,-1.0673828125,0.099365234375,27.709959030151367,174.01121520996094,-16.54052734375
0.2518310546875,-0.963623046875,0.0291748046875,20.751951217651367,185.42478942871094,-29.907224655151367
0.214599609375,-0.942626953125,0.043701171875,13.732909202575684,182.55613708496094,-40.161128997802734
0.074951171875,-1.0185546875,0.1788330078125,16.357421875,152.16064453125,-46.874996185302734
-0.04736328125,-0.9759521484375,0.375244140625,32.2265625,88.43993377685547,-33.935546875
0.0115966796875,-1.029052734375,0.3544921875,24.353025436401367,95.52001190185547,-17.02880859375
0.0518798828125,-1.1136474609375,0.2894287109375,16.4794921875,111.63329315185547,-10.375975608825684
0.020751953125,-1.0330810546875,0.1954345703125,15.075682640075684,118.77440643310547,-9.27734375
-0.0147705078125,-1.05517578125,0.345947265625,0.7324218153953552,90.63719940185547,-13.000487327575684
-0.020751953125,-1.0020751953125,0.304443359375,1.7700194120407104,91.00341033935547,-7.690429210662842
-0.033935546875,-0.9447021484375,0.2440185546875,-1.2817381620407104,88.68407440185547,-1.4038084745407104
-0.052490234375,-0.9412841796875,0.21533203125,-4.08935546875,83.12987518310547,-2.929687261581421
-0.0726318359375,-0.9564208984375,0.203125,-5.371093273162842,78.9794921875,-7.995604991912842
-0.0748291015625,-0.9632568359375,0.190185546875,-7.019042491912842,76.96533203125,-8.7890625
-0.0386962890625,-1.0045166015625,0.192626953125,-8.97216796875,73.1201171875,-5.737304210662842
-0.0159912109375,-1.05615234375,0.177978515625,-8.7890625,63.964839935302734,-2.807616949081421
-0.042236328125,-1.03857421875,0.1239013671875,-6.103515148162842,50.415035247802734,2.0751953125
-0.049072265625,-0.9888916015625,0.096923828125,-2.868652105331421,37.841796875,6.286620616912842
-0.0592041015625,-0.9986572265625,0.0716552734375,-2.563476324081421,36.68212890625,4.69970703125
-0.09716796875,-1.07275390625,-0.0020751953125,-5.798339366912842,49.621578216552734,-0.4272460639476776
-0.097412109375,-1.098876953125,-0.04296875,-7.812499523162842,59.448238372802734,-2.868652105331421
-0.0814208984375,-1.031005859375,-0.0042724609375,-6.164550304412842,51.757808685302734,2.38037109375
-0.101318359375,-0.9327392578125,0.0577392578125,-3.417968511581421,38.0859375,9.46044921875
-0.1224365234375,-0.894287109375,0.1011962890625,-2.624511480331421,37.53662109375,10.620116233825684
-0.1051025390625,-0.9510498046875,0.1064453125,-3.723144292831421,52.001949310302734,6.225585460662842
-0.0823974609375,-1.029541015625,0.056640625,-3.356933355331421,70.00732421875,0.7934569716453552
-0.084716796875,-1.05029296875,-0.0216064453125,-0.7324218153953552,80.13916015625,-2.3193359375
-0.1326904296875,-0.9715576171875,-0.07080078125,1.8310545682907104,66.40625,-0.4272460639476776
-0.150634765625,-0.95751953125,-0.0394287109375,1.0986328125,54.748531341552734,1.4038084745407104
-0.1568603515625,-0.9749755859375,-0.025146484375,-0.4882812201976776,48.278804779052734,1.7700194120407104
-0.1519775390625,-0.989013671875,-0.0277099609375,-2.01416015625,44.799800872802734,3.051757574081421
-0.1500244140625,-0.981689453125,-0.0267333984375,-1.0986328125,38.87939453125,4.2724609375
-0.16650390625,-0.9678955078125,-0.020263671875,2.0751953125,29.846189498901367,3.784179449081421
-0.18701171875,-0.96337890625,-0.012939453125,5.065917491912842,22.460935592651367,2.563476324081421
-0.200927734375,-0.9674072265625,-0.0130615234375,6.530761241912842,19.04296875,1.7700194120407104
-0.21533203125,-0.9637451171875,-0.02294921875,7.385253429412842,17.39501953125,1.8310545682907104
-0.2308349609375,-0.9532470703125,-0.0323486328125,8.60595703125,14.221190452575684,2.3193359375
-0.24853515625,-0.9571533203125,-0.02978515625,9.8876953125,8.1787109375,2.25830078125
-0.263916015625,-0.9666748046875,-0.0147705078125,10.559081077575684,1.8310545682907104,2.197265625
-0.2708740234375,-0.96875,-0.017822265625,6.958007335662842,1.5869139432907104,3.723144292831421
-0.2730712890625,-1.0164794921875,-0.0426025390625,2.44140625,6.286620616912842,3.173827886581421
-0.2364501953125,-1.1103515625,-0.029541015625,-0.7324218153953552,5.676269054412842,0.9155272841453552
-0.16748046875,-1.178466796875,0.0145263671875,0.6713866591453552,-0.0610351525247097,-3.967284917831421
-0.123046875,-1.1358642578125,0.028076171875,2.25830078125,-0.1831054538488388,-7.446288585662842
-0.0977783203125,-0.9749755859375,0.00146484375,-2.01416015625,4.82177734375,-1.9531248807907104
-0.0565185546875,-0.821044921875,0.0107421875,-11.230467796325684,4.57763671875,11.108397483825684
-0.010986328125,-0.82763671875,0.116943359375,-16.9677734375,-2.685546636581421,18.06640625
-0.0225830078125,-0.9981689453125,0.21875,-10.253905296325684,-9.09423828125,5.981444835662842
-0.0692138671875,-1.1668701171875,0.203857421875,3.784179449081421,-4.57763671875,-17.08984375
-0.0811767578125,-1.1539306640625,0.0943603515625,9.09423828125,12.023924827575684,-24.291990280151367
-0.074462890625,-0.9866943359375,-0.0211181640625,2.929687261581421,22.277830123901367,-10.986327171325684
-0.0970458984375,-0.8546142578125,-0.0584716796875,-2.807616949081421,8.11767578125,-0.4882812201976776
-0.1407470703125,-0.87744140625,0.0035400390625,-3.173827886581421,-20.385740280151367,-1.8310545682907104
-0.1580810546875,-0.976806640625,0.10791015625,-1.4648436307907104,-40.344234466552734,-4.7607421875
-0.155029296875,-1.01904296875,0.1591796875,-0.6103515625,-41.870113372802734,-2.685546636581421
-0.1514892578125,-0.9931640625,0.119384765625,-2.44140625,-34.36279296875,2.44140625
-0.14794921875,-0.97119140625,0.0389404296875,-6.713866710662842,-29.663084030151367,4.82177734375
-0.1448974609375,-0.9906005859375,-0.01318359375,-10.681151390075684,-31.188962936401367,1.6479490995407104
-0.1373291015625,-1.02734375,0.0152587890625,-12.573241233825684,-39.36767578125,-1.0986328125
-0.1507568359375,-1.0478515625,0.1124267578125,-10.314940452575684,-56.091304779052734,3.234863042831421
-0.1876220703125,-1.034912109375,0.1844482421875,-3.601073980331421,-77.20947265625,11.596678733825684
-0.1981201171875,-1.016845703125,0.186279296875,1.03759765625,-87.03612518310547,18.4326171875
-0.0206298828125,-1.0986328125,-0.0302734375,-4.08935546875,-37.78076171875,-3.356933355331421
0.01123046875,-0.915771484375,-0.0799560546875,-2.13623046875,-33.87451171875,-2.807616949081421
-0.0126953125,-0.7967529296875,-0.08544921875,-2.868652105331421,-35.58349609375,-3.540038824081421
-0.094482421875,-0.838134765625,-0.1075439453125,-7.019042491912842,-33.8134765625,-11.474608421325684
-0.086181640625,-0.9813232421875,0.003173828125,-1.8310545682907104,-52.062984466552734,1.6479490995407104
-0.0867919921875,-0.7918701171875,-0.020751953125,-5.920409679412842,-31.982419967651367,5.493163585662842
-0.1192626953125,-0.79638671875,-0.0599365234375,-13.488768577575684,-11.535643577575684,-2.38037109375
-0.1395263671875,-0.960693359375,-0.0859375,-18.6767578125,0.0610351525247097,-14.343260765075684
-0.11767578125,-1.099609375,-0.082275390625,-16.2353515625,-2.01416015625,-21.911619186401367
-0.113037109375,-1.094482421875,-0.0740966796875,-6.713866710662842,-14.648436546325684,-21.667478561401367
-0.1400146484375,-0.9957275390625,-0.0535888671875,3.845214605331421,-30.639646530151367,-14.770506858825684
-0.187744140625,-0.9996337890625,-0.0213623046875,13.916014671325684,-4.39453125,8.1787109375
-0.215576171875,-1.014404296875,-0.0628662109375,14.892577171325684,2.3193359375,11.169432640075684
-0.245849609375,-1.0294189453125,-0.08154296875,13.671874046325684,4.5166015625,15.747069358825684
-0.224365234375,-1.0299072265625,-0.0467529296875,11.840819358825684,1.15966796875,22.094724655151367
-0.1103515625,-1.076904296875,0.041748046875,11.108397483825684,-4.33349609375,21.301267623901367
0.0018310546875,-1.180419921875,0.1080322265625,12.207030296325684,-1.15966796875,6.408690929412842
0.0472412109375,-1.1778564453125,0.0975341796875,14.465331077575684,10.192870140075684,-11.230467796325684
0.0380859375,-0.967529296875,0.05322265625,14.892577171325684,12.634276390075684,-13.427733421325684
0.0184326171875,-0.77392578125,0.06640625,7.934569835662842,-3.051757574081421,-0.8544921278953552
-0.025634765625,-1.1268310546875,0.2069091796875,10.375975608825684,-26.672361373901367,-24.353025436401367
-0.01416015625,-1.0335693359375,0.183837890625,12.573241233825684,-27.832029342651367,-15.991209983825684
-0.0133056640625,-0.8907470703125,0.15771484375,8.11767578125,-40.0390625,-0.9765624403953552
-0.0364990234375,-0.866455078125,0.18408203125,1.2817381620407104,-54.260250091552734,6.164550304412842
-0.0472412109375,-0.966064453125,0.2779541015625,-4.150390625,-59.204097747802734,5.432128429412842
-0.034912109375,-1.0338134765625,0.367431640625,-1.5258787870407104,-52.368160247802734,-0.3662109076976776
-0.03759765625,-1.0020751953125,0.3560791015625,4.82177734375,-35.21728515625,-6.591796398162842
-0.0458984375,-0.9415283203125,0.2423095703125,1.0986328125,-11.230467796325684,-4.33349609375
-0.037841796875,-0.927490234375,0.1116943359375,-12.023924827575684,7.385253429412842,4.69970703125
-0.048828125,-0.9688720703125,0.0478515625,-19.6533203125,7.446288585662842,8.23974609375
-0.0885009765625,-1.0101318359375,0.07958984375,-15.747069358825684,-9.521484375,4.69970703125
-0.120849609375,-1.02294921875,0.1513671875,-7.995604991912842,-28.808591842651367,0.8544921278953552
-0.1397705078125,-1.0167236328125,0.1776123046875,-6.591796398162842,-37.2314453125,2.0751953125
-0.155029296875,-1.0,0.149658203125,-12.573241233825684,-39.55078125,9.033203125
-0.16162109375,-0.9798583984375,0.138671875,-15.808104515075684,-50.781246185302734,14.282225608825684
-0.140380859375,-1.0213623046875,0.2105712890625,-11.596678733825684,-67.2607421875,12.084959983825684
-0.058349609375,-1.16796875,0.3310546875,-6.530761241912842,-67.3828125,4.08935546875
0.0792236328125,-1.219482421875,0.347900390625,-4.5166015625,-40.0390625,-3.112792730331421
0.169189453125,-0.978271484375,0.17529296875,-5.126952648162842,2.990722417831421,-0.1831054538488388
0.091064453125,-0.6597900390625,-0.08203125,-8.85009765625,36.31591796875,8.23974609375
-0.0279541015625,-0.7181396484375,-0.18359375,-13.671874046325684,41.931148529052734,2.197265625
0.0123291015625,-1.155517578125,-0.0347900390625,-12.634276390075684,24.536130905151367,-19.10400390625
0.0618896484375,-1.403564453125,0.096923828125,-1.220703125,8.60595703125,-26.672361373901367
-0.0570068359375,-0.7401123046875,-0.0440673828125,-3.784179449081421,14.099120140075684,16.4794921875
-0.0599365234375,-0.86572265625,0.064697265625,-14.770506858825684,15.624999046325684,5.432128429412842
-0.0416259765625,-0.9775390625,0.158203125,-11.901854515075684,14.709471702575684,-6.286620616912842
-0.041259765625,-0.994384765625,0.1422119140625,-5.126952648162842,28.442380905151367,-12.573241233825684
-0.0555419921875,-0.9866943359375,0.0546875,-3.662109136581421,52.307125091552734,-16.7236328125
-0.0819091796875,-0.99755859375,-0.0321044921875,-7.080077648162842,66.34521484375,-18.49365234375
-0.101806640625,-1.0106201171875,-0.0814208984375,-10.131834983825684,63.476558685302734,-15.747069358825684
-0.1307373046875,-1.022216796875,-0.1160888671875,-12.512206077575684,58.654781341552734,-13.122557640075684
-0.197265625,-1.0283203125,-0.1502685546875,-15.747069358825684,62.927242279052734,-10.925292015075684
-0.1634521484375,-1.0260009765625,-0.0870361328125,-14.953612327575684,58.288570404052734,-6.469726085662842
0.040283203125,-1.0640869140625,0.0726318359375,-12.390135765075684,46.203609466552734,-6.774901866912842
0.237060546875,-1.1966552734375,0.16650390625,-18.310546875,62.316890716552734,-16.54052734375
0.349365234375,-1.268310546875,0.161865234375,-27.832029342651367,101.50145721435547,-27.404783248901367
0.335205078125,-1.038818359375,0.084228515625,-24.780271530151367,122.25341033935547,-26.550291061401367
0.224853515625,-0.7059326171875,-0.005859375,-12.878417015075684,110.04637908935547,-12.756346702575684
0.23486328125,-0.6556396484375,0.0245361328125,-6.652831554412842,85.63231658935547,-6.835937023162842
0.33251953125,-0.928955078125,0.1414794921875,-5.310058116912842,79.40673828125,-18.06640625
0.3631591796875,-1.2130126953125,0.19873046875,-1.4648436307907104,91.91893768310547,-28.869626998901367
0.3189697265625,-1.1773681640625,0.111572265625,4.82177734375,102.78319549560547,-22.827146530151367
0.264404296875,-0.909423828125,-0.0296630859375,3.784179449081421,104.43114471435547,-0.1220703050494194
0.2579345703125,-0.7769775390625,-0.0548095703125,-5.981444835662842,97.59520721435547,20.141599655151367
0.289794921875,-0.911865234375,0.0665283203125,-12.023924827575684,86.54784393310547,23.132322311401367
0.346923828125,-0.9423828125,0.020263671875,3.662109136581421,141.41845703125,7.690429210662842
0.313232421875,-0.9923095703125,0.0250244140625,1.6479490995407104,141.05224609375,3.601073980331421
0.298095703125,-1.02001953125,0.1031494140625,6.103515148162842,122.92479705810547,4.7607421875
0.2882080078125,-1.0050048828125,0.1845703125,11.840819358825684,103.82079315185547,13.122557640075684
0.2342529296875,-0.990234375,0.2381591796875,16.78466796875,94.54344940185547,22.583005905151367
0.0789794921875,-1.0037841796875,0.2371826171875,23.193357467651367,96.37450408935547,25.024412155151367
-0.1060791015625,-1.0372314453125,0.221435546875,19.1650390625,126.34276580810547,12.390135765075684
-0.080078125,-1.05224609375,0.1885986328125,15.686034202575684,129.45556640625,1.4038084745407104
-0.103271484375,-1.1263427734375,0.0911865234375,8.23974609375,140.625,-13.793944358825684
-0.084228515625,-1.0499267578125,0.0450439453125,3.662109136581421,149.59716796875,-19.95849609375
-0.0855712890625,-0.880126953125,0.0548095703125,5.371093273162842,139.58740234375,-20.263669967651367
-0.132080078125,-0.812744140625,0.060791015625,2.868652105331421,118.59130096435547,-20.080564498901367
-0.1539306640625,-0.83642578125,0.052490234375,-5.554198741912842,105.10253143310547,-16.05224609375
-0.1502685546875,-0.8819580078125,0.0347900390625,-11.779784202575684,99.91454315185547,-10.803221702575684
-0.175048828125,-0.907958984375,0.05224609375,-7.385253429412842,74.8291015625,-3.845214605331421
-0.1619873046875,-0.9039306640625,0.12109375,1.15966796875,57.312007904052734,-0.0610351525247097
-0.170166015625,-0.981689453125,0.1802978515625,10.131834983825684,47.607418060302734,2.868652105331421
-0.06494140625,-1.07373046875,0.2586669921875,18.61572265625,41.992183685302734,9.46044921875
0.1536865234375,-1.1331787109375,0.300048828125,26.184080123901367,43.945308685302734,9.1552734375
0.1749267578125,-1.20361328125,-0.302001953125,1.03759765625,98.99901580810547,-36.19384765625
0.001708984375,-1.1593017578125,-0.471435546875,-19.6533203125,72.1435546875,-33.447265625
0.0068359375,-1.0185546875,-0.1568603515625,-16.05224609375,-21.423337936401367,-18.00537109375
0.0374755859375,-0.802978515625,0.2347412109375,2.50244140625,-98.63280487060547,-9.09423828125
0.2799072265625,-1.0926513671875,-0.063232421875,-20.935056686401367,-115.05126190185547,-13.366698265075684
0.2862548828125,-1.00927734375,0.1070556640625,-15.441893577575684,-160.0341796875,-7.568358898162842
0.125732421875,-0.9351806640625,0.1575927734375,-11.718749046325684,-171.20359802246094,-10.070799827575684
-0.0916748046875,-0.968505859375,0.024169921875,-13.427733421325684,-148.681640625,-17.15087890625
-0.13330078125,-1.0374755859375,-0.133056640625,-21.972654342651367,-110.10741424560547,-14.160155296325684
-0.0301513671875,-1.052490234375,-0.171875,-24.169919967651367,-79.52880859375,-10.253905296325684
0.02490234375,-1.0091552734375,-0.1463623046875,-12.756346702575684,-65.185546875,-18.73779296875
-0.02880859375,-0.9620361328125,-0.146728515625,-0.6103515625,-59.082027435302734,-25.146482467651367
-0.0189208984375,-0.983642578125,-0.231689453125,21.972654342651367,-68.42041015625,1.8310545682907104
-0.0396728515625,-1.0096435546875,-0.16845703125,19.1650390625,-92.34618377685547,2.01416015625
-0.0927734375,-1.0548095703125,-0.06396484375,21.362302780151367,-101.19628143310547,4.638671875
-0.0849609375,-1.0443115234375,-0.0101318359375,19.71435546875,-95.03173065185547,14.648436546325684
0.043701171875,-1.0853271484375,-0.0029296875,12.390135765075684,-71.96044921875,16.6015625
0.2728271484375,-1.153564453125,0.0029296875,3.479003667831421,-39.36767578125,-4.57763671875
0.3846435546875,-1.03125,0.0047607421875,-4.57763671875,-14.648436546325684,-25.085447311401367
0.298583984375,-0.820068359375,0.019287109375,-11.474608421325684,-16.29638671875,-22.949216842651367
0.256591796875,-0.8570556640625,0.101806640625,-9.8876953125,-39.4287109375,-30.944822311401367
0.3072509765625,-0.8831787109375,0.026611328125,5.615233898162842,-94.97069549560547,-53.039546966552734
0.334716796875,-0.9114990234375,0.045166015625,-12.390135765075684,-96.06932830810547,-46.447750091552734
0.4090576171875,-0.9127197265625,0.0125732421875,-26.550291061401367,-93.26171112060547,-51.696773529052734
0.44677734375,-0.817138671875,-0.0643310546875,-33.02001953125,-91.12548065185547,-55.847164154052734
0.5196533203125,-0.9818115234375,-0.22314453125,-44.433589935302734,-78.369140625,-13.366698265075684
0.5975341796875,-0.9124755859375,-0.427490234375,-50.842281341552734,1.7700194120407104,-37.9638671875
0.5484619140625,-0.8197021484375,-0.597900390625,-60.302730560302734,64.39208984375,-56.579586029052734
0.5267333984375,-0.8121337890625,-0.543212890625,-63.293453216552734,61.340328216552734,-51.452632904052734
0.61083984375,-0.805908203125,-0.37451171875,-51.757808685302734,26.367185592651367,-39.24560546875
0.6849365234375,-0.754150390625,-0.3216552734375,-36.1328125,20.324705123901367,-27.893064498901367
0.732177734375,-0.70849609375,-0.3720703125,-28.137205123901367,46.569820404052734,-8.97216796875
0.765869140625,-0.690673828125,-0.4112548828125,-23.681638717651367,73.73046875,8.9111328125
0.753662109375,-0.6849365234375,-0.39990234375,-19.287109375,85.32714080810547,17.51708984375
0.7186279296875,-0.6893310546875,-0.3438720703125,-15.991209983825684,81.84813690185547,25.634763717651367
0.69384765625,-0.697509765625,-0.2861328125,-12.207030296325684,73.05908203125,38.9404296875
0.687744140625,-0.70263671875,-0.249267578125,-7.446288585662842,68.2373046875,54.016109466552734
0.7056884765625,-0.7054443359375,-0.2135009765625,-3.234863042831421,67.56591796875,64.94140625
0.7056884765625,-0.7098388671875,-0.184814453125,-0.6713866591453552,69.76318359375,68.4814453125
0.636962890625,-0.716796875,-0.16943359375,0.8544921278953552,75.3173828125,66.650390625
0.54052734375,-0.7076416015625,-0.1416015625,2.685546636581421,80.93260955810547,64.94140625
0.4998779296875,-0.708740234375,-0.1007080078125,1.220703125,85.57128143310547,63.781734466552734
0.5068359375,-0.804443359375,-0.0638427734375,-6.835937023162842,91.91893768310547,54.931636810302734
0.5238037109375,-0.95556640625,-0.0010986328125,-14.892577171325684,92.10204315185547,38.14697265625
0.495361328125,-1.0234375,0.05078125,-17.2119140625,81.90917205810547,24.353025436401367
0.382080078125,-0.989013671875,0.009033203125,-21.789548873901367,72.021484375,21.301267623901367
0.1749267578125,-0.8624267578125,-0.1256103515625,-38.02490234375,52.490230560302734,29.846189498901367
0.1680908203125,-0.833251953125,-0.10888671875,-36.43798828125,41.931148529052734,17.333984375
0.1920166015625,-0.892822265625,-0.0618896484375,-36.80419921875,38.9404296875,-5.371093273162842
0.2159423828125,-1.015380859375,0.0059814453125,-39.0625,38.9404296875,-24.719236373901367
0.22021484375,-1.042236328125,0.097412109375,-20.202634811401367,47.790523529052734,-13.244627952575684
0.4903564453125,-1.05517578125,0.0858154296875,-3.479003667831421,51.696773529052734,5.798339366912842
0.53369140625,-1.02392578125,0.0343017578125,2.13623046875,68.54248046875,12.207030296325684
0.611083984375,-0.9915771484375,-0.0076904296875,6.347655773162842,80.078125,17.02880859375
0.596435546875,-1.054931640625,-0.067138671875,0.7934569716453552,80.62743377685547,21.606443405151367
0.4378662109375,-1.06298828125,-0.1561279296875,-5.371093273162842,63.842769622802734,34.1796875
0.2962646484375,-0.920166015625,-0.160888671875,2.01416015625,26.611326217651367,50.048824310302734
0.23876953125,-0.7879638671875,-0.062255859375,16.41845703125,-9.521484375,56.762691497802734
0.2130126953125,-0.79736328125,0.0465087890625,24.780271530151367,-22.399900436401367,51.757808685302734
0.1898193359375,-0.883544921875,0.1031494140625,25.329587936401367,-15.258788108825684,41.931148529052734
0.14697265625,-0.95263671875,0.0921630859375,19.10400390625,3.234863042831421,38.0859375
0.0924072265625,-0.9459228515625,0.0576171875,11.108397483825684,21.118162155151367,41.931148529052734
0.03466796875,-0.8900146484375,0.05029296875,6.713866710662842,28.503416061401367,44.311519622802734
-0.0198974609375,-0.89892578125,0.0657958984375,0.4882812201976776,29.541013717651367,43.701168060302734
-0.053466796875,-0.9833984375,0.0509033203125,-8.48388671875,30.883787155151367,44.677730560302734
-0.0814208984375,-1.0611572265625,-0.018310546875,-12.207030296325684,34.11865234375,46.508785247802734
-0.128662109375,-1.121826171875,-0.0682373046875,-8.1787109375,31.494138717651367,47.180171966552734
-0.0416259765625,-1.1767578125,0.0311279296875,-0.0610351525247097,12.268065452575684,52.856441497802734
0.23193359375,-1.2174072265625,0.2509765625,5.554198741912842,-3.051757574081421,55.175777435302734
0.3868408203125,-1.1729736328125,0.309326171875,6.469726085662842,13.793944358825684,35.94970703125
0.2366943359375,-1.025146484375,0.0489501953125,6.896972179412842,41.442867279052734,6.408690929412842
-0.003662109375,-0.7904052734375,0.10595703125,5.554198741912842,-70.61767578125,-6.469726085662842
-0.0557861328125,-0.9444580078125,0.1981201171875,9.58251953125,-83.61815643310547,-12.878417015075684
-0.1263427734375,-0.970947265625,0.256103515625,2.990722417831421,-68.4814453125,24.230955123901367
0.04833984375,-0.9560546875,-0.1256103515625,2.3193359375,-15.136717796325684,-8.23974609375
-0.022216796875,-1.0574951171875,0.2332763671875,21.484373092651367,-60.913082122802734,11.596678733825684
-0.0638427734375,-1.0252685546875,0.443359375,26.428220748901367,-63.903804779052734,31.188962936401367
-0.0621337890625,-0.7314453125,0.3123779296875,16.17431640625,-28.137205123901367,37.17041015625
-0.08837890625,-0.5780029296875,0.0328369140625,-11.047362327575684,18.61572265625,24.902341842651367
-0.1380615234375,-0.752685546875,-0.0927734375,-37.41455078125,48.156734466552734,8.544921875
-0.1405029296875,-1.0186767578125,0.0218505859375,-32.89794921875,41.809078216552734,-8.11767578125
-0.1585693359375,-1.130859375,0.1826171875,-7.568358898162842,20.751951217651367,-17.2119140625
-0.1595458984375,-1.068359375,0.2252197265625,6.835937023162842,19.1650390625,-4.5166015625
-0.1495361328125,-1.0596923828125,0.1278076171875,1.3427733182907104,47.363277435302734,9.765625
-0.125732421875,-1.2030029296875,0.0653076171875,-7.690429210662842,79.04052734375,8.30078125
0.0311279296875,-1.2733154296875,0.200439453125,-1.220703125,80.93260955810547,5.310058116912842
0.2083740234375,-1.1220703125,0.3494873046875,13.732909202575684,73.3642578125,2.13623046875
0.209228515625,-0.8875732421875,0.3048095703125,14.038084983825684,87.15819549560547,0.1220703050494194
0.0767822265625,-0.831298828125,0.1036376953125,1.5258787870407104,101.62352752685547,-2.929687261581421
-0.009521484375,-0.918701171875,-0.05712890625,-7.751464366912842,98.14452362060547,-19.775390625
-0.037109375,-0.9107666015625,-0.072021484375,-10.009765625,85.02196502685547,-34.60693359375
-0.07861328125,-0.8463134765625,0.005859375,-4.69970703125,61.645503997802734,-32.5927734375
-0.122314453125,-0.895751953125,0.1114501953125,5.920409679412842,25.756834030151367,-26.733396530151367
-0.1492919921875,-1.014892578125,0.179443359375,13.183592796325684,-15.747069358825684,-16.6015625
-0.1610107421875,-1.0115966796875,0.1925048828125,12.084959983825684,-47.302242279052734,4.57763671875
-0.1444091796875,-0.906005859375,0.2059326171875,5.554198741912842,-55.480953216552734,23.010251998901367
-0.13623046875,-0.9189453125,0.2301025390625,-2.3193359375,-41.992183685302734,28.015134811401367
-0.163330078125,-1.084716796875,0.2275390625,-7.202147960662842,-22.094724655151367,25.390623092651367
-0.0908203125,-1.238037109375,0.2130126953125,-5.371093273162842,-9.6435546875,22.155759811401367
0.1326904296875,-1.205810546875,0.2030029296875,-1.7700194120407104,1.9531248807907104,16.845703125
0.2435302734375,-1.0113525390625,0.10009765625,-2.563476324081421,19.6533203125,7.263183116912842
0.09130859375,-0.950439453125,-0.0631103515625,-1.4038084745407104,26.428220748901367,-7.995604991912842
-0.0869140625,-1.2947998046875,0.182373046875,22.338865280151367,-20.812986373901367,-19.4091796875
-0.0560302734375,-0.9783935546875,0.2750244140625,33.99658203125,-28.625486373901367,2.746581792831421
-0.0963134765625,-0.6409912109375,0.227783203125,28.747556686401367,-14.160155296325684,17.88330078125
-0.1363525390625,-0.6693115234375,0.1861572265625,7.629394054412842,5.065917491912842,14.953612327575684
-0.1383056640625,-0.8798828125,0.203125,-5.554198741912842,22.644041061401367,4.45556640625
-0.146484375,-0.9910888671875,0.2060546875,-2.01416015625,38.75732421875,-5.493163585662842
-0.193603515625,-1.0096435546875,0.119384765625,4.69970703125,45.410152435302734,-10.864256858825684
-0.2464599609375,-1.0177001953125,0.0115966796875,4.57763671875,36.80419921875,-3.967284917831421
-0.2608642578125,-0.982421875,-0.0250244140625,1.7700194120407104,21.301267623901367,13.610838890075684
-0.2391357421875,-0.96923828125,0.0057373046875,0.4882812201976776,10.314940452575684,21.240232467651367
-0.1246337890625,-1.1146240234375,0.1041259765625,-1.7089842557907104,5.187987804412842,7.690429210662842
0.0693359375,-1.2286376953125,0.206298828125,-3.295898199081421,9.33837890625,-11.962889671325684
0.1805419921875,-1.10107421875,0.2314453125,-2.50244140625,18.98193359375,-15.075682640075684
0.1553955078125,-0.97314453125,0.233642578125,-2.868652105331421,15.136717796325684,-3.417968511581421
0.0399169921875,-1.0440673828125,0.203125,-2.25830078125,-0.4272460639476776,0.7324218153953552
-0.0595703125,-0.7353515625,0.049560546875,-15.441893577575684,-13.916014671325684,-11.596678733825684
-0.1796875,-1.0482177734375,0.3026123046875,13.977049827575684,-73.6083984375,-9.58251953125
-0.203369140625,-0.9334716796875,0.304443359375,22.827146530151367,-80.93260955810547,6.652831554412842
-0.1595458984375,-0.9014892578125,0.25048828125,8.056640625,-63.537593841552734,17.76123046875
-0.1358642578125,-1.006591796875,0.2098388671875,-12.878417015075684,-33.26416015625,19.1650390625
-0.1275634765625,-1.1485595703125,0.1895751953125,-17.822265625,-13.732909202575684,14.221190452575684
0.0714111328125,-1.277587890625,0.2081298828125,-7.812499523162842,-13.549803733825684,3.601073980331421
0.3138427734375,-1.305908203125,0.1669921875,-1.5869139432907104,-3.417968511581421,-11.413573265075684
0.243896484375,-1.08447265625,-0.1212158203125,-3.417968511581421,19.04296875,-18.310546875
0.0150146484375,-0.8385009765625,-0.3302001953125,-1.7089842557907104,6.469726085662842,-8.60595703125
-0.05712890625,-0.8790283203125,-0.07666015625,6.652831554412842,-51.086421966552734,5.615233898162842
-0.0296630859375,-1.108154296875,0.335205078125,13.000487327575684,-94.97069549560547,9.8876953125
-0.0933837890625,-0.928955078125,0.292236328125,19.287109375,-62.194820404052734,12.573241233825684
-0.1094970703125,-0.7802734375,0.100341796875,10.070799827575684,-31.005857467651367,28.442380905151367
-0.0921630859375,-0.8218994140625,0.0364990234375,-3.234863042831421,-7.812499523162842,34.3017578125
-0.154296875,-0.93310546875,0.0269775390625,-4.82177734375,2.685546636581421,16.90673828125
-0.24658203125,-1.033447265625,0.003173828125,-1.8920897245407104,-5.126952648162842,-2.685546636581421
-0.285400390625,-1.0694580078125,-0.029541015625,-4.39453125,-22.521970748901367,1.3427733182907104
-0.2584228515625,-1.0084228515625,-0.0419921875,-9.6435546875,-29.663084030151367,21.362302780151367
-0.1436767578125,-1.0062255859375,-0.0113525390625,-14.770506858825684,-29.052732467651367,32.89794921875
0.0567626953125,-1.1761474609375,0.06689453125,-19.95849609375,-24.902341842651367,18.98193359375
0.2503662109375,-1.266845703125,0.1356201171875,-21.423337936401367,-14.404295921325684,-6.103515148162842
0.2398681640625,-1.1031494140625,0.13134765625,-17.333984375,-17.2119140625,-7.019042491912842
0.0550537109375,-0.961181640625,0.0654296875,-13.793944358825684,-49.621578216552734,9.70458984375
-0.0555419921875,-0.9521484375,0.015380859375,-17.2119140625,-79.52880859375,16.357421875
-0.0240478515625,-0.9136962890625,0.02734375,-30.944822311401367,-68.9697265625,16.2353515625
0.0108642578125,-0.8482666015625,0.0592041015625,-43.579097747802734,-43.945308685302734,9.765625
-0.0526123046875,-0.875732421875,0.061279296875,-37.65869140625,-49.621578216552734,-8.1787109375
-0.124755859375,-0.9971923828125,0.0787353515625,-15.808104515075684,-77.1484375,-23.620603561401367
-0.203369140625,-1.2509765625,-0.055419921875,-3.784179449081421,-50.964351654052734,17.08984375
0.072509765625,-1.2515869140625,-0.0621337890625,-15.869139671325684,-39.794921875,11.352538108825684
0.326416015625,-1.100341796875,-0.049072265625,-20.446775436401367,-31.372068405151367,0.1831054538488388
0.239990234375,-0.8292236328125,-0.199951171875,-5.615233898162842,-45.715328216552734,-12.878417015075684
-0.1109619140625,-0.93310546875,0.302490234375,20.568845748901367,-112.54882049560547,31.127927780151367
-0.15625,-0.6156005859375,0.1021728515625,1.4648436307907104,-60.424800872802734,44.921871185302734
-0.2032470703125,-0.64404296875,-0.0286865234375,-22.338865280151367,-26.794431686401367,39.85595703125
-0.2296142578125,-0.9205322265625,-0.013427734375,-25.939939498901367,-18.98193359375,13.366698265075684
-0.2493896484375,-1.1424560546875,0.075439453125,-14.038084983825684,-18.73779296875,-9.521484375
-0.2532958984375,-1.1309814453125,0.0950927734375,-3.845214605331421,-16.9677734375,-5.065917491912842
0.0748291015625,-1.1790771484375,0.176513671875,-2.25830078125,2.38037109375,3.173827886581421
0.13427734375,-0.9296875,0.1890869140625,-2.25830078125,14.465331077575684,5.432128429412842
0.0184326171875,-0.776123046875,0.12548828125,-5.432128429412842,27.282712936401367,5.676269054412842
-0.1134033203125,-0.9481201171875,0.079833984375,-6.896972179412842,25.024412155151367,-4.82177734375
-0.0902099609375,-1.083984375,0.0926513671875,-3.540038824081421,18.310546875,-17.578125
-0.0611572265625,-0.94140625,0.07666015625,0.4882812201976776,23.437498092651367,-19.6533203125
-0.07763671875,-0.792724609375,0.0355224609375,-2.01416015625,25.207517623901367,-18.49365234375
-0.1356201171875,-1.0240478515625,0.16259765625,-2.38037109375,-36.865234375,23.864744186401367
-0.18798828125,-1.1717529296875,0.1065673828125,-7.385253429412842,-33.63037109375,27.893064498901367
-0.1328125,-1.283935546875,0.0262451171875,-2.685546636581421,-37.90283203125,12.634276390075684
0.0970458984375,-1.2318115234375,0.0042724609375,0.4272460639476776,-31.799314498901367,-5.310058116912842
0.2349853515625,-1.005615234375,-0.0301513671875,-6.591796398162842,-11.474608421325684,-8.48388671875
0.117919921875,-0.8297119140625,-0.1260986328125,-14.404295921325684,-5.310058116912842,1.3427733182907104
-0.05322265625,-0.9415283203125,-0.070068359375,-8.1787109375,-32.71484375,7.202147960662842
-0.1075439453125,-1.1572265625,0.1446533203125,15.441893577575684,-74.8291015625,4.33349609375
-0.0928955078125,-1.0863037109375,0.25390625,37.17041015625,-87.03612518310547,6.042479991912842
-0.121826171875,-0.7796630859375,0.172119140625,32.65380859375,-58.349605560302734,22.644041061401367
-0.185546875,-0.65478515625,0.029052734375,5.187987804412842,-23.376462936401367,37.841796875
-0.21240234375,-0.82373046875,-0.0306396484375,-17.333984375,-6.286620616912842,28.442380905151367
-0.219482421875,-1.0211181640625,0.0142822265625,-17.7001953125,-4.638671875,5.310058116912842
-0.2470703125,-1.044189453125,0.058837890625,-8.544921875,-9.58251953125,-1.5258787870407104
-0.25,-0.9676513671875,0.0560302734375,-5.981444835662842,-13.305663108825684,10.681151390075684
-0.239501953125,-1.001220703125,0.029052734375,-7.934569835662842,-7.812499523162842,16.17431640625
-0.210693359375,-1.2467041015625,0.0477294921875,-7.324218273162842,-2.25830078125,7.263183116912842
0.1036376953125,-0.7144775390625,0.08056640625,0.9765624403953552,6.042479991912842,16.78466796875
-0.06640625,-0.6826171875,-0.0491943359375,-9.521484375,8.1787109375,11.108397483825684
-0.164306640625,-1.116943359375,-0.0914306640625,-23.925779342651367,-1.4038084745407104,-7.751464366912842
-0.0838623046875,-1.314208984375,-0.000732421875,-26.916501998901367,-10.131834983825684,-14.648436546325684
-0.057373046875,-0.9913330078125,0.0433349609375,-14.526366233825684,-25.573728561401367,-0.1831054538488388
-0.10986328125,-0.7032470703125,0.0262451171875,-3.906249761581421,-58.471675872802734,10.253905296325684
-0.153076171875,-0.8173828125,0.067138671875,-10.009765625,-82.03124237060547,6.530761241912842
-0.1844482421875,-1.03125,0.139892578125,-16.05224609375,-83.67919158935547,0.1831054538488388
-0.2015380859375,-1.029052734375,0.1221923828125,-9.46044921875,-82.82469940185547,1.8920897245407104
-0.174072265625,-0.9385986328125,0.0457763671875,-8.36181640625,-86.48680877685547,15.930174827575684
-0.1236572265625,-0.9796142578125,0.0457763671875,-19.71435546875,-91.67479705810547,26.916501998901367
-0.138916015625,-1.077392578125,0.0882568359375,-23.559568405151367,-103.33251190185547,21.972654342651367
-0.178466796875,-1.0709228515625,0.09619140625,-13.671874046325684,-120.30028533935547,12.329100608825684
-0.1129150390625,-1.0277099609375,0.09619140625,-8.544921875,-129.45556640625,8.11767578125
0.0086669921875,-1.0869140625,0.069091796875,-15.686034202575684,-121.27684783935547,-3.173827886581421
0.084716796875,-1.0902099609375,-0.0150146484375,-21.667478561401367,-110.04637908935547,-20.568845748901367
0.1256103515625,-0.896728515625,-0.0416259765625,-16.29638671875,-127.25829315185547,-18.98193359375
0.11962890625,-0.787841796875,0.058349609375,-6.286620616912842,-168.76219177246094,-7.202147960662842
0.0831298828125,-0.9755859375,0.143310546875,-2.685546636581421,-191.16209411621094,-11.596678733825684
0.087890625,-1.186279296875,0.0982666015625,-5.371093273162842,-174.98777770996094,-21.240232467651367
0.1407470703125,-1.13720703125,-0.00146484375,-11.718749046325684,-144.287109375,-12.329100608825684
0.1741943359375,-0.9642333984375,-0.0286865234375,-18.4326171875,-131.53076171875,4.638671875
0.133056640625,-0.929931640625,0.0184326171875,-20.996091842651367,-135.43701171875,4.82177734375
0.0751953125,-1.027587890625,0.070068359375,-18.00537109375,-136.3525390625,-6.103515148162842
0.10205078125,-0.977783203125,0.10009765625,-3.417968511581421,-125.06102752685547,1.03759765625
0.1268310546875,-0.8717041015625,0.10009765625,-0.1220703050494194,-116.33300018310547,13.122557640075684
0.120849609375,-0.879150390625,0.1241455078125,2.197265625,-102.29491424560547,16.29638671875
0.1024169921875,-1.04248046875,0.1856689453125,6.042479991912842,-81.42089080810547,10.681151390075684
0.0703125,-1.231201171875,0.2451171875,12.451170921325684,-57.861324310302734,6.774901866912842
-0.0,-1.2452392578125,0.231201171875,20.874021530151367,-39.36767578125,11.047362327575684
-0.0906982421875,-1.0667724609375,0.1485595703125,25.268552780151367,-31.249998092651367,21.545408248901367
-0.1629638671875,-0.893310546875,0.1029052734375,19.04296875,-33.75244140625,38.9404296875
-0.16845703125,-0.855712890625,0.1656494140625,6.958007335662842,-42.907711029052734,52.612300872802734
-0.2735595703125,-0.93896484375,0.154052734375,-7.324218273162842,-35.0341796875,20.874021530151367
-0.235107421875,-0.924072265625,0.091796875,-13.183592796325684,-28.930662155151367,21.423337936401367
-0.14892578125,-0.9619140625,0.094970703125,-16.29638671875,-26.611326217651367,15.869139671325684
-0.1046142578125,-0.973876953125,0.127197265625,-12.756346702575684,-30.761716842651367,9.33837890625
-0.151123046875,-0.939453125,0.1602783203125,-7.080077648162842,-39.12353515625,8.1787109375
-0.218017578125,-0.91845703125,0.2178955078125,-3.601073980331421,-48.034664154052734,7.934569835662842
-0.2520751953125,-0.935791015625,0.2825927734375,-1.4038084745407104,-51.879878997802734,3.295898199081421
-0.243408203125,-0.94970703125,0.2960205078125,1.4648436307907104,-44.250484466552734,-3.479003667831421
-0.213134765625,-0.947998046875,0.248291015625,3.540038824081421,-27.038572311401367,-10.314940452575684
-0.18212890625,-0.952392578125,0.190185546875,4.0283203125,-12.145995140075684,-16.4794921875
-0.1444091796875,-0.96337890625,0.1702880859375,3.845214605331421,-8.11767578125,-20.080564498901367
-0.114013671875,-0.9671630859375,0.1875,2.50244140625,-11.047362327575684,-19.83642578125
-0.0948486328125,-0.994873046875,0.20361328125,-12.329100608825684,0.4272460639476776,-20.507810592651367
-0.0816650390625,-1.0357666015625,0.156494140625,-15.930174827575684,14.099120140075684,-30.090330123901367
-0.0599365234375,-1.0479736328125,0.10400390625,-16.9677734375,22.521970748901367,-36.4990234375
-0.07177734375,-1.0208740234375,0.0850830078125,-14.282225608825684,10.559081077575684,-17.7001953125
-0.0689697265625,-1.0150146484375,0.1505126953125,-9.3994140625,-6.164550304412842,-5.981444835662842
-0.1195068359375,-0.957763671875,0.1905517578125,-6.896972179412842,-13.793944358825684,8.9111328125
-0.1231689453125,-0.95458984375,0.1810302734375,-11.779784202575684,-10.131834983825684,14.892577171325684
-0.094970703125,-0.99267578125,0.18603515625,-18.6767578125,-5.737304210662842,17.39501953125
-0.1004638671875,-1.0181884765625,0.163818359375,-23.681638717651367,2.563476324081421,18.9208984375
-0.140625,-0.98828125,0.1029052734375,-20.080564498901367,8.6669921875,19.1650390625
-0.0411376953125,-1.029541015625,0.0882568359375,-5.737304210662842,3.967284917831421,17.4560546875
0.1187744140625,-1.087158203125,-0.0291748046875,7.141112804412842,18.37158203125,-18.5546875
0.042724609375,-0.7635498046875,-0.1409912109375,-1.6479490995407104,21.789548873901367,-0.54931640625
-0.054931640625,-0.7266845703125,-0.1326904296875,-15.197752952575684,7.995604991912842,21.972654342651367
-0.05615234375,-1.059326171875,-0.0225830078125,-19.775390625,-14.038084983825684,16.9677734375
-0.0087890625,-1.3184814453125,0.05517578125,-11.657713890075684,-28.259275436401367,6.164550304412842
-0.0164794921875,-1.2039794921875,0.0242919921875,1.7700194120407104,-34.1796875,16.6015625
-0.0570068359375,-0.9254150390625,-0.038330078125,9.27734375,-32.2265625,32.3486328125
-0.12255859375,-0.7637939453125,-0.072021484375,2.624511480331421,-16.05224609375,41.015621185302734
-0.19775390625,-0.7960205078125,-0.0660400390625,-9.6435546875,-1.4648436307907104,41.259761810302734
-0.24267578125,-0.9136962890625,-0.021240234375,-11.169432640075684,-7.507323741912842,26.489255905151367
-0.259033203125,-0.9681396484375,0.0367431640625,-1.7089842557907104,-25.024412155151367,7.202147960662842
-0.254638671875,-0.9456787109375,0.081298828125,6.774901866912842,-35.0341796875,-4.69970703125
-0.251953125,-0.9154052734375,0.0869140625,7.446288585662842,-31.494138717651367,-10.559081077575684
-0.272216796875,-0.8916015625,0.0423583984375,2.563476324081421,-18.4326171875,-10.070799827575684
-0.2674560546875,-0.8897705078125,-0.0091552734375,-3.417968511581421,-2.13623046875,-8.48388671875
-0.2200927734375,-0.966064453125,-0.02978515625,-8.36181640625,12.145995140075684,-13.732909202575684
-0.2469482421875,-1.1444091796875,-0.0382080078125,-9.765625,18.00537109375,-21.667478561401367
-0.35595703125,-1.279052734375,-0.015869140625,-1.7700194120407104,-0.1220703050494194,-16.11328125
-0.3980712890625,-1.1934814453125,0.05419921875,13.671874046325684,-38.818359375,11.657713890075684
-0.045654296875,-0.8131103515625,-0.09130859375,-2.197265625,37.841796875,18.5546875
-0.17822265625,-1.0523681640625,-0.07177734375,2.3193359375,29.846189498901367,-12.084959983825684
-0.2303466796875,-1.1856689453125,-0.0238037109375,6.042479991912842,24.780271530151367,-33.3251953125
-0.1904296875,-1.0035400390625,0.002685546875,9.33837890625,19.47021484375,-36.92626953125
-0.192138671875,-0.7396240234375,0.0023193359375,10.131834983825684,-0.9765624403953552,-28.137205123901367
-0.221923828125,-0.71875,0.03173828125,2.929687261581421,-20.080564498901367,-21.179197311401367
-0.2098388671875,-0.8775634765625,0.0889892578125,-3.784179449081421,-22.521970748901367,-27.343748092651367
-0.210205078125,-1.015380859375,0.0980224609375,-0.1831054538488388,-15.136717796325684,-40.527339935302734
-0.2010498046875,-1.0540771484375,0.0643310546875,5.493163585662842,-12.268065452575684,-36.9873046875
-0.1356201171875,-1.0218505859375,0.0565185546875,5.920409679412842,-15.197752952575684,-13.183592796325684
-0.102294921875,-1.047607421875,0.078125,5.981444835662842,-18.6767578125,5.371093273162842
-0.1407470703125,-1.1744384765625,0.053466796875,8.4228515625,-23.498533248901367,2.746581792831421
-0.055419921875,-1.3170166015625,-0.009765625,8.48388671875,-25.390623092651367,-9.27734375
0.214599609375,-1.2860107421875,-0.0408935546875,7.080077648162842,-18.1884765625,-23.071287155151367
0.2642822265625,-0.921630859375,-0.1563720703125,7.507323741912842,-10.986327171325684,-27.526853561401367
0.0311279296875,-0.638427734375,-0.248779296875,2.807616949081421,-33.203125,-9.6435546875
-0.066162109375,-0.8175048828125,-0.0469970703125,-2.38037109375,-93.62792205810547,7.385253429412842
-0.01513671875,-1.19775390625,0.2618408203125,0.9155272841453552,-137.8173828125,12.023924827575684
-0.0284423828125,-1.2740478515625,0.2967529296875,9.46044921875,-120.36132049560547,15.747069358825684
-0.1114501953125,-0.935546875,0.06396484375,13.671874046325684,-69.4580078125,23.742673873901367
-0.1981201171875,-0.6572265625,-0.1468505859375,2.25830078125,-36.4990234375,34.66796875
-0.2525634765625,-0.7562255859375,-0.16552734375,-14.526366233825684,-38.9404296875,29.968259811401367
-0.261962890625,-1.0438232421875,-0.01318359375,-17.4560546875,-53.588863372802734,4.94384765625
-0.2271728515625,-1.1448974609375,0.1429443359375,-9.33837890625,-51.879878997802734,-6.347655773162842
-0.2337646484375,-1.0404052734375,0.1177978515625,-3.906249761581421,-28.320310592651367,11.047362327575684
0.0909423828125,-1.2750244140625,0.1961669921875,-0.9765624403953552,17.822265625,11.657713890075684
0.2508544921875,-1.1513671875,0.294921875,11.291502952575684,12.084959983825684,-2.563476324081421
0.1920166015625,-0.9190673828125,0.19140625,12.939452171325684,24.658201217651367,-11.962889671325684
0.022705078125,-0.8238525390625,0.0291748046875,-0.0,37.41455078125,-10.925292015075684
-0.02978515625,-0.8284912109375,-0.0230712890625,-13.610838890075684,41.931148529052734,-10.620116233825684
-0.025390625,-0.83203125,0.0115966796875,-15.136717796325684,47.424312591552734,-17.27294921875
-0.0859375,-0.8873291015625,0.0408935546875,-8.7890625,46.020503997802734,-26.855466842651367
-0.13671875,-0.9971923828125,0.049072265625,-4.08935546875,24.963376998901367,-32.53173828125
-0.1524658203125,-1.016845703125,0.048583984375,-3.662109136581421,-6.591796398162842,-20.751951217651367
-0.147705078125,-0.9549560546875,0.06005859375,-4.45556640625,-35.400390625,0.7934569716453552
-0.110595703125,-0.9688720703125,0.1112060546875,-6.591796398162842,-55.175777435302734,15.014647483825684
-0.1177978515625,-1.06640625,0.1737060546875,-9.33837890625,-57.128902435302734,24.291990280151367
-0.18505859375,-1.187744140625,0.197021484375,-8.11767578125,-46.081539154052734,31.494138717651367
-0.0943603515625,-1.2489013671875,0.178466796875,-1.5258787870407104,-35.888671875,29.846189498901367
0.170654296875,-1.185791015625,0.129638671875,3.662109136581421,-12.878417015075684,15.869139671325684
0.1351318359375,-0.924072265625,-0.2393798828125,0.0610351525247097,29.968259811401367,-6.896972179412842
-0.064453125,-0.95458984375,-0.1767578125,4.8828125,2.685546636581421,1.220703125
-0.1478271484375,-1.016845703125,0.141357421875,19.83642578125,-43.029781341552734,10.253905296325684
-0.1195068359375,-0.9683837890625,0.3905029296875,30.639646530151367,-57.067867279052734,3.723144292831421
-0.0953369140625,-0.84912109375,0.37939453125,23.986814498901367,-23.559568405151367,-2.50244140625
-0.1064453125,-0.783935546875,0.1962890625,4.2724609375,28.991697311401367,6.225585460662842
-0.1326904296875,-0.8330078125,0.0413818359375,-11.840819358825684,66.83349609375,13.916014671325684
-0.2205810546875,-0.950927734375,0.07275390625,2.990722417831421,64.8193359375,-2.868652105331421
-0.2083740234375,-0.9622802734375,0.1268310546875,8.1787109375,62.072750091552734,-1.0986328125
-0.2330322265625,-1.13427734375,0.0986328125,4.39453125,77.0263671875,-8.30078125
-0.1822509765625,-1.352294921875,0.104248046875,1.220703125,99.73143768310547,-22.399900436401367
-0.01171875,-1.3226318359375,0.177490234375,7.263183116912842,104.73632049560547,-20.324705123901367
0.12890625,-1.02978515625,0.2457275390625,18.5546875,90.94237518310547,-8.056640625
0.2103271484375,-0.677001953125,0.27197265625,22.644041061401367,82.94676971435547,1.6479490995407104
0.138916015625,-0.659912109375,0.204833984375,12.023924827575684,89.84374237060547,1.8310545682907104
0.0057373046875,-1.168701171875,0.0587158203125,-3.967284917831421,108.82567596435547,-43.212886810302734
-0.1075439453125,-0.974853515625,0.1541748046875,-4.57763671875,30.639646530151367,-14.587401390075684
-0.1392822265625,-0.989990234375,0.0772705078125,-4.0283203125,17.4560546875,-8.30078125
-0.132568359375,-0.9991455078125,-0.02099609375,-3.173827886581421,11.352538108825684,-1.03759765625
-0.0963134765625,-1.0618896484375,-0.0384521484375,-5.920409679412842,-6.286620616912842,17.39501953125
-0.07568359375,-1.2254638671875,0.02490234375,-3.784179449081421,-43.701168060302734,28.381345748901367
0.1153564453125,-1.3419189453125,0.1217041015625,3.295898199081421,-74.70703125,14.831542015075684
0.262939453125,-1.208251953125,0.08251953125,1.6479490995407104,-59.570308685302734,2.990722417831421
0.1165771484375,-0.9595947265625,-0.1435546875,-11.108397483825684,-21.545408248901367,15.319823265075684
-0.0487060546875,-0.82958984375,-0.234619140625,-14.709471702575684,-21.667478561401367,22.521970748901367
-0.0921630859375,-0.89892578125,-0.048828125,0.3662109076976776,-65.3076171875,6.896972179412842
-0.076416015625,-0.9913330078125,0.1959228515625,17.02880859375,-103.63768768310547,-4.2724609375
-0.0758056640625,-0.9129638671875,0.285888671875,22.155759811401367,-95.52001190185547,3.356933355331421
-0.134521484375,-0.772705078125,0.185546875,15.808104515075684,-51.208492279052734,14.282225608825684
-0.1876220703125,-0.7906494140625,0.02734375,-0.2441406100988388,-1.2817381620407104,14.404295921325684
-0.189453125,-0.9522705078125,-0.060791015625,-12.817381858825684,38.330078125,1.7700194120407104
-0.222900390625,-1.0999755859375,-0.0767822265625,-9.6435546875,55.236812591552734,-17.51708984375
-0.244384765625,-1.1082763671875,-0.0623779296875,0.6103515625,41.931148529052734,-18.12744140625
-0.048828125,-0.9705810546875,-0.1810302734375,-9.033203125,51.940914154052734,-22.705076217651367
-0.0496826171875,-0.9561767578125,-0.185302734375,-13.427733421325684,40.405269622802734,-30.212400436401367
-0.0107421875,-0.8531494140625,-0.0777587890625,-7.019042491912842,18.06640625,-31.127927780151367
-0.0543212890625,-0.8572998046875,0.0093994140625,3.845214605331421,-13.916014671325684,-32.5927734375
-0.098876953125,-0.979736328125,0.05712890625,7.873534679412842,-44.555660247802734,-27.893064498901367
-0.1173095703125,-1.035400390625,0.0660400390625,5.981444835662842,-64.94140625,-10.375975608825684
-0.135986328125,-0.966796875,0.0023193359375,-5.0048828125,-80.32225799560547,40.588375091552734
-0.1737060546875,-1.0828857421875,0.02734375,-1.4038084745407104,-85.44921112060547,43.823238372802734
-0.108154296875,-1.2147216796875,0.033447265625,6.103515148162842,-85.14403533935547,25.634763717651367
0.1588134765625,-1.261962890625,0.0177001953125,1.03759765625,-56.945796966552734,10.375975608825684
0.2945556640625,-1.202392578125,-0.1187744140625,-9.033203125,-19.22607421875,1.9531248807907104
0.1839599609375,-1.0299072265625,-0.2982177734375,-6.896972179412842,-20.01953125,-6.713866710662842
-0.0006103515625,-0.9219970703125,-0.1881103515625,0.0610351525247097,-63.415523529052734,-4.2724609375
-0.126220703125,-0.9879150390625,0.13720703125,8.36181640625,-124.26757049560547,9.33837890625
-0.1402587890625,-1.021728515625,0.3353271484375,16.9677734375,-152.2216796875,17.822265625
-0.1063232421875,-0.83740234375,0.29833984375,14.831542015075684,-115.17333221435547,25.512693405151367
-0.1015625,-0.646728515625,0.1435546875,2.01416015625,-54.199214935302734,28.259275436401367
-0.1468505859375,-0.74169921875,0.010009765625,-11.230467796325684,-15.991209983825684,10.375975608825684
-0.205810546875,-1.0084228515625,-0.0262451171875,-17.08984375,0.9155272841453552,-10.864256858825684
-0.241455078125,-1.1390380859375,0.0186767578125,-14.648436546325684,9.09423828125,-12.512206077575684
-0.2353515625,-1.0531005859375,0.04931640625,-6.652831554412842,9.33837890625,1.4648436307907104
0.2259521484375,-1.2569580078125,0.2288818359375,-5.126952648162842,53.466793060302734,0.7934569716453552
0.1807861328125,-0.939453125,0.201904296875,6.164550304412842,63.964839935302734,-3.906249761581421
-0.001220703125,-0.7791748046875,0.056396484375,9.765625,68.2373046875,-10.192870140075684
-0.1011962890625,-0.8795166015625,-0.0556640625,-1.220703125,73.73046875,-16.357421875
-0.0767822265625,-0.9381103515625,-0.061279296875,-11.596678733825684,83.00780487060547,-17.578125
-0.0565185546875,-0.860107421875,-0.01611328125,-7.812499523162842,72.509765625,-20.629880905151367
-0.0927734375,-0.86279296875,0.0272216796875,-0.4272460639476776,36.92626953125,-26.977537155151367
-0.128662109375,-0.9786376953125,0.0689697265625,-3.051757574081421,2.44140625,-18.00537109375
-0.1484375,-1.0228271484375,0.09912109375,-7.263183116912842,-16.90673828125,6.469726085662842
-0.1461181640625,-0.9757080078125,0.1119384765625,-4.638671875,-29.296873092651367,20.080564498901367
-0.1500244140625,-0.95751953125,0.118408203125,-1.6479490995407104,-37.109375,21.240232467651367
-0.185302734375,-1.078369140625,0.120849609375,-3.906249761581421,-34.7900390625,20.01953125
0.17431640625,-0.83251953125,-0.1083984375,-7.873534679412842,21.362302780151367,16.54052734375
-0.0699462890625,-0.802001953125,-0.0447998046875,1.8310545682907104,-6.591796398162842,16.4794921875
-0.1676025390625,-1.0389404296875,0.193359375,19.83642578125,-42.724605560302734,-0.3662109076976776
-0.120849609375,-1.20166015625,0.3436279296875,30.883787155151367,-38.0859375,-11.413573265075684
-0.0816650390625,-1.034912109375,0.23388671875,27.343748092651367,14.404295921325684,2.25830078125
-0.095703125,-0.7618408203125,0.0361328125,14.587401390075684,70.49560546875,22.399900436401367
-0.12109375,-0.7210693359375,-0.041015625,3.051757574081421,92.89550018310547,16.90673828125
-0.160400390625,-0.8895263671875,0.0220947265625,2.624511480331421,90.63719940185547,-9.033203125
-0.2044677734375,-1.0245361328125,0.1380615234375,10.803221702575684,86.66991424560547,-20.935056686401367
-0.18505859375,-0.9931640625,0.2076416015625,18.61572265625,83.43505096435547,-7.080077648162842
-0.1461181640625,-0.955322265625,0.1693115234375,19.53125,90.39305877685547,5.0048828125
-0.0887451171875,-1.1103515625,0.1336669921875,10.498045921325684,118.10301971435547,-5.187987804412842
0.0419921875,-1.34130859375,0.177978515625,3.112792730331421,138.73291015625,-20.080564498901367
0.1676025390625,-1.3046875,0.2008056640625,16.11328125,127.13622283935547,-22.705076217651367
0.20751953125,-0.893798828125,0.1666259765625,38.14697265625,100.89110565185547,-13.977049827575684
0.1151123046875,-0.6343994140625,0.1165771484375,33.0810546875,90.69823455810547,-0.7324218153953552
-0.0023193359375,-0.9029541015625,0.0926513671875,6.103515148162842,98.44969940185547,-5.859374523162842
-0.01416015625,-1.204833984375,0.1119384765625,-3.845214605331421,112.42675018310547,-33.203125
-0.0272216796875,-1.0908203125,0.1129150390625,3.540038824081421,125.67137908935547,-41.503902435302734
-0.075927734375,-0.81982421875,0.0859375,3.845214605331421,116.02782440185547,-20.690916061401367
-0.0631103515625,-1.0062255859375,0.1490478515625,-15.869139671325684,55.358882904052734,-5.126952648162842
-0.0758056640625,-1.0804443359375,0.1607666015625,-9.46044921875,40.344234466552734,-12.390135765075684
-0.07763671875,-0.98046875,0.1685791015625,2.01416015625,24.902341842651367,-13.793944358825684
-0.0889892578125,-0.9561767578125,0.164306640625,1.2817381620407104,6.774901866912842,-5.065917491912842
-0.1097412109375,-1.0609130859375,0.0885009765625,-9.82666015625,2.3193359375,0.4882812201976776
-0.0830078125,-1.1536865234375,0.0015869140625,-18.9208984375,12.939452171325684,3.784179449081421
0.06982421875,-1.1680908203125,0.0047607421875,-21.423337936401367,14.099120140075684,15.502928733825684
0.236083984375,-1.0672607421875,0.0765380859375,-21.911619186401367,8.23974609375,26.611326217651367
-0.0634765625,-1.1392822265625,-0.00927734375,10.681151390075684,11.962889671325684,-16.90673828125
-0.0540771484375,-1.0208740234375,0.047119140625,28.808591842651367,7.446288585662842,-13.061522483825684
-0.039794921875,-0.8009033203125,0.1434326171875,22.399900436401367,29.907224655151367,12.023924827575684
-0.0439453125,-0.763427734375,0.1982421875,6.835937023162842,57.800289154052734,26.672361373901367
-0.042724609375,-0.918212890625,0.1619873046875,0.7934569716453552,82.21434783935547,13.488768577575684
-0.009521484375,-1.0338134765625,0.0966796875,2.197265625,111.69432830810547,-6.103515148162842
0.0042724609375,-1.015625,0.036865234375,4.94384765625,136.3525390625,-11.230467796325684
-0.0400390625,-0.979248046875,-0.0164794921875,10.009765625,135.55908203125,-8.4228515625
-0.076171875,-1.005126953125,-0.0272216796875,14.770506858825684,117.61473846435547,-6.347655773162842
-0.0927734375,-1.067138671875,0.0009765625,14.831542015075684,110.10741424560547,-4.21142578125
-0.08544921875,-1.128173828125,0.0599365234375,14.343260765075684,114.07469940185547,-3.479003667831421
0.0264892578125,-1.1925048828125,0.191650390625,19.1650390625,109.61913299560547,-3.051757574081421
0.2047119140625,-1.1522216796875,0.3043212890625,27.221677780151367,105.28563690185547,-4.45556640625
0.0733642578125,-0.9127197265625,0.0086669921875,-5.859374523162842,166.56492614746094,-3.112792730331421
-0.036376953125,-0.9241943359375,0.150146484375,21.606443405151367,88.74510955810547,-29.357908248901367
-0.0343017578125,-0.83251953125,0.2073974609375,22.033689498901367,59.570308685302734,-17.15087890625
-0.022705078125,-0.9224853515625,0.2491455078125,9.70458984375,55.847164154052734,-8.1787109375
-0.0419921875,-0.9498291015625,0.2005615234375,0.2441406100988388,72.93701171875,-8.30078125
-0.062255859375,-0.9053955078125,0.107421875,-5.310058116912842,80.44432830810547,-9.82666015625
-0.091552734375,-0.942138671875,0.041259765625,-13.977049827575684,67.07763671875,-2.25830078125
-0.1180419921875,-1.0853271484375,0.02685546875,-19.287109375,40.893550872802734,4.45556640625
-0.0731201171875,-1.2750244140625,0.0712890625,-13.366698265075684,8.1787109375,8.056640625
0.124755859375,-1.3631591796875,0.1683349609375,-1.4648436307907104,-21.179197311401367,9.521484375
0.2958984375,-1.13525390625,0.1610107421875,4.39453125,-19.22607421875,5.187987804412842
0.2100830078125,-0.7830810546875,-0.0286865234375,-4.638671875,14.099120140075684,4.8828125
0.0394287109375,-0.7254638671875,-0.1524658203125,-18.06640625,32.89794921875,6.042479991912842
0.0172119140625,-1.0244140625,-0.0311279296875,-18.310546875,17.39501953125,-3.906249761581421
0.047607421875,-1.2667236328125,0.134765625,-6.347655773162842,0.1831054538488388,-13.488768577575684
0.0106201171875,-1.107421875,0.1209716796875,5.187987804412842,5.676269054412842,-5.920409679412842
-0.0389404296875,-0.810302734375,0.00634765625,3.845214605331421,20.01953125,14.343260765075684
-0.18603515625,-1.089111328125,-0.0531005859375,11.779784202575684,15.808104515075684,14.343260765075684
-0.15283203125,-1.1435546875,0.05810546875,12.451170921325684,16.17431640625,21.606443405151367
0.0372314453125,-1.1905517578125,0.3009033203125,20.751951217651367,2.990722417831421,25.207517623901367
0.2337646484375,-1.109619140625,0.4166259765625,31.494138717651367,11.840819358825684,20.141599655151367
0.2740478515625,-0.90380859375,0.272216796875,30.578611373901367,56.030269622802734,16.17431640625
0.029052734375,-0.9647216796875,-0.2264404296875,-4.45556640625,108.39842987060547,-18.00537109375
-0.0450439453125,-1.0433349609375,-0.226806640625,-12.023924827575684,80.81053924560547,-33.02001953125
-0.0692138671875,-0.9293212890625,-0.0106201171875,-0.6103515625,23.498533248901367,-23.315427780151367
-0.075927734375,-0.8641357421875,0.2664794921875,16.05224609375,-33.8134765625,-15.258788108825684
-0.060791015625,-0.9503173828125,0.409912109375,18.5546875,-50.354000091552734,-18.12744140625
-0.0614013671875,-0.9951171875,0.317138671875,5.920409679412842,-18.61572265625,-16.41845703125
-0.0947265625,-0.9493408203125,0.07470703125,-10.864256858825684,23.254392623901367,-10.314940452575684
-0.0997314453125,-0.96533203125,-0.1064453125,-22.583005905151367,35.15625,-6.164550304412842
-0.0899658203125,-1.065673828125,-0.09375,-21.484373092651367,3.967284917831421,0.9765624403953552
-0.0833740234375,-1.1605224609375,0.018798828125,-6.408690929412842,-56.823726654052734,11.535643577575684
0.0721435546875,-1.190185546875,0.1036376953125,5.859374523162842,-101.86766815185547,14.770506858825684
0.3026123046875,-1.1383056640625,0.040771484375,-5.676269054412842,-83.74022674560547,7.812499523162842
0.3040771484375,-1.0260009765625,-0.22021484375,-34.97314453125,-25.390623092651367,5.493163585662842
0.1287841796875,-0.8837890625,-0.361572265625,-41.992183685302734,-13.671874046325684,8.30078125
0.015625,-0.8555908203125,-0.1385498046875,-9.3994140625,-73.3642578125,-2.13623046875
-0.035400390625,-1.038818359375,0.2076416015625,24.230955123901367,-125.85448455810547,-22.521970748901367
-0.0872802734375,-1.132568359375,0.3177490234375,27.038572311401367,-109.43602752685547,-23.559568405151367
-0.0919189453125,-0.9364013671875,0.170166015625,7.446288585662842,-47.546382904052734,10.437010765075684
-0.07080078125,-0.7430419921875,-0.024169921875,-11.169432640075684,4.21142578125,41.687007904052734
-0.103271484375,-0.791748046875,-0.1015625,-10.559081077575684,20.141599655151367,28.442380905151367
-0.166015625,-0.9898681640625,-0.030029296875,5.432128429412842,13.793944358825684,-7.324218273162842
-0.177490234375,-1.094482421875,0.040283203125,17.08984375,9.3994140625,-15.197752952575684
-0.162841796875,-1.072509765625,-0.01708984375,15.747069358825684,22.033689498901367,4.7607421875
-0.1702880859375,-1.1278076171875,-0.0972900390625,9.6435546875,35.5224609375,20.01953125
-0.046630859375,-1.298095703125,0.0074462890625,14.587401390075684,18.37158203125,19.10400390625
0.1943359375,-1.255126953125,0.2039794921875,31.249998092651367,-0.9155272841453552,7.324218273162842
0.2626953125,-0.9356689453125,0.1881103515625,34.97314453125,18.4326171875,6.835937023162842
0.1007080078125,-0.77685546875,-0.0614013671875,12.756346702575684,51.147457122802734,12.084959983825684
-0.025634765625,-0.9205322265625,-0.25390625,-14.221190452575684,59.387203216552734,-1.5869139432907104
0.00439453125,-1.0439453125,-0.2239990234375,-22.277830123901367,35.0341796875,-15.869139671325684
0.0023193359375,-0.9716796875,-0.0867919921875,-12.817381858825684,-7.690429210662842,-13.061522483825684
-0.0714111328125,-0.900634765625,0.0257568359375,-1.9531248807907104,-53.955074310302734,-9.82666015625
-0.101318359375,-0.950927734375,0.083984375,0.4882812201976776,-84.96092987060547,-13.916014671325684
-0.1102294921875,-0.9852294921875,0.0789794921875,-4.5166015625,-87.21923065185547,-12.084959983825684
-0.1328125,-1.1943359375,-0.01708984375,-20.01953125,-95.52001190185547,15.563963890075684
0.02734375,-1.348388671875,-0.0152587890625,-11.291502952575684,-110.47362518310547,-0.1831054538488388
0.2974853515625,-1.2772216796875,-0.053466796875,-15.319823265075684,-87.52440643310547,-14.160155296325684
0.287353515625,-0.9569091796875,-0.242431640625,-18.5546875,-61.950679779052734,-15.808104515075684
0.09228515625,-0.761962890625,-0.3204345703125,-6.958007335662842,-83.98436737060547,-9.1552734375
-0.027099609375,-1.13232421875,0.3087158203125,23.559568405151367,-154.84619140625,-2.563476324081421
-0.069091796875,-0.9466552734375,0.295166015625,27.526853561401367,-119.44579315185547,9.94873046875
-0.1102294921875,-0.671630859375,0.0347900390625,17.63916015625,-59.814449310302734,21.545408248901367
-0.17138671875,-0.7366943359375,-0.1817626953125,-3.112792730331421,-12.084959983825684,20.141599655151367
-0.1806640625,-1.0299072265625,-0.1768798828125,-7.995604991912842,-2.44140625,0.0610351525247097
-0.205810546875,-1.169921875,-0.03076171875,11.230467796325684,-21.545408248901367,-18.61572265625
-0.2606201171875,-1.056640625,0.04736328125,30.029294967651367,-40.222164154052734,-8.6669921875
-0.255615234375,-0.9453125,0.0234375,29.357908248901367,-38.818359375,18.798828125
0.232666015625,-1.0655517578125,0.1724853515625,12.329100608825684,14.831542015075684,6.958007335662842
0.0457763671875,-0.9595947265625,0.02294921875,7.812499523162842,18.73779296875,-3.417968511581421
-0.0911865234375,-0.9874267578125,-0.09423828125,1.5258787870407104,5.859374523162842,-16.6015625
-0.05224609375,-0.9677734375,-0.0423583984375,-3.601073980331421,-10.803221702575684,-15.197752952575684
0.000244140625,-0.821044921875,0.0733642578125,-4.94384765625,-27.893064498901367,-0.1831054538488388
-0.03564453125,-0.767578125,0.1231689453125,-6.347655773162842,-44.921871185302734,3.845214605331421
-0.146728515625,-1.0574951171875,0.14306640625,-8.23974609375,-52.978511810302734,-11.962889671325684
-0.154541015625,-1.054443359375,0.1435546875,-1.6479490995407104,-56.518550872802734,0.4882812201976776
-0.08984375,-0.9923095703125,0.1290283203125,-0.7324218153953552,-61.889644622802734,20.812986373901367
-0.0765380859375,-1.0,0.1041259765625,-7.934569835662842,-63.720699310302734,36.4990234375
-0.0882568359375,-1.10107421875,0.0487060546875,-14.099120140075684,-71.2890625,39.61181640625
0.0814208984375,-1.168212890625,-0.0008544921875,-13.671874046325684,-77.63671875,27.526853561401367
0.2110595703125,-1.170166015625,-0.1292724609375,-18.00537109375,-57.250972747802734,5.554198741912842
0.133544921875,-1.1646728515625,-0.322998046875,-32.8369140625,-37.17041015625,-2.197265625
0.06298828125,-1.1138916015625,-0.2591552734375,-31.677244186401367,-71.96044921875,5.065917491912842
0.047607421875,-1.0242919921875,0.07373046875,-4.638671875,-138.427734375,2.01416015625
-0.0321044921875,-0.8968505859375,0.292236328125,15.502928733825684,-158.8134765625,-2.685546636581421
-0.157470703125,-0.70458984375,0.0089111328125,-14.160155296325684,-54.992671966552734,29.418943405151367
-0.156494140625,-0.896484375,-0.173828125,-30.700681686401367,-15.319823265075684,26.672361373901367
-0.1812744140625,-1.09228515625,-0.2186279296875,-18.85986328125,-16.41845703125,1.5258787870407104
-0.251220703125,-1.1160888671875,-0.13134765625,9.46044921875,-46.936031341552734,-15.075682640075684
0.0618896484375,-1.4139404296875,0.017822265625,-5.493163585662842,-24.536130905151367,-35.64453125
-0.047607421875,-1.1226806640625,-0.1474609375,4.39453125,-61.767574310302734,-27.587888717651367
0.0001220703125,-0.718017578125,-0.09814453125,7.141112804412842,-106.44530487060547,4.39453125
0.032470703125,-0.63916015625,0.141357421875,1.3427733182907104,-134.70458984375,15.991209983825684
-0.0413818359375,-0.884033203125,0.3216552734375,-1.7700194120407104,-135.92529296875,1.15966796875
-0.0858154296875,-1.114013671875,0.3321533203125,-1.0986328125,-113.83055877685547,-11.413573265075684
-0.0953369140625,-1.1083984375,0.2159423828125,-5.249022960662842,-77.57568359375,-5.920409679412842
-0.1138916015625,-0.9962158203125,0.0972900390625,-12.817381858825684,-53.466793060302734,8.85009765625
-0.1279296875,-0.9527587890625,0.0743408203125,-15.380858421325684,-53.649898529052734,15.747069358825684
-0.1512451171875,-0.9691162109375,0.1065673828125,-12.756346702575684,-56.945796966552734,14.831542015075684
-0.199951171875,-1.0111083984375,0.102294921875,-12.329100608825684,-50.842281341552734,16.4794921875
-0.2000732421875,-1.0740966796875,0.055908203125,-19.4091796875,-44.433589935302734,23.803709030151367
-0.013427734375,-1.149169921875,0.0623779296875,-29.663084030151367,-42.175289154052734,31.433103561401367
0.048095703125,-1.0191650390625,-0.1602783203125,-8.1787109375,-26.672361373901367,0.7934569716453552
-0.101318359375,-0.9398193359375,0.0023193359375,18.06640625,-67.87109375,1.5869139432907104
-0.1181640625,-0.9451904296875,0.2724609375,29.479978561401367,-91.36962127685547,6.408690929412842
-0.103271484375,-0.8907470703125,0.3297119140625,19.04296875,-62.683101654052734,12.695311546325684
-0.11572265625,-0.7730712890625,0.1571044921875,-3.295898199081421,-7.873534679412842,22.521970748901367
-0.15185546875,-0.780029296875,-0.0281982421875,-21.057126998901367,30.273435592651367,23.437498092651367
-0.1746826171875,-0.9022216796875,-0.0694580078125,-19.71435546875,33.14208984375,7.446288585662842
-0.2083740234375,-0.9891357421875,-0.0054931640625,-4.21142578125,19.4091796875,-8.60595703125
-0.253173828125,-1.009765625,0.0440673828125,6.530761241912842,9.21630859375,-7.751464366912842
-0.2646484375,-1.0272216796875,0.02978515625,5.676269054412842,8.60595703125,1.7089842557907104
-0.2313232421875,-1.1065673828125,0.0140380859375,0.6713866591453552,17.15087890625,5.920409679412842
-0.075927734375,-1.23193359375,0.1103515625,1.0986328125,22.583005905151367,5.737304210662842
0.1451416015625,-1.2481689453125,0.2564697265625,8.9111328125,27.160642623901367,0.7934569716453552
0.2225341796875,-1.037841796875,0.278076171875,13.671874046325684,45.166011810302734,-2.563476324081421
0.08740234375,-0.8431396484375,0.1324462890625,8.72802734375,62.561031341552734,-1.0986328125
-0.06787109375,-0.9300537109375,-0.0479736328125,0.6103515625,60.363765716552734,-10.070799827575684
-0.014892578125,-0.94482421875,-0.06689453125,-5.615233898162842,46.325679779052734,-21.728513717651367
-0.062744140625,-0.822265625,-0.017333984375,-5.737304210662842,26.428220748901367,-9.33837890625
-0.1072998046875,-0.8961181640625,0.0740966796875,-4.21142578125,-6.347655773162842,-8.9111328125
-0.123779296875,-1.014404296875,0.1663818359375,1.8310545682907104,-31.433103561401367,-14.709471702575684
-0.15625,-0.9937744140625,0.1669921875,6.469726085662842,-38.2080078125,-8.9111328125
-0.1571044921875,-0.923828125,0.0997314453125,0.6713866591453552,-33.50830078125,9.70458984375
-0.1397705078125,-0.967529296875,0.054443359375,-10.375975608825684,-26.672361373901367,24.536130905151367
-0.1746826171875,-1.1165771484375,0.0489501953125,-12.939452171325684,-30.212400436401367,26.184080123901367
-0.0631103515625,-1.2840576171875,0.07421875,-7.202147960662842,-42.968746185302734,19.6533203125
0.2177734375,-1.305419921875,0.065185546875,-7.934569835662842,-30.151365280151367,10.742186546325684
-0.1048583984375,-1.0230712890625,0.3857421875,41.259761810302734,-97.16796112060547,-24.597166061401367
-0.094482421875,-0.878173828125,0.3011474609375,25.024412155151367,-46.386714935302734,1.6479490995407104
-0.1427001953125,-0.779541015625,0.08154296875,1.2817381620407104,5.371093273162842,29.602048873901367
-0.196044921875,-0.864013671875,-0.052001953125,-12.023924827575684,28.198240280151367,29.479978561401367
-0.2515869140625,-0.9647216796875,-0.04248046875,-7.690429210662842,21.484373092651367,9.521484375
-0.2733154296875,-0.9525146484375,0.0472412109375,1.3427733182907104,9.09423828125,-0.8544921278953552
-0.2467041015625,-0.94921875,0.0999755859375,0.7934569716453552,12.084959983825684,3.967284917831421
-0.250732421875,-1.08447265625,0.0478515625,-5.432128429412842,34.11865234375,2.44140625
-0.169189453125,-1.2325439453125,0.05517578125,-6.896972179412842,49.743648529052734,-4.2724609375
0.1639404296875,-1.073486328125,0.270263671875,9.1552734375,42.297359466552734,-2.197265625
0.1087646484375,-0.944091796875,0.215576171875,12.329100608825684,58.776851654052734,-5.615233898162842
-0.04248046875,-0.991943359375,0.033447265625,7.629394054412842,80.078125,-18.37158203125
-0.09716796875,-1.0517578125,-0.076416015625,-0.54931640625,89.66063690185547,-27.526853561401367
-0.0684814453125,-0.910888671875,-0.055908203125,-1.0986328125,77.20947265625,-18.98193359375
-0.10302734375,-0.7442626953125,0.0029296875,4.7607421875,45.288082122802734,-7.019042491912842
-0.1513671875,-0.819580078125,0.0693359375,4.69970703125,12.145995140075684,-9.58251953125
-0.1304931640625,-1.0406494140625,0.154052734375,-2.624511480331421,-2.50244140625,-12.390135765075684
-0.09716796875,-1.1204833984375,0.18359375,-6.103515148162842,0.9765624403953552,-1.7700194120407104
-0.0733642578125,-1.0203857421875,0.1307373046875,-5.920409679412842,9.3994140625,14.160155296325684
-0.0791015625,-0.9410400390625,0.0750732421875,-9.1552734375,13.488768577575684,26.245115280151367
-0.0579833984375,-1.0621337890625,0.05712890625,-14.648436546325684,14.953612327575684,22.460935592651367
0.124267578125,-1.2540283203125,0.072509765625,-16.05224609375,19.04296875,-1.4038084745407104
0.207275390625,-1.115966796875,0.0001220703125,-4.638671875,29.052732467651367,-17.578125
-0.0157470703125,-0.7960205078125,-0.1583251953125,12.329100608825684,38.330078125,-11.291502952575684
-0.1378173828125,-0.8631591796875,-0.1182861328125,14.770506858825684,26.367185592651367,-10.253905296325684
0.001708984375,-1.185546875,0.13525390625,7.202147960662842,12.451170921325684,-23.376462936401367
0.0828857421875,-1.2083740234375,0.2672119140625,8.48388671875,31.372068405151367,-27.648923873901367
-0.005615234375,-0.9105224609375,0.1778564453125,17.76123046875,67.56591796875,-19.53125
-0.0545654296875,-0.7164306640625,0.0826416015625,15.197752952575684,95.64208221435547,-5.554198741912842
0.0406494140625,-0.7987060546875,0.0826416015625,2.3193359375,116.63817596435547,6.652831554412842
0.1265869140625,-1.0035400390625,0.1083984375,4.33349609375,135.7421875,-2.44140625
0.1331787109375,-1.113037109375,0.09521484375,22.705076217651367,147.216796875,-30.578611373901367
0.274658203125,-1.0712890625,0.1732177734375,31.188962936401367,150.32958984375,-43.457027435302734
0.285400390625,-1.0595703125,0.1715087890625,24.597166061401367,148.0712890625,-40.832515716552734
0.0892333984375,-1.0089111328125,0.0523681640625,14.953612327575684,145.56884765625,-37.59765625
-0.0166015625,-1.0167236328125,0.0135498046875,-0.8544921278953552,123.71825408935547,-24.169919967651367
0.0859375,-1.0740966796875,0.1121826171875,-11.657713890075684,89.72167205810547,-9.58251953125
0.024658203125,-1.0537109375,0.2022705078125,-6.774901866912842,72.08251953125,-7.507323741912842
-0.0228271484375,-0.95947265625,0.1968994140625,4.7607421875,54.931636810302734,-15.624999046325684
0.1773681640625,-0.9217529296875,0.17333984375,3.540038824081421,33.38623046875,-9.70458984375
0.21826171875,-0.9388427734375,0.2095947265625,-8.30078125,44.616695404052734,11.596678733825684
0.125,-0.960693359375,0.2852783203125,-16.05224609375,70.4345703125,19.83642578125
0.05908203125,-0.990966796875,0.32568359375,-15.930174827575684,76.23291015625,14.160155296325684
0.0179443359375,-0.9798583984375,0.3162841796875,-10.009765625,69.27490234375,9.94873046875
0.029296875,-0.955810546875,0.309326171875,-5.676269054412842,61.462398529052734,10.620116233825684
0.0576171875,-0.9718017578125,0.2938232421875,-4.69970703125,57.922359466552734,11.901854515075684
0.092041015625,-1.0269775390625,0.2515869140625,-1.4648436307907104,59.265132904052734,9.8876953125
0.08740234375,-1.070068359375,0.1845703125,3.906249761581421,69.7021484375,4.33349609375
-0.0076904296875,-1.088134765625,0.0665283203125,15.136717796325684,71.6552734375,-7.690429210662842
-0.02587890625,-1.0029296875,0.05419921875,11.901854515075684,67.9931640625,2.685546636581421
-0.0555419921875,-0.9886474609375,0.0194091796875,0.3662109076976776,75.3173828125,12.817381858825684
-0.1427001953125,-0.9219970703125,-0.0606689453125,-22.644041061401367,102.66112518310547,8.4228515625
-0.1610107421875,-0.9881591796875,-0.016845703125,-19.53125,87.58544158935547,2.25830078125
-0.1788330078125,-1.0159912109375,0.0352783203125,-9.58251953125,68.66455078125,-5.676269054412842
-0.18017578125,-0.9637451171875,0.0965576171875,1.7089842557907104,46.691890716552734,-8.056640625
-0.175537109375,-0.9052734375,0.134521484375,6.286620616912842,36.68212890625,-5.676269054412842
-0.19140625,-0.90673828125,0.112548828125,4.7607421875,51.940914154052734,-2.624511480331421
-0.2435302734375,-1.0008544921875,-0.018310546875,8.30078125,93.38378143310547,4.7607421875
-0.232666015625,-1.082763671875,-0.0008544921875,15.441893577575684,81.66503143310547,9.09423828125
-0.0797119140625,-1.2392578125,0.1248779296875,25.024412155151367,56.945796966552734,6.958007335662842
0.238037109375,-1.271484375,0.2879638671875,36.92626953125,46.936031341552734,-8.9111328125
0.33544921875,-0.9951171875,0.210693359375,41.809078216552734,71.47216796875,-12.145995140075684
0.0609130859375,-0.821044921875,-0.103271484375,26.367185592651367,110.47362518310547,3.540038824081421
-0.099609375,-0.9730224609375,-0.253173828125,-0.0610351525247097,114.13573455810547,5.859374523162842
-0.0303955078125,-1.0562744140625,-0.160888671875,-11.413573265075684,83.12987518310547,-0.8544921278953552
-0.0369873046875,-0.903564453125,-0.0394287109375,-3.967284917831421,52.368160247802734,-3.295898199081421
-0.1138916015625,-0.8023681640625,0.04443359375,3.479003667831421,20.446775436401367,-9.033203125
-0.132568359375,-0.9053955078125,0.106689453125,1.6479490995407104,-9.46044921875,-17.27294921875
-0.1416015625,-1.0325927734375,0.128662109375,-3.173827886581421,-18.5546875,-18.73779296875
-0.1749267578125,-1.02392578125,0.0919189453125,-5.310058116912842,-15.930174827575684,-11.840819358825684
0.201416015625,-1.3087158203125,0.1397705078125,-6.408690929412842,-52.368160247802734,6.225585460662842
0.1990966796875,-1.0184326171875,0.02197265625,-6.896972179412842,-13.244627952575684,4.33349609375
-0.056884765625,-0.6788330078125,-0.22021484375,-4.94384765625,19.4091796875,15.136717796325684
-0.218017578125,-0.71240234375,-0.2633056640625,-0.2441406100988388,1.3427733182907104,13.488768577575684
-0.1502685546875,-0.9844970703125,-0.0206298828125,4.33349609375,-43.579097747802734,-3.723144292831421
-0.054931640625,-1.1124267578125,0.2193603515625,6.774901866912842,-58.105464935302734,-13.244627952575684
-0.09423828125,-1.0045166015625,0.252197265625,9.033203125,-41.320796966552734,-8.97216796875
-0.2091064453125,-0.847900390625,0.1153564453125,13.000487327575684,-20.202634811401367,-2.38037109375
-0.267578125,-0.849609375,0.017822265625,9.3994140625,-1.03759765625,6.896972179412842
-0.2506103515625,-0.909912109375,0.0394287109375,2.746581792831421,19.287109375,12.512206077575684
-0.2349853515625,-0.9384765625,0.0596923828125,1.7700194120407104,37.04833984375,10.864256858825684
-0.24658203125,-1.0074462890625,0.0205078125,2.3193359375,43.273921966552734,10.437010765075684
-0.2562255859375,-1.115234375,-0.040283203125,3.845214605331421,40.10009765625,11.596678733825684
-0.1954345703125,-1.2467041015625,-0.019775390625,7.324218273162842,29.357908248901367,11.291502952575684
-0.0286865234375,-1.3173828125,0.113037109375,12.207030296325684,12.817381858825684,2.563476324081421
0.1312255859375,-1.1361083984375,0.2025146484375,21.667478561401367,8.6669921875,-10.314940452575684
0.1656494140625,-0.780517578125,0.1343994140625,34.0576171875,22.644041061401367,-19.10400390625
0.0023193359375,-0.6724853515625,-0.0274658203125,30.761716842651367,39.00146484375,-23.437498092651367
-0.1285400390625,-0.82373046875,0.04443359375,-1.2817381620407104,0.4272460639476776,-10.375975608825684
-0.1820068359375,-0.899169921875,0.0694580078125,-0.3662109076976776,-7.812499523162842,-15.563963890075684
-0.193115234375,-0.9908447265625,0.1065673828125,-3.295898199081421,-21.118162155151367,-12.939452171325684
-0.203369140625,-0.968505859375,0.0838623046875,-0.1220703050494194,-36.2548828125,-8.544921875
-0.1522216796875,-0.9813232421875,0.041259765625,-1.4648436307907104,-49.621578216552734,5.432128429412842
-0.1090087890625,-1.114990234375,0.047607421875,-8.72802734375,-54.626461029052734,19.47021484375
-0.0211181640625,-1.375732421875,0.081298828125,-13.427733421325684,-57.800289154052734,14.404295921325684
0.2347412109375,-1.5360107421875,0.06884765625,-10.742186546325684,-61.523433685302734,-4.69970703125
0.23828125,-1.109375,-0.1683349609375,7.568358898162842,-48.034664154052734,-12.023924827575684
-0.0594482421875,-0.49609375,-0.4422607421875,21.911619186401367,-36.43798828125,-1.7089842557907104
-0.093017578125,-0.52978515625,-0.3170166015625,-0.0610351525247097,-69.7021484375,7.141112804412842
0.02099609375,-1.095458984375,0.0721435546875,-36.1328125,-110.10741424560547,8.4228515625
-0.0367431640625,-1.4139404296875,0.264404296875,-38.2080078125,-107.91014862060547,2.13623046875
-0.135498046875,-1.1341552734375,0.1353759765625,-5.126952648162842,-81.05467987060547,-6.286620616912842
-0.181640625,-0.72265625,-0.0633544921875,17.02880859375,-55.541988372802734,6.469726085662842
-0.221435546875,-0.6737060546875,-0.1209716796875,9.33837890625,-42.297359466552734,26.062009811401367
-0.270751953125,-0.9058837890625,-0.0399169921875,-1.3427733182907104,-40.527339935302734,15.563963890075684
-0.2623291015625,-1.05908203125,0.0511474609375,-0.6103515625,-41.320796966552734,-0.2441406100988388
-0.228515625,-1.0582275390625,0.0345458984375,-0.7324218153953552,-31.616209030151367,14.526366233825684
0.0928955078125,-1.1708984375,0.1114501953125,7.019042491912842,-28.869626998901367,6.713866710662842
0.239013671875,-1.0638427734375,0.1375732421875,12.329100608825684,-24.230955123901367,-2.990722417831421
0.091064453125,-1.0302734375,-0.051025390625,7.385253429412842,-6.591796398162842,-5.126952648162842
-0.17041015625,-1.0947265625,-0.256103515625,-4.21142578125,0.9155272841453552,-12.268065452575684
-0.10302734375,-0.6226806640625,0.1444091796875,5.981444835662842,-101.80663299560547,-6.225585460662842
-0.18017578125,-0.96923828125,0.172607421875,-1.7089842557907104,-62.683101654052734,25.024412155151367
-0.149169921875,-0.9498291015625,0.1123046875,-9.1552734375,-45.593257904052734,45.959468841552734
-0.14501953125,-1.200439453125,0.048583984375,-17.822265625,-26.855466842651367,34.48486328125
0.082275390625,-1.510986328125,0.0146484375,-18.310546875,-19.22607421875,6.591796398162842
0.3367919921875,-1.4261474609375,-0.0926513671875,-4.638671875,-26.550291061401367,-7.019042491912842
0.1466064453125,-0.8353271484375,-0.3646240234375,17.822265625,-33.38623046875,-5.676269054412842
-0.1322021484375,-0.459228515625,-0.3890380859375,20.874021530151367,-56.335445404052734,-0.9765624403953552
-0.240478515625,-0.791748046875,-0.151611328125,-11.779784202575684,-25.939939498901367,26.367185592651367
-0.250732421875,-1.0318603515625,-0.01416015625,-7.995604991912842,-38.14697265625,0.4272460639476776
-0.269287109375,-1.0911865234375,0.0042724609375,-0.9765624403953552,-44.006343841552734,-5.432128429412842
-0.2301025390625,-1.058349609375,-0.0830078125,-3.662109136581421,-38.14697265625,24.169919967651367
-0.0718994140625,-1.2000732421875,-0.085693359375,-9.82666015625,-36.7431640625,40.10009765625
0.1668701171875,-1.3692626953125,0.0291748046875,-7.446288585662842,-38.87939453125,19.22607421875
0.25732421875,-1.1883544921875,0.06787109375,6.286620616912842,-36.376953125,0.7324218153953552
0.08447265625,-0.898681640625,-0.078125,15.136717796325684,-36.56005859375,0.7324218153953552
-0.0736083984375,-0.90673828125,-0.208984375,3.417968511581421,-50.415035247802734,-7.507323741912842
-0.025634765625,-1.0015869140625,-0.1488037109375,-13.977049827575684,-77.392578125,-14.587401390075684
0.0733642578125,-0.931640625,0.0223388671875,-17.333984375,-104.43114471435547,-8.30078125
0.0328369140625,-0.87255859375,0.1162109375,-10.131834983825684,-123.59618377685547,-7.873534679412842
-0.0743408203125,-0.9661865234375,0.115234375,-5.065917491912842,-130.55419921875,-16.90673828125
-0.12158203125,-1.03564453125,0.1251220703125,-0.9765624403953552,-128.7841796875,-20.507810592651367
-0.1448974609375,-0.96337890625,0.1375732421875,7.141112804412842,-125.85448455810547,-7.812499523162842
-0.145263671875,-0.8984375,0.135009765625,8.72802734375,-117.43163299560547,17.39501953125
-0.138671875,-0.956787109375,0.1436767578125,-1.7700194120407104,-97.77831268310547,36.0107421875
-0.1517333984375,-1.074951171875,0.1055908203125,-13.488768577575684,-74.70703125,38.6962890625
-0.0152587890625,-1.1827392578125,0.039306640625,-21.057126998901367,-56.030269622802734,33.75244140625
0.23486328125,-1.259765625,-0.0355224609375,-25.390623092651367,-40.771480560302734,20.812986373901367
0.2518310546875,-1.1734619140625,-0.247314453125,-22.277830123901367,-33.99658203125,1.8920897245407104
0.0716552734375,-0.9681396484375,-0.3680419921875,-14.953612327575684,-55.725093841552734,-3.540038824081421
-0.0181884765625,-0.8731689453125,-0.12744140625,-7.202147960662842,-109.80223846435547,-4.8828125
-0.00927734375,-0.9434814453125,0.2275390625,-0.8544921278953552,-152.4658203125,-15.136717796325684
-0.021240234375,-0.9847412109375,0.3841552734375,-0.1220703050494194,-144.287109375,-13.916014671325684
-0.09521484375,-0.87060546875,0.26611328125,-4.33349609375,-93.62792205810547,7.202147960662842
-0.1807861328125,-0.8153076171875,0.0224609375,-16.17431640625,-37.65869140625,34.0576171875
-0.21630859375,-0.8934326171875,-0.1143798828125,-23.742673873901367,-12.084959983825684,41.137691497802734
-0.2554931640625,-0.96826171875,-0.0740966796875,-11.474608421325684,-20.629880905151367,18.9208984375
-0.2777099609375,-1.001953125,0.033203125,6.896972179412842,-41.198726654052734,-2.38037109375
-0.2496337890625,-1.0306396484375,0.056884765625,10.314940452575684,-41.748043060302734,2.25830078125
-0.2530517578125,-1.10888671875,-0.0245361328125,-0.3662109076976776,-13.854979515075684,19.95849609375
-0.1539306640625,-1.2353515625,-0.026123046875,-5.0048828125,-3.601073980331421,23.742673873901367
0.06884765625,-1.2490234375,0.07275390625,4.45556640625,-16.66259765625,7.263183116912842
0.20263671875,-1.0450439453125,0.12060546875,10.314940452575684,-5.310058116912842,-2.563476324081421
0.111572265625,-0.8687744140625,0.0372314453125,3.356933355331421,23.864744186401367,2.25830078125
-0.09423828125,-0.9691162109375,-0.104736328125,-5.310058116912842,31.249998092651367,-4.69970703125
-0.135498046875,-1.088623046875,-0.107666015625,-5.310058116912842,10.253905296325684,-18.5546875
-0.0428466796875,-0.94287109375,0.0220947265625,1.4648436307907104,-14.831542015075684,-14.282225608825684
-0.0426025390625,-0.759521484375,0.10986328125,4.21142578125,-28.991697311401367,-4.150390625
-0.1068115234375,-0.8114013671875,0.109619140625,0.7324218153953552,-33.203125,-10.620116233825684
-0.125244140625,-0.9906005859375,0.1016845703125,-1.3427733182907104,-28.442380905151367,-23.925779342651367
-0.1461181640625,-1.05908203125,0.0989990234375,1.6479490995407104,-19.53125,-24.841306686401367
-0.1748046875,-0.9959716796875,0.0750732421875,3.662109136581421,-16.41845703125,-10.009765625
-0.1636962890625,-0.9449462890625,0.06884765625,0.30517578125,-23.010251998901367,10.559081077575684
-0.165771484375,-0.9921875,0.091064453125,-3.479003667831421,-32.65380859375,22.827146530151367
-0.179443359375,-1.118896484375,0.094970703125,-2.50244140625,-40.10009765625,19.8974609375
-0.0091552734375,-1.226318359375,0.0850830078125,-2.807616949081421,-37.65869140625,10.742186546325684
0.2559814453125,-1.2012939453125,0.03271484375,-10.437010765075684,-16.9677734375,8.4228515625
0.24072265625,-1.0396728515625,-0.1778564453125,-19.47021484375,1.8920897245407104,13.305663108825684
0.0106201171875,-0.9324951171875,-0.330810546875,-21.728513717651367,-12.145995140075684,15.808104515075684
-0.08740234375,-0.9693603515625,-0.1226806640625,-8.97216796875,-66.10107421875,4.5166015625
-0.0487060546875,-1.0360107421875,0.261474609375,12.939452171325684,-111.75536346435547,-20.935056686401367
-0.0313720703125,-1.0318603515625,0.4652099609375,22.766111373901367,-101.92870330810547,-36.31591796875
-0.08251953125,-0.8939208984375,0.3525390625,11.962889671325684,-45.715328216552734,-14.404295921325684
-0.151123046875,-0.7822265625,0.08154296875,-14.770506858825684,20.507810592651367,29.785154342651367
-0.1754150390625,-0.8262939453125,-0.109375,-34.48486328125,52.246089935302734,48.828121185302734
-0.201171875,-0.912353515625,-0.1279296875,-24.353025436401367,40.161128997802734,24.841306686401367
-0.223876953125,-0.9715576171875,-0.025634765625,-0.1831054538488388,12.268065452575684,-5.432128429412842
-0.2159423828125,-1.0224609375,0.05322265625,10.192870140075684,-1.5258787870407104,-7.934569835662842
-0.2393798828125,-1.116455078125,0.011474609375,2.13623046875,19.47021484375,5.187987804412842
-0.1707763671875,-1.25537109375,-0.0234375,-10.620116233825684,50.476070404052734,11.047362327575684
0.0277099609375,-1.3172607421875,0.0445556640625,-11.108397483825684,50.048824310302734,7.446288585662842
0.170654296875,-1.154052734375,0.1397705078125,-0.6713866591453552,32.470703125,5.126952648162842
0.1573486328125,-0.8309326171875,0.1632080078125,8.11767578125,28.137205123901367,10.192870140075684
0.0025634765625,-0.983154296875,-0.020751953125,-13.000487327575684,72.32666015625,-17.39501953125
-0.1019287109375,-0.8809814453125,-0.0855712890625,-10.742186546325684,59.692378997802734,-10.803221702575684
-0.14501953125,-0.909423828125,-0.0740966796875,-12.512206077575684,35.0341796875,-6.958007335662842
-0.1246337890625,-0.990234375,0.011962890625,-11.108397483825684,8.85009765625,2.990722417831421
-0.100341796875,-1.007080078125,0.1007080078125,-1.03759765625,-13.549803733825684,13.305663108825684
-0.0830078125,-0.9857177734375,0.1549072265625,8.36181640625,-25.146482467651367,23.498533248901367
-0.0953369140625,-1.0211181640625,0.178955078125,7.507323741912842,-11.779784202575684,32.28759765625
-0.0445556640625,-1.1444091796875,0.1361083984375,-0.1831054538488388,21.850584030151367,26.123044967651367
0.182861328125,-1.0224609375,-0.120849609375,-10.681151390075684,95.82518768310547,8.72802734375
0.026123046875,-0.822998046875,-0.2779541015625,-6.469726085662842,96.00829315185547,20.263669967651367
-0.0340576171875,-1.021484375,-0.2080078125,0.9155272841453552,69.580078125,6.713866710662842
0.009765625,-1.2738037109375,0.0230712890625,15.991209983825684,46.142574310302734,-25.817869186401367
0.0013427734375,-1.118896484375,0.124755859375,30.212400436401367,56.884761810302734,-33.75244140625
-0.0252685546875,-0.778564453125,0.0526123046875,27.526853561401367,92.28514862060547,-8.544921875
-0.0194091796875,-0.7086181640625,-0.0386962890625,10.009765625,127.07518768310547,17.76123046875
0.0023193359375,-0.911865234375,-0.07275390625,-0.54931640625,149.35302734375,17.51708984375
0.0045166015625,-1.121826171875,-0.0806884765625,20.385740280151367,148.49853515625,-24.963376998901367
-0.0177001953125,-1.042724609375,-0.0977783203125,23.803709030151367,140.9912109375,-12.023924827575684
-0.0440673828125,-0.9935302734375,-0.09375,24.475095748901367,129.7607421875,6.042479991912842
-0.009765625,-0.9908447265625,-0.0538330078125,26.428220748901367,118.53026580810547,8.9111328125
0.083984375,-1.029296875,-0.0040283203125,25.024412155151367,116.82128143310547,5.371093273162842
0.1260986328125,-1.0816650390625,0.005615234375,21.789548873901367,122.68065643310547,1.0986328125
0.079345703125,-1.058837890625,-0.021728515625,21.789548873901367,125.18309783935547,-6.347655773162842
0.0283203125,-0.952880859375,-0.0299072265625,23.254392623901367,115.96678924560547,-9.58251953125
0.0211181640625,-0.9063720703125,0.0135498046875,19.53125,97.90038299560547,-0.6103515625
0.04541015625,-0.98388671875,0.0821533203125,13.977049827575684,79.833984375,8.4228515625
0.037353515625,-1.057373046875,0.1138916015625,16.54052734375,67.07763671875,-0.7934569716453552
-0.0230712890625,-1.041015625,0.10888671875,23.864744186401367,59.082027435302734,-16.9677734375
-0.071533203125,-1.009521484375,0.12939453125,24.230955123901367,52.368160247802734,-16.7236328125
-0.06201171875,-1.0277099609375,0.1864013671875,17.51708984375,46.203609466552734,-4.638671875
-0.0089111328125,-0.9736328125,0.20166015625,11.352538108825684,47.912593841552734,2.50244140625
-0.008056640625,-0.9332275390625,0.152587890625,9.1552734375,58.288570404052734,1.4038084745407104
-0.0079345703125,-0.9720458984375,0.118896484375,4.638671875,68.2373046875,-2.44140625
-0.0135498046875,-1.0279541015625,0.1048583984375,0.54931640625,73.91357421875,-10.498045921325684
-0.0267333984375,-1.0228271484375,0.1038818359375,-1.4038084745407104,72.1435546875,-17.88330078125
-0.0347900390625,-0.98681640625,0.1263427734375,-2.197265625,60.791011810302734,-18.6767578125
-0.0220947265625,-0.982666015625,0.17236328125,-3.906249761581421,44.311519622802734,-13.000487327575684
-0.0098876953125,-0.9947509765625,0.2039794921875,-6.286620616912842,33.50830078125,-6.469726085662842
-0.0162353515625,-0.9832763671875,0.1561279296875,-8.7890625,38.6962890625,-10.192870140075684
-0.012939453125,-0.9932861328125,0.125244140625,-12.390135765075684,41.992183685302734,-12.145995140075684
-0.0174560546875,-1.0008544921875,0.120361328125,-14.892577171325684,39.306640625,-8.97216796875
-0.0230712890625,-1.005126953125,0.145263671875,-14.099120140075684,30.151365280151367,-1.8920897245407104
-0.0242919921875,-1.013671875,0.171630859375,-11.901854515075684,18.5546875,5.920409679412842
-0.0352783203125,-1.015625,0.1539306640625,-9.8876953125,10.559081077575684,10.620116233825684
-0.03125,-1.0250244140625,0.1015625,-9.1552734375,7.934569835662842,11.169432640075684
0.00048828125,-1.02734375,0.058837890625,-9.70458984375,8.60595703125,10.620116233825684
0.028076171875,-0.96826171875,0.04052734375,-8.30078125,8.056640625,12.390135765075684
0.0108642578125,-0.911376953125,0.029052734375,-3.295898199081421,2.50244140625,13.183592796325684
-0.0638427734375,-0.9754638671875,-0.01171875,0.3662109076976776,1.9531248807907104,8.11767578125
-0.0877685546875,-1.1343994140625,-0.052978515625,0.6713866591453552,17.2119140625,0.8544921278953552
-0.014892578125,-1.211181640625,-0.051025390625,2.44140625,34.0576171875,0.54931640625
0.004638671875,-1.1129150390625,-0.061767578125,6.286620616912842,36.2548828125,9.1552734375
-0.0587158203125,-0.9580078125,-0.0931396484375,6.652831554412842,30.944822311401367,16.845703125
-0.093017578125,-0.876953125,-0.083251953125,1.7089842557907104,32.77587890625,18.49365234375
-0.0927734375,-0.8917236328125,-0.0467529296875,-4.21142578125,44.311519622802734,15.258788108825684
-0.0843505859375,-0.9493408203125,-0.0264892578125,-5.920409679412842,54.199214935302734,8.1787109375
-0.0802001953125,-0.980224609375,-0.02001953125,-2.197265625,53.649898529052734,2.197265625
-0.1033935546875,-0.972412109375,-0.0106201171875,3.479003667831421,47.302242279052734,-0.8544921278953552
-0.1241455078125,-0.957763671875,0.0050048828125,8.11767578125,42.602535247802734,-5.981444835662842
-0.0496826171875,-0.933349609375,-0.0535888671875,-1.2817381620407104,56.701656341552734,-34.36279296875
-0.0191650390625,-0.9302978515625,-0.055908203125,-5.371093273162842,52.551265716552734,-44.006343841552734
0.001220703125,-0.9307861328125,-0.0291748046875,-4.57763671875,43.884273529052734,-49.682613372802734
0.03076171875,-0.930419921875,0.010986328125,0.7934569716453552,34.66796875,-57.373043060302734
0.074462890625,-0.935302734375,0.0406494140625,5.0048828125,30.456541061401367,-65.61279296875
0.1614990234375,-0.92333984375,0.055419921875,6.347655773162842,30.761716842651367,-68.2373046875
0.4759521484375,-0.872802734375,-0.0928955078125,-14.526366233825684,53.283687591552734,-136.5966796875
0.684814453125,-0.7821044921875,0.06640625,-14.892577171325684,28.381345748901367,-100.70800018310547
0.839111328125,-0.6905517578125,0.127685546875,0.7324218153953552,5.187987804412842,-93.93309783935547
0.8271484375,-0.6982421875,0.0618896484375,10.864256858825684,2.0751953125,-117.00438690185547
0.7843017578125,-0.688720703125,-0.00341796875,1.03759765625,11.230467796325684,-109.37499237060547
0.9774169921875,-0.4853515625,0.051025390625,-4.33349609375,-27.709959030151367,-65.185546875
0.9794921875,-0.4852294921875,0.044189453125,-1.7700194120407104,-24.475095748901367,-57.128902435302734
0.9490966796875,-0.441162109375,-0.010009765625,-4.21142578125,-14.465331077575684,-49.316402435302734
0.9349365234375,-0.376708984375,-0.05126953125,-10.437010765075684,-8.6669921875,-37.109375
0.9185791015625,-0.3382568359375,-0.0399169921875,-5.493163585662842,-29.052732467651367,-16.54052734375
0.90234375,-0.3426513671875,-0.078857421875,-3.540038824081421,-25.207517623901367,-13.549803733825684
0.8956298828125,-0.32666015625,-0.1187744140625,-1.6479490995407104,-21.362302780151367,-9.82666015625
0.881591796875,-0.3123779296875,-0.16259765625,-5.493163585662842,-17.2119140625,-0.7324218153953552
0.9013671875,-0.29931640625,-0.1866455078125,-14.160155296325684,-15.624999046325684,8.97216796875
0.9384765625,-0.2847900390625,-0.1859130859375,-20.080564498901367,-19.287109375,8.60595703125
0.893798828125,-0.2938232421875,-0.1802978515625,-20.446775436401367,-24.658201217651367,4.33349609375
0.7982177734375,-0.3243408203125,-0.1695556640625,-19.10400390625,-29.846189498901367,6.591796398162842
0.7734375,-0.300537109375,-0.1781005859375,-18.37158203125,-34.3017578125,12.145995140075684
0.8436279296875,-0.278076171875,-0.236328125,-20.263669967651367,-33.38623046875,16.90673828125
0.898681640625,-0.3232421875,-0.3076171875,-25.939939498901367,-25.817869186401367,22.827146530151367
0.8985595703125,-0.359619140625,-0.3331298828125,-29.418943405151367,-23.315427780151367,23.376462936401367
0.89208984375,-0.3929443359375,-0.3365478515625,-30.151365280151367,-31.860349655151367,14.282225608825684
0.867919921875,-0.4405517578125,-0.342529296875,-28.137205123901367,-43.029781341552734,4.39453125
0.8056640625,-0.454345703125,-0.3226318359375,-19.47021484375,-52.795406341552734,3.234863042831421
0.7620849609375,-0.4268798828125,-0.3074951171875,-8.6669921875,-58.715816497802734,9.27734375
0.8031005859375,-0.4976806640625,-0.5142822265625,-5.126952648162842,-21.606443405151367,28.320310592651367
0.7967529296875,-0.5350341796875,-0.5146484375,0.1220703050494194,-16.41845703125,37.17041015625
0.790771484375,-0.5400390625,-0.4903564453125,9.33837890625,-14.160155296325684,36.1328125
0.7852783203125,-0.5552978515625,-0.4898681640625,15.869139671325684,-8.11767578125,35.70556640625
0.7723388671875,-0.59033203125,-0.4954833984375,15.747069358825684,-0.8544921278953552,36.7431640625
0.734619140625,-0.62109375,-0.4759521484375,15.747069358825684,2.0751953125,36.68212890625
0.6893310546875,-0.650390625,-0.4493408203125,21.179197311401367,2.25830078125,39.48974609375
0.6468505859375,-0.687744140625,-0.421630859375,28.381345748901367,3.173827886581421,43.151851654052734
0.624267578125,-0.7333984375,-0.39794921875,34.24072265625,5.065917491912842,43.029781341552734
0.6146240234375,-0.7796630859375,-0.3878173828125,40.405269622802734,8.85009765625,39.9169921875
0.6026611328125,-0.8077392578125,-0.3751220703125,48.767086029052734,14.953612327575684,36.376953125
0.592529296875,-0.8226318359375,-0.3359375,54.992671966552734,21.179197311401367,35.64453125
0.596923828125,-0.8458251953125,-0.2757568359375,55.541988372802734,25.329587936401367,40.344234466552734
0.62158203125,-0.89453125,-0.2337646484375,52.612300872802734,29.052732467651367,48.889156341552734
0.6485595703125,-0.985107421875,-0.233154296875,49.865718841552734,34.11865234375,54.260250091552734
0.6566162109375,-1.0860595703125,-0.25439453125,48.034664154052734,38.75732421875,49.072261810302734
0.5914306640625,-1.147216796875,-0.1890869140625,42.541500091552734,28.503416061401367,25.146482467651367
0.53857421875,-1.1527099609375,-0.10595703125,36.7431640625,17.578125,24.597166061401367
0.494384765625,-1.159912109375,-0.0714111328125,28.137205123901367,11.291502952575684,27.343748092651367
0.44921875,-1.1458740234375,-0.08251953125,20.568845748901367,7.690429210662842,22.277830123901367
0.4267578125,-1.0653076171875,-0.0689697265625,17.39501953125,1.9531248807907104,10.803221702575684
0.43310546875,-0.8931884765625,-0.0103759765625,15.991209983825684,-2.990722417831421,3.906249761581421
0.3980712890625,-0.678466796875,0.0328369140625,12.023924827575684,1.4648436307907104,0.30517578125
0.3419189453125,-0.5357666015625,0.043212890625,5.798339366912842,13.244627952575684,-8.72802734375
0.3023681640625,-0.5440673828125,0.02783203125,-0.1831054538488388,25.207517623901367,-15.747069358825684
0.286376953125,-0.6317138671875,0.003662109375,-1.15966796875,35.33935546875,-12.451170921325684
0.32470703125,-0.7181396484375,0.0111083984375,1.8920897245407104,41.809078216552734,-6.713866710662842
0.358642578125,-0.791015625,0.03564453125,0.3662109076976776,44.738765716552734,-3.234863042831421
0.337158203125,-0.81396484375,0.0631103515625,-6.347655773162842,41.503902435302734,2.3193359375
0.2818603515625,-0.7674560546875,0.0994873046875,-9.27734375,27.465818405151367,6.652831554412842
0.227783203125,-0.723876953125,0.138427734375,-8.36181640625,10.437010765075684,8.4228515625
0.2320556640625,-0.765380859375,0.1507568359375,-10.192870140075684,0.7934569716453552,10.498045921325684
0.255615234375,-0.941650390625,0.087646484375,-15.747069358825684,0.9765624403953552,10.742186546325684
0.3734130859375,-1.1630859375,0.0196533203125,-24.780271530151367,1.8920897245407104,11.169432640075684
0.6259765625,-1.31103515625,0.003662109375,-32.8369140625,-5.432128429412842,7.629394054412842
0.682861328125,-1.1162109375,-0.2147216796875,-20.385740280151367,-31.433103561401367,-4.2724609375
0.4901123046875,-0.7103271484375,-0.13818359375,-8.544921875,-47.485347747802734,17.9443359375
0.47998046875,-0.713134765625,-0.118896484375,-9.58251953125,-28.442380905151367,15.380858421325684
0.4862060546875,-0.73583984375,-0.1685791015625,-5.737304210662842,-4.8828125,4.69970703125
0.4427490234375,-0.75439453125,-0.2557373046875,-2.13623046875,14.160155296325684,-5.737304210662842
0.3939208984375,-0.77978515625,-0.27587890625,0.4272460639476776,15.563963890075684,-4.94384765625
0.3797607421875,-0.82763671875,-0.191162109375,8.11767578125,-2.563476324081421,3.845214605331421
0.36376953125,-0.8724365234375,-0.107421875,19.34814453125,-22.705076217651367,12.756346702575684
0.315185546875,-0.8912353515625,-0.107666015625,24.780271530151367,-26.977537155151367,21.789548873901367
0.260986328125,-0.9205322265625,-0.143310546875,22.399900436401367,-17.76123046875,31.433103561401367
0.2266845703125,-0.9903564453125,-0.1416015625,21.362302780151367,-9.70458984375,39.00146484375
0.20068359375,-1.03759765625,-0.1131591796875,26.367185592651367,-7.873534679412842,45.715328216552734
0.1368408203125,-0.943359375,-0.10693359375,35.82763671875,-3.479003667831421,57.250972747802734
0.133056640625,-0.8634033203125,-0.0977783203125,37.29248046875,0.0610351525247097,52.673336029052734
0.213134765625,-0.8634033203125,-0.0501708984375,33.5693359375,3.173827886581421,42.297359466552734
0.404296875,-0.9921875,0.015380859375,24.291990280151367,13.610838890075684,23.010251998901367
0.55322265625,-1.095458984375,0.0152587890625,16.78466796875,29.663084030151367,-0.30517578125
0.47119140625,-1.04052734375,-0.048828125,16.29638671875,22.766111373901367,-6.408690929412842
0.3050537109375,-0.947021484375,-0.02685546875,23.498533248901367,-26.062009811401367,4.0283203125
0.2789306640625,-0.92724609375,0.10205078125,33.0810546875,-85.57128143310547,9.33837890625
0.2669677734375,-0.9276123046875,0.169921875,30.944822311401367,-105.40770721435547,10.253905296325684
0.1988525390625,-0.8985595703125,0.154296875,18.12744140625,-90.63719940185547,14.953612327575684
0.2103271484375,-0.8760986328125,0.1463623046875,15.075682640075684,-82.03124237060547,8.1787109375
0.298828125,-0.90478515625,0.1475830078125,24.414060592651367,-82.45848846435547,-15.014647483825684
0.35205078125,-0.9659423828125,0.11669921875,30.517576217651367,-80.68846893310547,-33.26416015625
0.343017578125,-0.97998046875,0.0767822265625,32.470703125,-87.34130096435547,-32.04345703125
0.332275390625,-0.911865234375,0.085205078125,39.24560546875,-109.37499237060547,-22.277830123901367
0.37060546875,-0.8226318359375,0.1483154296875,48.095699310302734,-135.498046875,-18.9208984375
0.41552734375,-0.7850341796875,0.2093505859375,51.025386810302734,-150.7568359375,-24.719236373901367
0.4442138671875,-0.8125,0.235107421875,47.668453216552734,-151.3671875,-39.4287109375
0.4781494140625,-0.853271484375,0.2288818359375,42.724605560302734,-144.47021484375,-55.480953216552734
0.5084228515625,-0.8458251953125,0.1866455078125,37.9638671875,-136.41357421875,-63.232418060302734
0.558837890625,-0.788330078125,0.1279296875,32.77587890625,-128.0517578125,-66.10107421875
0.6495361328125,-0.7733154296875,0.0760498046875,28.320310592651367,-123.10790252685547,-70.86181640625
0.734619140625,-0.81884765625,0.0447998046875,26.367185592651367,-123.90135955810547,-74.462890625
0.7476806640625,-0.8214111328125,0.008544921875,27.404783248901367,-128.23486328125,-72.3876953125
0.699462890625,-0.7386474609375,-0.0570068359375,28.198240280151367,-130.126953125,-66.83349609375
0.7109375,-0.6207275390625,-0.17431640625,19.1650390625,-115.96678924560547,-58.410640716552734
0.7861328125,-0.708984375,-0.312744140625,20.385740280151367,-73.2421875,-54.870601654052734
0.75634765625,-0.654052734375,-0.322021484375,23.254392623901367,-71.47216796875,-47.058101654052734
0.7291259765625,-0.586181640625,-0.35986328125,20.568845748901367,-66.22314453125,-32.8369140625
0.728759765625,-0.551513671875,-0.390380859375,15.747069358825684,-55.053707122802734,-22.460935592651367
0.7366943359375,-0.5592041015625,-0.392333984375,10.925292015075684,-37.17041015625,-18.85986328125
0.752197265625,-0.5740966796875,-0.37451171875,7.873534679412842,-17.2119140625,-14.831542015075684
0.7720947265625,-0.564697265625,-0.3646240234375,9.27734375,-1.8920897245407104,-9.09423828125
0.76708984375,-0.54345703125,-0.379150390625,14.770506858825684,5.249022960662842,-4.45556640625
0.751953125,-0.5479736328125,-0.38818359375,21.850584030151367,1.7089842557907104,-1.03759765625
0.7548828125,-0.5750732421875,-0.3695068359375,29.541013717651367,-9.94873046875,0.6713866591453552
0.765380859375,-0.5985107421875,-0.341796875,32.5927734375,-19.34814453125,2.38037109375
0.7591552734375,-0.6016845703125,-0.335693359375,25.695798873901367,-18.310546875,6.225585460662842
0.7371826171875,-0.581298828125,-0.348388671875,13.549803733825684,-9.58251953125,8.7890625
0.740966796875,-0.60986328125,-0.3258056640625,5.0048828125,1.220703125,6.347655773162842
0.736083984375,-0.61767578125,-0.2945556640625,3.234863042831421,0.8544921278953552,6.042479991912842
0.729736328125,-0.6290283203125,-0.276611328125,4.5166015625,2.3193359375,6.042479991912842
0.7215576171875,-0.6375732421875,-0.29833984375,5.859374523162842,3.723144292831421,6.469726085662842
0.722900390625,-0.6119384765625,-0.2796630859375,2.197265625,-5.310058116912842,4.82177734375
0.7049560546875,-0.638427734375,-0.2896728515625,0.8544921278953552,0.9155272841453552,4.7607421875
0.697509765625,-0.6553955078125,-0.2982177734375,-0.1220703050494194,4.08935546875,5.554198741912842
0.6981201171875,-0.6458740234375,-0.29638671875,0.1220703050494194,4.0283203125,7.812499523162842
0.6939697265625,-0.634521484375,-0.299560546875,0.4882812201976776,4.638671875,8.97216796875
0.686279296875,-0.640869140625,-0.3060302734375,0.6713866591453552,5.981444835662842,6.835937023162842
0.686767578125,-0.6563720703125,-0.2974853515625,1.2817381620407104,5.493163585662842,3.723144292831421
0.713623046875,-0.66552734375,-0.293212890625,2.197265625,1.8920897245407104,0.8544921278953552
0.7073974609375,-0.6651611328125,-0.314208984375,1.5869139432907104,2.13623046875,0.2441406100988388
0.6932373046875,-0.65966796875,-0.280517578125,0.4882812201976776,2.807616949081421,2.3193359375
0.6988525390625,-0.664794921875,-0.28759765625,0.7934569716453552,4.33349609375,1.4648436307907104
0.7027587890625,-0.663818359375,-0.2882080078125,1.0986328125,3.967284917831421,1.4038084745407104
0.70166015625,-0.661376953125,-0.286376953125,1.03759765625,3.112792730331421,2.38037109375
0.704345703125,-0.6605224609375,-0.2821044921875,0.6103515625,2.25830078125,2.746581792831421
0.703369140625,-0.6602783203125,-0.2801513671875,0.0610351525247097,2.197265625,2.13623046875
0.697998046875,-0.6575927734375,-0.27587890625,-0.2441406100988388,2.13623046875,1.5258787870407104
0.6983642578125,-0.6566162109375,-0.2679443359375,-0.2441406100988388,1.2817381620407104,1.5258787870407104
0.7001953125,-0.6583251953125,-0.2677001953125,-0.4272460639476776,1.03759765625,1.9531248807907104
0.7001953125,-0.65576171875,-0.2745361328125,-0.9155272841453552,1.9531248807907104,1.7089842557907104
0.6961669921875,-0.6551513671875,-0.2802734375,-1.7089842557907104,2.44140625,0.7324218153953552
0.693359375,-0.662353515625,-0.28564453125,-2.197265625,1.9531248807907104,-0.30517578125
0.69580078125,-0.66943359375,-0.2886962890625,-1.6479490995407104,0.6103515625,-1.3427733182907104
0.7042236328125,-0.6656494140625,-0.2822265625,-0.30517578125,-1.8920897245407104,-1.8310545682907104
0.71044921875,-0.658203125,-0.2740478515625,0.6103515625,-3.417968511581421,-1.4648436307907104
0.705810546875,-0.66162109375,-0.2734375,-0.0610351525247097,-1.4648436307907104,-0.2441406100988388
0.7017822265625,-0.66943359375,-0.2720947265625,-1.3427733182907104,2.624511480331421,1.3427733182907104
0.7008056640625,-0.669677734375,-0.2685546875,-1.9531248807907104,5.859374523162842,3.173827886581421
0.6951904296875,-0.6658935546875,-0.273681640625,-2.197265625,7.873534679412842,5.249022960662842
0.69873046875,-0.6778564453125,-0.2886962890625,-2.44140625,2.746581792831421,5.493163585662842
0.693115234375,-0.6842041015625,-0.281982421875,-2.25830078125,2.01416015625,7.202147960662842
0.6732177734375,-0.68408203125,-0.2705078125,1.0986328125,7.141112804412842,10.742186546325684
0.6805419921875,-0.6949462890625,-0.27783203125,1.5869139432907104,8.36181640625,8.60595703125
0.6827392578125,-0.708984375,-0.28955078125,2.01416015625,7.812499523162842,6.896972179412842
0.6741943359375,-0.7198486328125,-0.2969970703125,2.807616949081421,5.371093273162842,6.225585460662842
0.6640625,-0.7213134765625,-0.2919921875,3.723144292831421,0.8544921278953552,7.385253429412842
0.65283203125,-0.711181640625,-0.2806396484375,4.150390625,-3.601073980331421,10.070799827575684
0.6453857421875,-0.7027587890625,-0.2696533203125,4.150390625,-5.065917491912842,12.329100608825684
0.649658203125,-0.7076416015625,-0.266845703125,4.39453125,-2.624511480331421,12.451170921325684
0.6507568359375,-0.723876953125,-0.2779541015625,4.82177734375,2.01416015625,12.084959983825684
0.642333984375,-0.7386474609375,-0.290771484375,5.126952648162842,4.57763671875,13.122557640075684
0.6287841796875,-0.7393798828125,-0.2957763671875,5.615233898162842,2.25830078125,13.610838890075684
0.6119384765625,-0.739501953125,-0.2938232421875,6.469726085662842,-3.173827886581421,11.474608421325684
0.59326171875,-0.748046875,-0.2886962890625,7.385253429412842,-7.446288585662842,8.72802734375
0.5670166015625,-0.755615234375,-0.28564453125,8.30078125,-7.324218273162842,9.82666015625
0.535400390625,-0.76220703125,-0.285400390625,8.9111328125,-2.990722417831421,15.502928733825684
0.5548095703125,-0.791015625,-0.2410888671875,2.624511480331421,13.244627952575684,7.324218273162842
0.5284423828125,-0.8067626953125,-0.2191162109375,2.197265625,13.427733421325684,6.958007335662842
0.525634765625,-0.8218994140625,-0.1748046875,0.9155272841453552,7.690429210662842,10.620116233825684
0.55419921875,-0.8419189453125,-0.142822265625,-0.4882812201976776,2.3193359375,14.038084983825684
0.5723876953125,-0.8563232421875,-0.155029296875,-0.6103515625,3.723144292831421,14.343260765075684
0.5595703125,-0.85205078125,-0.16455078125,0.1831054538488388,9.27734375,12.939452171325684
0.540283203125,-0.8375244140625,-0.1239013671875,1.6479490995407104,10.803221702575684,11.962889671325684
0.526123046875,-0.8284912109375,-0.077880859375,3.540038824081421,8.97216796875,12.207030296325684
0.528076171875,-0.8392333984375,-0.078857421875,5.432128429412842,9.521484375,13.000487327575684
0.541748046875,-0.869384765625,-0.1087646484375,7.812499523162842,11.535643577575684,12.939452171325684
0.5421142578125,-0.8931884765625,-0.1202392578125,10.742186546325684,10.314940452575684,14.099120140075684
0.5296630859375,-0.9447021484375,-0.045654296875,12.268065452575684,9.82666015625,26.977537155151367
0.5140380859375,-0.9656982421875,-0.0474853515625,10.620116233825684,21.240232467651367,27.893064498901367
0.4932861328125,-0.959228515625,-0.02294921875,8.7890625,28.076169967651367,28.320310592651367
0.461669921875,-0.93408203125,0.0218505859375,6.469726085662842,28.991697311401367,30.151365280151367
0.41162109375,-0.89013671875,0.0595703125,4.0283203125,33.5693359375,29.479978561401367
0.4053955078125,-0.8929443359375,0.0460205078125,0.9155272841453552,39.1845703125,23.620603561401367
0.374267578125,-0.9130859375,0.0206298828125,-6.225585460662842,43.884273529052734,19.34814453125
0.32568359375,-0.9315185546875,-0.00439453125,-12.145995140075684,43.395992279052734,20.141599655151367
0.280517578125,-0.93896484375,-0.0390625,-13.000487327575684,37.4755859375,24.719236373901367
0.2408447265625,-0.932373046875,-0.09521484375,-11.230467796325684,27.709959030151367,27.282712936401367
0.2147216796875,-0.9537353515625,-0.134765625,-12.207030296325684,10.742186546325684,24.597166061401367
0.242431640625,-0.986083984375,-0.1212158203125,-16.05224609375,-14.587401390075684,21.057126998901367
0.30517578125,-0.9716796875,-0.0826416015625,-19.83642578125,-35.21728515625,18.310546875
0.3450927734375,-0.931640625,-0.052734375,-22.583005905151367,-40.649410247802734,10.803221702575684
0.3372802734375,-0.8970947265625,-0.0550537109375,-20.568845748901367,-36.92626953125,-2.197265625
0.31298828125,-0.8602294921875,-0.1019287109375,-13.122557640075684,-31.372068405151367,-16.66259765625
0.4312744140625,-0.879638671875,-0.228759765625,-2.990722417831421,-16.845703125,-30.334470748901367
0.4293212890625,-0.92333984375,-0.2398681640625,-1.4038084745407104,-16.54052734375,-30.944822311401367
0.394775390625,-0.9407958984375,-0.247802734375,0.9155272841453552,-19.1650390625,-31.799314498901367
0.3643798828125,-0.9171142578125,-0.2520751953125,3.662109136581421,-23.010251998901367,-27.038572311401367
0.3731689453125,-0.8741455078125,-0.25439453125,3.967284917831421,-22.521970748901367,-19.71435546875
0.3896484375,-0.867431640625,-0.2672119140625,0.7324218153953552,-15.136717796325684,-16.7236328125
0.39794921875,-0.89013671875,-0.2679443359375,-1.5258787870407104,-5.737304210662842,-17.63916015625
0.40869140625,-0.896484375,-0.24365234375,0.6713866591453552,-1.2817381620407104,-17.15087890625
0.4114990234375,-0.8726806640625,-0.2281494140625,4.57763671875,-1.03759765625,-14.648436546325684
0.40185546875,-0.8553466796875,-0.2454833984375,5.920409679412842,0.9765624403953552,-12.695311546325684
0.4071044921875,-0.880859375,-0.2615966796875,4.638671875,4.82177734375,-9.8876953125
0.42919921875,-0.9176025390625,-0.2547607421875,3.540038824081421,8.36181640625,-3.662109136581421
0.446044921875,-0.9322509765625,-0.1680908203125,6.958007335662842,14.709471702575684,12.207030296325684
0.4765625,-0.95068359375,-0.135498046875,7.934569835662842,20.690916061401367,8.85009765625
0.469482421875,-0.932373046875,-0.1163330078125,6.774901866912842,26.550291061401367,8.1787109375
0.4332275390625,-0.8779296875,-0.076904296875,4.08935546875,23.681638717651367,15.380858421325684
0.409423828125,-0.857666015625,-0.01904296875,1.8310545682907104,13.549803733825684,22.583005905151367
0.416259765625,-0.897705078125,0.02978515625,1.7089842557907104,7.141112804412842,22.277830123901367
0.427001953125,-0.950439453125,0.0570068359375,3.540038824081421,8.72802734375,19.34814453125
0.40185546875,-0.9615478515625,0.06689453125,5.0048828125,13.427733421325684,18.98193359375
0.355224609375,-0.935791015625,0.072998046875,2.929687261581421,18.4326171875,19.34814453125
0.3148193359375,-0.9136962890625,0.0675048828125,-1.8920897245407104,24.841306686401367,18.06640625
0.300537109375,-0.923095703125,0.0406494140625,-6.774901866912842,32.53173828125,15.014647483825684
0.3206787109375,-0.958740234375,0.01025390625,-9.94873046875,38.63525390625,11.596678733825684
0.3436279296875,-0.9862060546875,-0.0096435546875,-10.925292015075684,41.320796966552734,9.27734375
0.3431396484375,-0.97509765625,-0.0147705078125,-10.742186546325684,40.893550872802734,8.7890625
0.3240966796875,-0.9378662109375,-0.004150390625,-11.596678733825684,38.818359375,9.21630859375
0.3055419921875,-0.91552734375,0.014404296875,-13.854979515075684,36.43798828125,8.60595703125
0.3033447265625,-0.9239501953125,0.022216796875,-17.15087890625,34.912109375,6.042479991912842
0.31005859375,-0.9537353515625,0.0076904296875,-21.118162155151367,34.85107421875,2.685546636581421
0.31982421875,-0.961669921875,-0.006591796875,-18.98193359375,32.470703125,0.0610351525247097
0.30419921875,-0.9354248046875,-0.013427734375,-17.08984375,31.677244186401367,0.3662109076976776
0.30517578125,-0.9339599609375,-0.0291748046875,-17.15087890625,29.541013717651367,-1.4648436307907104
0.3253173828125,-0.95166015625,-0.0533447265625,-18.00537109375,25.451658248901367,-4.33349609375
0.3563232421875,-0.9761962890625,-0.079833984375,-18.37158203125,20.080564498901367,-6.347655773162842
0.3814697265625,-0.982421875,-0.1009521484375,-17.02880859375,13.366698265075684,-7.202147960662842
0.3817138671875,-0.9530029296875,-0.1204833984375,-13.916014671325684,6.591796398162842,-6.652831554412842
0.3681640625,-0.911376953125,-0.1390380859375,-10.986327171325684,1.6479490995407104,-5.187987804412842
0.3846435546875,-0.8912353515625,-0.16748046875,-8.23974609375,-5.065917491912842,-5.554198741912842
0.40283203125,-0.914794921875,-0.18115234375,-7.141112804412842,-7.202147960662842,-6.713866710662842
0.41455078125,-0.9237060546875,-0.1817626953125,-3.295898199081421,-10.498045921325684,-7.019042491912842
0.4090576171875,-0.90673828125,-0.1793212890625,2.25830078125,-14.404295921325684,-5.981444835662842
0.398681640625,-0.88671875,-0.1864013671875,5.371093273162842,-16.11328125,-4.45556640625
0.3975830078125,-0.877685546875,-0.2020263671875,4.5166015625,-15.014647483825684,-3.356933355331421
0.389892578125,-0.8787841796875,-0.2164306640625,2.38037109375,-13.244627952575684,-2.563476324081421
0.375732421875,-0.8907470703125,-0.213623046875,2.746581792831421,-12.634276390075684,-1.5869139432907104
0.37158203125,-0.900390625,-0.2005615234375,6.713866710662842,-12.756346702575684,-1.0986328125
0.383056640625,-0.890625,-0.1978759765625,12.145995140075684,-10.253905296325684,-2.25830078125
0.39404296875,-0.8734130859375,-0.2091064453125,15.136717796325684,-3.784179449081421,-4.82177734375
0.39794921875,-0.8648681640625,-0.21875,13.854979515075684,3.417968511581421,-6.958007335662842
0.3973388671875,-0.8685302734375,-0.219482421875,11.291502952575684,7.080077648162842,-8.36181640625
0.4000244140625,-0.88720703125,-0.213623046875,10.437010765075684,6.408690929412842,-9.82666015625
0.4248046875,-0.9122314453125,-0.200927734375,11.596678733825684,2.929687261581421,-11.962889671325684
0.4552001953125,-0.928466796875,-0.18798828125,13.793944358825684,-2.929687261581421,-12.878417015075684
0.45849609375,-0.9212646484375,-0.1798095703125,15.502928733825684,-10.559081077575684,-10.498045921325684
0.4429931640625,-0.8946533203125,-0.1693115234375,16.17431640625,-18.49365234375,-6.591796398162842
0.442626953125,-0.8765869140625,-0.150390625,16.17431640625,-24.719236373901367,-4.39453125
0.46044921875,-0.876708984375,-0.13525390625,16.2353515625,-27.160642623901367,-4.39453125
0.4801025390625,-0.8858642578125,-0.1260986328125,25.207517623901367,-30.700681686401367,-7.324218273162842
0.4808349609375,-0.872802734375,-0.100341796875,31.127927780151367,-38.2080078125,-7.080077648162842
0.4820556640625,-0.87841796875,-0.0877685546875,35.15625,-44.006343841552734,-8.48388671875
0.470458984375,-0.924560546875,-0.095703125,35.21728515625,-44.433589935302734,-12.634276390075684
0.456787109375,-0.969482421875,-0.06640625,35.2783203125,-46.447750091552734,-14.770506858825684
0.4429931640625,-0.94287109375,0.0045166015625,36.9873046875,-54.382320404052734,-6.591796398162842
0.4310302734375,-0.9390869140625,0.04345703125,18.798828125,-44.799800872802734,-15.136717796325684
0.4312744140625,-0.9488525390625,0.08154296875,19.04296875,-45.104976654052734,-12.268065452575684
0.4151611328125,-0.9405517578125,0.0877685546875,18.37158203125,-41.320796966552734,-3.051757574081421
0.4154052734375,-0.9302978515625,0.0858154296875,15.991209983825684,-35.58349609375,3.479003667831421
0.421630859375,-0.9261474609375,0.065185546875,6.286620616912842,-17.76123046875,-2.563476324081421
0.41552734375,-0.9205322265625,0.053955078125,2.807616949081421,-10.131834983825684,-4.2724609375
0.41748046875,-0.9110107421875,0.047119140625,0.9765624403953552,-5.920409679412842,-2.990722417831421
0.417724609375,-0.9091796875,0.0316162109375,-0.7934569716453552,-1.5869139432907104,-1.8310545682907104
0.4208984375,-0.913330078125,0.021484375,-2.197265625,2.13623046875,-2.197265625
0.43359375,-0.907470703125,0.0284423828125,-2.44140625,2.197265625,-2.746581792831421
0.4395751953125,-0.896240234375,0.0277099609375,-4.69970703125,2.746581792831421,-1.8310545682907104
0.4429931640625,-0.8909912109375,0.00732421875,-10.070799827575684,7.324218273162842,-0.7324218153953552
0.45166015625,-0.9002685546875,-0.013916015625,-15.014647483825684,11.169432640075684,-2.0751953125
0.4583740234375,-0.9111328125,-0.023193359375,-16.78466796875,10.986327171325684,-4.638671875
0.4599609375,-0.9056396484375,-0.0333251953125,-16.7236328125,10.253905296325684,-6.652831554412842
0.4696044921875,-0.889892578125,-0.0438232421875,-16.90673828125,11.962889671325684,-7.568358898162842
0.4908447265625,-0.876953125,-0.05029296875,-17.63916015625,15.258788108825684,-7.568358898162842
0.5028076171875,-0.8685302734375,-0.06591796875,-19.04296875,20.202634811401367,-6.835937023162842
0.5018310546875,-0.855712890625,-0.086669921875,-19.59228515625,24.658201217651367,-6.042479991912842
0.50146484375,-0.8477783203125,-0.09765625,-17.15087890625,25.085447311401367,-6.347655773162842
0.5123291015625,-0.858154296875,-0.101318359375,-13.122557640075684,22.033689498901367,-7.446288585662842
0.532958984375,-0.8663330078125,-0.10595703125,-9.765625,18.49365234375,-7.690429210662842
0.5469970703125,-0.8551025390625,-0.1180419921875,-8.36181640625,15.930174827575684,-6.408690929412842
0.540283203125,-0.835205078125,-0.140625,-10.131834983825684,14.404295921325684,-3.234863042831421
0.526611328125,-0.823486328125,-0.148681640625,-13.549803733825684,12.268065452575684,-0.30517578125
0.5267333984375,-0.8250732421875,-0.134033203125,-14.709471702575684,8.48388671875,-1.220703125
0.5474853515625,-0.8287353515625,-0.126953125,-12.634276390075684,5.126952648162842,-7.202147960662842
0.5460205078125,-0.8299560546875,-0.1435546875,-13.671874046325684,7.141112804412842,-7.507323741912842
0.540771484375,-0.8359375,-0.1676025390625,-16.9677734375,10.375975608825684,-8.11767578125
0.54443359375,-0.8433837890625,-0.1826171875,-20.507810592651367,11.718749046325684,-9.46044921875
0.552978515625,-0.83740234375,-0.1810302734375,-22.155759811401367,9.09423828125,-9.3994140625
0.5535888671875,-0.8236083984375,-0.17578125,-22.338865280151367,5.126952648162842,-7.507323741912842
0.54931640625,-0.818115234375,-0.169921875,-22.155759811401367,2.990722417831421,-5.493163585662842
0.55517578125,-0.81298828125,-0.1607666015625,-20.507810592651367,2.38037109375,-4.2724609375
0.5699462890625,-0.765869140625,-0.2039794921875,-17.333984375,10.742186546325684,-4.45556640625
0.5709228515625,-0.763916015625,-0.247802734375,-20.01953125,18.798828125,-7.690429210662842
0.596435546875,-0.7860107421875,-0.27001953125,-23.254392623901367,20.812986373901367,-12.329100608825684
0.6259765625,-0.8026123046875,-0.2718505859375,-25.329587936401367,15.869139671325684,-14.831542015075684
0.6280517578125,-0.792236328125,-0.2747802734375,-25.756834030151367,9.033203125,-13.305663108825684
0.6112060546875,-0.764404296875,-0.2784423828125,-23.742673873901367,1.8310545682907104,-9.6435546875
0.6053466796875,-0.740478515625,-0.2703857421875,-20.263669967651367,-6.164550304412842,-7.141112804412842
0.6123046875,-0.731689453125,-0.26171875,-18.37158203125,-11.535643577575684,-6.835937023162842
0.6165771484375,-0.7320556640625,-0.276123046875,-19.1650390625,-10.864256858825684,-6.958007335662842
0.61328125,-0.724609375,-0.311279296875,-20.202634811401367,-6.591796398162842,-6.713866710662842
0.608154296875,-0.712646484375,-0.3392333984375,-19.34814453125,-3.295898199081421,-7.690429210662842
0.63671875,-0.691650390625,-0.320556640625,-10.620116233825684,4.0283203125,-8.85009765625
0.639892578125,-0.6837158203125,-0.333251953125,-10.253905296325684,9.21630859375,-6.896972179412842
0.645263671875,-0.6807861328125,-0.3480224609375,-10.131834983825684,10.559081077575684,-4.21142578125
0.6513671875,-0.684326171875,-0.363525390625,-10.437010765075684,9.33837890625,-1.7089842557907104
0.656982421875,-0.6820068359375,-0.372802734375,-9.82666015625,7.019042491912842,-0.9765624403953552
0.646484375,-0.66943359375,-0.385498046875,-6.713866710662842,1.5869139432907104,-5.493163585662842
0.6512451171875,-0.6837158203125,-0.3778076171875,-5.554198741912842,-3.845214605331421,-7.202147960662842
0.659912109375,-0.6865234375,-0.365966796875,-4.45556640625,-9.8876953125,-6.835937023162842
0.6483154296875,-0.6651611328125,-0.3709716796875,-4.33349609375,-11.169432640075684,-4.638671875
0.632568359375,-0.6356201171875,-0.38232421875,-3.906249761581421,-8.48388671875,-3.417968511581421
0.636474609375,-0.6273193359375,-0.38623046875,-2.01416015625,-6.774901866912842,-4.57763671875
0.6524658203125,-0.642333984375,-0.385498046875,-1.03759765625,-5.432128429412842,-6.774901866912842
0.65576171875,-0.6595458984375,-0.3936767578125,-2.746581792831421,-2.13623046875,-8.4228515625
0.6329345703125,-0.61474609375,-0.434326171875,-6.713866710662842,-0.54931640625,-6.652831554412842
0.6346435546875,-0.615234375,-0.4334716796875,-9.6435546875,-5.676269054412842,-5.310058116912842
0.655029296875,-0.633056640625,-0.432861328125,-14.465331077575684,-7.568358898162842,-3.234863042831421
0.6806640625,-0.64013671875,-0.4334716796875,-17.822265625,-3.356933355331421,-1.4648436307907104
0.68115234375,-0.6497802734375,-0.4423828125,-16.41845703125,4.2724609375,-3.356933355331421
0.6561279296875,-0.649169921875,-0.4525146484375,-8.48388671875,11.108397483825684,-5.859374523162842
0.670166015625,-0.6265869140625,-0.427490234375,4.638671875,11.291502952575684,-5.859374523162842
0.69921875,-0.61376953125,-0.3902587890625,16.2353515625,5.371093273162842,-1.7089842557907104
0.6719970703125,-0.65087890625,-0.400146484375,21.667478561401367,0.1220703050494194,6.408690929412842
0.6243896484375,-0.7054443359375,-0.43310546875,25.146482467651367,-3.112792730331421,12.634276390075684
0.58544921875,-0.72314453125,-0.4423828125,28.869626998901367,-2.197265625,16.845703125
0.5377197265625,-0.71240234375,-0.42431640625,29.907224655151367,6.042479991912842,23.315427780151367
0.495361328125,-0.7161865234375,-0.3760986328125,30.761716842651367,17.27294921875,26.550291061401367
0.415283203125,-0.90234375,-0.1214599609375,44.860836029052734,76.66015625,49.621578216552734
0.382080078125,-0.926513671875,-0.065185546875,44.250484466552734,95.76415252685547,65.12451171875
0.6297607421875,-0.8525390625,0.1036376953125,36.80419921875,112.60985565185547,75.86669921875
1.0299072265625,-0.944580078125,0.30419921875,32.958984375,126.77001190185547,53.039546966552734
0.9581298828125,-1.14892578125,0.3321533203125,35.09521484375,138.61083984375,14.160155296325684
0.5528564453125,-1.02783203125,0.269287109375,22.949216842651367,129.57763671875,33.69140625
0.302978515625,-0.8211669921875,0.2772216796875,4.82177734375,85.26610565185547,88.43993377685547
0.2750244140625,-0.745849609375,0.3316650390625,9.09423828125,33.14208984375,103.69872283935547
0.3121337890625,-0.71484375,0.3487548828125,25.085447311401367,18.5546875,82.27538299560547
0.2772216796875,-0.7261962890625,0.3043212890625,24.841306686401367,42.846675872802734,59.875484466552734
0.222900390625,-0.9913330078125,0.3125,-17.39501953125,45.898433685302734,46.264644622802734
0.0538330078125,-0.934814453125,0.3671875,-19.287109375,58.715816497802734,28.503416061401367
0.0257568359375,-1.028564453125,0.347412109375,-20.324705123901367,66.46728515625,12.329100608825684
-0.0216064453125,-1.0323486328125,0.306396484375,-18.12744140625,65.24658203125,1.7700194120407104
-0.065673828125,-0.963623046875,0.2703857421875,-17.08984375,57.495113372802734,-0.0610351525247097
-0.0594482421875,-0.9273681640625,0.2708740234375,-19.71435546875,48.522945404052734,5.981444835662842
-0.0439453125,-0.9388427734375,0.283447265625,-20.385740280151367,45.898433685302734,17.51708984375
-0.0540771484375,-0.949462890625,0.2764892578125,-17.08984375,50.781246185302734,21.057126998901367
-0.0455322265625,-0.961181640625,0.24560546875,-14.587401390075684,54.077144622802734,6.347655773162842
-0.0606689453125,-0.95849609375,0.198486328125,-16.9677734375,33.26416015625,-10.192870140075684
-0.0623779296875,-0.9744873046875,0.24169921875,-12.756346702575684,24.230955123901367,-1.5258787870407104
-0.0804443359375,-1.001708984375,0.22998046875,-11.169432640075684,23.559568405151367,2.3193359375
-0.06103515625,-1.044677734375,0.1705322265625,-12.756346702575684,28.137205123901367,-1.4648436307907104
-0.0279541015625,-1.0799560546875,0.0562744140625,-14.404295921325684,32.04345703125,-16.2353515625
-0.04833984375,-1.0364990234375,-0.08642578125,-13.366698265075684,29.113767623901367,-23.254392623901367
-0.0975341796875,-0.99267578125,-0.1348876953125,-8.97216796875,14.709471702575684,-11.230467796325684
-0.0968017578125,-1.0484619140625,-0.03662109375,-1.4648436307907104,3.417968511581421,-2.13623046875
-0.0372314453125,-1.1002197265625,0.0751953125,3.295898199081421,15.991209983825684,-1.15966796875
-0.0093994140625,-1.02880859375,0.0416259765625,-1.4648436307907104,50.964351654052734,6.225585460662842
-0.0452880859375,-0.915771484375,-0.10400390625,-13.061522483825684,83.61815643310547,16.54052734375
-0.08056640625,-0.8837890625,-0.20166015625,-19.34814453125,89.84374237060547,16.11328125
-0.078369140625,-0.919189453125,-0.172119140625,-11.840819358825684,70.80078125,4.57763671875
-0.06201171875,-0.9691162109375,-0.069091796875,2.563476324081421,46.752925872802734,-8.72802734375
-0.0589599609375,-1.0057373046875,0.0126953125,11.352538108825684,35.70556640625,-15.747069358825684
-0.07470703125,-1.00341796875,0.0301513671875,12.451170921325684,41.992183685302734,-13.671874046325684
-0.0899658203125,-0.9759521484375,0.0029296875,11.596678733825684,55.358882904052734,-9.27734375
-0.0916748046875,-0.983154296875,-0.03857421875,11.901854515075684,61.218257904052734,-8.30078125
-0.0941162109375,-0.9794921875,0.017822265625,11.169432640075684,44.006343841552734,-8.7890625
-0.0833740234375,-1.0029296875,0.0244140625,9.1552734375,49.743648529052734,-9.1552734375
-0.0771484375,-1.0372314453125,0.0172119140625,11.413573265075684,56.213375091552734,-14.343260765075684
-0.1019287109375,-1.060302734375,-0.0379638671875,22.338865280151367,51.086421966552734,-17.88330078125
-0.0118408203125,-1.069580078125,0.0299072265625,24.841306686401367,37.29248046875,-1.220703125
0.248779296875,-1.156005859375,0.18408203125,31.677244186401367,23.803709030151367,-12.268065452575684
0.3729248046875,-1.080322265625,0.2254638671875,42.358394622802734,27.465818405151367,-47.668453216552734
0.2021484375,-0.807861328125,0.119873046875,34.1796875,47.485347747802734,-46.691890716552734
0.0638427734375,-0.7247314453125,0.0738525390625,6.713866710662842,52.185054779052734,-12.451170921325684
0.1448974609375,-0.9683837890625,0.1641845703125,-6.713866710662842,31.616209030151367,-7.080077648162842
0.256103515625,-1.18701171875,0.27783203125,3.112792730331421,13.793944358825684,-34.3017578125
0.1884765625,-1.1165771484375,0.2852783203125,13.183592796325684,9.82666015625,-41.931148529052734
0.0438232421875,-0.797607421875,0.225341796875,-2.38037109375,-2.44140625,1.4648436307907104
0.1072998046875,-0.8895263671875,0.2501220703125,-18.798828125,4.08935546875,9.1552734375
0.1380615234375,-1.0008544921875,0.2518310546875,-26.367185592651367,17.51708984375,4.45556640625
0.09228515625,-1.031005859375,0.1995849609375,-27.709959030151367,23.620603561401367,0.7324218153953552
0.016845703125,-1.0126953125,0.129150390625,-32.77587890625,18.98193359375,9.94873046875
0.0169677734375,-1.0087890625,0.1260986328125,-40.0390625,6.286620616912842,21.667478561401367
0.05615234375,-1.034912109375,0.1644287109375,-40.588375091552734,-7.873534679412842,24.841306686401367
0.0194091796875,-1.076904296875,0.1187744140625,-35.46142578125,-15.014647483825684,26.245115280151367
0.0281982421875,-1.134521484375,0.0379638671875,-32.65380859375,-21.118162155151367,31.494138717651367
0.24072265625,-1.218017578125,0.06884765625,-29.907224655151367,-35.46142578125,26.855466842651367
0.352294921875,-1.1492919921875,0.0677490234375,-20.446775436401367,-42.114253997802734,8.97216796875
0.1053466796875,-0.916748046875,-0.0927734375,-11.535643577575684,-30.151365280151367,4.5166015625
-0.1119384765625,-0.8350830078125,-0.1678466796875,-9.82666015625,-26.855466842651367,13.610838890075684
0.1148681640625,-1.09619140625,0.0643310546875,-6.103515148162842,-21.545408248901367,12.329100608825684
0.0751953125,-0.946044921875,0.005615234375,-0.30517578125,9.09423828125,17.51708984375
-0.0782470703125,-0.7347412109375,-0.1475830078125,4.08935546875,25.146482467651367,21.789548873901367
-0.1356201171875,-0.760986328125,-0.1986083984375,-0.4882812201976776,19.287109375,23.559568405151367
-0.068603515625,-0.9605712890625,-0.09619140625,0.7934569716453552,6.225585460662842,13.671874046325684
-0.0452880859375,-1.0667724609375,-0.0125732421875,16.6015625,0.4882812201976776,-8.48388671875
-0.125,-1.0035400390625,-0.059814453125,26.977537155151367,5.310058116912842,-17.9443359375
-0.1700439453125,-0.9376220703125,-0.12109375,18.1884765625,10.314940452575684,-2.197265625
-0.1336669921875,-0.9886474609375,-0.1083984375,5.798339366912842,9.033203125,12.756346702575684
-0.1322021484375,-1.088623046875,-0.0870361328125,5.737304210662842,6.591796398162842,6.042479991912842
-0.1807861328125,-1.096923828125,-0.077392578125,12.756346702575684,3.112792730331421,-1.220703125
-0.1004638671875,-1.0965576171875,0.001708984375,14.770506858825684,-3.417968511581421,10.253905296325684
0.1890869140625,-1.19482421875,0.166015625,13.793944358825684,-2.685546636581421,9.33837890625
0.0072021484375,-0.987060546875,0.0057373046875,2.01416015625,3.784179449081421,-12.512206077575684
0.13232421875,-1.0369873046875,0.1578369140625,4.33349609375,-13.732909202575684,-20.629880905151367
0.0701904296875,-0.938720703125,0.1505126953125,0.1831054538488388,-2.25830078125,-14.526366233825684
-0.0135498046875,-0.88525390625,0.0675048828125,-6.530761241912842,5.310058116912842,-11.718749046325684
0.001708984375,-0.951416015625,0.0518798828125,-11.596678733825684,0.1831054538488388,-11.657713890075684
0.0283203125,-1.0313720703125,0.0938720703125,-10.681151390075684,-6.591796398162842,-8.85009765625
-0.0089111328125,-1.028076171875,0.10302734375,-3.845214605331421,-13.183592796325684,-8.60595703125
-0.0545654296875,-0.9674072265625,0.0660400390625,-1.4648436307907104,-20.446775436401367,-7.263183116912842
-0.0487060546875,-0.955078125,0.039794921875,-7.446288585662842,-25.573728561401367,-0.2441406100988388
-0.01025390625,-1.0009765625,0.0545654296875,-11.535643577575684,-29.174802780151367,4.0283203125
0.0025634765625,-1.0364990234375,0.0787353515625,-8.23974609375,-33.63037109375,3.051757574081421
0.0413818359375,-1.06494140625,0.095458984375,-4.57763671875,-38.6962890625,5.187987804412842
0.2125244140625,-1.134521484375,0.1295166015625,-4.82177734375,-38.818359375,5.737304210662842
0.3404541015625,-1.108642578125,0.0865478515625,-7.385253429412842,-22.277830123901367,1.7089842557907104
0.20654296875,-0.9830322265625,-0.0859375,-10.681151390075684,4.94384765625,4.2724609375
0.063232421875,-0.9591064453125,-0.1435546875,-5.126952648162842,10.375975608825684,3.662109136581421
0.100830078125,-1.03173828125,0.016357421875,12.573241233825684,-7.629394054412842,-5.981444835662842
0.1177978515625,-1.0855712890625,0.12646484375,25.146482467651367,-11.657713890075684,-7.812499523162842
0.0650634765625,-1.0252685546875,0.0543212890625,25.207517623901367,6.652831554412842,-5.0048828125
0.0364990234375,-0.9024658203125,-0.0513916015625,17.63916015625,24.658201217651367,-1.6479490995407104
0.0377197265625,-0.9061279296875,-0.0560302734375,6.896972179412842,28.381345748901367,9.33837890625
0.0458984375,-1.050537109375,0.0408935546875,4.82177734375,18.4326171875,15.197752952575684
0.0498046875,-1.1173095703125,0.128173828125,15.930174827575684,7.507323741912842,6.835937023162842
-0.0029296875,-0.9278564453125,0.035400390625,13.244627952575684,21.911619186401367,14.831542015075684
-0.042236328125,-0.9288330078125,-0.0194091796875,-2.44140625,29.235837936401367,26.000974655151367
-0.046630859375,-0.9732666015625,-0.0050048828125,-5.920409679412842,22.216794967651367,19.10400390625
-0.0625,-0.987548828125,0.019775390625,1.8310545682907104,9.27734375,4.08935546875
-0.1002197265625,-0.960693359375,0.056640625,5.737304210662842,-5.554198741912842,5.798339366912842
-0.0821533203125,-0.962890625,0.07177734375,4.150390625,-12.268065452575684,11.352538108825684
-0.070068359375,-0.9718017578125,0.041748046875,4.94384765625,-17.9443359375,11.230467796325684
0.0233154296875,-1.0167236328125,0.0579833984375,3.051757574081421,-22.460935592651367,9.58251953125
0.169677734375,-1.1341552734375,0.130615234375,-0.7934569716453552,-20.446775436401367,2.685546636581421
0.195068359375,-1.181396484375,0.119873046875,-0.1220703050494194,-9.3994140625,-11.230467796325684
0.0811767578125,-1.0067138671875,0.0469970703125,0.9155272841453552,-8.85009765625,-5.920409679412842
-0.022216796875,-0.8736572265625,0.0321044921875,-3.662109136581421,-31.372068405151367,17.9443359375
-0.0128173828125,-0.9931640625,0.115966796875,-4.45556640625,-57.922359466552734,20.01953125
0.073486328125,-1.0980224609375,0.2496337890625,6.713866710662842,-68.2373046875,1.220703125
0.0859375,-1.0029296875,0.2869873046875,16.7236328125,-61.035152435302734,-7.690429210662842
-0.0206298828125,-0.97900390625,0.0926513671875,-10.253905296325684,-34.60693359375,-2.807616949081421
-0.0,-0.981689453125,0.1455078125,-6.042479991912842,-94.42137908935547,8.48388671875
0.0526123046875,-0.946533203125,0.19287109375,-13.000487327575684,-106.01805877685547,18.00537109375
0.0911865234375,-0.9681396484375,0.26513671875,-19.4091796875,-107.42186737060547,17.08984375
0.085205078125,-1.0106201171875,0.277587890625,-24.719236373901367,-102.66112518310547,11.047362327575684
0.081298828125,-1.08642578125,0.177734375,-31.616209030151367,-94.60448455810547,5.920409679412842
0.0897216796875,-1.1474609375,-0.0074462890625,-39.9169921875,-82.94676971435547,-2.25830078125
0.084716796875,-1.0809326171875,-0.16943359375,-45.410152435302734,-73.3642578125,-10.864256858825684
0.0506591796875,-0.968017578125,-0.192138671875,-42.724605560302734,-77.20947265625,-15.136717796325684
-0.0166015625,-0.9613037109375,-0.12060546875,-33.0810546875,-87.64647674560547,-16.54052734375
-0.057861328125,-1.0384521484375,-0.0716552734375,-23.925779342651367,-83.98436737060547,-13.488768577575684
-0.0537109375,-1.0587158203125,-0.068359375,-17.15087890625,-63.903804779052734,-3.295898199081421
-0.0574951171875,-0.9674072265625,-0.093994140625,-10.253905296325684,-46.752925872802734,9.1552734375
-0.0849609375,-0.8568115234375,-0.1175537109375,1.8310545682907104,-38.4521484375,11.413573265075684
-0.0604248046875,-0.9322509765625,-0.069580078125,10.681151390075684,-28.869626998901367,6.164550304412842
-0.0263671875,-1.009033203125,-0.004150390625,26.184080123901367,-19.59228515625,0.4882812201976776
0.001220703125,-1.024658203125,0.063720703125,40.10009765625,-13.916014671325684,0.0610351525247097
0.0177001953125,-1.0166015625,0.112060546875,44.982906341552734,-6.347655773162842,6.347655773162842
0.040771484375,-1.0235595703125,0.1357421875,46.936031341552734,5.065917491912842,5.859374523162842
0.0509033203125,-1.006103515625,0.1126708984375,48.400875091552734,20.324705123901367,-3.601073980331421
0.0042724609375,-0.9620361328125,0.0341796875,40.710445404052734,41.259761810302734,-6.896972179412842
-0.051513671875,-0.97802734375,-0.0262451171875,26.611326217651367,56.030269622802734,-4.39453125
-0.0303955078125,-1.07177734375,0.00390625,19.8974609375,47.607418060302734,-11.474608421325684
0.0037841796875,-1.107421875,0.088623046875,18.37158203125,23.681638717651367,-19.775390625
-0.010986328125,-1.038818359375,0.160400390625,10.131834983825684,-0.0,-12.512206077575684
-0.0189208984375,-0.9683837890625,0.2064208984375,-3.784179449081421,-18.98193359375,-2.0751953125
-0.0068359375,-0.9066162109375,0.2410888671875,-24.047849655151367,-30.517576217651367,0.8544921278953552
0.0015869140625,-0.908203125,0.2542724609375,-25.268552780151367,-32.40966796875,-1.7089842557907104
0.026123046875,-0.9542236328125,0.23974609375,-23.925779342651367,-36.865234375,-6.225585460662842
0.0740966796875,-1.0274658203125,0.173583984375,-23.986814498901367,-43.395992279052734,-9.70458984375
0.1298828125,-1.1446533203125,0.06396484375,-29.846189498901367,-49.499507904052734,-13.061522483825684
0.12451171875,-1.22216796875,-0.1031494140625,-41.687007904052734,-48.339839935302734,-18.1884765625
0.090576171875,-1.1693115234375,-0.239990234375,-49.804683685302734,-48.339839935302734,-18.98193359375
0.0924072265625,-1.0673828125,-0.2056884765625,-43.884273529052734,-64.94140625,-13.854979515075684
0.066650390625,-0.9908447265625,-0.0865478515625,-28.137205123901367,-84.10643768310547,-9.09423828125
0.0279541015625,-0.95458984375,-0.0396728515625,-17.63916015625,-78.67431640625,-2.50244140625
0.0162353515625,-0.932373046875,-0.079833984375,-17.333984375,-46.447750091552734,7.812499523162842
0.00341796875,-0.909423828125,-0.1571044921875,-18.98193359375,-13.427733421325684,15.502928733825684
-0.001953125,-0.891357421875,-0.1939697265625,-15.075682640075684,-2.13623046875,16.17431640625
0.002685546875,-0.8857421875,-0.15087890625,-4.0283203125,-6.713866710662842,11.718749046325684
0.02001953125,-0.90283203125,-0.0521240234375,9.8876953125,-9.82666015625,6.835937023162842
0.06298828125,-0.9649658203125,0.0440673828125,32.470703125,18.73779296875,3.112792730331421
0.08154296875,-0.9852294921875,0.0009765625,39.0625,45.837398529052734,2.0751953125
0.0975341796875,-1.016845703125,-0.03369140625,43.395992279052734,64.88037109375,1.4038084745407104
0.1217041015625,-1.062255859375,-0.054443359375,43.884273529052734,70.1904296875,-4.7607421875
0.088623046875,-1.0526123046875,-0.1201171875,34.1796875,74.951171875,-12.084959983825684
-0.04443359375,-1.0235595703125,-0.173095703125,16.7236328125,75.13427734375,-5.0048828125
0.0067138671875,-1.0020751953125,0.267578125,9.1552734375,-27.038572311401367,-4.0283203125
-0.0458984375,-0.835693359375,0.232421875,0.3662109076976776,-25.573728561401367,-0.6713866591453552
-0.073974609375,-0.80517578125,0.18701171875,-12.695311546325684,-17.39501953125,1.15966796875
-0.0572509765625,-0.917236328125,0.200927734375,-22.888181686401367,-8.97216796875,-0.54931640625
-0.010009765625,-1.033447265625,0.248046875,-25.207517623901367,-2.624511480331421,-3.601073980331421
0.0194091796875,-1.052490234375,0.2459716796875,-24.963376998901367,-2.868652105331421,-1.5869139432907104
0.053466796875,-1.03076171875,0.1551513671875,-25.939939498901367,-13.916014671325684,5.920409679412842
0.1861572265625,-1.15771484375,-0.0084228515625,-30.151365280151367,-24.230955123901367,-0.7324218153953552
0.27197265625,-1.2861328125,-0.2720947265625,-33.26416015625,-12.390135765075684,-16.90673828125
0.20849609375,-1.28076171875,-0.48876953125,-23.803709030151367,6.469726085662842,-30.883787155151367
0.145751953125,-1.178466796875,-0.444580078125,-5.249022960662842,7.934569835662842,-41.992183685302734
0.092529296875,-0.9620361328125,-0.2391357421875,3.540038824081421,-0.30517578125,-27.343748092651367
0.0035400390625,-0.7401123046875,-0.0662841796875,-6.713866710662842,-17.4560546875,18.4326171875
0.0072021484375,-0.781494140625,-0.170166015625,-3.479003667831421,-17.822265625,15.563963890075684
0.05419921875,-0.90234375,-0.2591552734375,0.1831054538488388,-7.873534679412842,11.230467796325684
0.106689453125,-1.0220947265625,-0.25244140625,6.835937023162842,-0.30517578125,0.6713866591453552
0.07421875,-1.00830078125,-0.0970458984375,23.498533248901367,-13.427733421325684,-17.9443359375
0.02978515625,-0.9300537109375,-0.056884765625,23.681638717651367,-20.996091842651367,-11.230467796325684
0.026611328125,-0.9024658203125,-0.0567626953125,19.4091796875,-20.935056686401367,-4.8828125
0.04296875,-0.9420166015625,-0.08447265625,13.549803733825684,-13.671874046325684,-4.39453125
0.0340576171875,-1.0086669921875,-0.119140625,9.8876953125,-5.737304210662842,-7.934569835662842
0.0167236328125,-1.0670166015625,-0.1153564453125,10.620116233825684,-4.94384765625,-10.925292015075684
0.035888671875,-1.0650634765625,-0.061279296875,15.869139671325684,-9.521484375,-7.995604991912842
0.0889892578125,-1.00146484375,-0.010498046875,22.216794967651367,-8.30078125,-0.2441406100988388
0.173583984375,-0.971923828125,0.02099609375,25.939939498901367,1.220703125,2.197265625
0.2879638671875,-1.0010986328125,0.0537109375,27.343748092651367,10.803221702575684,-7.995604991912842
0.3319091796875,-1.0225830078125,0.04052734375,23.620603561401367,21.057126998901367,-21.423337936401367
0.2508544921875,-0.976318359375,-0.0216064453125,10.375975608825684,33.63037109375,-20.996091842651367
0.32861328125,-1.077880859375,0.1990966796875,-6.103515148162842,3.295898199081421,-25.878904342651367
0.33642578125,-1.1082763671875,0.253662109375,-4.08935546875,1.6479490995407104,-28.869626998901367
0.25537109375,-0.987060546875,0.1951904296875,-5.371093273162842,4.94384765625,-17.08984375
0.3154296875,-0.9808349609375,0.12255859375,-11.718749046325684,3.967284917831421,1.6479490995407104
0.3477783203125,-1.0555419921875,0.1236572265625,-12.634276390075684,8.30078125,1.8920897245407104
0.339599609375,-1.0335693359375,0.1287841796875,-8.6669921875,0.6713866591453552,2.624511480331421
0.2957763671875,-0.9556884765625,0.1287841796875,-3.723144292831421,-12.573241233825684,6.835937023162842
0.2476806640625,-0.9105224609375,0.1224365234375,-2.44140625,-15.686034202575684,10.375975608825684
0.235595703125,-0.9105224609375,0.108154296875,-4.0283203125,-3.051757574081421,9.70458984375
0.250244140625,-0.9256591796875,0.0736083984375,-5.615233898162842,16.2353515625,5.554198741912842
0.263427734375,-0.9449462890625,0.024658203125,-6.652831554412842,32.1044921875,-0.54931640625
0.2755126953125,-0.954833984375,-0.0167236328125,-6.958007335662842,39.794921875,-7.019042491912842
0.3135986328125,-0.94287109375,-0.0267333984375,-5.126952648162842,38.02490234375,-14.648436546325684
0.3341064453125,-0.9539794921875,-0.0115966796875,-4.0283203125,35.15625,-17.7001953125
0.3291015625,-0.951904296875,-0.02490234375,-3.723144292831421,34.48486328125,-20.324705123901367
0.3016357421875,-0.9241943359375,-0.063720703125,-5.432128429412842,36.56005859375,-20.507810592651367
0.282958984375,-0.9158935546875,-0.0882568359375,-8.4228515625,36.07177734375,-19.71435546875
0.2908935546875,-0.956298828125,-0.0809326171875,-10.620116233825684,28.137205123901367,-19.34814453125
0.3135986328125,-0.991455078125,-0.0633544921875,-10.375975608825684,17.15087890625,-18.1884765625
0.3338623046875,-0.9945068359375,-0.0616455078125,-9.8876953125,10.986327171325684,-17.02880859375
0.357177734375,-0.991455078125,-0.072509765625,-10.803221702575684,11.352538108825684,-18.310546875
0.3758544921875,-0.9791259765625,-0.0889892578125,-11.352538108825684,14.770506858825684,-20.385740280151367
0.3671875,-0.951904296875,-0.1177978515625,-11.718749046325684,16.05224609375,-18.12744140625
0.3529052734375,-0.921630859375,-0.1368408203125,-12.084959983825684,9.27734375,-13.549803733825684
0.3590087890625,-0.902587890625,-0.122802734375,-9.70458984375,-7.141112804412842,-16.05224609375
0.39501953125,-0.918701171875,-0.030029296875,-1.8310545682907104,-28.747556686401367,-23.620603561401367
0.382080078125,-0.905517578125,-0.0400390625,-3.173827886581421,-24.108884811401367,-16.54052734375
0.403076171875,-0.8798828125,-0.052001953125,-5.310058116912842,-17.2119140625,-9.94873046875
0.4354248046875,-0.8594970703125,-0.072265625,-6.835937023162842,-6.164550304412842,-7.568358898162842
0.46728515625,-0.871826171875,-0.0712890625,-2.38037109375,2.38037109375,-12.573241233825684
0.5230712890625,-0.8828125,-0.019775390625,9.33837890625,2.25830078125,-22.094724655151367
0.5511474609375,-0.88525390625,0.0096435546875,13.671874046325684,4.8828125,-24.780271530151367
0.5224609375,-0.88037109375,-0.0224609375,2.38037109375,20.01953125,-15.197752952575684
0.5169677734375,-0.8511962890625,-0.0606689453125,-9.09423828125,30.456541061401367,-7.568358898162842
0.5560302734375,-0.8599853515625,-0.0225830078125,-3.906249761581421,27.404783248901367,-13.671874046325684
0.57470703125,-0.8426513671875,0.0198974609375,0.6103515625,27.587888717651367,-11.169432640075684
0.5751953125,-0.8087158203125,0.03271484375,-0.7934569716453552,31.311033248901367,-3.356933355331421
0.5673828125,-0.8070068359375,0.0146484375,-7.141112804412842,37.53662109375,-1.7700194120407104
0.563232421875,-0.863037109375,0.0029296875,-13.549803733825684,39.00146484375,-6.530761241912842
0.5533447265625,-0.95263671875,0.0430908203125,-16.66259765625,25.878904342651367,-8.11767578125
0.5416259765625,-0.971435546875,0.1236572265625,-13.671874046325684,-2.563476324081421,-1.3427733182907104
0.521484375,-0.8785400390625,0.16796875,-6.286620616912842,-24.841306686401367,7.263183116912842
0.5052490234375,-0.787353515625,0.1517333984375,-0.4882812201976776,-23.132322311401367,9.33837890625
0.533447265625,-0.77001953125,0.0968017578125,3.173827886581421,-5.249022960662842,3.479003667831421
0.6094970703125,-0.80029296875,0.0347900390625,4.45556640625,11.840819358825684,-6.225585460662842
0.5921630859375,-0.94384765625,-0.0584716796875,-1.4038084745407104,-6.530761241912842,-9.94873046875
0.47412109375,-0.865966796875,-0.1142578125,0.3662109076976776,-29.113767623901367,7.080077648162842
0.4710693359375,-0.7535400390625,-0.0947265625,7.568358898162842,-44.128414154052734,12.329100608825684
0.52734375,-0.739501953125,-0.06396484375,10.803221702575684,-36.43798828125,2.990722417831421
0.5570068359375,-0.8338623046875,-0.0723876953125,7.507323741912842,-10.803221702575684,-7.446288585662842
0.552490234375,-0.9169921875,-0.0985107421875,6.286620616912842,7.141112804412842,-12.939452171325684
0.540771484375,-0.90283203125,-0.116943359375,8.4228515625,7.629394054412842,-10.070799827575684
0.5413818359375,-0.8348388671875,-0.10498046875,9.033203125,0.6103515625,-2.44140625
0.5518798828125,-0.7999267578125,-0.0751953125,7.019042491912842,-3.173827886581421,1.9531248807907104
0.55712890625,-0.812255859375,-0.063720703125,3.784179449081421,0.0610351525247097,0.8544921278953552
0.5562744140625,-0.833984375,-0.0687255859375,1.03759765625,6.408690929412842,-1.8310545682907104
0.5660400390625,-0.844482421875,-0.0606689453125,-0.2441406100988388,9.70458984375,-2.807616949081421
0.575927734375,-0.8428955078125,-0.0380859375,0.4882812201976776,10.192870140075684,-3.051757574081421
0.575927734375,-0.8389892578125,-0.013916015625,2.50244140625,11.230467796325684,-3.051757574081421
0.57177734375,-0.834228515625,0.0064697265625,4.21142578125,13.122557640075684,-2.01416015625
0.570068359375,-0.8282470703125,0.01513671875,5.0048828125,14.221190452575684,0.0
0.5743408203125,-0.81982421875,-0.012451171875,0.0610351525247097,17.4560546875,2.44140625
0.572265625,-0.8245849609375,-0.011962890625,-2.929687261581421,18.73779296875,1.9531248807907104
0.5709228515625,-0.8353271484375,0.0020751953125,-3.479003667831421,16.66259765625,0.4882812201976776
0.566650390625,-0.8441162109375,0.0050048828125,-3.662109136581421,13.244627952575684,0.9765624403953552
0.5662841796875,-0.8577880859375,0.0064697265625,-4.33349609375,8.056640625,2.3193359375
0.5667724609375,-0.8658447265625,0.028076171875,-3.845214605331421,-0.54931640625,3.662109136581421
0.5628662109375,-0.845703125,0.0560302734375,-2.38037109375,-7.995604991912842,6.591796398162842
0.5477294921875,-0.8016357421875,0.0533447265625,-0.9765624403953552,-1.03759765625,6.225585460662842
0.550048828125,-0.81982421875,0.0391845703125,-2.25830078125,7.507323741912842,2.3193359375
0.5548095703125,-0.8426513671875,0.0357666015625,-2.807616949081421,12.695311546325684,-0.4882812201976776
0.557373046875,-0.8555908203125,0.0469970703125,-1.7089842557907104,13.244627952575684,-1.220703125
0.5537109375,-0.845703125,0.0611572265625,0.7934569716453552,11.169432640075684,-0.2441406100988388
0.548583984375,-0.82763671875,0.0662841796875,3.234863042831421,7.385253429412842,0.8544921278953552
0.542724609375,-0.827392578125,0.0562744140625,2.563476324081421,3.173827886581421,1.8920897245407104
0.5433349609375,-0.833740234375,0.0462646484375,0.3662109076976776,-0.1220703050494194,2.25830078125
0.557861328125,-0.834228515625,0.0526123046875,0.4272460639476776,-2.685546636581421,0.54931640625
0.5445556640625,-0.848388671875,0.0489501953125,0.8544921278953552,-0.3662109076976776,-0.9155272841453552
0.54833984375,-0.85205078125,0.0614013671875,2.197265625,-0.8544921278953552,-1.7089842557907104
0.5517578125,-0.8446044921875,0.0687255859375,4.0283203125,-4.21142578125,-2.0751953125
0.54443359375,-0.8328857421875,0.0572509765625,3.295898199081421,-5.554198741912842,-1.03759765625
0.54736328125,-0.82958984375,0.0537109375,1.7089842557907104,-5.310058116912842,-1.2817381620407104
0.5634765625,-0.833251953125,0.0704345703125,2.0751953125,-6.042479991912842,-3.967284917831421
0.565185546875,-0.8424072265625,0.059326171875,-0.1220703050494194,7.873534679412842,-2.44140625
0.561279296875,-0.859619140625,0.0546875,-0.0610351525247097,9.82666015625,-1.15966796875
0.5601806640625,-0.8692626953125,0.0531005859375,-0.0,8.60595703125,0.8544921278953552
0.5615234375,-0.864990234375,0.0599365234375,0.54931640625,3.173827886581421,3.662109136581421
0.552978515625,-0.8448486328125,0.0623779296875,1.03759765625,-3.173827886581421,7.324218273162842
0.5435791015625,-0.818603515625,0.0595703125,0.1220703050494194,-5.493163585662842,9.3994140625
0.5447998046875,-0.8115234375,0.063720703125,-0.9765624403953552,-4.82177734375,7.751464366912842
0.5479736328125,-0.8203125,0.0670166015625,-1.3427733182907104,-3.479003667831421,4.5166015625
0.5447998046875,-0.8260498046875,0.05712890625,-1.7700194120407104,-0.8544921278953552,1.7700194120407104
0.541015625,-0.840576171875,0.0511474609375,-2.807616949081421,1.8920897245407104,-0.7324218153953552
0.5438232421875,-0.859375,0.0572509765625,-2.929687261581421,2.929687261581421,-2.50244140625
0.5484619140625,-0.86474609375,0.0697021484375,0.6713866591453552,0.9765624403953552,-0.9155272841453552
0.5428466796875,-0.847412109375,0.0648193359375,2.3193359375,-1.4648436307907104,1.6479490995407104
0.53662109375,-0.8316650390625,0.0489501953125,1.7089842557907104,-2.50244140625,4.150390625
0.5419921875,-0.829833984375,0.0423583984375,-0.7324218153953552,-1.15966796875,4.08935546875
0.53759765625,-0.8294677734375,0.047119140625,-0.9155272841453552,4.94384765625,-1.3427733182907104
0.5496826171875,-0.841796875,0.0494384765625,-2.685546636581421,5.859374523162842,-2.563476324081421
0.552490234375,-0.8572998046875,0.0538330078125,-3.479003667831421,5.493163585662842,-2.685546636581421
0.5472412109375,-0.86181640625,0.0592041015625,-2.01416015625,3.417968511581421,-1.7700194120407104
0.545654296875,-0.855712890625,0.0584716796875,0.2441406100988388,0.1831054538488388,-0.4272460639476776
0.543701171875,-0.8441162109375,0.0439453125,0.3662109076976776,-2.0751953125,1.9531248807907104
0.54736328125,-0.834716796875,0.0457763671875,-0.30517578125,-4.08935546875,2.746581792831421
0.54931640625,-0.833740234375,0.06396484375,-0.1220703050494194,-4.8828125,1.03759765625
0.5469970703125,-0.8338623046875,0.0693359375,-0.0610351525247097,-2.13623046875,-0.3662109076976776
0.5443115234375,-0.8311767578125,0.050048828125,-0.4882812201976776,2.13623046875,-1.15966796875
0.549072265625,-0.836181640625,0.0286865234375,-2.0751953125,5.187987804412842,-1.9531248807907104
0.559326171875,-0.850341796875,0.0316162109375,-3.845214605331421,5.371093273162842,-2.624511480331421
0.5546875,-0.8599853515625,0.0462646484375,-3.906249761581421,3.479003667831421,-2.50244140625
0.5462646484375,-0.8609619140625,0.065185546875,-1.7089842557907104,0.4882812201976776,-1.5258787870407104
0.5443115234375,-0.8529052734375,0.0709228515625,1.7700194120407104,-3.417968511581421,-0.1831054538488388
0.541259765625,-0.837646484375,0.0440673828125,2.25830078125,-4.150390625,2.13623046875
0.561279296875,-0.8328857421875,0.0460205078125,-1.03759765625,-3.173827886581421,1.220703125
0.55859375,-0.8375244140625,0.0623779296875,-0.4272460639476776,-2.0751953125,-0.1220703050494194
0.5511474609375,-0.835205078125,0.055419921875,0.2441406100988388,1.8310545682907104,0.0
0.5474853515625,-0.8369140625,0.0374755859375,-0.4272460639476776,5.737304210662842,0.4272460639476776
0.5496826171875,-0.847900390625,0.035888671875,-2.0751953125,6.591796398162842,0.9155272841453552
0.5457763671875,-0.85693359375,0.0462646484375,-2.50244140625,5.065917491912842,0.9765624403953552
0.54150390625,-0.8568115234375,0.0579833984375,-1.3427733182907104,2.868652105331421,1.03759765625
0.5433349609375,-0.8529052734375,0.0631103515625,0.6713866591453552,0.0610351525247097,1.5258787870407104
0.5421142578125,-0.84423828125,0.044921875,1.4648436307907104,-1.2817381620407104,2.685546636581421
0.545166015625,-0.8355712890625,0.031005859375,-0.0,-1.0986328125,3.417968511581421
0.5494384765625,-0.834716796875,0.04541015625,-0.7934569716453552,-2.0751953125,2.25830078125
0.546630859375,-0.8402099609375,0.066162109375,-0.30517578125,-1.6479490995407104,0.7324218153953552
0.542236328125,-0.83935546875,0.0675048828125,0.7324218153953552,1.8310545682907104,-0.3662109076976776
0.5382080078125,-0.833984375,0.043212890625,0.4882812201976776,6.164550304412842,-1.2817381620407104
0.542236328125,-0.8404541015625,0.02587890625,-1.7700194120407104,7.812499523162842,-1.8310545682907104
0.5482177734375,-0.856689453125,0.0347900390625,-3.662109136581421,5.126952648162842,-2.0751953125
0.5479736328125,-0.863037109375,0.0526123046875,-3.540038824081421,1.15966796875,-1.4038084745407104
0.542236328125,-0.8544921875,0.062255859375,-1.7700194120407104,-1.6479490995407104,-0.0610351525247097
0.5377197265625,-0.8446044921875,0.063720703125,-0.1220703050494194,-2.624511480331421,1.03759765625
0.5372314453125,-0.84130859375,0.05517578125,0.6713866591453552,-2.563476324081421,1.4038084745407104
0.539306640625,-0.8411865234375,0.04052734375,0.4272460639476776,-2.0751953125,0.8544921278953552
0.5455322265625,-0.8369140625,0.0357666015625,-0.3662109076976776,-1.8920897245407104,0.1831054538488388
0.548828125,-0.8380126953125,0.0440673828125,-0.6713866591453552,-2.13623046875,-0.54931640625
0.5511474609375,-0.84130859375,0.0556640625,-0.1220703050494194,-1.9531248807907104,-1.7089842557907104
0.549072265625,-0.8365478515625,0.0484619140625,0.1831054538488388,-0.6103515625,-2.38037109375
0.5482177734375,-0.8348388671875,0.028076171875,-1.4648436307907104,1.5869139432907104,-2.197265625
0.545654296875,-0.853271484375,0.05712890625,1.220703125,-4.33349609375,0.2441406100988388
0.5457763671875,-0.8397216796875,0.0374755859375,2.868652105331421,-5.371093273162842,1.7089842557907104
0.5523681640625,-0.83203125,0.012939453125,1.3427733182907104,-3.784179449081421,2.868652105331421
0.5587158203125,-0.838134765625,0.0126953125,-1.15966796875,-2.685546636581421,2.50244140625
0.532958984375,-0.8675537109375,0.0357666015625,-1.220703125,-5.737304210662842,6.530761241912842
0.5302734375,-0.872802734375,0.017578125,-2.868652105331421,-3.173827886581421,9.09423828125
0.520751953125,-0.890625,0.0078125,-5.187987804412842,0.1220703050494194,11.535643577575684
0.5093994140625,-0.9141845703125,0.01708984375,-6.042479991912842,0.9155272841453552,15.686034202575684
0.4638671875,-0.9107666015625,-0.0010986328125,-0.6103515625,-9.09423828125,35.70556640625
0.4456787109375,-0.898193359375,-0.002685546875,-0.0610351525247097,-11.718749046325684,38.75732421875
0.41943359375,-0.9022216796875,0.0076904296875,-0.3662109076976776,-12.634276390075684,39.00146484375
0.391357421875,-0.9141845703125,0.020751953125,-1.0986328125,-11.657713890075684,38.9404296875
0.3641357421875,-0.92431640625,0.02099609375,-2.50244140625,-8.85009765625,40.222164154052734
0.3291015625,-0.9384765625,0.0035400390625,-4.94384765625,-3.906249761581421,42.602535247802734
0.2991943359375,-0.9560546875,-0.0078125,-6.103515148162842,-0.3662109076976776,42.480464935302734
0.273193359375,-0.9693603515625,-0.009521484375,-4.638671875,-0.7934569716453552,39.0625
0.251708984375,-0.9803466796875,-0.01025390625,-2.44140625,-4.150390625,36.07177734375
0.2401123046875,-0.9786376953125,-0.0118408203125,-0.6713866591453552,-8.85009765625,34.7900390625
0.2261962890625,-0.9661865234375,-0.015625,0.9765624403953552,-13.061522483825684,32.77587890625
0.208984375,-0.9564208984375,-0.0147705078125,1.9531248807907104,-15.075682640075684,29.479978561401367
0.1900634765625,-0.952880859375,-0.0108642578125,1.3427733182907104,-12.878417015075684,26.489255905151367
0.1717529296875,-0.9627685546875,-0.0167236328125,-0.6713866591453552,-7.446288585662842,23.620603561401367
0.153564453125,-1.0052490234375,-0.0548095703125,-5.310058116912842,-0.0610351525247097,19.8974609375
0.14013671875,-1.0025634765625,-0.0733642578125,-5.981444835662842,-0.2441406100988388,20.324705123901367
0.1207275390625,-0.9891357421875,-0.08154296875,-5.310058116912842,-2.197265625,20.507810592651367
0.1011962890625,-0.98486328125,-0.07958984375,-4.69970703125,-4.39453125,19.6533203125
0.081787109375,-0.9896240234375,-0.08056640625,-4.21142578125,-6.164550304412842,17.333984375
0.0682373046875,-0.9962158203125,-0.0865478515625,-3.479003667831421,-8.9111328125,13.732909202575684
0.0673828125,-1.0015869140625,-0.0751953125,-2.44140625,-13.427733421325684,10.559081077575684
0.06982421875,-0.9971923828125,-0.0484619140625,-0.9765624403953552,-16.6015625,8.97216796875
0.054443359375,-0.988525390625,-0.03662109375,-0.0610351525247097,-14.648436546325684,9.33837890625
0.0364990234375,-0.9892578125,-0.0458984375,-0.30517578125,-7.873534679412842,10.559081077575684
0.033935546875,-0.997314453125,-0.06103515625,-0.7324218153953552,-0.2441406100988388,10.742186546325684
0.0262451171875,-1.00048828125,-0.0782470703125,-1.2817381620407104,5.554198741912842,9.765625
0.0189208984375,-0.99365234375,-0.0899658203125,-1.4648436307907104,8.056640625,7.629394054412842
0.0281982421875,-0.9869384765625,-0.0865478515625,-0.4882812201976776,6.896972179412842,3.479003667831421
0.0338134765625,-0.99755859375,-0.083740234375,0.8544921278953552,4.7607421875,-0.4882812201976776
0.0267333984375,-1.0164794921875,-0.0953369140625,1.3427733182907104,4.150390625,-1.03759765625
0.0196533203125,-1.0177001953125,-0.0994873046875,1.7089842557907104,2.807616949081421,0.8544921278953552
0.0123291015625,-0.9915771484375,-0.0548095703125,3.540038824081421,-2.990722417831421,2.563476324081421
0.0166015625,-0.9766845703125,-0.0465087890625,2.746581792831421,0.1220703050494194,1.2817381620407104
0.017333984375,-0.9833984375,-0.061279296875,-0.7934569716453552,7.812499523162842,-0.8544921278953552
0.024658203125,-1.002685546875,-0.079345703125,-3.906249761581421,14.770506858825684,-4.21142578125
0.0272216796875,-1.01708984375,-0.092041015625,-5.0048828125,17.76123046875,-6.225585460662842
0.0196533203125,-1.021240234375,-0.097900390625,-5.432128429412842,17.39501953125,-4.150390625
0.0240478515625,-1.0162353515625,-0.086669921875,-3.967284917831421,13.122557640075684,-1.15966796875
0.0299072265625,-1.0152587890625,-0.066650390625,-0.6713866591453552,6.896972179412842,0.7324218153953552
0.0247802734375,-1.0162353515625,-0.05517578125,1.8310545682907104,3.051757574081421,4.150390625
0.0267333984375,-0.9849853515625,-0.0626220703125,1.3427733182907104,13.427733421325684,6.530761241912842
0.007568359375,-0.99853515625,-0.084228515625,-0.4272460639476776,17.63916015625,4.8828125
-0.0067138671875,-1.01220703125,-0.09130859375,-1.5258787870407104,18.06640625,3.967284917831421
0.0009765625,-1.008544921875,-0.06884765625,0.30517578125,13.061522483825684,2.624511480331421
0.000244140625,-1.0101318359375,-0.031494140625,5.920409679412842,2.563476324081421,0.2441406100988388
0.00927734375,-0.9981689453125,-0.0313720703125,7.446288585662842,0.7934569716453552,1.5258787870407104
0.0179443359375,-0.97802734375,-0.0345458984375,7.812499523162842,1.4648436307907104,1.6479490995407104
0.021728515625,-0.9805908203125,-0.023193359375,7.080077648162842,2.563476324081421,-1.0986328125
0.0308837890625,-0.99658203125,-0.0064697265625,7.141112804412842,3.662109136581421,-4.94384765625
0.02734375,-1.0037841796875,-0.015869140625,6.347655773162842,8.30078125,-6.774901866912842
0.01318359375,-1.00048828125,-0.033447265625,2.990722417831421,14.770506858825684,-5.554198741912842
0.0166015625,-1.0067138671875,-0.0244140625,0.4272460639476776,15.624999046325684,-5.126952648162842
0.0267333984375,-1.0286865234375,-0.0068359375,1.2817381620407104,10.620116233825684,-7.141112804412842
0.028076171875,-1.0361328125,-0.003173828125,4.08935546875,4.39453125,-7.080077648162842
0.034423828125,-1.01416015625,-0.002197265625,6.896972179412842,-1.5869139432907104,-3.784179449081421
0.04345703125,-0.9901123046875,0.0125732421875,8.544921875,-6.774901866912842,-1.7089842557907104
0.048828125,-0.9908447265625,0.0399169921875,8.48388671875,-8.72802734375,-2.807616949081421
0.056640625,-0.9986572265625,0.05224609375,6.835937023162842,-5.065917491912842,-4.8828125
0.0523681640625,-1.0040283203125,0.0296630859375,2.50244140625,4.39453125,-3.967284917831421
0.0374755859375,-1.0062255859375,-0.0028076171875,-2.25830078125,12.512206077575684,-1.4648436307907104
0.0390625,-1.0091552734375,-0.009521484375,-3.662109136581421,12.207030296325684,-1.8920897245407104
0.045654296875,-1.0238037109375,0.005126953125,-2.807616949081421,5.310058116912842,-3.967284917831421
0.0478515625,-1.0274658203125,0.0201416015625,-1.03759765625,-1.9531248807907104,-4.2724609375
0.055908203125,-1.0086669921875,0.02880859375,1.9531248807907104,-7.751464366912842,-3.295898199081421
0.055908203125,-0.985595703125,0.0281982421875,4.150390625,-10.925292015075684,-3.051757574081421
0.049072265625,-0.986083984375,0.032958984375,2.929687261581421,-9.8876953125,-3.417968511581421
0.0679931640625,-1.0028076171875,0.051513671875,0.8544921278953552,-6.469726085662842,-4.5166015625
0.0859375,-1.009765625,0.047607421875,-0.4272460639476776,-0.30517578125,-4.21142578125
0.067626953125,-1.01171875,0.006103515625,-2.3193359375,8.48388671875,-2.0751953125
0.048828125,-1.014404296875,-0.031005859375,-4.21142578125,13.183592796325684,-0.8544921278953552
0.0548095703125,-1.0203857421875,-0.03662109375,-5.310058116912842,9.27734375,0.0
0.061279296875,-1.0213623046875,-0.026123046875,-5.065917491912842,0.6713866591453552,0.8544921278953552
0.0640869140625,-1.010986328125,-0.0074462890625,-1.6479490995407104,-8.30078125,0.0
0.075927734375,-0.994873046875,0.0196533203125,3.784179449081421,-16.11328125,-2.0751953125
0.0791015625,-0.9747314453125,0.0355224609375,6.225585460662842,-18.5546875,-2.624511480331421
0.0712890625,-0.97021484375,0.0321044921875,2.197265625,-13.183592796325684,-1.2817381620407104
0.0738525390625,-0.9990234375,0.023681640625,-3.601073980331421,-3.967284917831421,-1.220703125
0.085693359375,-1.01904296875,0.0101318359375,-4.57763671875,4.82177734375,-2.868652105331421
0.07666015625,-1.01318359375,-0.0186767578125,-2.50244140625,11.657713890075684,-2.25830078125
0.05517578125,-1.0172119140625,-0.04736328125,-2.13623046875,12.817381858825684,0.54931640625
0.05517578125,-1.027587890625,-0.0511474609375,-2.25830078125,6.469726085662842,2.0751953125
0.069580078125,-1.01611328125,-0.032958984375,-0.7324218153953552,-2.746581792831421,2.624511480331421
0.080322265625,-0.9898681640625,-0.0076904296875,2.197265625,-10.986327171325684,2.197265625
0.0821533203125,-0.981201171875,0.0146484375,5.0048828125,-16.41845703125,0.0610351525247097
0.0792236328125,-1.00341796875,0.020263671875,5.249022960662842,-16.66259765625,-1.5258787870407104
0.088623046875,-1.009765625,0.0091552734375,2.868652105331421,-12.145995140075684,-0.2441406100988388
0.0914306640625,-0.980224609375,0.0050048828125,-0.1220703050494194,-6.225585460662842,2.197265625
0.06640625,-0.977783203125,0.0166015625,-1.6479490995407104,-1.8310545682907104,1.3427733182907104
0.0604248046875,-1.006103515625,0.0362548828125,-0.2441406100988388,1.0986328125,-1.9531248807907104
0.072509765625,-1.0208740234375,0.0247802734375,1.15966796875,7.141112804412842,-1.8920897245407104
0.0528564453125,-1.026123046875,-0.037109375,-1.9531248807907104,15.563963890075684,3.417968511581421
0.0439453125,-1.0224609375,-0.078857421875,-6.103515148162842,15.502928733825684,8.9111328125
0.0601806640625,-1.0047607421875,-0.063232421875,-4.7607421875,3.845214605331421,8.056640625
0.059814453125,-0.9947509765625,-0.0303955078125,0.0610351525247097,-8.7890625,3.173827886581421
0.068359375,-0.9967041015625,-0.0008544921875,4.0283203125,-15.808104515075684,-0.7934569716453552
0.0797119140625,-1.004150390625,0.0089111328125,4.69970703125,-15.502928733825684,-2.50244140625
0.0731201171875,-1.0159912109375,-0.01171875,1.3427733182907104,-10.559081077575684,-1.03759765625
0.067626953125,-1.0067138671875,-0.0302734375,-2.3193359375,-7.873534679412842,1.7089842557907104
0.029541015625,-1.0150146484375,-0.081787109375,-5.615233898162842,12.329100608825684,7.446288585662842
0.0499267578125,-1.0103759765625,-0.0460205078125,-3.417968511581421,1.3427733182907104,4.08935546875
0.05419921875,-1.005615234375,-0.0018310546875,-0.4272460639476776,-8.97216796875,1.03759765625
0.0494384765625,-1.003173828125,0.018310546875,0.2441406100988388,-11.291502952575684,1.5258787870407104
0.058837890625,-1.0010986328125,0.013427734375,-0.0610351525247097,-8.7890625,2.624511480331421
0.066650390625,-0.9849853515625,-0.00830078125,-0.7324218153953552,-6.408690929412842,3.540038824081421
0.054443359375,-0.966552734375,-0.014892578125,-2.13623046875,-5.859374523162842,2.990722417831421
0.049560546875,-0.9864501953125,0.013427734375,-2.685546636581421,-6.225585460662842,-2.25830078125
0.059814453125,-1.0277099609375,0.03955078125,-2.3193359375,-2.868652105331421,-7.385253429412842
0.06298828125,-1.02685546875,0.02294921875,-2.685546636581421,5.920409679412842,-5.126952648162842
0.0396728515625,-1.00146484375,-0.032470703125,-4.33349609375,12.939452171325684,1.220703125
0.0203857421875,-1.005859375,-0.072021484375,-6.835937023162842,10.986327171325684,4.45556640625
0.042724609375,-1.0238037109375,-0.05029296875,-6.835937023162842,0.1831054538488388,2.0751953125
0.0626220703125,-1.026123046875,-0.01318359375,-3.601073980331421,-11.474608421325684,-0.8544921278953552
0.059814453125,-1.0086669921875,-0.0023193359375,-1.4038084745407104,-17.02880859375,0.4882812201976776
0.0615234375,-0.9937744140625,-0.0357666015625,-4.69970703125,-13.916014671325684,-2.929687261581421
0.077880859375,-1.015869140625,-0.0296630859375,-5.432128429412842,-9.1552734375,-7.080077648162842
0.0858154296875,-1.006103515625,-0.0467529296875,-4.57763671875,-3.051757574081421,-7.324218273162842
0.0687255859375,-0.9849853515625,-0.083740234375,-4.150390625,2.3193359375,-6.164550304412842
0.0557861328125,-0.990966796875,-0.1119384765625,-2.746581792831421,1.5869139432907104,-9.765625
0.0645751953125,-1.0146484375,-0.1231689453125,-0.2441406100988388,-4.638671875,-15.563963890075684
0.0716552734375,-1.0255126953125,-0.1221923828125,0.7934569716453552,-10.253905296325684,-16.6015625
0.0711669921875,-1.01171875,-0.112548828125,0.3662109076976776,-13.427733421325684,-11.779784202575684
0.0679931640625,-0.9962158203125,-0.109619140625,0.7934569716453552,-16.11328125,-6.896972179412842
0.0662841796875,-0.993408203125,-0.1207275390625,2.0751953125,-17.02880859375,-7.019042491912842
0.0675048828125,-0.985595703125,-0.1278076171875,1.8920897245407104,-14.221190452575684,-9.6435546875
0.070068359375,-0.9993896484375,-0.07373046875,-3.601073980331421,1.7700194120407104,-6.958007335662842
0.0706787109375,-0.98828125,-0.0599365234375,-1.9531248807907104,12.329100608825684,-3.295898199081421
0.0428466796875,-0.9810791015625,-0.0928955078125,-0.7934569716453552,24.108884811401367,1.4038084745407104
0.046142578125,-0.9993896484375,-0.109375,-0.4272460639476776,29.846189498901367,5.249022960662842
0.109130859375,-1.023193359375,-0.075439453125,4.5166015625,26.550291061401367,4.08935546875
0.1561279296875,-1.037109375,-0.04638671875,10.864256858825684,25.939939498901367,-0.6103515625
0.173095703125,-1.0,-0.0477294921875,11.779784202575684,34.24072265625,-1.4648436307907104
0.1541748046875,-0.937744140625,-0.0765380859375,6.347655773162842,42.480464935302734,7.995604991912842
0.1136474609375,-0.9415283203125,-0.1015625,-0.7934569716453552,38.330078125,22.277830123901367
0.0947265625,-0.991455078125,-0.063720703125,-1.8920897245407104,20.996091842651367,26.000974655151367
0.098388671875,-1.016845703125,0.01220703125,2.929687261581421,6.225585460662842,16.17431640625
0.109375,-1.0301513671875,0.0374755859375,3.723144292831421,7.019042491912842,4.21142578125
0.09716796875,-1.0335693359375,-0.006103515625,-2.01416015625,17.9443359375,0.1831054538488388
0.05712890625,-1.0250244140625,-0.055419921875,-7.385253429412842,23.742673873901367,3.967284917831421
0.0460205078125,-1.0230712890625,-0.0516357421875,-5.737304210662842,16.11328125,4.82177734375
0.0611572265625,-1.015869140625,-0.009765625,0.30517578125,3.479003667831421,1.8920897245407104
0.065185546875,-0.9962158203125,0.010498046875,3.112792730331421,-1.8310545682907104,2.13623046875
0.07373046875,-0.97314453125,-0.0035400390625,3.051757574081421,-0.7324218153953552,1.3427733182907104
0.08056640625,-0.972412109375,-0.027587890625,2.563476324081421,0.4272460639476776,-2.0751953125
0.072021484375,-0.994384765625,-0.040771484375,1.03759765625,-0.4272460639476776,-3.234863042831421
0.06396484375,-1.00439453125,-0.0379638671875,0.1831054538488388,-3.662109136581421,-2.746581792831421
0.0589599609375,-0.999755859375,-0.0216064453125,1.2817381620407104,-8.36181640625,-2.3193359375
0.0594482421875,-1.00732421875,0.013671875,3.784179449081421,-11.901854515075684,-2.868652105331421
0.08056640625,-1.021728515625,0.0478515625,7.812499523162842,-12.023924827575684,-5.676269054412842
0.086181640625,-1.0228271484375,0.0352783203125,8.9111328125,-6.164550304412842,-5.371093273162842
0.06298828125,-1.006591796875,-0.0128173828125,3.295898199081421,5.187987804412842,2.50244140625
0.0543212890625,-0.9996337890625,-0.0341796875,-1.7700194120407104,12.573241233825684,7.934569835662842
0.0638427734375,-1.0196533203125,-0.0091552734375,0.2441406100988388,10.131834983825684,3.723144292831421
0.0780029296875,-1.0301513671875,0.026123046875,6.286620616912842,4.0283203125,-4.2724609375
0.0614013671875,-0.989501953125,0.0479736328125,2.01416015625,4.7607421875,3.906249761581421
0.08544921875,-1.052490234375,0.1263427734375,10.192870140075684,-5.371093273162842,-2.990722417831421
0.0882568359375,-1.0614013671875,0.1324462890625,13.854979515075684,-5.310058116912842,-3.417968511581421
0.05908203125,-1.01318359375,0.060546875,8.72802734375,4.21142578125,5.676269054412842
0.052734375,-0.975341796875,0.013916015625,3.906249761581421,8.48388671875,11.047362327575684
0.0711669921875,-0.978515625,0.044189453125,4.33349609375,3.906249761581421,8.4228515625
0.0850830078125,-0.9886474609375,0.092529296875,7.507323741912842,-1.5258787870407104,1.6479490995407104
0.087890625,-0.9788818359375,0.10400390625,8.9111328125,-1.8920897245407104,-5.371093273162842
0.0877685546875,-0.95703125,0.0936279296875,6.286620616912842,1.6479490995407104,-8.36181640625
0.0985107421875,-0.9459228515625,0.1015625,2.197265625,4.5166015625,-8.97216796875
0.1168212890625,-0.9718017578125,0.1346435546875,0.6103515625,4.82177734375,-12.329100608825684
0.133056640625,-1.024169921875,0.1707763671875,1.8310545682907104,5.554198741912842,-17.63916015625
0.1417236328125,-1.0391845703125,0.17919921875,4.33349609375,7.995604991912842,-19.22607421875
0.1279296875,-1.0003662109375,0.1419677734375,6.225585460662842,10.375975608825684,-15.441893577575684
0.11767578125,-0.950927734375,0.1025390625,6.469726085662842,9.82666015625,-11.474608421325684
0.2178955078125,-0.968994140625,0.171875,14.221190452575684,-23.010251998901367,-26.062009811401367
0.2518310546875,-0.928955078125,0.1895751953125,23.620603561401367,-40.466304779052734,-28.259275436401367
0.289794921875,-0.8544921875,0.1890869140625,31.921384811401367,-55.969234466552734,-25.085447311401367
0.3372802734375,-0.8272705078125,0.1795654296875,34.24072265625,-64.63623046875,-26.123044967651367
0.369384765625,-0.88671875,0.1402587890625,27.893064498901367,-61.401363372802734,-38.02490234375
0.281005859375,-1.028564453125,-0.103759765625,-4.94384765625,-43.518062591552734,-42.297359466552734
0.246337890625,-1.0692138671875,-0.1524658203125,-20.812986373901367,-52.612300872802734,-22.338865280151367
0.27783203125,-1.0350341796875,-0.115234375,-21.118162155151367,-51.391597747802734,-23.498533248901367
0.3125,-0.9334716796875,-0.06787109375,-6.164550304412842,-36.31591796875,-37.9638671875
0.3612060546875,-0.90673828125,0.017822265625,9.09423828125,-0.1831054538488388,-35.58349609375
0.52734375,-0.9874267578125,0.1346435546875,10.803221702575684,8.85009765625,-37.29248046875
0.594970703125,-1.0054931640625,0.12548828125,4.69970703125,26.855466842651367,-35.09521484375
0.5325927734375,-0.8922119140625,0.0211181640625,-9.1552734375,45.043941497802734,-24.536130905151367
0.47314453125,-0.7957763671875,0.00537109375,-15.624999046325684,36.0107421875,-18.37158203125
0.5001220703125,-0.8134765625,0.1029052734375,-8.6669921875,8.544921875,-23.010251998901367
0.551025390625,-0.8717041015625,0.1683349609375,0.2441406100988388,-4.5166015625,-28.930662155151367
0.566162109375,-0.91357421875,0.13427734375,-1.03759765625,3.051757574081421,-23.803709030151367
0.5628662109375,-0.9176025390625,0.073974609375,-6.225585460662842,10.314940452575684,-11.596678733825684
0.5596923828125,-0.8912353515625,0.0616455078125,-3.234863042831421,3.723144292831421,-7.141112804412842
0.563720703125,-0.868896484375,0.092041015625,4.2724609375,-9.1552734375,-9.58251953125
0.56689453125,-0.84765625,0.12060546875,7.324218273162842,-15.258788108825684,-8.056640625
0.565185546875,-0.824951171875,0.118896484375,4.82177734375,-10.803221702575684,-2.50244140625
0.55712890625,-0.8134765625,0.08984375,0.54931640625,-0.30517578125,1.4038084745407104
0.5797119140625,-0.8221435546875,0.0958251953125,0.6103515625,-3.601073980331421,1.3427733182907104
0.569580078125,-0.8272705078125,0.096435546875,1.4038084745407104,-6.958007335662842,2.197265625
0.567138671875,-0.8262939453125,0.0999755859375,2.563476324081421,-9.21630859375,2.746581792831421
0.5743408203125,-0.81689453125,0.107666015625,2.929687261581421,-9.82666015625,4.150390625
0.57177734375,-0.813232421875,0.097412109375,0.9155272841453552,-6.347655773162842,6.042479991912842
0.564697265625,-0.8231201171875,0.07861328125,-2.0751953125,-0.9155272841453552,5.371093273162842
0.5645751953125,-0.8316650390625,0.0780029296875,-4.21142578125,1.7089842557907104,3.784179449081421
0.5523681640625,-0.830322265625,0.0872802734375,-5.187987804412842,1.2817381620407104,5.126952648162842
0.5384521484375,-0.8272705078125,0.0928955078125,-5.065917491912842,0.4272460639476776,6.469726085662842
0.542724609375,-0.8343505859375,0.09033203125,-3.601073980331421,0.0610351525247097,3.112792730331421
0.5533447265625,-0.84033203125,0.0816650390625,-1.3427733182907104,-1.220703125,-1.5258787870407104
0.552978515625,-0.8341064453125,0.0738525390625,0.3662109076976776,-2.807616949081421,-3.540038824081421
0.5478515625,-0.823974609375,0.076171875,1.0986328125,-3.051757574081421,-4.7607421875
0.5518798828125,-0.8238525390625,0.0858154296875,2.868652105331421,-3.295898199081421,-6.896972179412842
0.563720703125,-0.8353271484375,0.08984375,5.310058116912842,-5.737304210662842,-8.544921875
0.572265625,-0.84326171875,0.090576171875,6.591796398162842,-9.21630859375,-8.36181640625
0.5706787109375,-0.7994384765625,0.0760498046875,8.48388671875,-14.709471702575684,-4.45556640625
0.591796875,-0.79736328125,0.0762939453125,6.713866710662842,-13.305663108825684,-3.662109136581421
0.6138916015625,-0.8114013671875,0.0859375,3.051757574081421,-7.446288585662842,-3.234863042831421
0.6070556640625,-0.8233642578125,0.0914306640625,-0.2441406100988388,-0.3662109076976776,-1.03759765625
0.588623046875,-0.822021484375,0.090576171875,-1.4648436307907104,3.234863042831421,0.7324218153953552
0.58056640625,-0.811279296875,0.0821533203125,-0.9155272841453552,3.601073980331421,-0.4272460639476776
0.5814208984375,-0.80615234375,0.0693359375,-0.8544921278953552,2.868652105331421,-2.624511480331421
0.5853271484375,-0.80810546875,0.05908203125,-2.25830078125,1.4648436307907104,-4.45556640625
0.5926513671875,-0.8089599609375,0.061767578125,-2.563476324081421,-2.13623046875,-7.202147960662842
0.6055908203125,-0.8160400390625,0.0787353515625,2.3193359375,-10.742186546325684,-8.72802734375
0.6129150390625,-0.8106689453125,0.080810546875,2.44140625,-9.33837890625,-3.784179449081421
0.611083984375,-0.796875,0.0751953125,2.197265625,-7.568358898162842,0.7934569716453552
0.6109619140625,-0.7890625,0.0621337890625,0.6713866591453552,-4.2724609375,1.4038084745407104
0.6114501953125,-0.80908203125,0.0655517578125,-2.3193359375,3.906249761581421,0.3662109076976776
0.602783203125,-0.8001708984375,0.0540771484375,-0.54931640625,2.197265625,1.6479490995407104
0.6024169921875,-0.795166015625,0.03662109375,-1.6479490995407104,3.417968511581421,1.5869139432907104
0.6163330078125,-0.8076171875,0.0509033203125,-2.563476324081421,4.150390625,-0.8544921278953552
0.6131591796875,-0.8243408203125,0.0732421875,-0.9155272841453552,1.5869139432907104,-2.25830078125
0.6005859375,-0.8309326171875,0.08154296875,0.7324218153953552,-1.5258787870407104,-0.1220703050494194
0.59912109375,-0.8182373046875,0.0809326171875,2.685546636581421,-3.601073980331421,2.624511480331421
0.6016845703125,-0.7938232421875,0.0740966796875,4.57763671875,-4.21142578125,5.187987804412842
0.599365234375,-0.7779541015625,0.06103515625,3.295898199081421,-1.5869139432907104,7.446288585662842
0.59521484375,-0.78857421875,0.0545654296875,-0.9765624403953552,2.685546636581421,7.934569835662842
0.599365234375,-0.8157958984375,0.068115234375,-3.356933355331421,3.845214605331421,5.798339366912842
0.595703125,-0.8272705078125,0.073974609375,-1.4648436307907104,1.8920897245407104,3.479003667831421
0.5775146484375,-0.8177490234375,0.0516357421875,-0.2441406100988388,2.197265625,4.2724609375
0.577392578125,-0.81787109375,0.044921875,-1.8920897245407104,4.82177734375,5.249022960662842
0.589599609375,-0.8382568359375,0.0709228515625,-3.234863042831421,5.615233898162842,4.08935546875
0.5543212890625,-0.841064453125,0.080810546875,3.051757574081421,0.6103515625,9.765625
0.552001953125,-0.8482666015625,0.065185546875,2.44140625,-0.9765624403953552,11.779784202575684
0.5501708984375,-0.8614501953125,0.0682373046875,-0.4882812201976776,-2.685546636581421,15.136717796325684
0.5400390625,-0.871826171875,0.0869140625,-2.38037109375,-3.234863042831421,18.310546875
0.516845703125,-0.8670654296875,0.0926513671875,-2.50244140625,0.1220703050494194,20.874021530151367
0.489990234375,-0.86767578125,0.072021484375,-3.601073980331421,7.995604991912842,23.193357467651367
0.4776611328125,-0.8919677734375,0.0555419921875,-6.042479991912842,15.930174827575684,24.230955123901367
0.4722900390625,-0.92041015625,0.06787109375,-5.371093273162842,17.51708984375,24.047849655151367
0.3929443359375,-0.9248046875,0.114013671875,-1.5869139432907104,13.366698265075684,40.588375091552734
0.361083984375,-0.9307861328125,0.1182861328125,-8.4228515625,21.362302780151367,46.020503997802734
0.3153076171875,-0.9342041015625,0.1077880859375,-14.831542015075684,30.761716842651367,50.354000091552734
0.28125,-0.93798828125,0.076904296875,-21.240232467651367,40.405269622802734,49.987789154052734
0.255859375,-0.9501953125,0.03125,-28.625486373901367,48.400875091552734,48.095699310302734
0.2347412109375,-0.9647216796875,-0.001708984375,-31.311033248901367,47.546382904052734,46.264644622802734
0.19921875,-0.97412109375,-0.007568359375,-23.559568405151367,34.0576171875,41.442867279052734
0.1671142578125,-0.9691162109375,0.01806640625,-8.85009765625,13.793944358825684,34.11865234375
0.15576171875,-0.9503173828125,0.0550537109375,3.234863042831421,-2.990722417831421,27.282712936401367
0.110107421875,-0.9959716796875,0.0391845703125,-4.08935546875,3.295898199081421,12.084959983825684
0.08349609375,-0.989013671875,-0.00537109375,-3.051757574081421,3.112792730331421,9.033203125
0.0811767578125,-1.000244140625,-0.0185546875,-2.563476324081421,1.8920897245407104,7.385253429412842
0.0989990234375,-1.0064697265625,0.0047607421875,-1.220703125,0.2441406100988388,6.164550304412842
0.0963134765625,-1.005615234375,0.029541015625,0.4882812201976776,-1.0986328125,4.2724609375
0.0869140625,-0.9971923828125,0.043212890625,3.112792730331421,-4.0283203125,1.2817381620407104
0.0836181640625,-0.98779296875,0.0504150390625,5.920409679412842,-7.080077648162842,-1.0986328125
0.0792236328125,-0.9906005859375,0.0577392578125,4.94384765625,-5.554198741912842,-0.3662109076976776
0.0780029296875,-0.99609375,0.0699462890625,1.2817381620407104,-1.3427733182907104,2.197265625
0.0723876953125,-0.998291015625,0.073486328125,-1.0986328125,1.4648436307907104,3.234863042831421
0.0689697265625,-0.9937744140625,0.0570068359375,-1.4038084745407104,2.746581792831421,3.173827886581421
0.06201171875,-0.9952392578125,0.02880859375,-0.8544921278953552,3.784179449081421,2.746581792831421
0.0504150390625,-1.005859375,0.0103759765625,-0.7934569716453552,4.0283203125,2.13623046875
0.058349609375,-1.01123046875,0.0255126953125,-1.4038084745407104,3.112792730331421,1.9531248807907104
0.067138671875,-1.0130615234375,0.058837890625,-1.8920897245407104,2.38037109375,2.25830078125
0.0589599609375,-1.01171875,0.07421875,-1.2817381620407104,1.8310545682907104,2.38037109375
0.0538330078125,-1.0035400390625,0.0528564453125,-1.03759765625,2.0751953125,3.662109136581421
0.05078125,-0.9954833984375,0.04248046875,-3.051757574081421,4.33349609375,5.554198741912842
0.0528564453125,-0.9891357421875,0.044921875,-4.39453125,6.896972179412842,5.187987804412842
0.0589599609375,-0.9942626953125,0.051513671875,-2.685546636581421,7.934569835662842,-0.0610351525247097
0.0640869140625,-1.006103515625,0.0428466796875,-0.1220703050494194,8.1787109375,-5.737304210662842
0.058837890625,-1.01611328125,0.01220703125,-1.5869139432907104,9.27734375,-4.0283203125
0.0452880859375,-1.017578125,-0.02099609375,-5.615233898162842,11.169432640075684,2.13623046875
0.05126953125,-1.0028076171875,-0.0194091796875,-6.225585460662842,10.009765625,3.967284917831421
0.0618896484375,-0.9942626953125,0.01123046875,-3.173827886581421,4.33349609375,0.30517578125
0.0599365234375,-1.0111083984375,0.0302734375,-0.7324218153953552,-1.6479490995407104,-3.295898199081421
0.0694580078125,-1.0185546875,0.0367431640625,0.3662109076976776,-5.920409679412842,-2.685546636581421
0.0728759765625,-0.9989013671875,0.039794921875,1.9531248807907104,-9.70458984375,0.9155272841453552
0.0640869140625,-1.0072021484375,0.05078125,-0.6713866591453552,-7.629394054412842,1.3427733182907104
0.07666015625,-1.0089111328125,0.050048828125,-1.2817381620407104,-1.2817381620407104,-0.0610351525247097
0.0692138671875,-1.0062255859375,0.019287109375,-1.15966796875,3.417968511581421,-1.03759765625
0.051513671875,-1.0098876953125,-0.015869140625,-1.7700194120407104,2.807616949081421,0.6713866591453552
0.04736328125,-1.011962890625,0.038818359375,4.08935546875,-10.864256858825684,1.8920897245407104
0.048095703125,-1.01318359375,0.056884765625,3.845214605331421,-9.27734375,3.051757574081421
0.0487060546875,-1.0057373046875,0.0484619140625,1.9531248807907104,-6.225585460662842,5.0048828125
0.04345703125,-0.997802734375,0.0311279296875,-0.2441406100988388,-4.33349609375,5.920409679412842
0.0341796875,-0.9935302734375,0.0208740234375,-1.7700194120407104,-3.845214605331421,6.103515148162842
0.032958984375,-0.99755859375,0.0216064453125,-1.7089842557907104,-3.479003667831421,4.39453125
0.04345703125,-1.005615234375,0.02734375,-1.7089842557907104,-1.15966796875,1.4648436307907104
0.05224609375,-1.0067138671875,0.02099609375,-2.563476324081421,3.417968511581421,-0.3662109076976776
0.050537109375,-1.0015869140625,-0.0001220703125,-3.295898199081421,7.019042491912842,-0.2441406100988388
0.0372314453125,-1.0025634765625,-0.0216064453125,-3.601073980331421,7.385253429412842,0.7934569716453552
0.035888671875,-1.0128173828125,0.0299072265625,0.1220703050494194,-0.9155272841453552,-4.57763671875
0.046630859375,-1.0028076171875,0.0550537109375,-0.1831054538488388,-0.7324218153953552,-4.08935546875
0.05224609375,-0.9942626953125,0.05712890625,-1.4648436307907104,1.8920897245407104,-3.479003667831421
0.0445556640625,-0.9903564453125,0.034912109375,-2.990722417831421,5.615233898162842,-3.479003667831421
0.041748046875,-0.995849609375,0.021240234375,-4.39453125,7.629394054412842,-2.685546636581421
0.0499267578125,-1.0048828125,0.0384521484375,-3.967284917831421,5.920409679412842,-1.6479490995407104
0.0521240234375,-1.0086669921875,0.066162109375,-1.03759765625,2.563476324081421,-1.2817381620407104
0.0469970703125,-1.01025390625,0.080078125,2.624511480331421,0.3662109076976776,-1.8310545682907104
0.0487060546875,-1.0028076171875,0.0787353515625,4.82177734375,0.1831054538488388,-1.5258787870407104
0.0458984375,-0.9930419921875,0.062255859375,4.2724609375,2.929687261581421,0.3662109076976776
0.043212890625,-0.9912109375,0.040283203125,2.929687261581421,6.835937023162842,0.0
0.0537109375,-0.9969482421875,0.0289306640625,2.563476324081421,8.056640625,-2.3193359375
0.059814453125,-1.01318359375,0.0201416015625,3.662109136581421,0.1831054538488388,-1.220703125
0.057861328125,-1.01220703125,0.00537109375,4.57763671875,-4.8828125,0.6103515625
0.056884765625,-1.009033203125,-0.0089111328125,3.479003667831421,-7.995604991912842,1.8310545682907104
0.0482177734375,-0.9976806640625,-0.0150146484375,-1.7089842557907104,-8.9111328125,3.540038824081421
0.0474853515625,-1.01806640625,-0.013916015625,2.0751953125,-5.187987804412842,-4.94384765625
0.05126953125,-1.0283203125,-0.01513671875,2.563476324081421,-3.051757574081421,-6.958007335662842
0.0458984375,-1.021484375,-0.0211181640625,0.9155272841453552,-2.44140625,-3.906249761581421
0.0426025390625,-1.00830078125,-0.0174560546875,-0.4882812201976776,-3.784179449081421,-0.2441406100988388
0.0516357421875,-0.9952392578125,0.008544921875,-0.54931640625,-6.469726085662842,1.03759765625
0.0550537109375,-0.997802734375,0.0413818359375,-0.9155272841453552,-7.141112804412842,0.7934569716453552
0.0552978515625,-1.009521484375,0.0631103515625,-2.3193359375,-3.662109136581421,0.4272460639476776
0.055908203125,-1.0106201171875,0.06103515625,-4.08935546875,2.38037109375,1.4648436307907104
0.0545654296875,-1.007568359375,0.0450439453125,-6.103515148162842,7.446288585662842,3.723144292831421
0.059814453125,-1.006591796875,0.0430908203125,-6.713866710662842,8.1787109375,4.82177734375
0.0606689453125,-1.0023193359375,0.0567626953125,-4.8828125,5.249022960662842,4.150390625
0.039794921875,-1.0028076171875,0.05908203125,-0.1220703050494194,1.15966796875,3.356933355331421
0.0482177734375,-1.008544921875,0.035888671875,-0.8544921278953552,1.6479490995407104,4.39453125
0.046875,-1.0040283203125,0.0091552734375,-1.3427733182907104,-0.1831054538488388,5.920409679412842
0.04248046875,-1.005615234375,0.015625,3.723144292831421,-10.742186546325684,-4.2724609375
0.047119140625,-1.010498046875,-0.0001220703125,1.6479490995407104,-4.7607421875,-4.8828125
0.0450439453125,-1.0018310546875,-0.01123046875,-0.6713866591453552,-1.6479490995407104,-3.356933355331421
0.0377197265625,-0.9918212890625,-0.0078125,-0.6713866591453552,-3.723144292831421,-3.662109136581421
0.0335693359375,-0.9962158203125,0.007080078125,1.220703125,-8.4228515625,-5.676269054412842
0.0389404296875,-1.0179443359375,0.0137939453125,2.50244140625,-10.437010765075684,-7.568358898162842
0.0509033203125,-1.0350341796875,0.006103515625,1.8920897245407104,-8.544921875,-7.995604991912842
0.0635986328125,-1.02734375,0.0025634765625,0.4882812201976776,-7.324218273162842,-5.676269054412842
0.0650634765625,-1.0078125,0.0130615234375,0.3662109076976776,-9.6435546875,-2.624511480331421
0.0531005859375,-0.997802734375,0.025634765625,2.13623046875,-12.817381858825684,-1.8310545682907104
0.044921875,-0.9990234375,0.031982421875,3.540038824081421,-13.183592796325684,-1.8920897245407104
0.0537109375,-1.0023193359375,0.0390625,3.051757574081421,-9.09423828125,-1.0986328125
0.0697021484375,-1.001953125,0.0439453125,1.5869139432907104,-2.25830078125,-0.7324218153953552
0.0716552734375,-0.9998779296875,0.0196533203125,0.1220703050494194,8.9111328125,-2.13623046875
0.06689453125,-1.01123046875,0.0047607421875,0.7324218153953552,9.33837890625,-2.563476324081421
0.065185546875,-1.017333984375,0.004150390625,1.8310545682907104,7.080077648162842,-2.563476324081421
0.06884765625,-1.0101318359375,0.024169921875,2.868652105331421,3.112792730331421,-1.4038084745407104
0.0750732421875,-1.00146484375,0.051025390625,3.173827886581421,-1.2817381620407104,0.7324218153953552
0.0771484375,-1.0010986328125,0.0662841796875,3.417968511581421,-2.990722417831421,1.5869139432907104
0.0716552734375,-1.001708984375,0.0618896484375,3.540038824081421,-0.6103515625,0.9155272841453552
0.0843505859375,-0.9949951171875,0.0517578125,0.7934569716453552,6.896972179412842,-0.3662109076976776
0.0816650390625,-1.0238037109375,0.0396728515625,3.051757574081421,-6.225585460662842,-7.202147960662842
0.0810546875,-1.0133056640625,0.0501708984375,1.15966796875,-7.080077648162842,-2.44140625
0.085205078125,-0.99951171875,0.0592041015625,-1.03759765625,-6.164550304412842,2.01416015625
0.0838623046875,-0.99609375,0.0589599609375,-2.25830078125,-5.0048828125,2.868652105331421
0.0728759765625,-0.9991455078125,0.045166015625,-3.356933355331421,-2.563476324081421,2.01416015625
0.0711669921875,-0.998779296875,0.0330810546875,-4.21142578125,0.3662109076976776,1.3427733182907104
0.0848388671875,-0.9974365234375,0.0347900390625,-4.2724609375,2.197265625,1.220703125
0.0916748046875,-0.9993896484375,0.0350341796875,-3.356933355331421,3.967284917831421,-0.1220703050494194
0.08935546875,-1.001708984375,0.0279541015625,-2.13623046875,6.286620616912842,-2.13623046875
0.093505859375,-1.0030517578125,0.0262451171875,-1.9531248807907104,7.507323741912842,-1.7089842557907104
0.0863037109375,-1.0135498046875,0.0152587890625,-3.356933355331421,7.934569835662842,1.15966796875
0.0689697265625,-1.019775390625,-0.0057373046875,-4.638671875,7.019042491912842,4.150390625
0.05859375,-1.01025390625,-0.0098876953125,-4.45556640625,3.173827886581421,6.591796398162842
0.055908203125,-1.0020751953125,0.0,-3.906249761581421,-2.563476324081421,8.60595703125
0.063720703125,-1.00048828125,0.0130615234375,-3.601073980331421,-7.141112804412842,9.1552734375
0.0755615234375,-1.0008544921875,0.0299072265625,-2.868652105331421,-8.97216796875,6.408690929412842
0.072509765625,-1.0023193359375,0.0396728515625,-0.7324218153953552,-9.21630859375,0.3662109076976776
0.0645751953125,-1.003173828125,0.0421142578125,0.8544921278953552,-8.7890625,-3.784179449081421
0.069580078125,-0.994140625,0.0506591796875,-0.54931640625,-5.554198741912842,-1.8310545682907104
0.0723876953125,-0.9881591796875,0.051513671875,-4.7607421875,2.929687261581421,1.8310545682907104
0.0753173828125,-0.9967041015625,0.031982421875,-7.873534679412842,12.268065452575684,1.03759765625
0.07568359375,-1.005859375,-0.0025634765625,-7.873534679412842,16.7236328125,-1.3427733182907104
0.06982421875,-1.010009765625,-0.03515625,-6.835937023162842,15.930174827575684,-0.4272460639476776
0.065185546875,-1.0146484375,-0.0504150390625,-6.103515148162842,11.596678733825684,1.220703125
0.0618896484375,-1.0174560546875,-0.0467529296875,-5.798339366912842,6.042479991912842,1.4038084745407104
0.0599365234375,-1.006591796875,-0.0321044921875,-4.8828125,0.4882812201976776,1.2817381620407104
0.0592041015625,-0.9969482421875,-0.023193359375,-3.112792730331421,-4.69970703125,0.3662109076976776
0.0692138671875,-0.9971923828125,-0.0181884765625,-0.3662109076976776,-9.521484375,-2.13623046875
0.0760498046875,-0.9970703125,-0.0081787109375,3.173827886581421,-13.244627952575684,-4.7607421875
0.0765380859375,-0.997314453125,0.0079345703125,4.638671875,-14.038084983825684,-5.126952648162842
0.087890625,-0.98974609375,0.0257568359375,3.479003667831421,-11.779784202575684,-3.967284917831421
0.0892333984375,-0.990234375,0.019775390625,0.3662109076976776,-6.225585460662842,-2.868652105331421
0.083984375,-0.9979248046875,-0.009033203125,-3.112792730331421,0.2441406100988388,-2.685546636581421
0.0845947265625,-1.0009765625,-0.0321044921875,-4.33349609375,3.662109136581421,-4.2724609375
0.0838623046875,-1.00830078125,-0.0408935546875,-3.479003667831421,2.990722417831421,-6.774901866912842
0.08740234375,-1.009033203125,-0.036376953125,-2.624511480331421,0.1831054538488388,-8.056640625
0.0977783203125,-0.9990234375,-0.02099609375,-2.3193359375,-2.746581792831421,-7.446288585662842
0.10205078125,-0.996826171875,-0.00439453125,-1.7700194120407104,-4.5166015625,-6.591796398162842
0.130615234375,-0.9847412109375,-0.01123046875,1.8920897245407104,1.0986328125,-7.690429210662842
0.141845703125,-0.9774169921875,-0.0333251953125,-0.54931640625,6.713866710662842,-7.690429210662842
0.156494140625,-0.984130859375,-0.0343017578125,-1.7089842557907104,7.568358898162842,-9.6435546875
0.1551513671875,-1.0120849609375,-0.029052734375,-1.6479490995407104,6.164550304412842,-12.573241233825684
0.151611328125,-1.017578125,-0.0379638671875,-1.5258787870407104,5.126952648162842,-12.878417015075684
0.151611328125,-0.9976806640625,-0.0621337890625,-2.3193359375,3.234863042831421,-9.09423828125
0.150390625,-0.984619140625,-0.0733642578125,-3.723144292831421,-1.5869139432907104,-3.479003667831421
0.1527099609375,-0.9852294921875,-0.0504150390625,-2.50244140625,-9.765625,-0.7934569716453552
0.1561279296875,-0.9954833984375,-0.0047607421875,1.9531248807907104,-16.41845703125,-3.234863042831421
0.1689453125,-1.00146484375,0.028564453125,6.042479991912842,-16.29638671875,-7.080077648162842
0.148193359375,-0.9658203125,-0.0830078125,-9.3994140625,3.540038824081421,-1.7700194120407104
0.147216796875,-0.964599609375,-0.062744140625,-5.310058116912842,-14.587401390075684,-11.413573265075684
0.1651611328125,-0.986328125,-0.034912109375,2.563476324081421,-21.362302780151367,-18.1884765625
0.1724853515625,-1.009765625,-0.0318603515625,8.23974609375,-22.094724655151367,-19.6533203125
0.1624755859375,-1.0279541015625,-0.0509033203125,7.446288585662842,-19.6533203125,-13.305663108825684
0.1597900390625,-1.0323486328125,-0.06396484375,1.220703125,-17.15087890625,-2.44140625
0.165283203125,-1.0325927734375,-0.064453125,-4.5166015625,-15.197752952575684,5.249022960662842
0.167724609375,-1.04541015625,-0.0704345703125,-6.164550304412842,-14.526366233825684,6.652831554412842
0.166748046875,-1.0521240234375,-0.08349609375,-4.82177734375,-16.90673828125,7.324218273162842
0.1650390625,-1.022216796875,-0.083984375,-3.479003667831421,-21.301267623901367,12.329100608825684
0.16455078125,-0.96484375,-0.05859375,-2.44140625,-26.184080123901367,17.76123046875
0.1629638671875,-0.939208984375,-0.015869140625,-1.8920897245407104,-27.954099655151367,19.34814453125
0.164794921875,-0.9508056640625,0.015625,-2.197265625,-22.033689498901367,16.4794921875
0.16748046875,-0.9815673828125,-0.0545654296875,-2.807616949081421,13.610838890075684,4.8828125
0.1561279296875,-0.9830322265625,-0.106201171875,-3.723144292831421,20.507810592651367,2.624511480331421
0.1500244140625,-0.981201171875,-0.132568359375,-4.8828125,23.376462936401367,0.9765624403953552
0.163330078125,-0.981201171875,-0.1080322265625,-2.3193359375,18.37158203125,-2.868652105331421
0.168212890625,-0.9947509765625,-0.0689697265625,1.6479490995407104,9.94873046875,-6.713866710662842
0.171142578125,-0.993408203125,-0.0528564453125,3.784179449081421,6.408690929412842,-8.85009765625
0.190185546875,-0.9630126953125,-0.0616455078125,4.57763671875,9.033203125,-12.023924827575684
0.2083740234375,-0.932861328125,-0.0821533203125,2.563476324081421,13.977049827575684,-15.747069358825684
0.21630859375,-0.9288330078125,-0.094482421875,-2.929687261581421,18.798828125,-18.798828125
0.2437744140625,-0.9375,-0.0714111328125,-6.530761241912842,22.644041061401367,-24.047849655151367
0.2911376953125,-0.947265625,-0.0228271484375,-4.150390625,26.123044967651367,-31.127927780151367
0.3089599609375,-0.9627685546875,-0.01953125,-0.3662109076976776,31.555173873901367,-32.958984375
0.28857421875,-0.977294921875,-0.076904296875,1.2817381620407104,36.56005859375,-27.404783248901367
0.277587890625,-0.9644775390625,-0.126953125,5.615233898162842,35.7666015625,-25.085447311401367
0.3111572265625,-0.9510498046875,-0.115966796875,14.648436546325684,26.428220748901367,-32.89794921875
0.3485107421875,-0.9720458984375,-0.05908203125,22.155759811401367,10.009765625,-39.73388671875
0.4107666015625,-0.896484375,-0.0142822265625,24.169919967651367,-20.751951217651367,-28.564451217651367
0.4205322265625,-0.9053955078125,0.0146484375,25.573728561401367,-27.221677780151367,-32.470703125
0.43310546875,-0.8983154296875,0.0472412109375,24.597166061401367,-34.36279296875,-30.822751998901367
0.4522705078125,-0.876708984375,0.0540771484375,18.61572265625,-33.38623046875,-24.353025436401367
0.491455078125,-0.88916015625,0.051025390625,6.958007335662842,-17.76123046875,-23.559568405151367
0.5032958984375,-0.8746337890625,0.052978515625,9.033203125,-15.258788108825684,-25.878904342651367
0.515625,-0.8291015625,0.047119140625,9.58251953125,-11.047362327575684,-29.663084030151367
0.5411376953125,-0.8238525390625,0.050537109375,5.554198741912842,-7.995604991912842,-33.63037109375
0.550537109375,-0.8814697265625,0.0360107421875,-6.103515148162842,-6.164550304412842,-12.756346702575684
0.5621337890625,-0.8369140625,0.0068359375,-3.356933355331421,-3.845214605331421,-11.413573265075684
0.599853515625,-0.7918701171875,0.004150390625,-0.9155272841453552,-1.5258787870407104,-14.465331077575684
0.6336669921875,-0.7799072265625,0.018310546875,-3.662109136581421,3.967284917831421,-17.9443359375
0.6470947265625,-0.808837890625,0.014892578125,-8.056640625,10.009765625,-20.080564498901367
0.6541748046875,-0.8363037109375,0.0086669921875,-8.11767578125,9.21630859375,-18.73779296875
0.6619873046875,-0.82763671875,0.0362548828125,-2.44140625,-3.051757574081421,-12.084959983825684
0.64794921875,-0.791015625,0.0657958984375,4.8828125,-19.10400390625,-1.7089842557907104
0.6240234375,-0.751220703125,0.0595703125,8.1787109375,-24.475095748901367,4.94384765625
0.62451171875,-0.7327880859375,0.0169677734375,6.103515148162842,-13.793944358825684,1.4038084745407104
0.6441650390625,-0.755126953125,-0.0372314453125,1.220703125,2.807616949081421,-7.873534679412842
0.6763916015625,-0.7891845703125,-0.0526123046875,-1.8920897245407104,9.58251953125,-13.549803733825684
0.6824951171875,-0.7911376953125,-0.0235595703125,0.3662109076976776,1.5869139432907104,-11.474608421325684
0.6470947265625,-0.763427734375,0.0118408203125,4.5166015625,-10.925292015075684,-4.21142578125
0.6312255859375,-0.736572265625,0.036376953125,5.187987804412842,-15.441893577575684,-0.0610351525247097
0.64794921875,-0.732421875,0.0335693359375,1.7089842557907104,-8.23974609375,-2.624511480331421
0.6717529296875,-0.74951171875,0.0037841796875,-5.0048828125,4.39453125,-6.408690929412842
0.687744140625,-0.759033203125,-0.016845703125,-10.437010765075684,12.329100608825684,-7.690429210662842
0.685791015625,-0.752197265625,-0.0145263671875,-10.864256858825684,11.962889671325684,-7.690429210662842
0.67919921875,-0.7459716796875,0.003173828125,-7.873534679412842,7.202147960662842,-7.324218273162842
0.68115234375,-0.7418212890625,0.0234375,-4.150390625,2.868652105331421,-6.774901866912842
0.681640625,-0.7357177734375,0.0245361328125,-0.9765624403953552,0.7324218153953552,-5.737304210662842
0.7060546875,-0.7320556640625,-0.010986328125,4.94384765625,-3.662109136581421,-11.779784202575684
0.732177734375,-0.718994140625,-0.0125732421875,5.0048828125,-3.540038824081421,-12.939452171325684
0.7371826171875,-0.7110595703125,-0.015380859375,3.906249761581421,-4.150390625,-7.629394054412842
0.7071533203125,-0.716796875,-0.016845703125,2.3193359375,-6.530761241912842,-0.4272460639476776
0.68603515625,-0.720458984375,0.0147705078125,1.6479490995407104,-11.047362327575684,3.173827886581421
0.6976318359375,-0.7105712890625,0.010009765625,1.4038084745407104,-6.286620616912842,-1.0986328125
0.701171875,-0.704833984375,-0.0220947265625,-3.540038824081421,3.784179449081421,-1.15966796875
0.7080078125,-0.7073974609375,-0.03955078125,-8.60595703125,11.230467796325684,0.1220703050494194
0.7091064453125,-0.719970703125,-0.034423828125,-8.1787109375,12.390135765075684,-2.13623046875
0.7105712890625,-0.728271484375,-0.0211181640625,-4.5166015625,9.33837890625,-4.7607421875
0.70947265625,-0.7235107421875,-0.0142822265625,-0.9765624403953552,4.0283203125,-3.906249761581421
0.70654296875,-0.7127685546875,-0.0206298828125,1.0986328125,-0.4272460639476776,-1.8920897245407104
0.718994140625,-0.7177734375,-0.0030517578125,2.624511480331421,-7.934569835662842,-2.3193359375
0.71240234375,-0.711181640625,-0.0062255859375,2.25830078125,-5.981444835662842,-0.8544921278953552
0.7108154296875,-0.706298828125,-0.014404296875,0.9765624403953552,-0.6103515625,-0.30517578125
0.720703125,-0.7059326171875,-0.0150146484375,-0.54931640625,4.94384765625,-0.9155272841453552
0.720947265625,-0.7039794921875,-0.0164794921875,-1.5258787870407104,8.85009765625,-0.7934569716453552
0.7109375,-0.7081298828125,-0.0247802734375,-2.50244140625,10.620116233825684,0.2441406100988388
0.717041015625,-0.7154541015625,-0.0225830078125,-2.746581792831421,8.9111328125,-0.1220703050494194
0.7275390625,-0.722900390625,-0.00830078125,-1.0986328125,3.906249761581421,-0.7324218153953552
0.7060546875,-0.712646484375,0.0003662109375,1.220703125,-1.8310545682907104,4.57763671875
0.70068359375,-0.6983642578125,-0.0006103515625,0.4882812201976776,-0.3662109076976776,4.638671875
0.700439453125,-0.7052001953125,0.00146484375,-0.2441406100988388,-0.1220703050494194,2.807616949081421
0.700927734375,-0.727783203125,-0.0015869140625,-1.4038084745407104,-0.4882812201976776,2.13623046875
0.7044677734375,-0.734130859375,-0.00244140625,-0.9155272841453552,-0.7324218153953552,1.5869139432907104
0.7081298828125,-0.7294921875,0.001708984375,2.01416015625,-1.6479490995407104,0.9155272841453552
0.7103271484375,-0.7205810546875,0.0035400390625,5.065917491912842,-3.173827886581421,2.13623046875
0.7088623046875,-0.713623046875,0.006591796875,6.652831554412842,-5.737304210662842,5.126952648162842
0.70703125,-0.7235107421875,0.0164794921875,6.652831554412842,-9.70458984375,7.385253429412842
0.7030029296875,-0.7373046875,0.0230712890625,6.408690929412842,-13.183592796325684,8.6669921875
0.6746826171875,-0.7264404296875,0.0087890625,10.192870140075684,-9.46044921875,10.681151390075684
0.6734619140625,-0.740966796875,0.0020751953125,10.742186546325684,-4.21142578125,9.94873046875
0.683837890625,-0.7662353515625,0.005126953125,12.634276390075684,-1.03759765625,8.544921875
0.6865234375,-0.7841796875,0.01220703125,15.869139671325684,-0.7324218153953552,8.85009765625
0.669189453125,-0.7786865234375,0.019775390625,19.53125,-1.5869139432907104,11.779784202575684
0.640625,-0.7630615234375,0.0264892578125,22.766111373901367,-1.3427733182907104,15.624999046325684
0.6243896484375,-0.760498046875,0.022705078125,24.169919967651367,1.7089842557907104,17.15087890625
0.6302490234375,-0.777587890625,0.0067138671875,23.010251998901367,6.713866710662842,15.624999046325684
0.6343994140625,-0.8087158203125,-0.0162353515625,20.996091842651367,10.070799827575684,14.160155296325684
0.625732421875,-0.834716796875,-0.0311279296875,20.996091842651367,8.11767578125,15.258788108825684
0.6094970703125,-0.8466796875,-0.0267333984375,23.437498092651367,1.5258787870407104,19.04296875
0.578125,-0.853759765625,-0.013427734375,26.000974655151367,-4.69970703125,23.437498092651367
0.5345458984375,-0.8629150390625,-0.0035400390625,27.404783248901367,-9.033203125,27.648923873901367
0.4906005859375,-0.8709716796875,0.0001220703125,27.099607467651367,-11.779784202575684,31.188962936401367
0.445068359375,-0.88720703125,-0.0015869140625,23.376462936401367,-10.864256858825684,33.8134765625
0.4102783203125,-0.92529296875,-0.005615234375,15.014647483825684,-4.638671875,37.4755859375
0.5426025390625,-0.931396484375,0.203857421875,-16.29638671875,48.034664154052734,23.376462936401367
0.5167236328125,-0.864501953125,0.2806396484375,-16.90673828125,57.006832122802734,19.4091796875
0.4478759765625,-0.826904296875,0.3321533203125,-13.244627952575684,56.640621185302734,19.1650390625
0.3946533203125,-0.815185546875,0.363525390625,-8.1787109375,46.874996185302734,18.49365234375
0.35693359375,-0.86083984375,0.3292236328125,-8.48388671875,35.09521484375,10.375975608825684
0.33154296875,-0.8656005859375,0.2696533203125,-10.864256858825684,43.273921966552734,11.657713890075684
0.295654296875,-0.865234375,0.2249755859375,-14.160155296325684,51.757808685302734,15.808104515075684
0.277099609375,-0.895263671875,0.2222900390625,-17.4560546875,48.400875091552734,21.972654342651367
0.2879638671875,-0.947509765625,0.25048828125,-18.1884765625,32.04345703125,29.174802780151367
0.2921142578125,-0.9761962890625,0.26171875,-16.4794921875,16.05224609375,34.5458984375
0.2669677734375,-0.97119140625,0.230712890625,-16.6015625,12.695311546325684,37.109375
0.236083984375,-0.9395751953125,0.1845703125,-21.545408248901367,20.629880905151367,39.4287109375
0.2303466796875,-0.8990478515625,0.148681640625,-31.433103561401367,31.738279342651367,41.442867279052734
0.2562255859375,-0.884521484375,0.1214599609375,-44.067378997802734,39.4287109375,41.381832122802734
0.2669677734375,-0.904541015625,0.0689697265625,-52.917476654052734,37.90283203125,39.306640625
0.11376953125,-0.99951171875,-0.095947265625,-53.100582122802734,28.930662155151367,32.65380859375
-0.10595703125,-1.124267578125,-0.239013671875,-38.4521484375,6.896972179412842,21.484373092651367
-0.126708984375,-1.1214599609375,-0.1134033203125,-6.591796398162842,-35.64453125,12.634276390075684
-0.0157470703125,-1.0625,0.1748046875,20.263669967651367,-60.729976654052734,5.554198741912842
0.0416259765625,-1.029541015625,0.3026123046875,23.071287155151367,-36.4990234375,1.7700194120407104
0.0018310546875,-0.966552734375,0.1798095703125,6.042479991912842,17.63916015625,8.4228515625
-0.052490234375,-0.91748046875,-0.015869140625,-17.822265625,61.462398529052734,25.207517623901367
-0.0419921875,-0.9283447265625,-0.1390380859375,-30.639646530151367,67.32177734375,39.4287109375
-0.017333984375,-0.984130859375,-0.1817626953125,-24.841306686401367,47.485347747802734,36.07177734375
-0.03125,-1.03125,-0.202880859375,-8.4228515625,25.146482467651367,18.06640625
-0.0533447265625,-1.031005859375,-0.21142578125,6.530761241912842,6.225585460662842,3.173827886581421
-0.046142578125,-0.9964599609375,-0.1798095703125,11.413573265075684,-11.169432640075684,3.479003667831421
-0.03515625,-0.9654541015625,-0.1463623046875,6.103515148162842,-23.376462936401367,13.122557640075684
-0.0577392578125,-0.964111328125,-0.153564453125,-1.15966796875,-27.343748092651367,17.88330078125
0.0281982421875,-1.0802001953125,-0.061767578125,0.4272460639476776,-38.87939453125,2.01416015625
0.0755615234375,-1.0921630859375,0.051513671875,5.737304210662842,-46.813961029052734,-3.601073980331421
0.0037841796875,-0.9617919921875,0.1060791015625,12.390135765075684,-51.208492279052734,-1.9531248807907104
-0.10791015625,-0.8382568359375,0.120849609375,13.366698265075684,-53.710933685302734,5.432128429412842
0.0045166015625,-1.063232421875,0.3045654296875,-2.563476324081421,-43.579097747802734,3.967284917831421
0.050048828125,-1.14306640625,0.299560546875,3.295898199081421,-26.550291061401367,-11.108397483825684
-0.0267333984375,-1.06640625,0.1680908203125,13.427733421325684,-12.817381858825684,-19.775390625
-0.0634765625,-0.879150390625,0.1197509765625,9.70458984375,-29.663084030151367,-0.6103515625
-0.0299072265625,-0.938232421875,0.216796875,10.437010765075684,-38.75732421875,-5.432128429412842
-0.0120849609375,-0.9981689453125,0.269287109375,17.88330078125,-36.07177734375,-20.751951217651367
-0.0013427734375,-1.0224609375,0.2432861328125,15.991209983825684,-24.108884811401367,-23.376462936401367
-0.0029296875,-1.034912109375,0.158935546875,0.7324218153953552,-9.6435546875,-10.559081077575684
-0.0142822265625,-1.0274658203125,0.0775146484375,-13.000487327575684,-3.417968511581421,1.6479490995407104
-0.0213623046875,-1.0076904296875,0.064697265625,-14.099120140075684,-13.488768577575684,5.065917491912842
-0.0286865234375,-0.997314453125,0.1151123046875,-7.324218273162842,-33.50830078125,3.234863042831421
-0.0262451171875,-1.0308837890625,0.1844482421875,-9.46044921875,-40.161128997802734,8.7890625
0.000244140625,-1.0374755859375,0.17138671875,-15.075682640075684,-21.911619186401367,14.831542015075684
0.00439453125,-1.0093994140625,0.1534423828125,-15.563963890075684,-2.868652105331421,18.73779296875
-0.0399169921875,-0.9827880859375,0.1300048828125,-10.375975608825684,9.27734375,17.51708984375
-0.096435546875,-0.993896484375,0.1021728515625,-4.0283203125,15.624999046325684,13.671874046325684
-0.1153564453125,-1.0118408203125,0.0860595703125,-0.4882812201976776,20.751951217651367,15.014647483825684
-0.1220703125,-1.0203857421875,0.0823974609375,0.30517578125,25.695798873901367,21.728513717651367
-0.1275634765625,-1.0242919921875,0.075439453125,2.197265625,24.902341842651367,28.930662155151367
-0.13427734375,-0.99365234375,0.0509033203125,3.662109136581421,26.733396530151367,30.029294967651367
-0.125,-0.9681396484375,0.0338134765625,5.798339366912842,32.40966796875,28.747556686401367
-0.091552734375,-0.979736328125,0.037353515625,10.070799827575684,37.841796875,23.071287155151367
-0.088134765625,-1.005126953125,0.0263671875,14.282225608825684,41.809078216552734,15.563963890075684
-0.11474609375,-1.0029296875,-0.0098876953125,13.244627952575684,40.893550872802734,13.427733421325684
-0.1319580078125,-0.9840087890625,-0.0379638671875,6.530761241912842,32.65380859375,17.578125
-0.1475830078125,-0.9710693359375,-0.05029296875,0.1831054538488388,20.01953125,19.34814453125
-0.170654296875,-0.978759765625,-0.0479736328125,-3.540038824081421,5.249022960662842,16.41845703125
-0.1842041015625,-0.992431640625,-0.026123046875,-8.23974609375,-10.620116233825684,19.22607421875
-0.187744140625,-0.97802734375,0.0072021484375,-12.878417015075684,-22.338865280151367,26.977537155151367
-0.20458984375,-0.95068359375,0.0401611328125,-10.681151390075684,-25.085447311401367,25.390623092651367
-0.2442626953125,-0.941650390625,0.061767578125,-2.868652105331421,-20.629880905151367,16.17431640625
-0.270751953125,-0.953857421875,0.068115234375,2.624511480331421,-13.427733421325684,9.94873046875
-0.2615966796875,-0.9595947265625,0.05615234375,2.50244140625,-4.82177734375,8.85009765625
-0.2513427734375,-0.945556640625,0.029296875,-1.4038084745407104,2.50244140625,10.437010765075684
-0.258544921875,-0.9437255859375,0.018310546875,-3.784179449081421,2.25830078125,9.521484375
-0.265625,-0.946533203125,0.0325927734375,-1.0986328125,-4.150390625,3.173827886581421
-0.28125,-0.9300537109375,0.0306396484375,1.6479490995407104,-6.469726085662842,-2.3193359375
-0.314697265625,-0.9481201171875,0.010009765625,0.0610351525247097,-4.5166015625,-2.990722417831421
-0.3262939453125,-1.0274658203125,0.0389404296875,0.6713866591453552,-8.36181640625,-3.601073980331421
-0.3369140625,-0.9530029296875,0.1539306640625,12.756346702575684,-19.34814453125,4.82177734375
-0.3211669921875,-0.94140625,0.1148681640625,8.85009765625,22.766111373901367,17.9443359375
-0.3316650390625,-0.92431640625,0.101806640625,16.78466796875,26.428220748901367,11.657713890075684
-0.34912109375,-0.8970947265625,0.092041015625,14.343260765075684,30.334470748901367,14.343260765075684
-0.3707275390625,-0.902587890625,0.08740234375,11.474608421325684,32.958984375,15.991209983825684
-0.385498046875,-0.920166015625,0.091552734375,14.587401390075684,32.2265625,13.061522483825684
-0.40087890625,-0.9127197265625,0.095703125,17.15087890625,32.1044921875,14.038084983825684
-0.418212890625,-0.9005126953125,0.0931396484375,16.357421875,33.26416015625,18.06640625
-0.4151611328125,-0.89990234375,0.095703125,16.78466796875,32.28759765625,16.29638671875
-0.4117431640625,-0.895263671875,0.087646484375,19.10400390625,30.883787155151367,8.85009765625
-0.4266357421875,-0.894287109375,0.0604248046875,17.333984375,31.127927780151367,3.845214605331421
-0.4351806640625,-0.901123046875,0.052001953125,12.084959983825684,28.381345748901367,2.807616949081421
-0.45654296875,-0.94482421875,0.109130859375,11.352538108825684,10.742186546325684,-6.835937023162842
-0.4449462890625,-0.956298828125,0.151123046875,14.099120140075684,3.112792730331421,-10.070799827575684
-0.4420166015625,-0.947265625,0.16943359375,15.441893577575684,0.54931640625,-12.023924827575684
-0.450439453125,-0.94140625,0.165771484375,13.732909202575684,1.2817381620407104,-14.404295921325684
-0.4462890625,-0.953125,0.170654296875,10.925292015075684,1.0986328125,-16.6015625
-0.428955078125,-0.9693603515625,0.1871337890625,10.253905296325684,-0.54931640625,-19.47021484375
-0.410400390625,-0.970947265625,0.208984375,10.620116233825684,-0.9765624403953552,-22.766111373901367
-0.392822265625,-0.9508056640625,0.2197265625,8.4228515625,-0.7324218153953552,-21.972654342651367
-0.36962890625,-0.92529296875,0.205078125,1.9531248807907104,-0.7324218153953552,-17.15087890625
-0.340576171875,-0.9029541015625,0.1883544921875,-6.408690929412842,-0.7324218153953552,-14.404295921325684
-0.324951171875,-0.890869140625,0.18408203125,-11.840819358825684,-3.112792730331421,-16.357421875
-0.316650390625,-0.885498046875,0.1927490234375,-13.183592796325684,-10.986327171325684,-19.71435546875
-0.2957763671875,-0.86572265625,0.211669921875,-13.061522483825684,-20.629880905151367,-19.6533203125
-0.2603759765625,-1.04541015625,0.0897216796875,-28.259275436401367,-24.841306686401367,-14.160155296325684
-0.2325439453125,-0.9456787109375,-0.0394287109375,-30.700681686401367,-18.49365234375,-10.253905296325684
-0.1951904296875,-0.889404296875,-0.1082763671875,-35.7666015625,-20.507810592651367,-6.591796398162842
-0.1890869140625,-0.9173583984375,-0.11572265625,-40.649410247802734,-29.663084030151367,-5.126952648162842
-0.1910400390625,-0.9820556640625,-0.0869140625,-40.10009765625,-43.395992279052734,-7.141112804412842
-0.2232666015625,-0.9886474609375,-0.05029296875,-41.015621185302734,-58.654781341552734,3.417968511581421
-0.212646484375,-0.9832763671875,-0.0477294921875,-40.954586029052734,-47.302242279052734,0.9155272841453552
-0.2232666015625,-0.959228515625,-0.0521240234375,-38.57421875,-35.400390625,-0.30517578125
-0.2386474609375,-0.933837890625,-0.0665283203125,-35.70556640625,-26.611326217651367,0.2441406100988388
-0.244873046875,-0.9346923828125,-0.0936279296875,-32.5927734375,-17.333984375,-2.929687261581421
-0.24072265625,-0.95849609375,-0.123779296875,-29.846189498901367,-5.432128429412842,-7.995604991912842
-0.2381591796875,-0.9793701171875,-0.154541015625,-27.038572311401367,5.065917491912842,-10.559081077575684
-0.23583984375,-0.9923095703125,-0.1834716796875,-23.132322311401367,8.97216796875,-11.901854515075684
-0.2244873046875,-1.0001220703125,-0.1927490234375,-18.73779296875,7.141112804412842,-12.451170921325684
-0.1943359375,-0.976806640625,-0.17822265625,-14.160155296325684,8.30078125,-3.295898199081421
-0.1763916015625,-0.9559326171875,-0.1907958984375,-13.549803733825684,13.427733421325684,-0.54931640625
-0.1602783203125,-0.9342041015625,-0.2410888671875,-13.122557640075684,21.911619186401367,-2.50244140625
-0.1502685546875,-0.9320068359375,-0.2393798828125,-11.535643577575684,21.057126998901367,-5.432128429412842
-0.138671875,-0.93994140625,-0.2374267578125,-9.82666015625,18.1884765625,-7.873534679412842
-0.1103515625,-0.9638671875,-0.280517578125,-11.535643577575684,20.324705123901367,-10.498045921325684
-0.0916748046875,-0.9593505859375,-0.3284912109375,-15.441893577575684,25.878904342651367,-9.27734375
-0.086181640625,-0.944580078125,-0.3826904296875,-18.12744140625,28.808591842651367,-9.09423828125
-0.0877685546875,-0.934814453125,-0.4139404296875,-19.4091796875,27.282712936401367,-10.803221702575684
-0.0775146484375,-0.934814453125,-0.3956298828125,-19.95849609375,21.240232467651367,-11.230467796325684
-0.0540771484375,-0.9329833984375,-0.3553466796875,-19.53125,13.610838890075684,-8.4228515625
-0.04150390625,-0.92333984375,-0.3504638671875,-19.71435546875,10.742186546325684,-4.21142578125
-0.0430908203125,-0.9093017578125,-0.3890380859375,-20.385740280151367,14.221190452575684,-1.0986328125
-0.0281982421875,-0.9111328125,-0.4764404296875,-15.869139671325684,15.319823265075684,-0.1831054538488388
-0.0125732421875,-0.9093017578125,-0.4910888671875,-11.657713890075684,11.108397483825684,0.1831054538488388
-0.0062255859375,-0.886474609375,-0.4962158203125,-9.27734375,11.535643577575684,3.356933355331421
-0.0068359375,-0.86181640625,-0.5106201171875,-8.30078125,15.686034202575684,5.615233898162842
-0.008056640625,-0.85986328125,-0.5294189453125,-6.591796398162842,17.63916015625,2.197265625
-0.0125732421875,-0.877685546875,-0.5406494140625,-4.69970703125,14.709471702575684,-2.746581792831421
-0.0252685546875,-0.8900146484375,-0.548583984375,-2.685546636581421,7.934569835662842,-4.21142578125
-0.0360107421875,-0.8819580078125,-0.5526123046875,0.6103515625,1.7700194120407104,-2.624511480331421
-0.0269775390625,-0.8780517578125,-0.538330078125,7.507323741912842,3.173827886581421,-0.3662109076976776
-0.0338134765625,-0.9161376953125,-0.5362548828125,7.812499523162842,6.103515148162842,0.54931640625
-0.034423828125,-0.9473876953125,-0.5064697265625,7.812499523162842,3.662109136581421,3.112792730331421
-0.031005859375,-0.94482421875,-0.4619140625,10.253905296325684,-1.7089842557907104,4.45556640625
-0.0400390625,-0.9281005859375,-0.44140625,11.962889671325684,-1.15966796875,4.39453125
-0.0487060546875,-0.9197998046875,-0.4290771484375,11.779784202575684,4.94384765625,5.371093273162842
-0.0416259765625,-0.9234619140625,-0.3896484375,13.061522483825684,7.812499523162842,5.859374523162842
-0.031982421875,-0.9205322265625,-0.34814453125,15.258788108825684,8.72802734375,5.065917491912842
-0.0301513671875,-0.901611328125,-0.34716796875,16.11328125,15.991209983825684,5.310058116912842
-0.0228271484375,-0.8953857421875,-0.3660888671875,17.15087890625,28.991697311401367,5.126952648162842
-0.002685546875,-0.913330078125,-0.360107421875,19.8974609375,40.405269622802734,3.906249761581421
0.013427734375,-0.9324951171875,-0.3360595703125,23.559568405151367,47.851558685302734,3.662109136581421
0.0181884765625,-0.9451904296875,-0.3192138671875,27.038572311401367,53.405757904052734,4.08935546875
0.01953125,-0.9661865234375,-0.252197265625,27.160642623901367,50.354000091552734,4.2724609375
-0.001220703125,-0.9365234375,-0.2335205078125,22.827146530151367,36.80419921875,9.70458984375
0.0155029296875,-0.9840087890625,-0.133544921875,27.709959030151367,15.991209983825684,-2.25830078125
0.0245361328125,-0.9874267578125,-0.119384765625,22.949216842651367,26.611326217651367,0.0610351525247097
0.0281982421875,-0.961181640625,-0.08984375,23.315427780151367,26.184080123901367,-0.7934569716453552
0.0274658203125,-0.947021484375,-0.0782470703125,22.644041061401367,31.005857467651367,-2.929687261581421
0.029052734375,-0.9566650390625,-0.0751953125,22.705076217651367,38.63525390625,-6.530761241912842
0.0384521484375,-0.9720458984375,-0.0767822265625,23.864744186401367,45.593257904052734,-9.765625
0.0745849609375,-0.977783203125,-0.0751953125,25.451658248901367,51.574703216552734,-11.291502952575684
0.1104736328125,-0.9771728515625,-0.080810546875,26.611326217651367,59.204097747802734,-11.352538108825684
0.11328125,-1.007568359375,-0.099365234375,25.268552780151367,68.115234375,-10.009765625
0.13818359375,-1.1197509765625,-0.030517578125,23.620603561401367,70.068359375,-8.7890625
0.1358642578125,-1.095703125,0.068603515625,26.611326217651367,59.814449310302734,-3.356933355331421
0.0841064453125,-0.9986572265625,0.1376953125,28.137205123901367,45.410152435302734,5.920409679412842
0.0318603515625,-0.919921875,0.1541748046875,22.949216842651367,35.46142578125,10.314940452575684
0.0245361328125,-0.9166259765625,0.166259765625,13.488768577575684,35.70556640625,8.544921875
0.0501708984375,-0.98681640625,0.2071533203125,9.21630859375,39.9169921875,4.08935546875
0.052001953125,-1.0716552734375,0.2470703125,13.793944358825684,40.832515716552734,-3.051757574081421
0.0234375,-1.082763671875,0.255615234375,19.71435546875,39.73388671875,-5.187987804412842
-0.0045166015625,-1.0086669921875,0.2391357421875,19.95849609375,38.57421875,3.601073980331421
-0.0234375,-0.935791015625,0.222412109375,15.869139671325684,36.56005859375,13.671874046325684
-0.023193359375,-0.92578125,0.2255859375,11.779784202575684,33.935546875,16.11328125
-0.0128173828125,-0.950439453125,0.2371826171875,9.46044921875,32.958984375,14.770506858825684
-0.0133056640625,-0.979736328125,0.2454833984375,8.7890625,34.5458984375,13.183592796325684
-0.0125732421875,-1.0047607421875,0.2572021484375,9.58251953125,34.85107421875,9.8876953125
-0.0137939453125,-1.0037841796875,0.2613525390625,10.803221702575684,33.935546875,6.652831554412842
-0.0340576171875,-0.9732666015625,0.24609375,10.314940452575684,34.3017578125,7.385253429412842
-0.0548095703125,-0.9715576171875,0.2564697265625,5.126952648162842,32.8369140625,1.4648436307907104
-0.059814453125,-0.973388671875,0.23388671875,4.638671875,32.65380859375,-1.8310545682907104
-0.0655517578125,-0.9683837890625,0.2177734375,5.249022960662842,31.311033248901367,-4.7607421875
-0.0684814453125,-0.9678955078125,0.2257080078125,6.225585460662842,28.137205123901367,-6.347655773162842
-0.06298828125,-0.96630859375,0.2718505859375,6.408690929412842,20.141599655151367,-6.469726085662842
-0.0623779296875,-0.9571533203125,0.275390625,4.33349609375,19.04296875,-4.8828125
-0.0595703125,-0.955810546875,0.266357421875,2.25830078125,19.1650390625,-4.2724609375
-0.0540771484375,-0.9605712890625,0.2581787109375,1.5869139432907104,19.71435546875,-5.615233898162842
-0.051513671875,-0.963623046875,0.252685546875,1.8920897245407104,21.057126998901367,-8.1787109375
-0.0499267578125,-0.960693359375,0.2447509765625,2.197265625,22.338865280151367,-11.230467796325684
-0.048583984375,-0.9603271484375,0.2340087890625,1.9531248807907104,22.460935592651367,-14.282225608825684
-0.0447998046875,-0.967529296875,0.2310791015625,1.8310545682907104,20.385740280151367,-16.78466796875
-0.0313720703125,-0.9749755859375,0.2364501953125,1.8920897245407104,16.2353515625,-18.4326171875
-0.0159912109375,-0.9796142578125,0.236572265625,1.3427733182907104,12.145995140075684,-19.22607421875
-0.0025634765625,-0.9786376953125,0.2305908203125,0.7934569716453552,9.27734375,-19.83642578125
0.0146484375,-0.97705078125,0.2264404296875,1.4038084745407104,6.103515148162842,-21.118162155151367
0.0391845703125,-0.97607421875,0.23388671875,3.479003667831421,0.7324218153953552,-22.827146530151367
0.0694580078125,-0.9617919921875,0.252685546875,6.713866710662842,-6.225585460662842,-24.780271530151367
0.091552734375,-0.94189453125,0.264404296875,10.864256858825684,-12.634276390075684,-28.442380905151367
0.1024169921875,-0.947265625,0.2686767578125,15.747069358825684,-18.310546875,-33.14208984375
0.1195068359375,-0.96875,0.2880859375,20.751951217651367,-24.353025436401367,-31.005857467651367
0.136474609375,-0.9478759765625,0.314453125,24.414060592651367,-29.235837936401367,-20.812986373901367
0.14697265625,-0.901611328125,0.3341064453125,23.803709030151367,-31.249998092651367,-17.4560546875
0.1405029296875,-0.89208984375,0.3402099609375,16.66259765625,-31.311033248901367,-23.925779342651367
0.1356201171875,-0.881591796875,0.326171875,8.48388671875,-30.090330123901367,-29.541013717651367
0.1658935546875,-0.8765869140625,0.31396484375,4.08935546875,-27.343748092651367,-33.69140625
0.1893310546875,-0.935791015625,0.30908203125,0.1831054538488388,-21.850584030151367,-33.50830078125
0.2022705078125,-0.9957275390625,0.306396484375,-0.6103515625,-17.333984375,-27.160642623901367
0.36083984375,-0.9305419921875,0.3782958984375,23.925779342651367,-17.15087890625,-43.945308685302734
0.38623046875,-0.89794921875,0.38720703125,27.526853561401367,-18.37158203125,-37.9638671875
0.415771484375,-0.8441162109375,0.3720703125,25.695798873901367,-16.54052734375,-26.794431686401367
0.450439453125,-0.8311767578125,0.3731689453125,21.789548873901367,-16.41845703125,-22.277830123901367
0.4659423828125,-0.8448486328125,0.39208984375,19.287109375,-20.690916061401367,-21.484373092651367
0.4652099609375,-0.824951171875,0.41357421875,19.53125,-28.198240280151367,-16.29638671875
0.49365234375,-0.7379150390625,0.43310546875,20.935056686401367,-33.99658203125,-3.540038824081421
0.5313720703125,-0.75439453125,0.426025390625,17.63916015625,-23.742673873901367,-3.601073980331421
0.564453125,-0.779052734375,0.409912109375,13.732909202575684,-10.925292015075684,-5.432128429412842
0.5631103515625,-0.78271484375,0.3912353515625,10.864256858825684,-2.807616949081421,-8.7890625
0.5447998046875,-0.7734375,0.388671875,9.521484375,-4.39453125,-11.291502952575684
0.5418701171875,-0.7537841796875,0.40625,10.131834983825684,-13.305663108825684,-9.765625
0.5537109375,-0.7333984375,0.419921875,10.864256858825684,-19.6533203125,-6.652831554412842
0.5777587890625,-0.7269287109375,0.3919677734375,6.347655773162842,-13.061522483825684,-0.9765624403953552
0.578125,-0.7066650390625,0.392578125,6.835937023162842,-17.822265625,3.112792730331421
0.584716796875,-0.6995849609375,0.3974609375,7.690429210662842,-22.583005905151367,5.432128429412842
0.5814208984375,-0.7137451171875,0.3890380859375,7.629394054412842,-23.742673873901367,5.065917491912842
0.57763671875,-0.721923828125,0.378173828125,7.202147960662842,-24.719236373901367,3.479003667831421
0.5885009765625,-0.7259521484375,0.380859375,7.385253429412842,-30.212400436401367,2.929687261581421
0.60107421875,-0.7432861328125,0.3851318359375,6.835937023162842,-37.353515625,6.530761241912842
0.599853515625,-0.757080078125,0.3792724609375,5.676269054412842,-40.832515716552734,12.634276390075684
0.5865478515625,-0.7601318359375,0.3697509765625,5.676269054412842,-41.198726654052734,16.9677734375
0.5712890625,-0.7615966796875,0.364501953125,6.530761241912842,-41.320796966552734,19.47021484375
0.5670166015625,-0.7686767578125,0.36083984375,7.507323741912842,-42.419429779052734,21.911619186401367
0.5587158203125,-0.7799072265625,0.3280029296875,7.568358898162842,-46.508785247802734,28.564451217651367
0.53515625,-0.79541015625,0.319580078125,8.7890625,-51.818843841552734,32.470703125
0.5174560546875,-0.80029296875,0.3079833984375,12.634276390075684,-61.218257904052734,39.48974609375
0.5762939453125,-0.760986328125,0.293701171875,18.798828125,-72.93701171875,48.156734466552734
0.7049560546875,-0.7928466796875,0.2791748046875,21.667478561401367,-80.13916015625,47.485347747802734
0.7177734375,-0.96533203125,0.2196044921875,17.4560546875,-77.63671875,36.376953125
0.57666015625,-1.0008544921875,0.1307373046875,19.34814453125,-74.64599609375,28.381345748901367
0.42138671875,-0.8040771484375,0.094482421875,29.418943405151367,-75.74462890625,30.456541061401367
0.34521484375,-0.6610107421875,0.113525390625,30.090330123901367,-65.4296875,36.2548828125
0.3951416015625,-0.7457275390625,0.1370849609375,20.935056686401367,-36.68212890625,32.16552734375
0.4991455078125,-0.9312744140625,0.11669921875,14.770506858825684,-3.845214605331421,16.11328125
0.5362548828125,-0.989501953125,0.0477294921875,14.404295921325684,11.718749046325684,7.446288585662842
0.4842529296875,-0.903564453125,0.009521484375,15.075682640075684,0.2441406100988388,13.122557640075684
0.4241943359375,-0.8355712890625,0.0523681640625,13.610838890075684,-24.230955123901367,21.423337936401367
0.427734375,-0.85693359375,0.1246337890625,10.131834983825684,-40.405269622802734,23.742673873901367
0.4483642578125,-0.90087890625,0.1500244140625,6.774901866912842,-39.9169921875,20.385740280151367
0.43212890625,-0.914306640625,0.129638671875,5.554198741912842,-31.616209030151367,16.17431640625
0.4013671875,-0.9024658203125,0.1221923828125,6.774901866912842,-27.954099655151367,14.343260765075684
0.38671875,-0.8912353515625,0.1435546875,8.36181640625,-28.869626998901367,14.953612327575684
0.391845703125,-0.89892578125,0.1617431640625,8.72802734375,-27.160642623901367,14.465331077575684
0.3953857421875,-0.9227294921875,0.1556396484375,7.629394054412842,-20.874021530151367,12.451170921325684
0.3870849609375,-0.9405517578125,0.140380859375,5.065917491912842,-14.709471702575684,12.695311546325684
0.3778076171875,-0.9390869140625,0.134521484375,2.25830078125,-12.268065452575684,15.075682640075684
0.36962890625,-0.919189453125,0.1375732421875,0.6713866591453552,-11.108397483825684,16.17431640625
0.3507080078125,-0.90087890625,0.136474609375,-0.1831054538488388,-7.995604991912842,15.808104515075684
0.37109375,-0.9588623046875,0.13330078125,-4.39453125,5.065917491912842,6.225585460662842
0.344970703125,-0.93408203125,0.123291015625,-4.21142578125,5.432128429412842,6.286620616912842
0.3236083984375,-0.9041748046875,0.1204833984375,-5.0048828125,3.417968511581421,6.774901866912842
0.3197021484375,-0.8983154296875,0.1246337890625,-6.591796398162842,1.220703125,6.469726085662842
0.327392578125,-0.9285888671875,0.1304931640625,-7.080077648162842,-0.4272460639476776,4.7607421875
0.343994140625,-0.9599609375,0.1575927734375,-4.39453125,-0.30517578125,3.845214605331421
0.328369140625,-0.9215087890625,0.12744140625,-9.09423828125,7.995604991912842,6.042479991912842
0.32373046875,-0.902587890625,0.093994140625,-13.427733421325684,16.78466796875,3.845214605331421
0.3232421875,-0.9134521484375,0.0701904296875,-16.4794921875,22.277830123901367,0.0610351525247097
0.317138671875,-0.9351806640625,0.05419921875,-18.310546875,21.972654342651367,-1.15966796875
0.3209228515625,-0.95361328125,0.0504150390625,-18.24951171875,14.526366233825684,-0.30517578125
0.3323974609375,-0.9586181640625,0.0518798828125,-15.808104515075684,3.784179449081421,0.7934569716453552
0.330078125,-0.948974609375,0.0418701171875,-12.878417015075684,-3.356933355331421,1.8310545682907104
0.3162841796875,-0.9415283203125,0.018798828125,-11.657713890075684,-5.493163585662842,2.197265625
0.31298828125,-0.953125,-0.0072021484375,-11.474608421325684,-6.408690929412842,1.03759765625
0.3233642578125,-0.9677734375,-0.02880859375,-9.70458984375,-8.85009765625,-0.2441406100988388
0.3271484375,-0.963134765625,-0.0452880859375,-5.554198741912842,-13.366698265075684,0.6713866591453552
0.321533203125,-0.9443359375,-0.052734375,-1.2817381620407104,-18.1884765625,3.173827886581421
0.312744140625,-0.93359375,-0.047607421875,0.7934569716453552,-20.751951217651367,5.187987804412842
0.3055419921875,-0.9505615234375,-0.0352783203125,1.5869139432907104,-20.385740280151367,5.981444835662842
0.3321533203125,-0.972900390625,-0.0169677734375,9.27734375,-15.930174827575684,2.44140625
0.3350830078125,-0.95654296875,-0.0252685546875,11.352538108825684,-10.559081077575684,-0.4272460639476776
0.32958984375,-0.9539794921875,-0.028076171875,8.30078125,-4.8828125,-1.15966796875
0.326416015625,-0.96728515625,-0.0179443359375,4.5166015625,-1.6479490995407104,-2.01416015625
0.3287353515625,-0.9840087890625,-0.015380859375,2.807616949081421,0.30517578125,-3.662109136581421
0.330078125,-0.9842529296875,-0.032958984375,2.563476324081421,1.4038084745407104,-3.784179449081421
0.3255615234375,-0.967529296875,-0.0496826171875,3.723144292831421,0.7934569716453552,-2.38037109375
0.3228759765625,-0.9576416015625,-0.0465087890625,5.187987804412842,-1.15966796875,-1.15966796875
0.327392578125,-0.9586181640625,-0.0362548828125,5.493163585662842,-3.295898199081421,-0.1831054538488388
0.3323974609375,-0.9652099609375,-0.032958984375,5.0048828125,-3.601073980331421,-0.1831054538488388
0.3330078125,-0.97802734375,-0.0357666015625,5.0048828125,-1.8310545682907104,-1.3427733182907104
0.3134765625,-0.951171875,0.0009765625,8.544921875,-4.638671875,2.0751953125
0.315673828125,-0.9609375,0.006591796875,8.60595703125,-1.5869139432907104,0.54931640625
0.3074951171875,-0.972412109375,0.0106201171875,9.521484375,-0.0,0.4272460639476776
0.3006591796875,-0.9713134765625,0.0279541015625,11.596678733825684,-1.4038084745407104,2.38037109375
0.300537109375,-0.9598388671875,0.0567626953125,13.977049827575684,-3.906249761581421,4.33349609375
0.3079833984375,-0.948486328125,0.09228515625,15.624999046325684,-4.2724609375,5.0048828125
0.3173828125,-0.9447021484375,0.1259765625,15.502928733825684,-1.7700194120407104,5.065917491912842
0.307373046875,-0.9427490234375,0.1417236328125,13.732909202575684,1.4038084745407104,5.737304210662842
0.2880859375,-0.9365234375,0.146240234375,11.657713890075684,2.685546636581421,7.141112804412842
0.281982421875,-0.9276123046875,0.150634765625,10.314940452575684,2.01416015625,7.812499523162842
0.2803955078125,-0.9283447265625,0.14892578125,9.27734375,4.08935546875,6.042479991912842
0.2706298828125,-0.94189453125,0.13818359375,7.751464366912842,10.437010765075684,3.051757574081421
0.2584228515625,-0.9522705078125,0.128662109375,7.324218273162842,15.930174827575684,1.15966796875
0.254638671875,-0.954345703125,0.1285400390625,8.97216796875,17.2119140625,0.7324218153953552
0.2574462890625,-0.9583740234375,0.129150390625,10.559081077575684,16.78466796875,1.15966796875
0.2625732421875,-0.9591064453125,0.1168212890625,10.070799827575684,17.7001953125,2.0751953125
0.262451171875,-0.965576171875,0.0931396484375,7.812499523162842,20.629880905151367,2.01416015625
0.24658203125,-1.0087890625,0.0791015625,5.371093273162842,22.216794967651367,0.6713866591453552
0.2410888671875,-1.0400390625,0.1072998046875,6.103515148162842,17.27294921875,1.7700194120407104
0.2520751953125,-1.01123046875,0.1715087890625,9.58251953125,9.1552734375,6.347655773162842
0.239990234375,-0.931884765625,0.2294921875,-0.54931640625,21.423337936401367,14.648436546325684
0.231689453125,-0.966064453125,0.2608642578125,-4.82177734375,21.728513717651367,15.869139671325684
0.241455078125,-0.961181640625,0.33251953125,-1.6479490995407104,8.97216796875,20.080564498901367
0.224609375,-0.929443359375,0.38427734375,4.39453125,-6.286620616912842,25.573728561401367
0.1834716796875,-0.9185791015625,0.3929443359375,7.751464366912842,-12.634276390075684,29.541013717651367
0.1708984375,-0.927490234375,0.3980712890625,10.803221702575684,-12.023924827575684,30.517576217651367
0.1549072265625,-0.919189453125,0.3955078125,15.686034202575684,-8.48388671875,29.541013717651367
0.102783203125,-0.88916015625,0.3681640625,19.71435546875,-2.624511480331421,28.381345748901367
0.073486328125,-0.896484375,0.35302734375,21.057126998901367,0.4882812201976776,26.184080123901367
0.0955810546875,-0.9505615234375,0.3692626953125,20.935056686401367,-2.563476324081421,24.108884811401367
0.1112060546875,-0.97314453125,0.380615234375,21.911619186401367,-7.446288585662842,25.146482467651367
0.0870361328125,-0.940185546875,0.369873046875,24.475095748901367,-11.108397483825684,26.916501998901367
0.0467529296875,-0.9046630859375,0.3604736328125,25.817869186401367,-14.892577171325684,27.038572311401367
0.02587890625,-0.898193359375,0.3721923828125,24.353025436401367,-18.73779296875,26.672361373901367
0.0291748046875,-0.905029296875,0.3946533203125,22.216794967651367,-21.728513717651367,24.658201217651367
0.0264892578125,-0.9033203125,0.4052734375,20.080564498901367,-22.705076217651367,21.484373092651367
0.0152587890625,-0.898681640625,0.411376953125,17.15087890625,-22.766111373901367,19.59228515625
0.0108642578125,-0.90185546875,0.4271240234375,13.793944358825684,-23.193357467651367,18.37158203125
0.0037841796875,-0.906494140625,0.4400634765625,10.070799827575684,-23.071287155151367,16.41845703125
-0.010498046875,-0.9027099609375,0.4356689453125,4.82177734375,-20.874021530151367,14.648436546325684
-0.0208740234375,-0.896728515625,0.4189453125,-2.197265625,-17.4560546875,14.282225608825684
-0.017822265625,-0.89990234375,0.4078369140625,-8.97216796875,-14.770506858825684,13.244627952575684
-0.055419921875,-0.9493408203125,0.377685546875,-23.254392623901367,0.6713866591453552,10.253905296325684
-0.06689453125,-0.9464111328125,0.363037109375,-26.306150436401367,4.45556640625,13.427733421325684
-0.0816650390625,-0.9317626953125,0.352783203125,-28.259275436401367,7.629394054412842,16.6015625
-0.099365234375,-0.9234619140625,0.340087890625,-29.418943405151367,12.451170921325684,18.00537109375
-0.1064453125,-0.9361572265625,0.318115234375,-30.090330123901367,20.385740280151367,15.258788108825684
-0.107421875,-0.9619140625,0.2833251953125,-29.724119186401367,30.395505905151367,9.21630859375
-0.1204833984375,-0.9781494140625,0.2464599609375,-27.099607467651367,38.39111328125,3.540038824081421
-0.132080078125,-0.97119140625,0.2286376953125,-21.179197311401367,39.306640625,-1.03759765625
-0.12841796875,-0.9586181640625,0.2305908203125,-14.526366233825684,34.72900390625,-5.432128429412842
-0.1217041015625,-0.9669189453125,0.231201171875,-11.474608421325684,32.1044921875,-8.72802734375
-0.12255859375,-0.984375,0.2171630859375,-11.718749046325684,34.912109375,-9.6435546875
-0.127197265625,-0.9925537109375,0.1922607421875,-12.695311546325684,39.85595703125,-8.72802734375
-0.1248779296875,-0.995849609375,0.160400390625,-13.305663108825684,41.870113372802734,-7.812499523162842
-0.1036376953125,-1.00341796875,0.086181640625,-19.1650390625,32.71484375,-4.08935546875
-0.1025390625,-1.02197265625,0.0633544921875,-23.986814498901367,30.090330123901367,-0.7934569716453552
-0.1007080078125,-1.0257568359375,0.0413818359375,-27.099607467651367,24.719236373901367,6.774901866912842
-0.103759765625,-1.0064697265625,0.024169921875,-24.963376998901367,11.840819358825684,15.075682640075684
-0.12109375,-0.9873046875,0.0213623046875,-18.12744140625,-7.019042491912842,17.27294921875
-0.13525390625,-0.9837646484375,0.043212890625,-10.803221702575684,-24.841306686401367,13.732909202575684
-0.1368408203125,-0.985107421875,0.0721435546875,-5.676269054412842,-34.11865234375,9.94873046875
-0.1400146484375,-0.9874267578125,0.075439453125,-2.13623046875,-34.24072265625,8.72802734375
-0.1522216796875,-0.997802734375,0.0548095703125,0.1220703050494194,-31.433103561401367,11.108397483825684
-0.164306640625,-1.0,0.040771484375,0.7934569716453552,-30.212400436401367,13.671874046325684
-0.1700439453125,-0.989501953125,0.045166015625,0.8544921278953552,-29.846189498901367,12.268065452575684
-0.178466796875,-0.9815673828125,0.062255859375,2.01416015625,-28.503416061401367,7.812499523162842
-0.18603515625,-0.982666015625,0.080322265625,4.57763671875,-25.451658248901367,4.0283203125
-0.185546875,-0.9814453125,0.078369140625,7.690429210662842,-14.587401390075684,9.3994140625
-0.191162109375,-0.9793701171875,0.0870361328125,9.6435546875,-16.6015625,4.33349609375
-0.200439453125,-0.9833984375,0.11572265625,16.11328125,-19.8974609375,1.8310545682907104
-0.20458984375,-0.9903564453125,0.1490478515625,19.53125,-20.080564498901367,5.981444835662842
-0.2025146484375,-0.9910888671875,0.1663818359375,13.916014671325684,-15.747069358825684,10.498045921325684
-0.2052001953125,-0.9820556640625,0.1693115234375,5.249022960662842,-8.544921875,11.474608421325684
-0.2113037109375,-0.969482421875,0.169189453125,-0.0610351525247097,-3.845214605331421,11.840819358825684
-0.213134765625,-0.953857421875,0.168212890625,-2.0751953125,-2.38037109375,12.329100608825684
-0.2117919921875,-0.951416015625,0.17333984375,-3.662109136581421,0.7324218153953552,14.160155296325684
-0.2158203125,-0.9698486328125,0.1763916015625,-5.615233898162842,8.97216796875,21.423337936401367
-0.238037109375,-0.9708251953125,0.1590576171875,-6.347655773162842,20.568845748901367,33.3251953125
-0.258056640625,-0.9437255859375,0.1231689453125,-4.33349609375,28.076169967651367,41.992183685302734
-0.262451171875,-0.9278564453125,0.0936279296875,-0.1220703050494194,28.930662155151367,33.69140625
-0.2781982421875,-0.94091796875,0.090087890625,4.21142578125,27.160642623901367,6.286620616912842
-0.29052734375,-0.9630126953125,0.1068115234375,7.446288585662842,23.803709030151367,-16.78466796875
-0.2847900390625,-0.9681396484375,0.1229248046875,7.507323741912842,19.10400390625,-15.808104515075684
-0.2855224609375,-0.9581298828125,0.13232421875,4.0283203125,15.808104515075684,-1.5869139432907104
-0.2945556640625,-0.9635009765625,0.1378173828125,0.30517578125,14.953612327575684,10.009765625
-0.3116455078125,-0.9696044921875,0.1153564453125,-2.0751953125,15.258788108825684,21.606443405151367
-0.3365478515625,-0.9544677734375,0.0843505859375,-3.845214605331421,12.756346702575684,29.113767623901367
-0.3587646484375,-0.932373046875,0.078369140625,-4.8828125,6.408690929412842,24.353025436401367
-0.3809814453125,-0.9114990234375,0.079833984375,-5.0048828125,2.563476324081421,16.4794921875
-0.3961181640625,-0.8990478515625,0.0780029296875,-3.906249761581421,3.540038824081421,11.474608421325684
-0.3988037109375,-0.890625,0.076904296875,-1.7700194120407104,4.33349609375,8.7890625
-0.4031982421875,-0.892822265625,0.0780029296875,-0.3662109076976776,1.03759765625,9.1552734375
-0.4163818359375,-0.9134521484375,0.0772705078125,-0.54931640625,-3.540038824081421,7.812499523162842
-0.4239501953125,-0.9222412109375,0.069091796875,-0.6713866591453552,-5.371093273162842,4.5166015625
-0.4744873046875,-0.8857421875,0.0889892578125,-2.990722417831421,-11.047362327575684,-2.50244140625
-0.438232421875,-0.90576171875,0.1129150390625,-6.652831554412842,-21.789548873901367,-13.732909202575684
-0.4395751953125,-0.9075927734375,0.126953125,-5.920409679412842,-20.996091842651367,-6.408690929412842
-0.461669921875,-0.892333984375,0.1273193359375,-3.051757574081421,-12.573241233825684,8.97216796875
-0.477294921875,-0.8780517578125,0.1239013671875,-1.5258787870407104,-4.57763671875,15.380858421325684
-0.4765625,-0.8763427734375,0.11474609375,-1.2817381620407104,0.7934569716453552,11.901854515075684
-0.468017578125,-0.8980712890625,0.077392578125,1.0986328125,5.676269054412842,-0.0610351525247097
-0.4598388671875,-0.87646484375,0.086669921875,0.6713866591453552,2.50244140625,-5.249022960662842
-0.452392578125,-0.8778076171875,0.0865478515625,0.4272460639476776,1.3427733182907104,-3.967284917831421
-0.447021484375,-0.8909912109375,0.0853271484375,0.4882812201976776,2.3193359375,-0.2441406100988388
-0.44775390625,-0.9046630859375,0.08203125,0.0610351525247097,3.723144292831421,0.8544921278953552
-0.4471435546875,-0.908447265625,0.0794677734375,-0.6713866591453552,3.967284917831421,0.0610351525247097
-0.4432373046875,-0.9000244140625,0.077880859375,-1.220703125,3.479003667831421,-0.54931640625
-0.4404296875,-0.8905029296875,0.0762939453125,-1.4038084745407104,3.112792730331421,-0.9155272841453552
-0.4422607421875,-0.8924560546875,0.0755615234375,-1.2817381620407104,3.173827886581421,-1.4648436307907104
-0.4444580078125,-0.899658203125,0.0748291015625,-1.220703125,3.967284917831421,-1.8310545682907104
-0.4437255859375,-0.903076171875,0.071044921875,-1.4648436307907104,4.33349609375,-1.5869139432907104
-0.442626953125,-0.9039306640625,0.066162109375,-1.6479490995407104,3.479003667831421,-1.6479490995407104
-0.4422607421875,-0.9034423828125,0.0653076171875,-1.6479490995407104,2.685546636581421,-1.6479490995407104
-0.44189453125,-0.9019775390625,0.06640625,-1.4648436307907104,2.563476324081421,-0.9765624403953552
-0.44091796875,-0.8992919921875,0.065185546875,-1.220703125,2.746581792831421,-0.1831054538488388
-0.4407958984375,-0.8970947265625,0.0631103515625,-1.03759765625,2.868652105331421,-0.1220703050494194
-0.44189453125,-0.9000244140625,0.0625,-0.9155272841453552,2.624511480331421,-0.7324218153953552
-0.44384765625,-0.90478515625,0.0625,-0.7324218153953552,2.01416015625,-1.4648436307907104
-0.4449462890625,-0.90185546875,0.06201171875,-0.4882812201976776,1.5869139432907104,-2.44140625
-0.4462890625,-0.890869140625,0.0606689453125,-0.54931640625,1.4648436307907104,-5.249022960662842
-0.445068359375,-0.8836669921875,0.054931640625,-1.6479490995407104,0.7934569716453552,-13.854979515075684
-0.421875,-0.8944091796875,0.0439453125,-3.540038824081421,-2.38037109375,-30.761716842651367
-0.380859375,-0.915771484375,0.039306640625,-2.50244140625,-9.27734375,-48.278804779052734
-0.3343505859375,-0.9404296875,0.0594482421875,3.479003667831421,-17.27294921875,-59.082027435302734
-0.285400390625,-0.9835205078125,0.1058349609375,9.09423828125,-21.301267623901367,-60.424800872802734
-0.261474609375,-1.0159912109375,0.14111328125,8.48388671875,-15.686034202575684,-47.241207122802734
-0.2469482421875,-0.9542236328125,0.08544921875,-1.220703125,13.122557640075684,-3.417968511581421
-0.2371826171875,-0.9698486328125,0.08056640625,-0.9765624403953552,12.207030296325684,-6.896972179412842
-0.2281494140625,-0.9786376953125,0.0909423828125,0.2441406100988388,10.192870140075684,-8.6669921875
-0.2152099609375,-0.972900390625,0.1109619140625,2.25830078125,9.46044921875,-7.873534679412842
-0.2010498046875,-0.9765625,0.1212158203125,1.2817381620407104,23.803709030151367,0.4272460639476776
-0.2000732421875,-0.993896484375,0.100341796875,4.08935546875,24.353025436401367,-5.126952648162842
-0.203125,-0.9892578125,0.086181640625,5.126952648162842,21.362302780151367,-8.4228515625
-0.19970703125,-0.978515625,0.061279296875,4.8828125,19.59228515625,-12.756346702575684
-0.1964111328125,-0.9776611328125,0.0394287109375,1.6479490995407104,20.324705123901367,-15.258788108825684
-0.192626953125,-0.9886474609375,0.0491943359375,-2.685546636581421,19.53125,-13.122557640075684
-0.190673828125,-0.993408203125,0.0870361328125,-3.356933355331421,12.023924827575684,-11.901854515075684
-0.2093505859375,-0.969970703125,0.1195068359375,-1.2817381620407104,-1.8920897245407104,-12.756346702575684
-0.2264404296875,-0.94775390625,0.1431884765625,-3.417968511581421,-16.54052734375,-7.446288585662842
-0.171875,-0.9560546875,0.2083740234375,-18.73779296875,-31.311033248901367,11.718749046325684
-0.1473388671875,-0.9443359375,0.2357177734375,-14.892577171325684,-33.447265625,8.4228515625
-0.1324462890625,-0.9649658203125,0.232421875,-11.657713890075684,-33.447265625,1.8310545682907104
-0.124755859375,-1.028076171875,0.13134765625,-12.512206077575684,-25.390623092651367,-8.6669921875
-0.10791015625,-1.064208984375,-0.0399169921875,-18.24951171875,-10.314940452575684,-20.568845748901367
-0.090576171875,-0.988037109375,-0.183837890625,-22.033689498901367,-5.493163585662842,-25.085447311401367
-0.08642578125,-0.9422607421875,-0.2066650390625,-19.04296875,-23.315427780151367,-26.733396530151367
-0.0943603515625,-1.04833984375,-0.1170654296875,-12.145995140075684,-48.706050872802734,-33.935546875
-0.0968017578125,-1.11962890625,-0.059814453125,-2.13623046875,-46.630855560302734,-26.245115280151367
-0.1007080078125,-0.9552001953125,-0.156982421875,-1.5258787870407104,-32.28759765625,-13.488768577575684
-0.1124267578125,-0.8775634765625,-0.2218017578125,-6.591796398162842,-24.780271530151367,-3.845214605331421
-0.09228515625,-0.9566650390625,-0.180908203125,-12.573241233825684,-25.146482467651367,-0.4272460639476776
-0.098388671875,-0.9532470703125,-0.0589599609375,6.103515148162842,-17.822265625,-3.234863042831421
-0.08740234375,-0.9102783203125,-0.0550537109375,8.6669921875,-8.97216796875,0.4272460639476776
-0.0650634765625,-0.927734375,-0.04345703125,9.3994140625,2.746581792831421,-1.0986328125
-0.0458984375,-0.980712890625,-0.043212890625,11.108397483825684,18.798828125,-8.48388671875
0.0853271484375,-1.016845703125,0.0484619140625,28.381345748901367,44.128414154052734,-14.526366233825684
0.129638671875,-1.0064697265625,0.0860595703125,34.60693359375,38.87939453125,-25.756834030151367
0.0638427734375,-0.90869140625,0.04736328125,34.11865234375,42.053218841552734,-39.55078125
-0.0108642578125,-0.8719482421875,0.010498046875,19.59228515625,53.344722747802734,-40.222164154052734
0.0904541015625,-1.0030517578125,0.228759765625,12.634276390075684,20.812986373901367,-19.1650390625
0.069580078125,-0.842041015625,0.1983642578125,21.728513717651367,2.685546636581421,-24.353025436401367
0.0789794921875,-0.702392578125,0.135986328125,17.15087890625,-3.479003667831421,-29.113767623901367
0.1177978515625,-0.7073974609375,0.094970703125,2.0751953125,0.4882812201976776,-26.733396530151367
0.1728515625,-0.889404296875,0.089599609375,-6.225585460662842,-1.4038084745407104,-20.935056686401367
0.207763671875,-1.048095703125,0.0997314453125,5.310058116912842,-16.78466796875,-20.141599655151367
0.205322265625,-1.0107421875,0.1131591796875,26.428220748901367,-36.31591796875,-18.37158203125
0.227783203125,-0.9227294921875,0.149169921875,32.71484375,-41.931148529052734,-16.29638671875
0.322998046875,-1.041259765625,0.170654296875,3.906249761581421,-7.141112804412842,-53.344722747802734
0.3583984375,-1.104248046875,0.1368408203125,-0.6713866591453552,1.8310545682907104,-54.077144622802734
0.3828125,-1.0712890625,0.1065673828125,6.591796398162842,-3.479003667831421,-44.128414154052734
0.4014892578125,-0.9932861328125,0.09716796875,14.892577171325684,-15.991209983825684,-36.31591796875
0.4251708984375,-0.943603515625,0.114990234375,16.05224609375,-27.221677780151367,-29.296873092651367
0.4698486328125,-0.940185546875,0.1549072265625,13.916014671325684,-34.912109375,-28.686521530151367
0.5146484375,-0.964111328125,0.1845703125,12.451170921325684,-37.65869140625,-34.72900390625
0.5286865234375,-0.9730224609375,0.1893310546875,9.033203125,-32.958984375,-35.70556640625
0.525390625,-0.957275390625,0.1923828125,4.21142578125,-27.648923873901367,-29.846189498901367
0.516357421875,-0.942138671875,0.20458984375,1.4648436307907104,-27.709959030151367,-23.376462936401367
0.5147705078125,-0.9334716796875,0.2213134765625,0.7934569716453552,-26.977537155151367,-18.310546875
0.5311279296875,-0.9290771484375,0.2239990234375,-0.0610351525247097,-18.1884765625,-13.977049827575684
0.541748046875,-0.9176025390625,0.197509765625,-2.50244140625,-5.371093273162842,-9.6435546875
0.53515625,-0.8824462890625,0.162841796875,-5.065917491912842,1.6479490995407104,-5.126952648162842
0.525146484375,-0.8284912109375,0.1514892578125,-6.408690929412842,-1.8310545682907104,-1.9531248807907104
0.5333251953125,-0.8370361328125,0.1495361328125,-5.676269054412842,-2.50244140625,-2.746581792831421
0.533203125,-0.84521484375,0.1341552734375,-4.39453125,-0.9155272841453552,-2.3193359375
0.529052734375,-0.845458984375,0.12841796875,-3.051757574081421,-0.54931640625,-1.8310545682907104
0.5230712890625,-0.8382568359375,0.1468505859375,-1.9531248807907104,-1.6479490995407104,-2.197265625
0.5318603515625,-0.838134765625,0.1705322265625,-0.6103515625,-0.7934569716453552,-4.08935546875
0.556884765625,-0.847412109375,0.163330078125,0.2441406100988388,4.7607421875,-9.27734375
0.5609130859375,-0.8455810546875,0.1241455078125,-0.7324218153953552,11.108397483825684,-13.244627952575684
0.535888671875,-0.8289794921875,0.101318359375,-2.38037109375,10.986327171325684,-9.58251953125
0.513671875,-0.810546875,0.1180419921875,-2.563476324081421,4.45556640625,-1.7700194120407104
0.513671875,-0.798583984375,0.1422119140625,-1.6479490995407104,-0.9765624403953552,2.50244140625
0.5323486328125,-0.8043212890625,0.1456298828125,-1.4648436307907104,-1.7089842557907104,1.5258787870407104
0.556640625,-0.8272705078125,0.1307373046875,-1.4648436307907104,0.30517578125,-1.5258787870407104
0.6116943359375,-0.8846435546875,0.1353759765625,1.6479490995407104,-2.01416015625,3.601073980331421
0.607421875,-0.869384765625,0.1282958984375,-0.2441406100988388,-0.7934569716453552,1.5258787870407104
0.5914306640625,-0.84619140625,0.12158203125,-1.7089842557907104,-0.3662109076976776,-3.051757574081421
0.5694580078125,-0.8177490234375,0.1170654296875,-2.929687261581421,0.1220703050494194,-7.141112804412842
0.5618896484375,-0.798583984375,0.1103515625,-4.45556640625,1.5258787870407104,-10.070799827575684
0.5535888671875,-0.795166015625,0.0970458984375,-5.981444835662842,2.990722417831421,-11.840819358825684
0.5379638671875,-0.7921142578125,0.0928955078125,-7.446288585662842,2.3193359375,-11.779784202575684
0.5472412109375,-0.78125,0.1317138671875,-8.36181640625,-7.995604991912842,-12.817381858825684
0.612548828125,-0.782470703125,0.1036376953125,-6.103515148162842,12.634276390075684,-10.986327171325684
0.6058349609375,-0.773193359375,0.10498046875,-4.7607421875,8.6669921875,-8.544921875
0.603271484375,-0.7564697265625,0.1009521484375,-3.662109136581421,2.685546636581421,-5.0048828125
0.6077880859375,-0.74462890625,0.0941162109375,-2.807616949081421,0.4272460639476776,-2.01416015625
0.653076171875,-0.7890625,0.098876953125,-1.4038084745407104,8.30078125,-4.0283203125
0.687255859375,-0.82470703125,0.10693359375,-0.8544921278953552,12.512206077575684,-5.554198741912842
0.705078125,-0.8289794921875,0.107666015625,-0.1220703050494194,12.329100608825684,-4.2724609375
0.68212890625,-0.801513671875,0.091552734375,-0.54931640625,7.202147960662842,0.1220703050494194
0.6318359375,-0.7664794921875,0.07470703125,-3.173827886581421,-0.0,5.798339366912842
0.5948486328125,-0.7490234375,0.074462890625,-6.469726085662842,-6.652831554412842,9.1552734375
0.58935546875,-0.746337890625,0.087890625,-7.385253429412842,-12.512206077575684,8.60595703125
0.6046142578125,-0.7489013671875,0.0947265625,-6.591796398162842,-15.930174827575684,7.080077648162842
0.616943359375,-0.75927734375,0.0914306640625,-6.469726085662842,-14.587401390075684,6.469726085662842
0.6187744140625,-0.7716064453125,0.08837890625,-5.981444835662842,-11.108397483825684,5.798339366912842
0.6177978515625,-0.77978515625,0.082275390625,-5.371093273162842,-7.446288585662842,6.347655773162842
0.6220703125,-0.794677734375,0.07861328125,-4.2724609375,-4.57763671875,6.408690929412842
0.6378173828125,-0.8131103515625,0.0858154296875,-0.3662109076976776,-3.662109136581421,0.4882812201976776
0.6484375,-0.815185546875,0.0909423828125,3.295898199081421,-2.01416015625,-6.530761241912842
0.637939453125,-0.7984619140625,0.078125,2.563476324081421,3.234863042831421,-5.187987804412842
0.614013671875,-0.781005859375,0.0489501953125,-0.3662109076976776,7.385253429412842,1.4038084745407104
0.59423828125,-0.776611328125,0.0267333984375,-2.563476324081421,4.94384765625,5.310058116912842
0.603759765625,-0.7991943359375,0.05712890625,-1.5869139432907104,-9.58251953125,4.5166015625
0.6109619140625,-0.8065185546875,0.079833984375,2.3193359375,-11.718749046325684,3.967284917831421
0.6002197265625,-0.79541015625,0.070068359375,5.0048828125,-5.859374523162842,3.479003667831421
0.5897216796875,-0.7845458984375,0.0499267578125,4.8828125,2.50244140625,3.295898199081421
0.5904541015625,-0.791259765625,0.0496826171875,4.7607421875,4.39453125,3.295898199081421
0.594482421875,-0.7998046875,0.0535888671875,5.432128429412842,0.6713866591453552,3.601073980331421
0.5947265625,-0.788330078125,0.0396728515625,3.784179449081421,-1.3427733182907104,4.0283203125
0.59375,-0.8052978515625,0.068115234375,-1.6479490995407104,-0.6713866591453552,0.9155272841453552
0.6058349609375,-0.8487548828125,0.081787109375,2.685546636581421,5.126952648162842,1.5258787870407104
0.6041259765625,-0.845458984375,0.0693359375,3.479003667831421,5.249022960662842,3.234863042831421
0.595947265625,-0.8316650390625,0.049072265625,2.685546636581421,5.126952648162842,4.8828125
0.587158203125,-0.8206787109375,0.0465087890625,0.7324218153953552,3.723144292831421,6.591796398162842
0.5826416015625,-0.8153076171875,0.0716552734375,0.1831054538488388,0.6103515625,6.591796398162842
0.578125,-0.8111572265625,0.09765625,1.4648436307907104,-1.2817381620407104,5.371093273162842
0.571533203125,-0.80615234375,0.0931396484375,2.624511480331421,0.4882812201976776,3.845214605331421
0.560791015625,-0.8023681640625,0.05810546875,1.2817381620407104,4.7607421875,2.868652105331421
0.5665283203125,-0.816162109375,0.0479736328125,-1.8310545682907104,6.225585460662842,2.13623046875
0.587158203125,-0.8509521484375,0.10986328125,0.6713866591453552,-0.2441406100988388,0.4272460639476776
0.5733642578125,-0.833984375,0.1014404296875,2.990722417831421,1.03759765625,1.5258787870407104
0.56787109375,-0.8194580078125,0.0836181640625,2.624511480331421,1.8920897245407104,2.624511480331421
0.5634765625,-0.8133544921875,0.0731201171875,0.8544921278953552,-0.9765624403953552,4.21142578125
0.5560302734375,-0.8154296875,0.0787353515625,-0.9155272841453552,-4.8828125,5.371093273162842
0.5601806640625,-0.8211669921875,0.107666015625,0.0610351525247097,-7.202147960662842,3.967284917831421
0.5618896484375,-0.8148193359375,0.1146240234375,3.051757574081421,-5.615233898162842,1.7089842557907104
0.5479736328125,-0.8037109375,0.0697021484375,1.7700194120407104,2.44140625,0.54931640625
0.553955078125,-0.8212890625,0.0439453125,-4.2724609375,10.070799827575684,-0.30517578125
0.57958984375,-0.8621826171875,0.0855712890625,-5.432128429412842,7.141112804412842,-0.54931640625
0.574951171875,-0.8758544921875,0.12890625,0.54931640625,0.1831054538488388,1.5869139432907104
0.5513916015625,-0.85546875,0.12255859375,4.45556640625,0.1220703050494194,3.845214605331421
0.54443359375,-0.8358154296875,0.0806884765625,-1.03759765625,-6.347655773162842,3.601073980331421
0.5413818359375,-0.852294921875,0.0748291015625,-2.685546636581421,2.3193359375,0.0610351525247097
0.5537109375,-0.8597412109375,0.0977783203125,-1.5258787870407104,-2.50244140625,-1.220703125
0.552734375,-0.85205078125,0.105224609375,0.8544921278953552,-7.324218273162842,-0.8544921278953552
0.549072265625,-0.8399658203125,0.1038818359375,2.868652105331421,-11.047362327575684,-0.54931640625
0.5491943359375,-0.835205078125,0.099365234375,3.845214605331421,-14.526366233825684,-0.7324218153953552
0.5487060546875,-0.8280029296875,0.082763671875,3.234863042831421,-15.747069358825684,1.0986328125
0.5465087890625,-0.821044921875,0.0670166015625,0.9765624403953552,-13.061522483825684,4.33349609375
0.549072265625,-0.824462890625,0.07421875,-0.4882812201976776,-9.521484375,5.615233898162842
0.5556640625,-0.8331298828125,0.0892333984375,0.30517578125,-7.812499523162842,4.45556640625
0.5496826171875,-0.83740234375,0.0736083984375,0.9155272841453552,-4.94384765625,3.234863042831421
0.538818359375,-0.842041015625,0.0416259765625,-0.9155272841453552,0.3662109076976776,3.234863042831421
0.542724609375,-0.861572265625,0.0404052734375,-2.746581792831421,2.868652105331421,3.356933355331421
0.5594482421875,-0.87841796875,0.0692138671875,-1.3427733182907104,-0.1220703050494194,4.21142578125
0.561279296875,-0.8702392578125,0.0870361328125,2.0751953125,-3.967284917831421,6.652831554412842
0.53564453125,-0.842041015625,0.068603515625,4.69970703125,-6.469726085662842,8.7890625
0.5113525390625,-0.816650390625,0.0328369140625,5.920409679412842,-10.375975608825684,8.36181640625
0.508056640625,-0.816650390625,0.0166015625,5.493163585662842,-14.953612327575684,5.798339366912842
0.5167236328125,-0.827392578125,0.02734375,4.2724609375,-15.624999046325684,3.540038824081421
0.52001953125,-0.8389892578125,0.0452880859375,3.906249761581421,-12.084959983825684,2.50244140625
0.5196533203125,-0.8555908203125,0.0498046875,4.39453125,-8.056640625,1.7089842557907104
0.5220947265625,-0.8651123046875,0.03125,3.967284917831421,-4.94384765625,0.9155272841453552
0.529541015625,-0.879638671875,0.054931640625,3.112792730331421,-12.756346702575684,3.906249761581421
0.5111083984375,-0.8760986328125,0.0570068359375,4.82177734375,-17.578125,7.446288585662842
0.500732421875,-0.878662109375,0.05419921875,5.859374523162842,-23.071287155151367,10.559081077575684
0.4312744140625,-0.8624267578125,0.021240234375,8.9111328125,-17.7001953125,19.4091796875
0.4356689453125,-0.87890625,0.0030517578125,7.141112804412842,-4.21142578125,18.310546875
0.4326171875,-0.903076171875,-0.0086669921875,4.638671875,5.432128429412842,17.08984375
0.4124755859375,-0.906005859375,-0.009521484375,3.784179449081421,6.958007335662842,16.90673828125
0.390869140625,-0.8944091796875,-0.0035400390625,3.356933355331421,5.310058116912842,17.08984375
0.3831787109375,-0.90185546875,0.001708984375,1.220703125,7.812499523162842,16.05224609375
0.391357421875,-0.9351806640625,0.0078125,-0.7324218153953552,13.916014671325684,13.305663108825684
0.3985595703125,-0.967041015625,0.01171875,-0.1220703050494194,18.9208984375,10.009765625
0.3900146484375,-0.9722900390625,0.010986328125,2.563476324081421,19.6533203125,7.751464366912842
0.3824462890625,-0.9649658203125,0.0220947265625,5.065917491912842,16.41845703125,6.713866710662842
0.3992919921875,-0.98291015625,0.040283203125,5.737304210662842,13.977049827575684,5.432128429412842
0.4307861328125,-1.0289306640625,0.04248046875,4.7607421875,16.90673828125,2.3193359375
0.333984375,-0.866455078125,-0.014404296875,-11.718749046325684,12.695311546325684,-15.991209983825684
0.348388671875,-0.8896484375,0.001220703125,-13.183592796325684,4.33349609375,-15.808104515075684
0.3642578125,-0.9132080078125,0.0347900390625,-10.498045921325684,-1.220703125,-13.427733421325684
0.3729248046875,-0.9451904296875,0.0604248046875,-7.324218273162842,0.54931640625,-10.314940452575684
0.38525390625,-0.9874267578125,0.058837890625,-6.835937023162842,8.23974609375,-6.713866710662842
0.3958740234375,-1.01171875,0.0262451171875,-8.056640625,17.7001953125,-2.624511480331421
0.3974609375,-0.98974609375,-0.019287109375,-8.544921875,24.169919967651367,1.9531248807907104
0.3924560546875,-0.9591064453125,-0.05029296875,-7.690429210662842,25.146482467651367,5.554198741912842
0.3861083984375,-0.929931640625,0.026123046875,-0.0,13.244627952575684,21.301267623901367
0.37255859375,-1.0032958984375,0.0723876953125,-0.4882812201976776,6.042479991912842,27.465818405151367
0.3389892578125,-0.9547119140625,0.1175537109375,-1.5869139432907104,-9.09423828125,36.1328125
0.2965087890625,-0.8779296875,0.1663818359375,-2.929687261581421,-21.118162155151367,44.189449310302734
0.28076171875,-0.8516845703125,0.1959228515625,-5.859374523162842,-19.287109375,49.804683685302734
0.2291259765625,-1.0225830078125,0.2337646484375,-2.990722417831421,1.8920897245407104,32.71484375
0.1788330078125,-0.9801025390625,0.273681640625,6.103515148162842,-4.69970703125,33.75244140625
0.1231689453125,-0.9122314453125,0.2548828125,10.314940452575684,1.3427733182907104,37.353515625
0.0733642578125,-0.9215087890625,0.158935546875,3.967284917831421,31.616209030151367,30.212400436401367
0.090576171875,-1.0008544921875,0.16552734375,0.2441406100988388,38.2080078125,24.353025436401367
0.090087890625,-1.037109375,0.17919921875,-0.1220703050494194,41.015621185302734,21.606443405151367
0.0631103515625,-1.0074462890625,0.1722412109375,3.662109136581421,40.649410247802734,17.88330078125
0.0296630859375,-0.9495849609375,0.155029296875,7.995604991912842,38.4521484375,10.986327171325684
0.027587890625,-0.9189453125,0.163818359375,8.4228515625,37.90283203125,3.845214605331421
0.05029296875,-0.943115234375,0.19140625,4.57763671875,40.649410247802734,-2.0751953125
0.04931640625,-1.010498046875,0.137939453125,-0.1220703050494194,46.752925872802734,-20.874021530151367
0.0662841796875,-0.994140625,0.1314697265625,-1.0986328125,41.320796966552734,-21.850584030151367
0.0775146484375,-0.988037109375,0.146484375,-6.347655773162842,36.0107421875,-15.808104515075684
0.07373046875,-0.982666015625,0.1533203125,-13.793944358825684,33.203125,-7.324218273162842
0.08154296875,-0.9677734375,0.147705078125,-17.76123046875,29.785154342651367,-4.8828125
0.1375732421875,-0.95556640625,0.11572265625,-16.6015625,6.347655773162842,-20.080564498901367
0.135986328125,-0.94140625,0.082763671875,-20.202634811401367,4.2724609375,-19.4091796875
0.1212158203125,-0.958984375,0.0264892578125,-20.629880905151367,3.417968511581421,-23.315427780151367
0.1187744140625,-1.001708984375,-0.0186767578125,-19.10400390625,4.638671875,-28.686521530151367
0.1727294921875,-1.0400390625,-0.078125,-18.798828125,2.746581792831421,-21.545408248901367
0.16357421875,-1.01904296875,-0.136474609375,-19.53125,0.4882812201976776,-15.319823265075684
0.16455078125,-0.9908447265625,-0.1639404296875,-19.34814453125,-0.30517578125,-11.718749046325684
0.19921875,-0.9769287109375,-0.1455078125,-15.502928733825684,0.4882812201976776,-12.512206077575684
0.2298583984375,-0.9854736328125,-0.1282958984375,-11.413573265075684,7.568358898162842,-16.05224609375
0.245361328125,-0.9951171875,-0.138916015625,-10.925292015075684,18.98193359375,-18.06640625
0.25244140625,-0.9832763671875,-0.163330078125,-12.023924827575684,26.611326217651367,-17.39501953125
0.2637939453125,-0.96044921875,-0.17578125,-13.000487327575684,26.733396530151367,-14.953612327575684
0.27490234375,-0.955322265625,-0.1768798828125,-14.404295921325684,20.690916061401367,-11.291502952575684
0.2867431640625,-0.9749755859375,-0.15087890625,-2.197265625,9.09423828125,7.995604991912842
0.29150390625,-0.9603271484375,-0.146484375,0.0610351525247097,10.009765625,9.09423828125
0.2860107421875,-0.9459228515625,-0.14453125,2.25830078125,13.427733421325684,9.3994140625
0.279541015625,-0.9447021484375,-0.14794921875,4.08935546875,17.7001953125,9.1552734375
0.2740478515625,-0.95947265625,-0.16015625,5.798339366912842,19.4091796875,9.21630859375
0.2720947265625,-0.9793701171875,-0.177490234375,6.347655773162842,16.17431640625,10.559081077575684
0.264892578125,-0.9852294921875,-0.192138671875,5.981444835662842,7.751464366912842,14.038084983825684
0.25439453125,-0.9814453125,-0.1859130859375,7.690429210662842,-6.347655773162842,17.51708984375
0.2469482421875,-0.9776611328125,-0.1578369140625,12.512206077575684,-23.010251998901367,18.06640625
0.2313232421875,-0.974365234375,-0.1385498046875,16.17431640625,-36.19384765625,18.12744140625
0.2037353515625,-0.967529296875,-0.14306640625,16.11328125,-44.799800872802734,20.324705123901367
0.1768798828125,-0.9515380859375,-0.149169921875,14.892577171325684,-52.062984466552734,21.362302780151367
0.1669921875,-0.936279296875,-0.1317138671875,15.136717796325684,-59.692378997802734,19.10400390625
0.1326904296875,-0.9620361328125,-0.080322265625,15.869139671325684,-61.767574310302734,8.72802734375
0.116943359375,-0.9815673828125,-0.076171875,16.2353515625,-60.546871185302734,4.150390625
0.1065673828125,-0.9959716796875,-0.055419921875,16.7236328125,-61.767574310302734,2.746581792831421
0.0811767578125,-1.0194091796875,-0.0087890625,11.901854515075684,-54.870601654052734,10.437010765075684
0.0665283203125,-1.015380859375,-0.01806640625,11.535643577575684,-44.433589935302734,10.314940452575684
0.04248046875,-0.99267578125,-0.0325927734375,12.817381858825684,-4.82177734375,11.047362327575684
0.0345458984375,-1.014404296875,-0.0267333984375,11.291502952575684,0.7324218153953552,10.864256858825684
0.0338134765625,-1.036865234375,-0.0052490234375,12.329100608825684,2.0751953125,7.690429210662842
0.052978515625,-1.050537109375,0.0452880859375,15.624999046325684,2.38037109375,5.249022960662842
0.082275390625,-1.0233154296875,0.094970703125,18.00537109375,5.249022960662842,4.69970703125
0.0672607421875,-0.9609375,0.0926513671875,14.709471702575684,14.831542015075684,6.347655773162842
0.0361328125,-0.9224853515625,0.0693359375,7.141112804412842,26.184080123901367,8.11767578125
0.0523681640625,-0.95703125,0.0975341796875,3.723144292831421,28.381345748901367,5.493163585662842
0.037109375,-1.0242919921875,0.2337646484375,16.05224609375,12.268065452575684,-2.197265625
0.0220947265625,-0.9610595703125,0.216064453125,10.070799827575684,12.329100608825684,7.263183116912842
0.0279541015625,-0.9434814453125,0.1962890625,3.479003667831421,13.549803733825684,10.559081077575684
0.031005859375,-0.9696044921875,0.173583984375,0.1220703050494194,15.380858421325684,6.347655773162842
0.0345458984375,-0.994384765625,0.1524658203125,-0.6103515625,16.78466796875,1.2817381620407104
0.037109375,-1.000244140625,0.144775390625,-0.9765624403953552,16.11328125,-0.0610351525247097
0.0308837890625,-1.0008544921875,0.1513671875,-1.7700194120407104,12.695311546325684,0.2441406100988388
0.026123046875,-0.99609375,0.16162109375,-1.9531248807907104,7.812499523162842,-0.7934569716453552
0.02099609375,-0.986572265625,0.1614990234375,-2.197265625,5.126952648162842,-1.7089842557907104
0.01611328125,-0.9803466796875,0.151611328125,-4.08935546875,5.737304210662842,-0.7324218153953552
0.0211181640625,-0.988037109375,0.1448974609375,-6.591796398162842,6.225585460662842,0.0
0.0350341796875,-1.01123046875,0.099853515625,-8.6669921875,1.03759765625,-0.8544921278953552
0.04052734375,-1.018310546875,0.109375,-7.507323741912842,-1.9531248807907104,-2.746581792831421
0.0345458984375,-1.00390625,0.109130859375,-5.676269054412842,-3.967284917831421,-3.845214605331421
0.0283203125,-0.9742431640625,0.0980224609375,-3.540038824081421,-3.906249761581421,-3.479003667831421
0.0196533203125,-0.977783203125,0.0831298828125,-3.417968511581421,-1.15966796875,-2.01416015625
0.0311279296875,-1.0103759765625,0.0751953125,-5.187987804412842,1.9531248807907104,-0.9155272841453552
0.0438232421875,-1.0213623046875,0.051025390625,-6.713866710662842,3.723144292831421,0.6103515625
0.0164794921875,-1.0142822265625,0.0009765625,-8.72802734375,4.33349609375,3.295898199081421
-0.0018310546875,-1.008056640625,-0.0211181640625,-9.8876953125,1.8310545682907104,4.45556640625
0.0186767578125,-0.982666015625,0.033203125,-2.0751953125,-6.286620616912842,2.25830078125
0.016357421875,-0.9969482421875,0.021240234375,-2.0751953125,-2.868652105331421,1.0986328125
0.0301513671875,-0.997802734375,0.0042724609375,-2.929687261581421,1.03759765625,0.3662109076976776
0.0218505859375,-1.0003662109375,-0.0272216796875,-4.94384765625,4.21142578125,0.7324218153953552
0.007080078125,-1.0130615234375,-0.0496826171875,-7.019042491912842,6.225585460662842,0.0
0.029296875,-1.0150146484375,-0.0352783203125,-6.103515148162842,5.187987804412842,-3.173827886581421
0.044677734375,-1.0146484375,-0.0164794921875,-4.45556640625,2.929687261581421,-5.065917491912842
0.0322265625,-1.0145263671875,-0.01611328125,-4.7607421875,1.7700194120407104,-4.150390625
0.0294189453125,-1.0015869140625,-0.0177001953125,-2.929687261581421,-0.4882812201976776,-4.7607421875
0.03125,-0.9896240234375,-0.012939453125,1.3427733182907104,-2.807616949081421,-6.652831554412842
0.0341796875,-1.0003662109375,-0.0025634765625,2.685546636581421,-2.13623046875,-5.798339366912842
0.0531005859375,-1.0064697265625,0.002197265625,1.03759765625,0.8544921278953552,-2.929687261581421
0.0509033203125,-1.0010986328125,-0.02197265625,-0.9765624403953552,4.39453125,-0.1220703050494194
0.0235595703125,-1.0052490234375,-0.060302734375,-2.13623046875,7.324218273162842,0.6103515625
0.0281982421875,-1.0155029296875,-0.0650634765625,-0.9765624403953552,7.263183116912842,-2.01416015625
0.056884765625,-1.0234375,-0.0389404296875,0.9765624403953552,4.150390625,-3.112792730331421
0.0523681640625,-1.0191650390625,-0.025634765625,1.2817381620407104,1.03759765625,0.9765624403953552
0.0323486328125,-0.995849609375,-0.0291748046875,1.0986328125,-2.197265625,4.8828125
0.0291748046875,-0.978515625,-0.0252685546875,1.8920897245407104,-7.019042491912842,4.150390625
0.0372314453125,-0.9923095703125,-0.0054931640625,2.13623046875,-11.657713890075684,1.3427733182907104
0.0604248046875,-1.0093994140625,0.02099609375,1.8920897245407104,-13.916014671325684,-0.30517578125
0.078369140625,-1.00244140625,0.03369140625,1.8310545682907104,-11.108397483825684,-0.3662109076976776
0.0645751953125,-0.9913330078125,0.0286865234375,0.2441406100988388,-2.25830078125,1.220703125
0.057373046875,-0.98486328125,0.029296875,-0.54931640625,7.690429210662842,1.5258787870407104
0.06298828125,-0.9827880859375,0.029296875,1.220703125,14.953612327575684,-0.9765624403953552
0.0328369140625,-1.01416015625,0.0013427734375,1.4648436307907104,20.01953125,-2.685546636581421
0.0345458984375,-1.0386962890625,-0.020751953125,0.9155272841453552,17.7001953125,-2.929687261581421
0.0579833984375,-1.013916015625,-0.0245361328125,0.2441406100988388,8.97216796875,-1.4038084745407104
0.0269775390625,-0.9913330078125,-0.02880859375,-3.662109136581421,2.0751953125,3.417968511581421
0.031005859375,-0.989013671875,0.002685546875,-3.295898199081421,-7.446288585662842,2.563476324081421
0.0728759765625,-1.005126953125,0.05126953125,4.150390625,-18.310546875,-7.995604991912842
0.071533203125,-1.022216796875,0.0484619140625,7.019042491912842,-18.6767578125,-13.000487327575684
0.043212890625,-1.0198974609375,0.0030517578125,1.7089842557907104,-11.230467796325684,-5.615233898162842
0.034423828125,-1.01318359375,-0.0211181640625,-2.868652105331421,-9.70458984375,1.4038084745407104
0.0540771484375,-1.0087890625,0.00341796875,-0.9155272841453552,-17.2119140625,0.54931640625
0.0740966796875,-1.010498046875,0.0523681640625,4.150390625,-25.878904342651367,-3.601073980331421
0.076904296875,-1.0013427734375,0.0819091796875,6.652831554412842,-27.465818405151367,-5.310058116912842
0.064208984375,-0.978271484375,0.0771484375,5.615233898162842,-19.34814453125,-3.417968511581421
0.0577392578125,-0.9783935546875,0.065673828125,2.807616949081421,-6.713866710662842,-2.746581792831421
0.0738525390625,-1.0096435546875,0.0699462890625,0.8544921278953552,2.38037109375,-5.0048828125
0.0849609375,-1.0316162109375,0.0723876953125,0.54931640625,7.202147960662842,-5.676269054412842
0.073486328125,-1.0201416015625,0.0516357421875,1.15966796875,10.559081077575684,-2.746581792831421
0.05810546875,-0.999755859375,0.025146484375,1.6479490995407104,12.329100608825684,1.3427733182907104
0.0592041015625,-1.0040283203125,0.0177001953125,1.7089842557907104,10.437010765075684,3.662109136581421
0.0714111328125,-1.0174560546875,0.0140380859375,1.4038084745407104,6.225585460662842,3.662109136581421
0.0712890625,-1.0137939453125,-0.00146484375,-0.9155272841453552,3.906249761581421,4.7607421875
0.079345703125,-0.9910888671875,0.078857421875,5.493163585662842,-13.427733421325684,1.4038084745407104
0.0565185546875,-0.9730224609375,0.05615234375,-0.7934569716453552,-5.615233898162842,8.23974609375
0.058837890625,-0.9656982421875,0.06396484375,-3.356933355331421,0.9155272841453552,7.080077648162842
0.0648193359375,-0.9910888671875,0.0902099609375,-1.5869139432907104,5.493163585662842,1.0986328125
0.056884765625,-1.024658203125,0.095703125,1.3427733182907104,11.108397483825684,-2.563476324081421
0.059814453125,-1.0306396484375,0.0765380859375,3.234863042831421,18.12744140625,-2.01416015625
0.062744140625,-1.0152587890625,0.031494140625,2.868652105331421,24.353025436401367,1.2817381620407104
0.04296875,-0.9967041015625,-0.028076171875,0.4882812201976776,26.245115280151367,5.187987804412842
0.0347900390625,-0.9931640625,-0.04833984375,-1.5258787870407104,20.202634811401367,6.835937023162842
0.0521240234375,-1.018798828125,0.0106201171875,2.13623046875,-1.15966796875,0.1220703050494194
0.0321044921875,-0.9927978515625,0.0435791015625,2.197265625,-9.94873046875,0.7324218153953552
0.053955078125,-0.9603271484375,0.0653076171875,-0.4272460639476776,-1.8920897245407104,4.08935546875
0.043701171875,-0.9652099609375,0.0792236328125,-1.5258787870407104,-0.1220703050494194,4.08935546875
0.044677734375,-1.005615234375,0.1019287109375,0.9765624403953552,1.3427733182907104,-0.7324218153953552
0.050537109375,-1.046875,0.0992431640625,2.44140625,6.591796398162842,-3.295898199081421
0.0701904296875,-1.03515625,0.057861328125,2.01416015625,12.084959983825684,-1.8310545682907104
0.0594482421875,-0.9853515625,-0.0106201171875,-0.6103515625,13.977049827575684,2.929687261581421
0.020751953125,-0.977294921875,-0.041259765625,-4.5166015625,10.437010765075684,6.774901866912842
0.0535888671875,-1.0130615234375,0.060302734375,1.5258787870407104,-7.202147960662842,-3.173827886581421
0.056640625,-1.008544921875,0.058837890625,4.150390625,-8.9111328125,-8.1787109375
0.0509033203125,-0.9940185546875,0.0400390625,1.9531248807907104,-8.7890625,-6.591796398162842
0.0555419921875,-0.9993896484375,0.0640869140625,1.15966796875,-11.718749046325684,-3.601073980331421
0.0770263671875,-1.023681640625,0.114990234375,5.615233898162842,-15.502928733825684,-7.080077648162842
0.0958251953125,-1.01708984375,0.1334228515625,8.6669921875,-13.183592796325684,-10.620116233825684
0.0755615234375,-0.97705078125,0.0965576171875,2.807616949081421,-2.563476324081421,-3.662109136581421
0.0521240234375,-0.95263671875,0.0604248046875,-5.310058116912842,7.812499523162842,5.187987804412842
0.0521240234375,-0.99169921875,0.071533203125,-5.493163585662842,10.498045921325684,3.051757574081421
0.0721435546875,-1.0419921875,0.098876953125,0.4272460639476776,8.60595703125,-5.371093273162842
0.087158203125,-1.0234375,0.07568359375,2.624511480331421,8.85009765625,-6.469726085662842
0.0679931640625,-0.98583984375,0.0037841796875,-2.929687261581421,11.901854515075684,2.01416015625
0.04443359375,-0.98828125,-0.0367431640625,-8.85009765625,11.718749046325684,8.72802734375
0.05908203125,-1.0107421875,-0.0067138671875,-6.469726085662842,4.150390625,4.39453125
0.0833740234375,-1.03515625,0.0416259765625,0.2441406100988388,-5.310058116912842,-5.371093273162842
0.0755615234375,-1.0322265625,0.0528564453125,1.4648436307907104,-8.97216796875,-5.676269054412842
0.058349609375,-0.9910888671875,0.0462646484375,-1.5258787870407104,-9.09423828125,2.929687261581421
0.0513916015625,-0.97705078125,0.0587158203125,-1.8310545682907104,-11.169432640075684,6.530761241912842
0.058837890625,-1.0078125,0.088134765625,1.15966796875,-14.709471702575684,1.8920897245407104
0.0838623046875,-1.021484375,0.108642578125,3.845214605331421,-14.526366233825684,-2.868652105331421
0.099609375,-0.988525390625,0.100830078125,3.601073980331421,-7.751464366912842,-2.563476324081421
0.0811767578125,-0.9573974609375,0.077392578125,1.2817381620407104,2.25830078125,0.1831054538488388
0.0841064453125,-0.9908447265625,0.0047607421875,-2.44140625,17.7001953125,1.5258787870407104
0.041748046875,-0.9884033203125,-0.0616455078125,-8.056640625,17.39501953125,7.080077648162842
0.04248046875,-1.01123046875,-0.04345703125,-9.765625,8.60595703125,7.446288585662842
0.053955078125,-0.99267578125,0.033203125,1.4648436307907104,-15.380858421325684,-4.21142578125
0.06201171875,-0.9912109375,0.045166015625,0.6713866591453552,-18.06640625,-0.3662109076976776
0.081787109375,-1.0213623046875,0.0860595703125,3.479003667831421,-20.812986373901367,-1.7089842557907104
0.0965576171875,-1.023193359375,0.1138916015625,7.751464366912842,-18.85986328125,-4.57763671875
0.083740234375,-1.0462646484375,0.0999755859375,5.493163585662842,14.343260765075684,-7.080077648162842
0.08837890625,-1.0072021484375,0.0345458984375,3.417968511581421,21.362302780151367,0.2441406100988388
0.0543212890625,-0.986083984375,-0.048095703125,-2.624511480331421,25.695798873901367,8.6669921875
0.042724609375,-1.000732421875,-0.0628662109375,-6.164550304412842,19.53125,9.21630859375
0.073486328125,-1.00634765625,0.0037841796875,-1.8920897245407104,3.723144292831421,2.624511480331421
0.0732421875,-1.0093994140625,0.05126953125,4.5166015625,-10.681151390075684,-5.126952648162842
0.0511474609375,-0.9967041015625,0.0487060546875,5.737304210662842,-16.41845703125,-7.568358898162842
0.0562744140625,-0.986083984375,0.060791015625,3.784179449081421,-16.11328125,-5.187987804412842
0.0855712890625,-1.0084228515625,0.0989990234375,4.638671875,-15.319823265075684,-6.103515148162842
0.10888671875,-1.02197265625,0.1226806640625,7.385253429412842,-13.977049827575684,-9.09423828125
0.0997314453125,-0.990966796875,0.11572265625,5.981444835662842,-9.1552734375,-4.82177734375
0.0723876953125,-0.956787109375,0.0985107421875,1.4038084745407104,-2.13623046875,2.44140625
0.0615234375,-0.9835205078125,0.0970458984375,-1.3427733182907104,4.150390625,2.38037109375
0.083740234375,-1.033935546875,0.097900390625,-1.5258787870407104,8.544921875,-1.8310545682907104
0.08740234375,-1.0264892578125,0.0511474609375,-2.929687261581421,11.962889671325684,0.0
0.057373046875,-0.9935302734375,-0.01513671875,-7.812499523162842,12.756346702575684,7.202147960662842
0.053955078125,-0.9910888671875,-0.017578125,-10.681151390075684,6.530761241912842,9.033203125
0.0745849609375,-1.002685546875,0.0350341796875,-7.507323741912842,-3.479003667831421,3.234863042831421
0.0740966796875,-1.000244140625,0.0723876953125,-2.25830078125,-9.82666015625,-3.540038824081421
0.068115234375,-0.9952392578125,0.0806884765625,0.2441406100988388,-10.253905296325684,-6.225585460662842
0.078369140625,-1.0106201171875,0.080322265625,-0.4882812201976776,-6.164550304412842,-4.8828125
0.085205078125,-1.033203125,0.0711669921875,-1.6479490995407104,-0.4882812201976776,-2.624511480331421
0.0867919921875,-1.0230712890625,0.058349609375,-1.4648436307907104,1.8920897245407104,-1.3427733182907104
0.0816650390625,-0.9813232421875,0.05224609375,-1.3427733182907104,-0.2441406100988388,-0.1220703050494194
0.072509765625,-0.956787109375,0.060546875,-2.3193359375,-3.112792730331421,0.4882812201976776
0.0799560546875,-0.9749755859375,0.083251953125,-2.685546636581421,-3.356933355331421,-1.0986328125
0.09130859375,-1.0118408203125,0.0904541015625,-1.7089842557907104,1.2817381620407104,-4.21142578125
0.09521484375,-1.03076171875,0.05712890625,-0.7324218153953552,9.82666015625,-5.126952648162842
0.100341796875,-1.0198974609375,-0.001220703125,-1.15966796875,16.66259765625,-1.220703125
0.08447265625,-0.9942626953125,-0.0469970703125,-2.929687261581421,17.51708984375,5.310058116912842
0.087646484375,-0.9903564453125,0.0301513671875,2.44140625,-7.141112804412842,0.6103515625
0.0888671875,-0.987060546875,0.0198974609375,0.8544921278953552,-6.469726085662842,3.417968511581421
0.0859375,-1.009765625,0.0218505859375,-0.3662109076976776,-7.446288585662842,2.13623046875
0.093505859375,-1.0196533203125,0.0391845703125,-0.4882812201976776,-9.70458984375,0.0
0.092529296875,-0.9766845703125,0.066162109375,-0.6103515625,-9.033203125,-0.4882812201976776
0.0823974609375,-0.976318359375,0.0703125,-1.03759765625,-5.615233898162842,-2.807616949081421
0.0882568359375,-1.0,0.0753173828125,-1.03759765625,-0.9765624403953552,-5.0048828125
0.0999755859375,-1.01220703125,0.0762939453125,-0.3662109076976776,5.187987804412842,-4.08935546875
0.1015625,-1.0111083984375,0.065673828125,0.9155272841453552,10.437010765075684,-1.9531248807907104
0.09814453125,-1.01025390625,0.0447998046875,2.13623046875,12.390135765075684,-1.5869139432907104
0.095458984375,-0.995361328125,0.01416015625,1.2817381620407104,13.061522483825684,0.7324218153953552
0.077880859375,-0.9906005859375,-0.023681640625,-2.563476324081421,14.465331077575684,4.94384765625
0.0718994140625,-1.0072021484375,-0.033447265625,-6.225585460662842,13.000487327575684,6.408690929412842
0.0894775390625,-1.021484375,-0.0030517578125,-5.065917491912842,5.737304210662842,3.173827886581421
0.0731201171875,-1.0020751953125,0.030517578125,2.563476324081421,-10.070799827575684,-1.0986328125
0.0699462890625,-0.97607421875,0.037109375,2.868652105331421,-13.854979515075684,1.3427733182907104
0.0743408203125,-0.99658203125,0.0478515625,0.8544921278953552,-15.258788108825684,2.01416015625
0.091796875,-1.0284423828125,0.0592041015625,-0.6103515625,-14.648436546325684,0.7324218153953552
0.1131591796875,-0.9676513671875,0.0677490234375,-0.54931640625,-6.713866710662842,1.7089842557907104
0.0782470703125,-0.957763671875,0.068115234375,-1.8310545682907104,-1.15966796875,1.220703125
0.065185546875,-0.990234375,0.0849609375,-2.746581792831421,3.723144292831421,-1.220703125
0.0921630859375,-1.0177001953125,0.0980224609375,-2.25830078125,9.1552734375,-3.295898199081421
0.1077880859375,-1.03369140625,0.058837890625,-1.220703125,16.357421875,-4.638671875
0.1116943359375,-1.0203857421875,-0.01025390625,-1.0986328125,21.850584030151367,-2.624511480331421
0.0950927734375,-0.983642578125,-0.05859375,-2.929687261581421,21.972654342651367,3.662109136581421
0.0604248046875,-0.9818115234375,-0.056396484375,-5.065917491912842,15.808104515075684,6.652831554412842
0.068115234375,-1.01220703125,0.00390625,-3.906249761581421,4.94384765625,2.563476324081421
0.0914306640625,-1.0333251953125,0.056640625,-0.3662109076976776,-3.906249761581421,-2.01416015625
0.08447265625,-1.01171875,0.04833984375,2.685546636581421,-6.408690929412842,-2.44140625
0.07080078125,-0.975830078125,0.0191650390625,3.784179449081421,-5.798339366912842,-0.9155272841453552
0.0733642578125,-0.9844970703125,0.01904296875,2.624511480331421,-5.737304210662842,0.1831054538488388
0.0906982421875,-1.01708984375,0.040771484375,1.0986328125,-6.591796398162842,0.4272460639476776
0.098876953125,-1.02197265625,0.0460205078125,0.3662109076976776,-5.798339366912842,0.30517578125
0.09423828125,-0.99365234375,0.0352783203125,-0.1831054538488388,-3.295898199081421,0.54931640625
0.0899658203125,-0.974609375,0.037841796875,-0.6713866591453552,-1.220703125,-0.1220703050494194
0.0943603515625,-0.98486328125,0.060302734375,-0.2441406100988388,-0.0610351525247097,-3.356933355331421
0.098388671875,-1.0064697265625,0.0765380859375,0.30517578125,1.8310545682907104,-6.835937023162842
0.09375,-1.009033203125,0.068603515625,-0.7324218153953552,6.713866710662842,-5.187987804412842
0.0972900390625,-0.9918212890625,0.060546875,-1.4038084745407104,11.596678733825684,-1.5258787870407104
0.0999755859375,-1.003662109375,0.054443359375,-0.0,13.000487327575684,-1.9531248807907104
0.102783203125,-1.0230712890625,0.0408935546875,1.7089842557907104,13.061522483825684,-3.112792730331421
0.1141357421875,-1.00830078125,0.0206298828125,1.6479490995407104,14.160155296325684,0.30517578125
0.1016845703125,-0.984619140625,-0.0205078125,-1.5869139432907104,16.17431640625,6.042479991912842
0.0662841796875,-0.98974609375,-0.05859375,-6.225585460662842,15.441893577575684,9.46044921875
0.0640869140625,-1.0150146484375,-0.043212890625,-6.958007335662842,7.568358898162842,7.751464366912842
0.0848388671875,-1.0302734375,0.005126953125,-1.9531248807907104,-5.0048828125,2.746581792831421
0.0701904296875,-0.998291015625,0.030517578125,6.530761241912842,-21.545408248901367,0.0610351525247097
0.073486328125,-0.993896484375,0.04345703125,0.7324218153953552,-15.624999046325684,4.150390625
0.0970458984375,-1.0098876953125,0.0697021484375,-0.0,-11.169432640075684,1.2817381620407104
0.10791015625,-0.9990234375,0.08447265625,1.5258787870407104,-7.019042491912842,-0.9155272841453552
0.097412109375,-0.97119140625,0.0821533203125,2.807616949081421,-1.7089842557907104,-0.7934569716453552
0.0743408203125,-0.9752197265625,0.070556640625,2.25830078125,5.065917491912842,-0.4882812201976776
0.06591796875,-1.010986328125,0.05615234375,0.3662109076976776,12.695311546325684,-0.4272460639476776
0.078857421875,-1.0343017578125,0.031982421875,-1.3427733182907104,19.287109375,0.7934569716453552
0.08251953125,-1.0150146484375,-0.0125732421875,-3.356933355331421,21.728513717651367,4.5166015625
0.065673828125,-0.982177734375,-0.047607421875,-4.94384765625,16.357421875,7.324218273162842
0.06884765625,-1.01318359375,0.019287109375,0.0610351525247097,-6.103515148162842,-4.0283203125
0.0802001953125,-1.031494140625,0.0509033203125,1.8920897245407104,-9.09423828125,-5.798339366912842
0.07470703125,-1.0111083984375,0.038330078125,0.8544921278953552,-5.554198741912842,-1.03759765625
0.070068359375,-0.984619140625,0.0213623046875,-0.7934569716453552,-2.3193359375,2.3193359375
0.0733642578125,-0.995361328125,0.0372314453125,-0.54931640625,-2.929687261581421,-0.9155272841453552
0.0833740234375,-1.0269775390625,0.0692138671875,1.3427733182907104,-5.126952648162842,-5.981444835662842
0.0947265625,-1.0205078125,0.0816650390625,2.868652105331421,-4.94384765625,-4.5166015625
0.09521484375,-0.9771728515625,0.072265625,3.112792730331421,-1.8920897245407104,2.0751953125
0.080322265625,-0.963134765625,0.0611572265625,2.624511480331421,2.197265625,5.859374523162842
0.09033203125,-1.0211181640625,0.0419921875,0.7934569716453552,11.352538108825684,1.03759765625
0.0758056640625,-1.0067138671875,-0.0157470703125,-2.38037109375,15.075682640075684,3.051757574081421
0.051513671875,-0.9932861328125,-0.0556640625,-6.835937023162842,13.732909202575684,6.835937023162842
0.0552978515625,-1.0037841796875,-0.02685546875,-6.713866710662842,4.33349609375,5.0048828125
0.060302734375,-1.026123046875,0.0401611328125,2.3193359375,-16.41845703125,-5.493163585662842
0.0606689453125,-0.9971923828125,0.0438232421875,1.8920897245407104,-17.63916015625,-3.234863042831421
0.067138671875,-0.9825439453125,0.05908203125,-0.4882812201976776,-14.038084983825684,0.6103515625
0.08056640625,-1.0223388671875,0.077880859375,-0.4272460639476776,-4.2724609375,-2.746581792831421
0.0670166015625,-0.985595703125,0.064208984375,-0.7324218153953552,13.122557640075684,1.220703125
0.068603515625,-0.986083984375,-0.0594482421875,-3.967284917831421,22.033689498901367,7.934569835662842
0.0472412109375,-0.9866943359375,-0.0665283203125,-4.2724609375,11.962889671325684,7.141112804412842
0.0506591796875,-1.0135498046875,-0.02294921875,-1.8920897245407104,-0.8544921278953552,1.2817381620407104
0.0673828125,-1.0338134765625,0.025390625,1.7089842557907104,-9.521484375,-3.967284917831421
0.0657958984375,-1.025634765625,0.0322265625,2.746581792831421,-11.047362327575684,-2.868652105331421
0.0552978515625,-0.993408203125,0.0115966796875,0.8544921278953552,-9.1552734375,2.807616949081421
0.045166015625,-0.97607421875,-0.0018310546875,-0.9765624403953552,-9.033203125,5.371093273162842
0.0482177734375,-0.993896484375,0.0130615234375,-1.2817381620407104,-12.023924827575684,2.624511480331421
0.06201171875,-1.0189208984375,0.04150390625,-0.54931640625,-15.319823265075684,-0.9765624403953552
0.0714111328125,-1.0177001953125,0.0582275390625,0.1831054538488388,-15.258788108825684,-1.15966796875
0.06884765625,-0.9990234375,0.0611572265625,0.54931640625,-11.474608421325684,0.6713866591453552
0.05859375,-0.9857177734375,0.06201171875,0.3662109076976776,-6.103515148162842,1.5258787870407104
0.051513671875,-0.9874267578125,0.0692138671875,0.1831054538488388,-0.8544921278953552,0.54931640625
0.0562744140625,-0.9964599609375,0.0799560546875,0.54931640625,4.150390625,-1.0986328125
0.0677490234375,-1.0050048828125,0.0775146484375,1.4038084745407104,10.314940452575684,-2.868652105331421
0.066650390625,-1.0145263671875,-0.019775390625,-1.6479490995407104,23.925779342651367,0.9155272841453552
0.0430908203125,-1.0035400390625,-0.07080078125,-5.126952648162842,25.207517623901367,6.713866710662842
0.0428466796875,-0.999267578125,-0.05419921875,-4.39453125,17.578125,5.737304210662842
0.064208984375,-1.0064697265625,0.0145263671875,1.5258787870407104,3.845214605331421,-1.7089842557907104
0.06494140625,-1.015625,0.0537109375,6.591796398162842,-6.103515148162842,-7.019042491912842
0.057861328125,-1.003173828125,0.0406494140625,5.920409679412842,-6.103515148162842,-4.69970703125
0.0587158203125,-0.9881591796875,0.009033203125,1.3427733182907104,-0.6713866591453552,0.6103515625
0.06005859375,-0.9959716796875,-0.0101318359375,-2.01416015625,1.3427733182907104,1.15966796875
0.0660400390625,-1.0152587890625,0.0030517578125,-1.5258787870407104,-3.967284917831421,-3.295898199081421
0.07666015625,-1.0142822265625,0.03271484375,0.1831054538488388,-11.535643577575684,-6.042479991912842
0.079345703125,-0.998046875,0.051025390625,-0.4882812201976776,-14.160155296325684,-4.57763671875
0.0782470703125,-0.989990234375,0.060302734375,-2.807616949081421,-11.596678733825684,-3.662109136581421
0.078857421875,-0.987548828125,0.069091796875,-4.0283203125,-7.507323741912842,-5.310058116912842
0.081298828125,-0.9981689453125,0.0712890625,-4.638671875,-3.173827886581421,-7.019042491912842
0.0831298828125,-1.0111083984375,0.0570068359375,-6.103515148162842,2.624511480331421,-6.103515148162842
0.0860595703125,-1.0018310546875,0.03857421875,-7.568358898162842,9.033203125,-2.38037109375
0.0877685546875,-1.0096435546875,0.028564453125,-4.94384765625,11.596678733825684,-2.38037109375
0.09326171875,-1.017333984375,0.011474609375,-4.0283203125,11.901854515075684,-2.197265625
0.084228515625,-1.0050048828125,-0.0306396484375,-6.042479991912842,14.648436546325684,1.8310545682907104
0.0672607421875,-1.0023193359375,-0.060546875,-9.09423828125,15.014647483825684,5.249022960662842
0.0728759765625,-1.0179443359375,-0.040771484375,-8.97216796875,8.7890625,3.356933355331421
0.0892333984375,-1.0306396484375,-0.0025634765625,-5.554198741912842,0.4882812201976776,-0.9765624403953552
0.0946044921875,-1.023681640625,0.0101318359375,-3.051757574081421,-3.479003667831421,-1.7700194120407104
0.090087890625,-0.9912109375,-0.00732421875,-3.601073980331421,-1.2817381620407104,1.8920897245407104
0.0809326171875,-0.9691162109375,-0.03662109375,-5.798339366912842,3.906249761581421,3.845214605331421
0.0777587890625,-0.980712890625,-0.0570068359375,-6.958007335662842,7.568358898162842,0.0
0.0859375,-0.9981689453125,-0.060791015625,-5.676269054412842,8.1787109375,-5.0048828125
0.0943603515625,-1.002197265625,-0.0589599609375,-3.723144292831421,8.1787109375,-6.896972179412842
0.097412109375,-0.992919921875,-0.0643310546875,-2.807616949081421,8.9111328125,-6.408690929412842
0.1053466796875,-0.9873046875,-0.06787109375,-2.38037109375,9.27734375,-6.530761241912842
0.117431640625,-0.992919921875,-0.0679931640625,-2.746581792831421,9.27734375,-6.713866710662842
0.1134033203125,-0.9949951171875,-0.0828857421875,-4.82177734375,10.803221702575684,-4.150390625
0.104736328125,-0.98046875,-0.095947265625,-5.981444835662842,12.145995140075684,-1.7700194120407104
0.1119384765625,-0.98046875,-0.0814208984375,-4.39453125,11.352538108825684,-3.479003667831421
0.119873046875,-1.01171875,-0.05908203125,-2.685546636581421,10.742186546325684,-6.347655773162842
0.1273193359375,-1.021484375,-0.052490234375,-2.44140625,11.901854515075684,-4.39453125
0.1285400390625,-0.989990234375,-0.0750732421875,-3.356933355331421,13.793944358825684,2.01416015625
0.1060791015625,-0.9742431640625,-0.114501953125,-6.347655773162842,16.29638671875,7.751464366912842
0.09326171875,-0.99853515625,-0.1195068359375,-8.1787109375,16.41845703125,7.751464366912842
0.1160888671875,-0.9971923828125,-0.037109375,6.530761241912842,-4.33349609375,7.446288585662842
0.0992431640625,-0.9736328125,-0.0380859375,7.019042491912842,-2.990722417831421,7.446288585662842
0.0777587890625,-0.9859619140625,-0.06298828125,6.591796398162842,-1.7089842557907104,4.5166015625
0.1114501953125,-1.0206298828125,-0.0302734375,7.690429210662842,-13.977049827575684,1.5869139432907104
0.1187744140625,-0.989501953125,0.0316162109375,10.864256858825684,-21.118162155151367,3.845214605331421
0.09619140625,-0.9722900390625,0.0718994140625,12.207030296325684,-20.324705123901367,4.638671875
0.0775146484375,-0.973876953125,0.077392578125,10.009765625,-8.7890625,3.967284917831421
0.076904296875,-0.9871826171875,0.0565185546875,6.164550304412842,9.58251953125,3.173827886581421
0.0863037109375,-1.0107421875,0.0208740234375,3.356933355331421,25.451658248901367,2.01416015625
0.093994140625,-1.0211181640625,-0.026123046875,1.2817381620407104,32.77587890625,2.3193359375
0.0826416015625,-1.0264892578125,0.040283203125,8.72802734375,-10.864256858825684,-8.9111328125
0.0860595703125,-1.0123291015625,0.02880859375,5.859374523162842,-7.507323741912842,-2.929687261581421
0.0689697265625,-0.9906005859375,-0.0068359375,1.4038084745407104,-2.0751953125,3.723144292831421
0.0596923828125,-0.9967041015625,-0.0179443359375,-0.30517578125,-1.5869139432907104,3.479003667831421
0.0660400390625,-1.011962890625,-0.0025634765625,0.1831054538488388,-5.493163585662842,0.1831054538488388
0.0684814453125,-1.0091552734375,0.011962890625,1.4648436307907104,-9.21630859375,-1.7089842557907104
0.0667724609375,-1.0001220703125,0.0252685546875,3.540038824081421,-11.840819358825684,-3.295898199081421
0.0723876953125,-0.9927978515625,0.045166015625,5.615233898162842,-13.366698265075684,-4.39453125
0.0833740234375,-0.9969482421875,0.0677490234375,6.042479991912842,-12.268065452575684,-4.45556640625
0.0919189453125,-0.9991455078125,0.0784912109375,3.173827886581421,-6.591796398162842,-2.0751953125
0.08837890625,-0.982421875,0.06201171875,-1.7700194120407104,3.479003667831421,1.9531248807907104
0.0770263671875,-0.9774169921875,0.03369140625,-4.638671875,13.366698265075684,2.01416015625
0.07666015625,-1.0009765625,0.0234375,-4.45556640625,19.10400390625,-2.13623046875
0.0943603515625,-1.0233154296875,0.02978515625,-3.295898199081421,21.545408248901367,-5.187987804412842
0.0943603515625,-1.0220947265625,-0.0283203125,-1.03759765625,4.8828125,-2.990722417831421
0.09619140625,-1.0216064453125,-0.025146484375,-0.7324218153953552,-2.746581792831421,0.4272460639476776
0.0950927734375,-1.00048828125,-0.02099609375,-0.7934569716453552,-9.21630859375,4.08935546875
0.0870361328125,-0.9954833984375,-0.0126953125,0.2441406100988388,-14.404295921325684,1.9531248807907104
0.08447265625,-1.0001220703125,-0.0040283203125,1.9531248807907104,-18.1884765625,-3.662109136581421
0.09033203125,-0.994140625,0.005126953125,1.7700194120407104,-19.59228515625,-6.225585460662842
0.093017578125,-0.979736328125,0.0111083984375,-1.5258787870407104,-17.51708984375,-3.662109136581421
0.095703125,-0.9739990234375,0.02001953125,-4.8828125,-13.244627952575684,-0.30517578125
0.0963134765625,-0.9949951171875,0.03125,-5.920409679412842,-7.812499523162842,-0.2441406100988388
0.0946044921875,-1.010986328125,0.029296875,-5.187987804412842,-0.1220703050494194,-1.5258787870407104
0.102783203125,-1.0059814453125,0.0118408203125,-4.150390625,8.48388671875,-1.8920897245407104
0.11083984375,-1.0037841796875,-0.01806640625,-4.8828125,14.770506858825684,-0.54931640625
0.1058349609375,-1.00048828125,-0.057373046875,-7.202147960662842,17.27294921875,2.990722417831421
0.0859375,-0.9971923828125,-0.0941162109375,-8.36181640625,15.991209983825684,4.82177734375
0.0767822265625,-1.0048828125,-0.0977783203125,-5.981444835662842,11.657713890075684,1.220703125
0.0987548828125,-1.014404296875,-0.0589599609375,-0.30517578125,4.0283203125,-4.7607421875
0.10693359375,-1.0047607421875,-0.027099609375,4.638671875,-8.7890625,-2.807616949081421
0.103515625,-0.9810791015625,-0.0345458984375,4.2724609375,-10.681151390075684,0.4882812201976776
0.09423828125,-0.9927978515625,-0.044677734375,4.2724609375,-12.268065452575684,0.30517578125
0.11376953125,-1.00439453125,-0.0250244140625,5.981444835662842,-20.202634811401367,-3.479003667831421
0.10693359375,-1.0067138671875,0.01318359375,-1.0986328125,2.13623046875,0.4272460639476776
0.12158203125,-1.000732421875,0.0106201171875,-0.9155272841453552,8.23974609375,1.7700194120407104
0.1312255859375,-0.991943359375,0.000732421875,0.9155272841453552,9.8876953125,0.7324218153953552
0.1256103515625,-0.99658203125,-0.0299072265625,-0.0,10.314940452575684,0.7934569716453552
0.1063232421875,-1.0113525390625,-0.0687255859375,-4.5166015625,11.352538108825684,4.21142578125
0.11083984375,-1.01171875,0.0281982421875,9.033203125,-18.1884765625,-4.82177734375
0.09765625,-0.99169921875,-0.009033203125,4.69970703125,-9.3994140625,2.13623046875
0.101318359375,-1.009521484375,-0.0146484375,4.33349609375,-7.812499523162842,0.6713866591453552
0.1195068359375,-1.0059814453125,0.0098876953125,5.920409679412842,-11.169432640075684,-0.7324218153953552
0.131591796875,-0.982421875,0.044921875,7.080077648162842,-13.671874046325684,-1.03759765625
0.1204833984375,-0.9713134765625,0.0595703125,4.8828125,-9.6435546875,0.1220703050494194
0.104736328125,-0.9884033203125,0.0491943359375,0.2441406100988388,-0.0,1.2817381620407104
0.1058349609375,-1.00732421875,0.0299072265625,-2.929687261581421,10.131834983825684,1.03759765625
0.1185302734375,-1.006591796875,0.00830078125,-3.417968511581421,16.17431640625,-0.1220703050494194
0.1185302734375,-0.994873046875,-0.0213623046875,-4.2724609375,16.9677734375,0.9765624403953552
0.104248046875,-0.9932861328125,-0.0478515625,-6.530761241912842,13.732909202575684,3.784179449081421
0.084228515625,-1.00732421875,-0.0621337890625,-8.1787109375,8.97216796875,3.906249761581421
0.106201171875,-1.0211181640625,-0.019775390625,-0.8544921278953552,-4.0283203125,-5.126952648162842
0.1083984375,-1.015869140625,0.0059814453125,3.601073980331421,-11.535643577575684,-4.57763671875
0.1029052734375,-0.9949951171875,0.0169677734375,4.94384765625,-14.526366233825684,-0.1831054538488388
0.1044921875,-0.9942626953125,0.01806640625,4.57763671875,-13.244627952575684,1.4038084745407104
0.109619140625,-1.0107421875,0.0107421875,3.967284917831421,-10.131834983825684,0.1220703050494194
0.1163330078125,-1.0025634765625,0.007568359375,4.150390625,-8.544921875,-0.0610351525247097
0.1204833984375,-0.977294921875,0.0194091796875,4.39453125,-8.6669921875,0.6103515625
0.1162109375,-0.9688720703125,0.0367431640625,3.417968511581421,-7.385253429412842,0.54931640625
0.1070556640625,-0.98583984375,0.043701171875,1.15966796875,-2.13623046875,0.1220703050494194
0.12109375,-0.999267578125,0.0025634765625,-1.6479490995407104,18.00537109375,-2.197265625
0.1011962890625,-1.015380859375,-0.0335693359375,-0.6713866591453552,4.57763671875,0.2441406100988388
0.103271484375,-1.01611328125,-0.0137939453125,3.906249761581421,-5.187987804412842,-0.7324218153953552
0.09423828125,-1.0086669921875,-0.006103515625,5.737304210662842,-12.695311546325684,2.25830078125
0.0997314453125,-0.997314453125,0.0130615234375,6.408690929412842,-17.15087890625,4.21142578125
0.1029052734375,-1.005126953125,0.03662109375,6.896972179412842,-17.08984375,2.38037109375
0.116455078125,-0.989013671875,0.0665283203125,7.385253429412842,-10.070799827575684,0.7324218153953552
0.107666015625,-0.9759521484375,0.0614013671875,5.554198741912842,-4.8828125,3.845214605331421
0.0911865234375,-0.9759521484375,0.046630859375,2.929687261581421,2.0751953125,5.798339366912842
0.0848388671875,-0.99072265625,0.0394287109375,0.8544921278953552,9.09423828125,5.126952648162842
0.08740234375,-1.005126953125,0.0382080078125,0.2441406100988388,13.671874046325684,2.868652105331421
0.0982666015625,-1.006591796875,0.034423828125,0.4882812201976776,14.770506858825684,0.7934569716453552
0.101318359375,-0.9935302734375,0.014404296875,-0.30517578125,13.061522483825684,2.01416015625
0.0654296875,-1.01220703125,-0.024169921875,-4.150390625,11.352538108825684,5.981444835662842
0.0469970703125,-1.0421142578125,-0.036376953125,-6.042479991912842,7.995604991912842,6.286620616912842
0.0789794921875,-1.0269775390625,-0.005615234375,0.4272460639476776,-0.7324218153953552,0.6713866591453552
0.0853271484375,-1.005615234375,0.0240478515625,7.629394054412842,-10.498045921325684,-2.929687261581421
0.0660400390625,-0.9970703125,0.048583984375,8.30078125,-16.41845703125,0.3662109076976776
0.0604248046875,-1.0037841796875,0.0780029296875,5.920409679412842,-17.08984375,5.187987804412842
0.0618896484375,-1.023193359375,0.0885009765625,4.94384765625,-11.901854515075684,5.615233898162842
0.075927734375,-1.0111083984375,0.08544921875,6.896972179412842,-5.920409679412842,3.601073980331421
0.0814208984375,-0.981201171875,0.08203125,7.934569835662842,-3.356933355331421,6.042479991912842
0.0548095703125,-0.977294921875,0.073974609375,5.065917491912842,-1.3427733182907104,11.657713890075684
0.0361328125,-0.9949951171875,0.0760498046875,2.563476324081421,3.540038824081421,12.939452171325684
0.0465087890625,-1.0123291015625,0.0849609375,3.295898199081421,10.314940452575684,9.3994140625
0.0489501953125,-1.0118408203125,0.06494140625,3.356933355331421,16.66259765625,7.812499523162842
-0.0069580078125,-1.0167236328125,-0.0093994140625,-3.417968511581421,3.173827886581421,15.319823265075684
0.015625,-1.0189208984375,0.0396728515625,4.2724609375,-11.657713890075684,6.164550304412842
0.0013427734375,-1.01318359375,0.069091796875,4.94384765625,-19.287109375,6.347655773162842
-0.0106201171875,-0.9854736328125,0.0899658203125,1.15966796875,-19.4091796875,13.244627952575684
-0.01171875,-0.9827880859375,0.1119384765625,0.7934569716453552,-15.563963890075684,12.573241233825684
-0.01171875,-1.00439453125,0.1226806640625,3.662109136581421,-9.58251953125,5.798339366912842
-0.0030517578125,-1.0045166015625,0.1181640625,5.371093273162842,-4.0283203125,2.624511480331421
-0.0047607421875,-0.9837646484375,0.0943603515625,3.662109136581421,0.8544921278953552,4.33349609375
-0.0205078125,-0.9742431640625,0.0723876953125,1.4038084745407104,5.0048828125,4.7607421875
-0.026123046875,-0.9962158203125,0.0814208984375,1.5869139432907104,7.080077648162842,0.7324218153953552
-0.0191650390625,-1.0196533203125,0.106201171875,3.540038824081421,8.36181640625,-3.845214605331421
-0.009033203125,-1.0074462890625,0.1064453125,4.82177734375,9.94873046875,-3.784179449081421
-0.046630859375,-1.0201416015625,0.0013427734375,-4.8828125,9.94873046875,1.4038084745407104
-0.007080078125,-0.989013671875,0.1207275390625,1.3427733182907104,-17.02880859375,-2.01416015625
0.0018310546875,-0.9947509765625,0.1439208984375,3.967284917831421,-15.319823265075684,-5.371093273162842
-0.00390625,-1.0001220703125,0.1368408203125,3.234863042831421,-8.23974609375,-4.638671875
-0.0167236328125,-0.995361328125,0.106689453125,-1.4038084745407104,1.3427733182907104,1.4648436307907104
-0.0289306640625,-0.9974365234375,0.082763671875,-3.967284917831421,8.72802734375,4.82177734375
-0.0225830078125,-1.0133056640625,0.0899658203125,-1.3427733182907104,10.559081077575684,1.7700194120407104
-0.006591796875,-1.0147705078125,0.1019287109375,2.38037109375,9.1552734375,-0.3662109076976776
-0.019287109375,-1.0032958984375,0.0709228515625,0.8544921278953552,9.6435546875,3.601073980331421
-0.048828125,-1.0035400390625,0.0198974609375,-4.21142578125,11.596678733825684,9.033203125
-0.0413818359375,-1.0137939453125,0.013916015625,-4.0283203125,7.446288585662842,7.141112804412842
-0.019775390625,-1.0203857421875,0.04443359375,0.9155272841453552,-2.13623046875,-0.1220703050494194
-0.026123046875,-1.010498046875,0.0682373046875,2.0751953125,-9.58251953125,-0.7324218153953552
-0.02685546875,-0.988037109375,0.0970458984375,1.0986328125,-14.221190452575684,2.990722417831421
0.0145263671875,-0.9925537109375,0.1663818359375,4.94384765625,-12.023924827575684,-4.7607421875
-0.0042724609375,-0.993896484375,0.135986328125,1.7089842557907104,-0.0610351525247097,-3.295898199081421
-0.0255126953125,-0.9776611328125,0.090576171875,-2.0751953125,11.413573265075684,0.2441406100988388
-0.0306396484375,-0.989501953125,0.0775146484375,-2.01416015625,15.686034202575684,-1.0986328125
-0.024169921875,-1.0216064453125,0.0960693359375,0.4272460639476776,14.404295921325684,-4.08935546875
-0.0120849609375,-1.0220947265625,0.1148681640625,2.3193359375,12.207030296325684,-3.356933355331421
0.0009765625,-0.9970703125,0.1129150390625,3.601073980331421,10.864256858825684,-1.5258787870407104
0.0084228515625,-0.980712890625,0.091064453125,4.2724609375,11.230467796325684,-1.5869139432907104
-0.0213623046875,-1.014892578125,0.025146484375,-0.3662109076976776,15.747069358825684,-3.173827886581421
-0.0201416015625,-1.0341796875,0.0291748046875,0.3662109076976776,10.559081077575684,-5.371093273162842
-0.0052490234375,-1.03076171875,0.052490234375,4.7607421875,-0.4882812201976776,-9.033203125
-0.016357421875,-1.0120849609375,0.0654296875,4.57763671875,-9.27734375,-6.835937023162842
-0.0181884765625,-0.98193359375,0.09521484375,1.4038084745407104,-14.648436546325684,-0.4882812201976776
0.0057373046875,-0.975341796875,0.14794921875,1.9531248807907104,-18.49365234375,-0.8544921278953552
0.0198974609375,-1.003662109375,0.1722412109375,4.21142578125,-17.7001953125,-6.225585460662842
0.005615234375,-1.0113525390625,0.142578125,2.50244140625,-9.765625,-6.042479991912842
0.0196533203125,-0.9678955078125,0.11083984375,-3.356933355331421,4.33349609375,-0.54931640625
0.0245361328125,-1.0081787109375,0.1309814453125,-2.624511480331421,6.591796398162842,-4.82177734375
0.022705078125,-1.019287109375,0.1358642578125,-2.01416015625,9.521484375,-4.7607421875
0.0283203125,-0.99951171875,0.12890625,-2.13623046875,12.573241233825684,-2.13623046875
0.032958984375,-0.998291015625,0.1124267578125,-2.929687261581421,15.258788108825684,-1.8310545682907104
0.034423828125,-0.9996337890625,0.081787109375,-3.540038824081421,15.991209983825684,-2.563476324081421
0.0174560546875,-0.9993896484375,0.0396728515625,-5.676269054412842,13.549803733825684,-0.6713866591453552
-0.0089111328125,-1.0174560546875,0.0162353515625,-7.873534679412842,7.263183116912842,1.9531248807907104
-0.00341796875,-1.0289306640625,0.0423583984375,-4.150390625,-4.21142578125,0.0
0.02294921875,-1.021728515625,0.091796875,3.417968511581421,-16.845703125,-5.249022960662842
0.033203125,-1.0074462890625,0.115966796875,6.103515148162842,-23.986814498901367,-5.981444835662842
0.0302734375,-0.9854736328125,0.114990234375,2.929687261581421,-25.146482467651367,0.0610351525247097
0.0098876953125,-1.0069580078125,0.113525390625,-0.2441406100988388,-19.47021484375,4.7607421875
0.0042724609375,-1.0213623046875,0.1119384765625,0.30517578125,-15.441893577575684,5.0048828125
0.011962890625,-1.010498046875,0.1102294921875,-0.0610351525247097,-13.488768577575684,7.019042491912842
0.0269775390625,-0.999267578125,0.1226806640625,0.8544921278953552,-15.502928733825684,3.967284917831421
0.018798828125,-0.99755859375,0.1295166015625,1.220703125,-13.854979515075684,4.150390625
0.0064697265625,-0.994873046875,0.1290283203125,0.30517578125,-9.70458984375,6.347655773162842
-0.0008544921875,-0.9971923828125,0.119384765625,-0.6103515625,-5.065917491912842,6.774901866912842
-0.0057373046875,-1.0067138671875,0.1016845703125,-1.220703125,-1.7700194120407104,5.737304210662842
-0.011962890625,-1.0008544921875,0.0941162109375,3.112792730331421,-19.71435546875,6.958007335662842
-0.0126953125,-0.9984130859375,0.099609375,3.295898199081421,-21.850584030151367,7.690429210662842
-0.01611328125,-0.9967041015625,0.092529296875,1.8310545682907104,-19.95849609375,7.751464366912842
-0.0218505859375,-0.9932861328125,0.0831298828125,0.1220703050494194,-17.08984375,8.11767578125
-0.0262451171875,-0.9974365234375,0.0775146484375,-0.7324218153953552,-15.563963890075684,8.30078125
-0.027099609375,-1.004150390625,0.071533203125,-0.9765624403953552,-15.136717796325684,7.141112804412842
-0.0269775390625,-1.00146484375,0.0611572265625,-1.3427733182907104,-14.648436546325684,5.981444835662842
-0.0299072265625,-0.9970703125,0.048583984375,-2.01416015625,-14.465331077575684,5.187987804412842
-0.0347900390625,-1.0001220703125,0.0413818359375,-2.3193359375,-15.747069358825684,3.845214605331421
-0.0401611328125,-1.0042724609375,0.043701171875,-2.0751953125,-17.76123046875,2.990722417831421
-0.0406494140625,-1.007080078125,0.0472412109375,-2.0751953125,-19.10400390625,2.746581792831421
-0.036376953125,-1.0111083984375,0.0406494140625,-3.051757574081421,-18.5546875,2.01416015625
-0.0357666015625,-1.0108642578125,0.0233154296875,-4.69970703125,-16.2353515625,1.0986328125
-0.0379638671875,-1.00634765625,0.0087890625,-5.737304210662842,-14.770506858825684,0.30517578125
-0.03759765625,-1.0059814453125,0.0068359375,-5.676269054412842,-15.747069358825684,-0.6713866591453552
-0.03662109375,-1.008056640625,0.010498046875,-5.371093273162842,-17.333984375,-1.2817381620407104
-0.038330078125,-1.0069580078125,0.012939453125,-5.187987804412842,-17.9443359375,-1.4038084745407104
-0.041748046875,-1.0045166015625,0.01513671875,-4.7607421875,-17.9443359375,-1.4038084745407104
-0.0443115234375,-1.003662109375,0.018310546875,-4.33349609375,-17.7001953125,-0.9765624403953552
-0.0400390625,-0.9849853515625,0.0313720703125,-5.371093273162842,-12.817381858825684,1.8920897245407104
-0.0396728515625,-0.982421875,0.040283203125,-6.225585460662842,-9.58251953125,1.6479490995407104
-0.037109375,-0.99365234375,0.051025390625,-6.896972179412842,-5.920409679412842,0.7934569716453552
-0.034912109375,-1.003662109375,0.056396484375,-7.263183116912842,-1.0986328125,0.3662109076976776
-0.03173828125,-1.0009765625,0.058349609375,-7.019042491912842,4.21142578125,0.4882812201976776
-0.0238037109375,-0.991455078125,0.0662841796875,-5.859374523162842,8.48388671875,-0.7324218153953552
-0.0179443359375,-0.98974609375,0.0810546875,-3.723144292831421,12.451170921325684,-4.33349609375
-0.0162353515625,-0.9976806640625,0.09912109375,-1.3427733182907104,17.63916015625,-8.4228515625
-0.0179443359375,-1.008056640625,0.1165771484375,0.9155272841453552,24.108884811401367,-10.498045921325684
-0.0220947265625,-1.017578125,0.134521484375,3.295898199081421,29.907224655151367,-10.131834983825684
-0.014892578125,-1.019287109375,0.1549072265625,6.469726085662842,33.99658203125,-8.6669921875
0.000732421875,-1.014404296875,0.158447265625,8.9111328125,40.161128997802734,-7.873534679412842
0.0135498046875,-1.015625,0.132568359375,8.85009765625,51.696773529052734,-8.36181640625
0.0343017578125,-1.022705078125,0.0770263671875,7.507323741912842,68.90869140625,-8.30078125
0.021240234375,-1.0172119140625,0.0831298828125,6.958007335662842,51.208492279052734,-1.8920897245407104
0.00732421875,-1.0318603515625,0.048095703125,5.310058116912842,49.865718841552734,-3.967284917831421
-0.0098876953125,-1.0250244140625,0.0269775390625,3.112792730331421,43.762203216552734,-0.8544921278953552
-0.0238037109375,-1.001708984375,0.029296875,1.03759765625,30.090330123901367,5.981444835662842
-0.0289306640625,-0.9814453125,0.04443359375,-0.7324218153953552,13.488768577575684,11.657713890075684
-0.026611328125,-0.9725341796875,0.05029296875,-2.929687261581421,0.8544921278953552,13.793944358825684
-0.0228271484375,-0.97900390625,0.0369873046875,-5.737304210662842,-5.615233898162842,11.779784202575684
-0.0159912109375,-0.9923095703125,0.0123291015625,-8.544921875,-9.1552734375,7.568358898162842
-0.017822265625,-1.0338134765625,0.0299072265625,-9.6435546875,-48.706050872802734,1.220703125
-0.0234375,-1.02392578125,0.106689453125,-4.33349609375,-64.51416015625,4.33349609375
-0.026123046875,-1.0050048828125,0.153076171875,-1.4648436307907104,-69.9462890625,7.873534679412842
-0.0404052734375,-0.984619140625,0.14501953125,-1.6479490995407104,-61.462398529052734,9.521484375
-0.054931640625,-0.9793701171875,0.1142578125,-2.746581792831421,-44.860836029052734,6.958007335662842
-0.0587158203125,-0.9940185546875,0.1002197265625,-3.417968511581421,-29.418943405151367,2.929687261581421
-0.0623779296875,-1.0101318359375,0.099365234375,-3.356933355331421,-20.141599655151367,1.7089842557907104
-0.07373046875,-1.01171875,0.0968017578125,-2.3193359375,-16.05224609375,2.929687261581421
-0.08349609375,-1.0057373046875,0.09375,-1.15966796875,-14.160155296325684,4.150390625
-0.0859375,-1.00439453125,0.09326171875,-0.7324218153953552,-12.207030296325684,4.7607421875
-0.0849609375,-1.005859375,0.091552734375,-0.8544921278953552,-9.21630859375,5.554198741912842
-0.076416015625,-1.00537109375,0.0936279296875,0.7934569716453552,3.173827886581421,7.141112804412842
-0.071533203125,-1.0042724609375,0.1015625,2.197265625,5.676269054412842,5.187987804412842
-0.0716552734375,-1.0035400390625,0.1016845703125,3.723144292831421,8.1787109375,2.868652105331421
-0.0767822265625,-1.00146484375,0.0892333984375,4.2724609375,12.023924827575684,1.15966796875
-0.08203125,-1.0042724609375,0.0743408203125,4.5166015625,15.197752952575684,-0.1220703050494194
-0.07470703125,-1.0206298828125,0.0667724609375,5.371093273162842,15.075682640075684,-2.01416015625
-0.0616455078125,-1.0233154296875,0.054931640625,6.347655773162842,13.305663108825684,-3.540038824081421
-0.0587158203125,-0.99951171875,0.033203125,6.164550304412842,11.657713890075684,-2.807616949081421
-0.06005859375,-0.9755859375,0.0242919921875,5.310058116912842,7.141112804412842,-1.5258787870407104
-0.05859375,-0.970458984375,0.036376953125,5.0048828125,-0.0610351525247097,-1.6479490995407104
-0.0574951171875,-0.9788818359375,0.047119140625,4.39453125,-4.69970703125,-3.112792730331421
-0.057861328125,-0.99072265625,0.03857421875,2.25830078125,-4.21142578125,-4.69970703125
-0.054931640625,-0.999267578125,0.0213623046875,-0.3662109076976776,-3.173827886581421,-5.310058116912842
-0.049072265625,-0.9993896484375,0.0150146484375,-1.7700194120407104,-6.469726085662842,-5.0048828125
-0.047607421875,-0.9954833984375,0.024658203125,-1.8920897245407104,-13.854979515075684,-4.69970703125
-0.0477294921875,-0.99658203125,0.0435791015625,-1.9531248807907104,-20.996091842651367,-5.0048828125
-0.020263671875,-0.992431640625,0.0003662109375,-10.070799827575684,-17.822265625,-6.164550304412842
-0.0240478515625,-0.9991455078125,-0.008056640625,-10.498045921325684,-22.155759811401367,-7.385253429412842
-0.03076171875,-1.019287109375,-0.003662109375,-9.27734375,-30.090330123901367,-9.33837890625
-0.028564453125,-1.0484619140625,0.0135498046875,-7.873534679412842,-37.4755859375,-10.437010765075684
-0.021484375,-1.0601806640625,0.03271484375,-6.774901866912842,-41.198726654052734,-9.6435546875
-0.0130615234375,-1.037109375,0.03857421875,-6.042479991912842,-39.97802734375,-8.4228515625
-0.0042724609375,-0.994140625,0.0302734375,-6.835937023162842,-34.3017578125,-6.896972179412842
-0.007080078125,-0.9713134765625,0.0174560546875,-8.9111328125,-26.550291061401367,-4.21142578125
-0.0142822265625,-0.9876708984375,0.009521484375,-9.3994140625,-20.080564498901367,-2.807616949081421
-0.0057373046875,-1.019775390625,0.0089111328125,-6.896972179412842,-16.54052734375,-3.845214605331421
0.0111083984375,-1.0330810546875,0.0103759765625,-3.173827886581421,-14.099120140075684,-4.82177734375
0.0162353515625,-1.01611328125,0.0068359375,-0.30517578125,-12.268065452575684,-3.784179449081421
0.007080078125,-0.99169921875,0.000732421875,1.4648436307907104,-10.559081077575684,-1.8310545682907104
-0.0030517578125,-0.9869384765625,-0.0013427734375,2.624511480331421,-7.324218273162842,-0.2441406100988388
-0.00537109375,-1.000244140625,-0.006591796875,3.540038824081421,-1.9531248807907104,-0.1220703050494194
0.0010986328125,-1.0115966796875,-0.0228271484375,3.906249761581421,3.845214605331421,-0.4272460639476776
0.009765625,-1.008544921875,-0.04541015625,3.845214605331421,7.690429210662842,-0.1220703050494194
0.0103759765625,-0.9918212890625,-0.0682373046875,3.845214605331421,8.72802734375,-0.1831054538488388
0.005615234375,-0.986083984375,-0.0811767578125,3.784179449081421,7.751464366912842,-1.6479490995407104
0.007568359375,-1.0059814453125,-0.0767822265625,3.417968511581421,6.530761241912842,-4.150390625
0.0113525390625,-1.0263671875,-0.0684814453125,2.38037109375,7.263183116912842,-5.0048828125
0.011474609375,-1.025390625,-0.0635986328125,1.0986328125,8.544921875,-2.807616949081421
0.012939453125,-1.018310546875,-0.0467529296875,1.4648436307907104,6.164550304412842,-0.4272460639476776
0.0274658203125,-1.0291748046875,-0.004150390625,4.33349609375,-0.54931640625,-0.4882812201976776
0.049072265625,-1.040283203125,0.04638671875,8.30078125,-6.713866710662842,-1.9531248807907104
0.0462646484375,-1.0164794921875,0.06591796875,10.192870140075684,-5.981444835662842,-2.868652105331421
0.015625,-0.974365234375,0.0537109375,7.629394054412842,1.5258787870407104,-0.8544921278953552
-0.0029296875,-0.9625244140625,0.0518798828125,2.868652105331421,7.995604991912842,3.601073980331421
0.0208740234375,-0.9892578125,0.099365234375,1.9531248807907104,19.71435546875,4.2724609375
0.0223388671875,-0.991943359375,0.126708984375,2.3193359375,22.033689498901367,5.432128429412842
0.03662109375,-1.00146484375,0.1707763671875,3.906249761581421,23.559568405151367,5.126952648162842
0.04541015625,-1.0108642578125,0.198486328125,5.554198741912842,27.038572311401367,2.50244140625
0.03955078125,-1.0172119140625,0.192138671875,7.019042491912842,32.04345703125,-0.7324218153953552
0.0267333984375,-1.0050048828125,0.1583251953125,10.437010765075684,38.0859375,-2.929687261581421
0.0260009765625,-0.990478515625,0.166259765625,12.878417015075684,34.3017578125,-0.8544921278953552
0.0164794921875,-0.9833984375,0.1793212890625,15.258788108825684,28.747556686401367,0.7324218153953552
0.006103515625,-0.986572265625,0.1854248046875,16.66259765625,24.841306686401367,0.9155272841453552
0.005615234375,-0.989990234375,0.1802978515625,16.05224609375,24.780271530151367,1.0986328125
0.0155029296875,-0.9874267578125,0.1658935546875,11.352538108825684,28.869626998901367,1.7089842557907104
0.0126953125,-0.9906005859375,0.171142578125,12.756346702575684,25.756834030151367,-1.0986328125
0.0081787109375,-0.992431640625,0.188232421875,15.808104515075684,20.446775436401367,-3.723144292831421
0.001220703125,-0.9847412109375,0.207763671875,16.845703125,16.90673828125,-4.33349609375
0.0045166015625,-0.9752197265625,0.22265625,15.380858421325684,15.930174827575684,-5.126952648162842
0.013427734375,-0.9718017578125,0.2296142578125,12.512206077575684,16.90673828125,-7.263183116912842
0.0089111328125,-0.9737548828125,0.223876953125,9.82666015625,19.47021484375,-9.1552734375
0.0040283203125,-0.9783935546875,0.21142578125,8.23974609375,20.141599655151367,-10.498045921325684
0.0068359375,-0.984375,0.2012939453125,7.812499523162842,16.2353515625,-11.352538108825684
0.006591796875,-0.98681640625,0.20166015625,8.056640625,9.46044921875,-10.742186546325684
0.0064697265625,-0.9815673828125,0.21533203125,8.23974609375,2.01416015625,-9.09423828125
0.0120849609375,-0.97509765625,0.2301025390625,7.019042491912842,-4.33349609375,-7.446288585662842
0.0159912109375,-0.9715576171875,0.235107421875,4.150390625,-8.1787109375,-6.408690929412842
0.0322265625,-0.972412109375,0.2359619140625,-6.286620616912842,-13.977049827575684,-6.103515148162842
0.0391845703125,-0.973876953125,0.2486572265625,-8.72802734375,-18.00537109375,-4.08935546875
0.04443359375,-0.98046875,0.2630615234375,-10.375975608825684,-22.521970748901367,-1.6479490995407104
0.0528564453125,-0.988037109375,0.2694091796875,-11.779784202575684,-25.878904342651367,0.4882812201976776
0.0621337890625,-0.9864501953125,0.2586669921875,-13.366698265075684,-26.489255905151367,2.563476324081421
0.0634765625,-0.9737548828125,0.233154296875,-15.258788108825684,-24.902341842651367,4.5166015625
0.060791015625,-0.97119140625,0.2117919921875,-16.7236328125,-22.949216842651367,5.249022960662842
0.0755615234375,-0.9947509765625,0.206298828125,-17.08984375,-21.850584030151367,4.21142578125
0.09375,-0.994140625,0.155517578125,-15.808104515075684,-13.732909202575684,1.0986328125
0.06640625,-0.9578857421875,0.0963134765625,-15.502928733825684,-7.141112804412842,-0.6713866591453552
0.0587158203125,-0.9566650390625,0.0706787109375,-14.587401390075684,-4.69970703125,-4.21142578125
0.0721435546875,-0.98828125,0.07958984375,-11.596678733825684,-6.164550304412842,-7.873534679412842
0.0819091796875,-1.016357421875,0.0848388671875,-8.11767578125,-6.408690929412842,-9.033203125
0.0792236328125,-1.0191650390625,0.0689697265625,-6.591796398162842,-3.540038824081421,-7.263183116912842
0.074462890625,-1.0087890625,0.042236328125,-7.019042491912842,-1.3427733182907104,-3.601073980331421
0.0767822265625,-1.009521484375,0.0244140625,-7.202147960662842,-2.50244140625,-0.54931640625
0.0838623046875,-1.01806640625,0.0240478515625,-5.615233898162842,-6.042479991912842,0.4272460639476776
0.0841064453125,-1.0189208984375,0.0296630859375,-2.990722417831421,-9.765625,1.15966796875
0.0771484375,-1.0106201171875,0.026611328125,-0.6713866591453552,-11.718749046325684,3.845214605331421
0.0767822265625,-1.00830078125,0.0169677734375,-0.9155272841453552,-8.6669921875,5.126952648162842
0.0750732421875,-1.0103759765625,0.00634765625,-1.2817381620407104,-5.187987804412842,5.798339366912842
0.07958984375,-1.00830078125,-0.00146484375,-1.5869139432907104,-0.3662109076976776,4.33349609375
0.0811767578125,-1.0047607421875,0.0008544921875,-2.13623046875,2.01416015625,3.112792730331421
0.07421875,-1.0098876953125,0.0084228515625,-2.13623046875,3.845214605331421,1.220703125
0.0645751953125,-1.019775390625,0.0206298828125,-0.9155272841453552,4.7607421875,-0.54931640625
0.0611572265625,-1.018798828125,0.03369140625,0.9155272841453552,5.432128429412842,-0.6713866591453552
0.060546875,-1.0028076171875,0.0380859375,1.8920897245407104,7.324218273162842,1.03759765625
0.0570068359375,-0.9849853515625,0.0335693359375,1.9531248807907104,10.498045921325684,2.25830078125
0.05615234375,-0.98193359375,0.0306396484375,2.0751953125,13.916014671325684,1.5258787870407104
0.0670166015625,-1.00244140625,0.033935546875,2.0751953125,18.24951171875,-0.1831054538488388
0.0811767578125,-1.0263671875,0.035888671875,1.8310545682907104,24.047849655151367,-1.8310545682907104
0.0831298828125,-1.027587890625,0.0340576171875,1.8920897245407104,29.357908248901367,-2.0751953125
0.0726318359375,-1.0096435546875,0.04248046875,2.563476324081421,31.555173873901367,-0.9155272841453552
0.066162109375,-0.988037109375,0.067138671875,3.417968511581421,30.700681686401367,0.6103515625
0.068603515625,-0.9771728515625,0.0927734375,3.906249761581421,30.273435592651367,0.7934569716453552
0.0946044921875,-0.991455078125,0.1053466796875,3.723144292831421,37.78076171875,-6.591796398162842
0.10009765625,-0.994873046875,0.1011962890625,3.723144292831421,41.809078216552734,-10.131834983825684
0.093017578125,-0.9881591796875,0.1072998046875,3.540038824081421,42.846675872802734,-10.070799827575684
0.091552734375,-0.98388671875,0.1295166015625,3.662109136581421,40.954586029052734,-8.85009765625
0.0650634765625,-1.0020751953125,0.15966796875,4.7607421875,32.3486328125,-8.85009765625
0.0640869140625,-1.0035400390625,0.169677734375,4.39453125,28.076169967651367,-6.896972179412842
0.0609130859375,-1.0052490234375,0.168701171875,2.624511480331421,25.207517623901367,-3.417968511581421
0.0556640625,-1.0030517578125,0.1553955078125,-0.2441406100988388,23.132322311401367,1.5869139432907104
0.0533447265625,-1.0023193359375,0.1419677734375,-2.50244140625,19.83642578125,5.615233898162842
0.05126953125,-1.005615234375,0.135009765625,-3.295898199081421,13.916014671325684,7.507323741912842
0.0482177734375,-1.0030517578125,0.1339111328125,-3.234863042831421,5.798339366912842,9.033203125
0.0484619140625,-0.996337890625,0.1375732421875,-2.929687261581421,-3.051757574081421,10.803221702575684
0.052490234375,-0.9921875,0.1435546875,-2.746581792831421,-10.742186546325684,11.840819358825684
0.0550537109375,-0.9869384765625,0.13134765625,-2.746581792831421,-18.85986328125,11.047362327575684
0.0557861328125,-0.989501953125,0.1173095703125,-2.685546636581421,-21.667478561401367,9.6435546875
0.058837890625,-0.994873046875,0.11328125,-1.9531248807907104,-25.451658248901367,7.934569835662842
0.0562744140625,-0.996826171875,0.1148681640625,-0.6713866591453552,-30.151365280151367,6.225585460662842
0.059814453125,-1.0023193359375,0.104248046875,-0.9765624403953552,-37.353515625,0.8544921278953552
0.064453125,-1.0013427734375,0.1085205078125,-0.4272460639476776,-38.51318359375,-0.0610351525247097
0.067138671875,-0.9930419921875,0.1182861328125,0.0610351525247097,-39.12353515625,0.7934569716453552
0.07080078125,-0.9866943359375,0.1229248046875,-0.0610351525247097,-37.65869140625,1.6479490995407104
0.07568359375,-0.9903564453125,0.116943359375,-0.6713866591453552,-33.63037109375,0.54931640625
0.0809326171875,-0.998291015625,0.1063232421875,-1.4648436307907104,-28.747556686401367,-1.15966796875
0.085205078125,-0.99658203125,0.0994873046875,-1.7089842557907104,-25.329587936401367,-2.38037109375
0.087646484375,-0.9898681640625,0.099609375,-1.220703125,-23.559568405151367,-3.601073980331421
0.09228515625,-0.9906005859375,0.1038818359375,-0.54931640625,-21.606443405151367,-5.371093273162842
0.0975341796875,-0.993408203125,0.1031494140625,-0.30517578125,-17.88330078125,-7.080077648162842
0.1038818359375,-0.990966796875,0.0960693359375,-0.6713866591453552,-12.939452171325684,-8.30078125
0.1131591796875,-0.9908447265625,0.0894775390625,-1.4038084745407104,-8.30078125,-9.82666015625
0.1182861328125,-0.9969482421875,0.0828857421875,-2.563476324081421,-4.0283203125,-10.803221702575684
0.11767578125,-0.9986572265625,0.073974609375,-3.845214605331421,-0.6103515625,-10.803221702575684
0.116455078125,-1.0018310546875,0.06640625,-4.33349609375,0.7934569716453552,-11.413573265075684
0.1202392578125,-1.0130615234375,0.0684814453125,-3.784179449081421,-0.1220703050494194,-12.207030296325684
0.143310546875,-0.99462890625,0.080810546875,-5.432128429412842,5.920409679412842,-4.57763671875
0.1568603515625,-1.0047607421875,0.0845947265625,-5.554198741912842,10.314940452575684,-4.5166015625
0.154541015625,-0.9970703125,0.0743408203125,-5.371093273162842,13.916014671325684,-2.25830078125
0.145263671875,-0.98486328125,0.0596923828125,-5.126952648162842,14.648436546325684,0.2441406100988388
0.1484375,-1.006103515625,0.077880859375,-2.44140625,12.084959983825684,-0.4882812201976776
0.1402587890625,-1.009521484375,0.076416015625,-2.0751953125,13.305663108825684,1.3427733182907104
0.1375732421875,-1.0048828125,0.0745849609375,-1.5258787870407104,14.831542015075684,3.295898199081421
0.1348876953125,-0.9967041015625,0.070556640625,-1.4648436307907104,16.05224609375,4.94384765625
0.136474609375,-0.9876708984375,0.0733642578125,-1.4038084745407104,15.014647483825684,4.82177734375
0.1312255859375,-0.98193359375,0.093017578125,1.220703125,10.437010765075684,0.8544921278953552
0.1368408203125,-0.987060546875,0.0682373046875,-1.3427733182907104,15.197752952575684,1.6479490995407104
0.141845703125,-0.998291015625,0.0596923828125,-3.417968511581421,16.9677734375,2.25830078125
0.129638671875,-1.009521484375,0.0570068359375,-4.57763671875,14.465331077575684,2.563476324081421
0.11767578125,-1.0098876953125,0.05712890625,-3.601073980331421,8.7890625,1.220703125
0.1107177734375,-1.013427734375,0.0592041015625,-2.13623046875,1.8920897245407104,0.54931640625
0.11083984375,-1.0169677734375,0.064453125,-1.9531248807907104,-5.126952648162842,2.746581792831421
0.11572265625,-1.00439453125,0.0712890625,-1.7089842557907104,-12.573241233825684,4.8828125
0.1143798828125,-0.9857177734375,0.0762939453125,-0.4882812201976776,-19.34814453125,4.638671875
0.1328125,-0.9732666015625,0.13330078125,4.8828125,-23.498533248901367,-2.807616949081421
0.1375732421875,-0.9842529296875,0.1522216796875,4.638671875,-16.845703125,-3.417968511581421
0.12451171875,-0.990966796875,0.134765625,1.2817381620407104,-4.638671875,0.7324218153953552
0.1202392578125,-0.99072265625,0.1043701171875,-1.4038084745407104,6.774901866912842,3.967284917831421
0.1253662109375,-0.9930419921875,0.081298828125,-2.3193359375,12.878417015075684,3.784179449081421
0.1170654296875,-0.997802734375,0.0633544921875,-2.563476324081421,14.038084983825684,2.807616949081421
0.1046142578125,-0.998291015625,0.0511474609375,-1.5258787870407104,11.474608421325684,1.5869139432907104
0.1102294921875,-1.01416015625,0.05615234375,1.220703125,5.981444835662842,-1.6479490995407104
0.121826171875,-1.03173828125,0.069091796875,2.868652105331421,1.03759765625,-2.624511480331421
0.1217041015625,-1.0140380859375,0.076416015625,3.479003667831421,-1.9531248807907104,0.54931640625
0.1090087890625,-0.9876708984375,0.0753173828125,4.69970703125,-5.554198741912842,2.3193359375
0.09912109375,-0.97900390625,0.0723876953125,5.432128429412842,-9.09423828125,1.220703125
0.1365966796875,-0.995361328125,0.1199951171875,4.150390625,-5.615233898162842,-4.21142578125
0.130615234375,-0.988037109375,0.1083984375,0.9155272841453552,-0.2441406100988388,-0.4272460639476776
0.12109375,-0.9786376953125,0.0863037109375,-1.9531248807907104,5.432128429412842,2.807616949081421
0.1221923828125,-0.985107421875,0.0716552734375,-3.295898199081421,9.521484375,1.7700194120407104
0.1231689453125,-1.0010986328125,0.0645751953125,-4.39453125,11.291502952575684,-0.1831054538488388
0.109375,-1.014404296875,0.05029296875,-5.493163585662842,10.864256858825684,-0.3662109076976776
0.10107421875,-1.018798828125,0.0404052734375,-5.493163585662842,7.446288585662842,0.4272460639476776
0.1103515625,-1.0140380859375,0.0521240234375,-3.540038824081421,0.8544921278953552,1.220703125
0.1180419921875,-1.00927734375,0.0753173828125,-0.6713866591453552,-7.080077648162842,1.2817381620407104
0.1121826171875,-1.003662109375,0.083740234375,0.9155272841453552,-12.512206077575684,1.03759765625
0.1077880859375,-0.9814453125,0.076171875,0.7934569716453552,-12.939452171325684,1.7700194120407104
0.1165771484375,-0.9659423828125,0.0799560546875,0.3662109076976776,-9.3994140625,0.7324218153953552
0.1334228515625,-0.9805908203125,0.1011962890625,0.4272460639476776,-4.8828125,-3.479003667831421
0.142333984375,-0.994140625,0.115966796875,0.6103515625,-0.4882812201976776,-6.225585460662842
0.135009765625,-0.984130859375,0.1082763671875,0.1220703050494194,4.33349609375,-4.45556640625
0.12158203125,-0.9786376953125,0.0880126953125,-1.220703125,10.009765625,-1.9531248807907104
0.1265869140625,-0.995849609375,0.0751953125,-2.868652105331421,15.869139671325684,-2.197265625
0.1199951171875,-1.0162353515625,0.016845703125,-5.065917491912842,5.065917491912842,-2.38037109375
0.1328125,-1.026123046875,0.058349609375,-0.6103515625,-4.21142578125,-2.868652105331421
0.1280517578125,-1.0113525390625,0.0845947265625,1.5869139432907104,-7.873534679412842,1.2817381620407104
0.1173095703125,-0.9884033203125,0.0775146484375,1.8310545682907104,-8.6669921875,4.82177734375
0.1151123046875,-0.984619140625,0.0545654296875,1.3427733182907104,-9.3994140625,4.94384765625
0.1285400390625,-0.9853515625,0.0546875,1.8310545682907104,-10.559081077575684,2.38037109375
0.1419677734375,-0.9820556640625,0.0865478515625,4.2724609375,-11.596678733825684,-1.5869139432907104
0.1363525390625,-0.9837646484375,0.116455078125,6.042479991912842,-10.070799827575684,-3.845214605331421
0.12255859375,-0.9832763671875,0.1204833984375,4.94384765625,-3.601073980331421,-2.38037109375
0.127197265625,-0.9852294921875,0.1070556640625,2.38037109375,6.408690929412842,-0.54931640625
0.1405029296875,-0.9918212890625,0.086181640625,-0.4272460639476776,16.17431640625,0.1831054538488388
0.1329345703125,-1.002197265625,0.0604248046875,-3.295898199081421,23.010251998901367,1.220703125
0.116455078125,-1.014404296875,0.035400390625,-5.0048828125,24.780271530151367,2.01416015625
0.110107421875,-1.02099609375,0.0206298828125,-5.0048828125,21.362302780151367,3.234863042831421
0.1094970703125,-1.017822265625,0.027099609375,-4.0283203125,13.854979515075684,6.103515148162842
0.1126708984375,-1.0018310546875,0.050537109375,-1.8310545682907104,3.173827886581421,7.019042491912842
0.1077880859375,-0.994140625,0.0648193359375,1.0986328125,-7.385253429412842,3.479003667831421
0.0999755859375,-0.9923095703125,0.0677490234375,2.3193359375,-12.695311546325684,-0.0610351525247097
0.111572265625,-0.9827880859375,0.0811767578125,1.7089842557907104,-11.047362327575684,-1.03759765625
0.1234130859375,-0.982177734375,0.1024169921875,0.8544921278953552,-5.249022960662842,-2.0751953125
0.122802734375,-0.990966796875,0.1202392578125,0.2441406100988388,0.4882812201976776,-2.746581792831421
0.119873046875,-0.990966796875,0.1258544921875,0.1831054538488388,4.94384765625,-1.4038084745407104
0.121337890625,-0.986572265625,0.1142578125,0.1831054538488388,10.803221702575684,-0.2441406100988388
0.10595703125,-1.009521484375,0.0189208984375,-6.713866710662842,31.005857467651367,2.25830078125
0.0999755859375,-1.0233154296875,0.012451171875,-7.080077648162842,25.268552780151367,2.197265625
0.09375,-0.9730224609375,0.0599365234375,-0.6103515625,-4.21142578125,4.08935546875
0.1048583984375,-0.987548828125,0.070556640625,0.6713866591453552,-4.8828125,0.30517578125
0.1158447265625,-0.9979248046875,0.089111328125,0.8544921278953552,-4.638671875,-1.9531248807907104
0.1114501953125,-0.989990234375,0.0931396484375,0.0610351525247097,-3.417968511581421,-1.2817381620407104
0.0989990234375,-0.9818115234375,0.0821533203125,-1.0986328125,-0.0,-0.1831054538488388
0.104736328125,-0.9898681640625,0.0709228515625,-2.01416015625,4.82177734375,-0.7324218153953552
0.117431640625,-1.0025634765625,0.060546875,-2.685546636581421,8.85009765625,-2.197265625
0.0888671875,-1.0123291015625,0.037109375,-2.50244140625,5.432128429412842,-2.38037109375
0.086669921875,-1.0203857421875,0.0452880859375,-1.5869139432907104,-0.4882812201976776,-2.38037109375
0.0992431640625,-1.014404296875,0.064453125,-0.8544921278953552,-4.21142578125,-1.03759765625
0.100341796875,-0.9990234375,0.0728759765625,-0.9765624403953552,-5.249022960662842,1.7089842557907104
0.095458984375,-0.9920654296875,0.072998046875,-0.4272460639476776,-6.164550304412842,2.50244140625
0.0985107421875,-0.9976806640625,0.078369140625,1.4038084745407104,-7.202147960662842,1.6479490995407104
0.10009765625,-1.0062255859375,0.0789794921875,2.0751953125,-5.981444835662842,3.540038824081421
0.0936279296875,-1.009033203125,0.063232421875,0.54931640625,-2.13623046875,7.751464366912842
0.0908203125,-0.9969482421875,0.0421142578125,-1.4648436307907104,1.5869139432907104,10.253905296325684
0.0771484375,-1.0126953125,0.0159912109375,-0.9765624403953552,-6.347655773162842,4.82177734375
0.0806884765625,-1.01416015625,0.009521484375,-0.6103515625,-10.620116233825684,3.967284917831421
0.0830078125,-1.0015869140625,0.006591796875,-1.220703125,-14.770506858825684,5.310058116912842
0.082763671875,-0.9869384765625,0.01318359375,-1.4648436307907104,-19.95849609375,5.920409679412842
0.081298828125,-0.986328125,0.026123046875,-0.0610351525247097,-24.719236373901367,2.807616949081421
0.0780029296875,-1.0013427734375,0.0274658203125,0.7934569716453552,-25.756834030151367,-0.6713866591453552
0.080078125,-1.007568359375,0.008544921875,-0.7324218153953552,-22.949216842651367,-0.0610351525247097
0.085693359375,-1.0003662109375,-0.0115966796875,-2.624511480331421,-20.324705123901367,2.13623046875
0.0760498046875,-1.0128173828125,-0.0115966796875,-0.7934569716453552,-25.146482467651367,-0.1220703050494194
0.0562744140625,-1.0279541015625,-0.01171875,0.1831054538488388,-27.954099655151367,-0.4882812201976776
0.054443359375,-1.0181884765625,-0.0107421875,-0.0,-27.954099655151367,1.8310545682907104
0.0643310546875,-0.9951171875,-0.0035400390625,-0.0,-27.099607467651367,4.150390625
0.066162109375,-0.98828125,0.014404296875,1.4038084745407104,-27.038572311401367,2.929687261581421
0.065185546875,-1.0001220703125,0.0374755859375,3.723144292831421,-26.000974655151367,-0.4272460639476776
0.06494140625,-0.9940185546875,0.01318359375,0.1831054538488388,1.5869139432907104,4.94384765625
0.062744140625,-0.9903564453125,0.0087890625,-0.2441406100988388,9.27734375,4.21142578125
0.0528564453125,-1.0106201171875,0.010498046875,0.4882812201976776,14.709471702575684,0.8544921278953552
0.0491943359375,-1.023681640625,0.0172119140625,0.54931640625,19.775390625,0.1831054538488388
0.0604248046875,-1.0047607421875,0.0341796875,0.3662109076976776,24.719236373901367,2.563476324081421
0.0697021484375,-0.984375,0.051513671875,1.5869139432907104,28.564451217651367,2.929687261581421
0.0703125,-0.9853515625,0.0643310546875,4.21142578125,30.822751998901367,-0.54931640625
0.07421875,-0.9974365234375,0.0775146484375,6.469726085662842,33.69140625,-4.21142578125
0.0794677734375,-1.00244140625,0.0845947265625,6.958007335662842,38.818359375,-5.065917491912842
0.078369140625,-0.9937744140625,0.0787353515625,5.798339366912842,45.410152435302734,-3.845214605331421
0.08251953125,-0.989990234375,0.0740966796875,4.0283203125,53.100582122802734,-3.967284917831421
0.072998046875,-1.0126953125,0.066162109375,4.57763671875,52.307125091552734,-6.164550304412842
0.0618896484375,-1.0321044921875,0.0546875,4.21142578125,49.072261810302734,-6.225585460662842
0.0599365234375,-1.0301513671875,0.0548095703125,3.784179449081421,42.419429779052734,-3.662109136581421
0.0574951171875,-1.01513671875,0.06884765625,5.310058116912842,31.433103561401367,-1.3427733182907104
0.0499267578125,-1.00048828125,0.0921630859375,8.056640625,18.12744140625,-0.1220703050494194
0.0452880859375,-0.9892578125,0.1168212890625,9.46044921875,6.652831554412842,1.9531248807907104
0.0419921875,-0.997802734375,0.09814453125,1.2817381620407104,0.0610351525247097,8.056640625
0.032470703125,-1.01123046875,0.0760498046875,-1.9531248807907104,-1.4648436307907104,8.97216796875
0.0272216796875,-1.0167236328125,0.06640625,-3.295898199081421,-7.507323741912842,9.82666015625
0.0340576171875,-1.0003662109375,0.0740966796875,-3.112792730331421,-17.15087890625,9.21630859375
0.0416259765625,-0.985107421875,0.0947265625,-2.624511480331421,-26.855466842651367,6.408690929412842
0.04638671875,-0.9844970703125,0.1229248046875,-1.8310545682907104,-34.423828125,2.197265625
0.03369140625,-0.99560546875,0.1455078125,0.0610351525247097,-36.865234375,-0.6713866591453552
0.0350341796875,-0.9964599609375,0.1380615234375,-0.6713866591453552,-32.3486328125,1.4038084745407104
0.0408935546875,-1.001953125,0.118896484375,-2.685546636581421,-26.489255905151367,2.868652105331421
0.03515625,-1.0101318359375,0.0928955078125,-4.94384765625,-21.789548873901367,3.662109136581421
0.03125,-1.010009765625,0.0799560546875,-5.249022960662842,-21.789548873901367,3.417968511581421
0.0379638671875,-1.001953125,0.0869140625,-3.479003667831421,-25.268552780151367,0.9765624403953552
0.04638671875,-0.992919921875,0.1075439453125,-1.7700194120407104,-27.404783248901367,-2.624511480331421
0.0501708984375,-0.9884033203125,0.1300048828125,-0.7934569716453552,-25.878904342651367,-5.371093273162842
0.0501708984375,-0.9942626953125,0.1395263671875,-0.6103515625,-20.446775436401367,-6.042479991912842
0.047119140625,-1.0028076171875,0.1248779296875,-1.8310545682907104,-11.291502952575684,-4.2724609375
0.0472412109375,-1.001220703125,0.0950927734375,-4.39453125,-1.4038084745407104,-1.4648436307907104
0.0555419921875,-0.996826171875,0.0706787109375,-5.920409679412842,3.479003667831421,-1.15966796875
0.0574951171875,-1.0111083984375,0.054931640625,-5.737304210662842,2.197265625,-4.08935546875
0.05712890625,-1.021240234375,0.0469970703125,-4.69970703125,-0.9155272841453552,-5.920409679412842
0.0657958984375,-1.001708984375,0.0540771484375,-2.50244140625,-3.295898199081421,-5.432128429412842
0.0738525390625,-0.989990234375,0.0745849609375,-0.0,-4.8828125,-6.530761241912842
0.0792236328125,-0.9976806640625,0.0987548828125,2.01416015625,-5.249022960662842,-9.21630859375
0.083251953125,-1.0028076171875,0.1077880859375,2.990722417831421,-2.929687261581421,-9.46044921875
0.0799560546875,-1.0050048828125,0.0877685546875,1.4648436307907104,3.051757574081421,-5.554198741912842
0.0848388671875,-1.0009765625,0.0577392578125,-1.4038084745407104,9.27734375,-0.7934569716453552
0.0894775390625,-0.9976806640625,0.0223388671875,-3.173827886581421,9.09423828125,-0.7934569716453552
0.085205078125,-1.008544921875,0.0294189453125,-1.9531248807907104,3.967284917831421,-4.0283203125
0.0926513671875,-1.00634765625,0.0462646484375,-0.2441406100988388,-0.3662109076976776,-5.554198741912842
0.0948486328125,-1.0001220703125,0.056640625,0.4882812201976776,-1.9531248807907104,-4.39453125
0.089599609375,-1.0020751953125,0.0618896484375,0.4882812201976776,-2.38037109375,-2.50244140625
0.0911865234375,-0.9998779296875,0.0845947265625,1.220703125,-2.197265625,-0.4882812201976776
0.0887451171875,-0.999755859375,0.088134765625,1.15966796875,-0.1220703050494194,0.7934569716453552
0.0859375,-0.99951171875,0.0838623046875,0.9155272841453552,2.50244140625,1.3427733182907104
0.0877685546875,-0.998046875,0.0811767578125,1.03759765625,5.310058116912842,0.9155272841453552
0.092041015625,-1.0006103515625,0.0885009765625,0.9765624403953552,8.97216796875,0.54931640625
0.0970458984375,-1.0050048828125,0.1019287109375,0.54931640625,13.732909202575684,1.220703125
0.099609375,-1.004638671875,0.1104736328125,0.2441406100988388,19.287109375,2.25830078125
0.10107421875,-0.999267578125,0.1131591796875,0.4882812201976776,24.780271530151367,2.807616949081421
0.101318359375,-0.99755859375,0.1131591796875,0.8544921278953552,29.174802780151367,2.685546636581421
0.099365234375,-0.9952392578125,0.108154296875,0.8544921278953552,32.53173828125,2.929687261581421
0.0972900390625,-0.989013671875,0.0975341796875,0.4272460639476776,35.64453125,3.417968511581421
0.0916748046875,-0.9937744140625,0.0811767578125,-0.4882812201976776,38.9404296875,2.746581792831421
0.080078125,-1.008056640625,0.058837890625,-2.38037109375,41.809078216552734,1.7700194120407104
