0.189453125,0.4490966796875,-0.3653564453125,-21.057126998901367,84.04540252685547,170.65428161621094
0.7176513671875,-0.8814697265625,0.02685546875,15.319823265075684,-74.52392578125,-51.940914154052734
2.3504638671875,-1.732177734375,-0.0228271484375,13.183592796325684,29.541013717651367,-465.0878601074219
1.1441650390625,-0.5450439453125,0.1395263671875,11.596678733825684,-7.812499523162842,136.23046875
0.3125,-0.3564453125,0.409423828125,46.997066497802734,-76.66015625,410.4613952636719
-0.1107177734375,-0.66015625,0.4661865234375,101.80663299560547,-52.429195404052734,300.84228515625
-0.593017578125,-0.526123046875,0.1837158203125,105.40770721435547,64.27001953125,184.75340270996094
-0.2388916015625,-0.05224609375,0.047119140625,52.490230560302734,141.66259765625,153.9306640625
0.36474609375,0.2076416015625,0.0028076171875,5.432128429412842,139.2822265625,138.61083984375
0.470458984375,-0.3843994140625,0.1241455078125,-22.277830123901367,93.74999237060547,80.13916015625
0.1273193359375,-1.5294189453125,0.3782958984375,-52.490230560302734,84.22850799560547,9.82666015625
-0.246826171875,-2.092529296875,0.4329833984375,-63.537593841552734,136.41357421875,-26.794431686401367
-0.31689453125,-1.9542236328125,0.35595703125,-36.56005859375,168.51805114746094,-32.77587890625
-0.2935791015625,-1.6868896484375,0.36669921875,-7.324218273162842,129.57763671875,-46.325679779052734
0.02099609375,-0.966064453125,0.2984619140625,15.380858421325684,108.64257049560547,-23.681638717651367
0.1563720703125,-0.6446533203125,0.1219482421875,27.954099655151367,113.52538299560547,-15.930174827575684
0.0848388671875,-0.3001708984375,-0.0748291015625,41.564937591552734,99.60936737060547,-34.24072265625
0.018798828125,-0.077392578125,-0.210205078125,41.625972747802734,83.43505096435547,-34.72900390625
0.0606689453125,-0.2969970703125,-0.177734375,20.080564498901367,77.08740234375,3.417968511581421
0.0567626953125,-1.1220703125,0.0478515625,-7.751464366912842,85.38817596435547,49.621578216552734
-0.037841796875,-1.9736328125,0.1888427734375,-15.869139671325684,104.85839080810547,55.297847747802734
-0.225341796875,-2.1429443359375,0.0804443359375,1.3427733182907104,113.95262908935547,34.72900390625
-0.2998046875,-1.73974609375,0.087890625,25.939939498901367,84.28954315185547,38.4521484375
-0.152099609375,-1.2891845703125,0.315185546875,52.246089935302734,50.292964935302734,19.22607421875
0.0982666015625,-1.0296630859375,0.4029541015625,62.622066497802734,61.828609466552734,-53.466793060302734
0.23974609375,-0.84130859375,0.2066650390625,41.564937591552734,107.72704315185547,-110.90087127685547
0.109619140625,-0.554443359375,0.0048828125,21.179197311401367,154.78515625,-115.72264862060547
0.17431640625,-0.1591796875,-0.0419921875,28.442380905151367,199.34080505371094,-43.640132904052734
0.4632568359375,-0.5018310546875,0.1124267578125,24.536130905151367,201.35496520996094,6.958007335662842
0.595458984375,-1.8046875,0.430908203125,1.15966796875,230.10252380371094,20.874021530151367
0.27099609375,-1.8819580078125,0.404296875,0.7324218153953552,267.88330078125,-11.169432640075684
-0.02587890625,-1.7440185546875,0.47509765625,6.835937023162842,274.59716796875,-9.1552734375
-0.05810546875,-1.391357421875,0.4139404296875,11.291502952575684,243.65232849121094,33.50830078125
0.058837890625,-0.8985595703125,0.180908203125,24.719236373901367,201.23289489746094,68.84765625
0.106201171875,-0.48388671875,0.01123046875,40.161128997802734,132.6904296875,42.175289154052734
0.0836181640625,-0.272705078125,-0.079345703125,44.311519622802734,54.504390716552734,-7.263183116912842
0.058349609375,-0.1773681640625,-0.1932373046875,37.59765625,25.390623092651367,-17.333984375
-0.0042724609375,-0.2071533203125,-0.297119140625,27.221677780151367,38.6962890625,-24.291990280151367
-0.0155029296875,-0.92041015625,-0.12158203125,16.2353515625,48.522945404052734,-59.875484466552734
0.0546875,-2.0164794921875,0.1639404296875,2.563476324081421,55.541988372802734,-84.47264862060547
-0.0469970703125,-2.3353271484375,0.12841796875,-3.356933355331421,81.29882049560547,-59.692378997802734
-0.2587890625,-1.908447265625,0.0789794921875,-1.4038084745407104,77.0263671875,19.6533203125
-0.3975830078125,-1.450927734375,0.3681640625,-0.6713866591453552,5.187987804412842,78.91845703125
-0.43603515625,-1.00244140625,0.4656982421875,9.6435546875,-51.696773529052734,71.533203125
-0.3089599609375,-0.4896240234375,0.1590576171875,26.428220748901367,-52.001949310302734,25.817869186401367
0.0252685546875,0.0751953125,-0.2374267578125,23.315427780151367,-3.234863042831421,-58.105464935302734
0.015869140625,-0.0833740234375,0.0465087890625,19.34814453125,9.70458984375,-21.545408248901367
0.076171875,-0.8953857421875,0.5582275390625,3.540038824081421,14.892577171325684,33.0810546875
0.00390625,-1.765869140625,0.636962890625,-26.245115280151367,48.950191497802734,31.921384811401367
-0.2640380859375,-1.8673095703125,0.239990234375,-35.58349609375,102.35594940185547,-24.475095748901367
-0.34326171875,-1.632080078125,0.0592041015625,-11.291502952575684,130.4931640625,-61.645503997802734
-0.1680908203125,-1.3634033203125,0.1463623046875,3.906249761581421,96.13036346435547,-54.565425872802734
0.1119384765625,-1.00927734375,0.2142333984375,-4.7607421875,0.9765624403953552,-30.029294967651367
0.246826171875,-0.677978515625,0.279296875,-3.906249761581421,-75.50048828125,-17.4560546875
0.1175537109375,-0.3746337890625,0.20556640625,11.657713890075684,-54.321285247802734,-5.493163585662842
-0.0045166015625,-0.1290283203125,-0.0479736328125,21.240232467651367,13.000487327575684,24.963376998901367
0.073486328125,-0.11865234375,-0.2579345703125,20.935056686401367,25.573728561401367,45.104976654052734
0.1812744140625,-0.8026123046875,-0.29541015625,17.822265625,-5.554198741912842,36.0107421875
0.0560302734375,-2.0355224609375,-0.2337646484375,7.995604991912842,-19.53125,-30.639646530151367
-0.17578125,-2.482177734375,-0.0411376953125,-11.413573265075684,-8.6669921875,-98.32762908935547
-0.2093505859375,-1.9251708984375,0.3350830078125,-19.47021484375,-21.545408248901367,-58.349605560302734
-0.191650390625,-1.27001953125,0.49560546875,-1.6479490995407104,-84.16747283935547,55.480953216552734
-0.2598876953125,-0.75634765625,0.2122802734375,13.977049827575684,-136.8408203125,122.61962127685547
-0.22705078125,-0.322265625,-0.0528564453125,10.192870140075684,-130.615234375,70.6787109375
-0.0667724609375,0.01806640625,-0.0582275390625,6.103515148162842,-81.29882049560547,-21.850584030151367
0.0784912109375,0.1712646484375,0.026611328125,3.540038824081421,-9.521484375,-45.166011810302734
0.2833251953125,0.013427734375,0.1307373046875,-2.868652105331421,56.213375091552734,-15.441893577575684
0.81787109375,-1.0643310546875,0.42578125,-15.197752952575684,77.20947265625,-111.38915252685547
1.04296875,-2.237548828125,0.5155029296875,-50.354000091552734,92.04100799560547,-292.6025390625
0.807373046875,-2.13623046875,0.337646484375,-65.12451171875,82.27538299560547,-208.61814880371094
0.573486328125,-1.6204833984375,0.2518310546875,-47.851558685302734,46.936031341552734,-12.329100608825684
0.315185546875,-1.2183837890625,0.1634521484375,-48.889156341552734,64.63623046875,33.5693359375
0.2626953125,-0.65087890625,0.0850830078125,-36.376953125,60.974117279052734,53.833003997802734
0.326904296875,-0.21826171875,-0.0684814453125,-2.807616949081421,33.69140625,53.955074310302734
0.2294921875,-0.049560546875,-0.2076416015625,11.352538108825684,44.982906341552734,33.99658203125
0.02783203125,0.0240478515625,-0.2376708984375,8.36181640625,26.916501998901367,65.85693359375
0.0521240234375,-0.156494140625,-0.2633056640625,2.01416015625,-21.789548873901367,117.24852752685547
0.716552734375,-1.36279296875,-0.3433837890625,14.770506858825684,-17.63916015625,-10.437010765075684
1.1810302734375,-2.4093017578125,-0.25048828125,43.884273529052734,-27.832029342651367,-214.84373474121094
0.890625,-1.8740234375,0.1639404296875,59.570308685302734,-124.26757049560547,-103.39354705810547
0.474609375,-1.287353515625,0.4840087890625,50.231929779052734,-173.76707458496094,73.42529296875
0.169677734375,-1.181640625,0.382568359375,26.855466842651367,-100.28075408935547,56.945796966552734
-0.0401611328125,-0.7176513671875,0.09326171875,20.446775436401367,-38.4521484375,56.640621185302734
-0.1593017578125,-0.08203125,-0.078369140625,25.756834030151367,-43.151851654052734,83.12987518310547
-0.0960693359375,0.2767333984375,-0.05419921875,18.9208984375,-44.982906341552734,75.0732421875
0.1546630859375,0.2503662109375,0.18310546875,7.080077648162842,-36.2548828125,57.495113372802734
0.684326171875,-0.570068359375,0.5831298828125,-3.112792730331421,-0.7324218153953552,-24.963376998901367
1.1170654296875,-1.9267578125,0.549560546875,-47.607418060302734,104.24803924560547,-226.56248474121094
1.154541015625,-2.1865234375,0.153076171875,-87.15819549560547,159.72900390625,-234.13084411621094
0.763916015625,-1.635009765625,0.023681640625,-64.88037109375,72.32666015625,-17.822265625
0.2813720703125,-1.3858642578125,0.126708984375,-44.372554779052734,11.718749046325684,56.640621185302734
0.2337646484375,-0.945556640625,0.2349853515625,-35.58349609375,22.705076217651367,53.588863372802734
0.3699951171875,-0.349853515625,0.126708984375,-5.554198741912842,35.82763671875,78.43017578125
0.267333984375,-0.1236572265625,-0.151611328125,11.962889671325684,75.74462890625,41.259761810302734
0.049072265625,-0.09423828125,-0.3546142578125,6.530761241912842,84.10643768310547,18.4326171875
0.0872802734375,-0.1253662109375,-0.4307861328125,2.3193359375,21.911619186401367,82.21434783935547
0.7723388671875,-0.9315185546875,-0.340576171875,17.578125,-16.78466796875,25.024412155151367
1.388427734375,-2.1204833984375,-0.1973876953125,48.034664154052734,-35.64453125,-214.72166442871094
1.3365478515625,-2.0606689453125,0.108642578125,78.7353515625,-114.92919158935547,-206.84812927246094
0.49951171875,-1.3487548828125,0.5472412109375,110.96190643310547,-211.42576599121094,69.88525390625
-0.2412109375,-1.0262451171875,0.56982421875,129.33349609375,-260.1318359375,190.24656677246094
-0.03662109375,-0.7635498046875,0.4110107421875,113.52538299560547,-229.00389099121094,134.21630859375
0.255615234375,-0.34521484375,0.270263671875,81.23778533935547,-89.11132049560547,97.90038299560547
0.3306884765625,0.21923828125,0.0107421875,52.429195404052734,86.24266815185547,116.39403533935547
0.234375,0.4176025390625,-0.16650390625,13.244627952575684,179.07713317871094,103.33251190185547
0.1805419921875,-0.5367431640625,0.0673828125,-42.358394622802734,156.43310546875,66.89453125
0.1702880859375,-1.9471435546875,0.483642578125,-87.21923065185547,66.34521484375,17.15087890625
0.02197265625,-2.2635498046875,0.6259765625,-81.42089080810547,26.367185592651367,-65.7958984375
-0.1136474609375,-1.6221923828125,0.5145263671875,-39.61181640625,64.88037109375,-102.17284393310547
0.005615234375,-1.125244140625,0.2247314453125,-11.962889671325684,90.51512908935547,-58.227535247802734
0.238525390625,-1.0050048828125,-0.0174560546875,-5.371093273162842,61.950679779052734,-3.601073980331421
0.308349609375,-0.7686767578125,0.075439453125,-8.36181640625,9.58251953125,9.033203125
0.2852783203125,-0.5390625,0.2982177734375,-8.11767578125,-25.451658248901367,-22.155759811401367
0.138671875,-0.3792724609375,0.216796875,-2.38037109375,-36.56005859375,-20.385740280151367
-0.0528564453125,-0.1597900390625,-0.075927734375,4.45556640625,-44.189449310302734,64.3310546875
0.076171875,-0.55322265625,-0.072509765625,21.301267623901367,-49.072261810302734,162.41453552246094
0.096923828125,-1.69921875,0.0614013671875,22.583005905151367,3.173827886581421,155.76171875
-0.26953125,-2.2926025390625,0.044677734375,-6.103515148162842,114.44091033935547,36.1328125
-0.4244384765625,-1.818359375,0.212158203125,-15.380858421325684,157.958984375,-22.338865280151367
-0.298095703125,-1.1510009765625,0.4521484375,2.01416015625,83.00780487060547,18.5546875
-0.1632080078125,-0.80810546875,0.31591796875,9.27734375,-5.798339366912842,41.076656341552734
-0.114501953125,-0.7171630859375,0.059326171875,8.60595703125,-23.254392623901367,15.563963890075684
-0.1517333984375,-0.5426025390625,0.0177001953125,11.352538108825684,12.023924827575684,-6.469726085662842
-0.1129150390625,-0.212646484375,-0.0118408203125,13.183592796325684,43.395992279052734,8.23974609375
0.0709228515625,-0.0863037109375,-0.0126953125,13.732909202575684,45.349117279052734,13.549803733825684
0.2862548828125,-0.6746826171875,0.2088623046875,5.981444835662842,42.602535247802734,1.5258787870407104
0.2340087890625,-1.6695556640625,0.55126953125,-7.202147960662842,72.93701171875,-23.681638717651367
-0.28955078125,-1.615234375,0.3765869140625,9.3994140625,179.80955505371094,-96.43553924560547
-0.0721435546875,-1.360107421875,0.1134033203125,5.920409679412842,145.5078125,-59.204097747802734
0.1531982421875,-1.2027587890625,0.01806640625,-12.573241233825684,67.626953125,-7.995604991912842
0.0155029296875,-0.5106201171875,0.3656005859375,3.295898199081421,25.573728561401367,-26.855466842651367
0.0028076171875,-0.2086181640625,0.2379150390625,13.854979515075684,27.221677780151367,-43.151851654052734
0.0499267578125,-0.0880126953125,-0.109619140625,8.72802734375,26.733396530151367,-35.400390625
0.1966552734375,-0.494873046875,-0.2545166015625,-0.1831054538488388,23.559568405151367,29.113767623901367
0.20556640625,-1.6180419921875,-0.0260009765625,5.0048828125,30.639646530151367,86.30370330810547
0.0076904296875,-2.3140869140625,0.0848388671875,14.099120140075684,86.73094940185547,-6.164550304412842
-0.0897216796875,-2.017822265625,0.090087890625,15.197752952575684,138.7939453125,-113.83055877685547
-0.0943603515625,-1.44140625,0.3251953125,16.11328125,92.83446502685547,-42.480464935302734
-0.0810546875,-0.9013671875,0.3651123046875,13.000487327575684,-33.0810546875,96.80175018310547
-0.0374755859375,-0.49658203125,0.1600341796875,7.141112804412842,-112.67089080810547,127.99071502685547
-0.047607421875,-0.249267578125,0.0177001953125,11.840819358825684,-48.889156341552734,49.499507904052734
-0.070556640625,-0.10400390625,-0.068359375,20.507810592651367,61.584468841552734,-23.132322311401367
0.06005859375,-0.15478515625,-0.074462890625,15.258788108825684,84.65575408935547,-24.169919967651367
0.32373046875,-0.7752685546875,0.2991943359375,-4.08935546875,28.198240280151367,23.559568405151367
0.29443359375,-1.709228515625,0.8050537109375,-25.573728561401367,3.906249761581421,22.216794967651367
-0.0806884765625,-2.13232421875,0.7530517578125,-26.916501998901367,85.87645721435547,-55.480953216552734
-0.19775390625,-1.9556884765625,0.4072265625,-5.249022960662842,184.99754333496094,-98.20555877685547
0.0948486328125,-1.522705078125,0.1954345703125,5.615233898162842,188.29344177246094,-63.354488372802734
0.322998046875,-1.016845703125,0.0806884765625,-5.554198741912842,127.38036346435547,-6.958007335662842
0.2550048828125,-0.56396484375,0.113037109375,-10.314940452575684,68.29833984375,28.808591842651367
0.1015625,-0.1842041015625,0.116455078125,2.868652105331421,42.480464935302734,31.188962936401367
0.067626953125,0.07421875,-0.0872802734375,16.4794921875,37.78076171875,18.61572265625
0.1417236328125,-0.0299072265625,-0.2083740234375,18.5546875,28.076169967651367,34.912109375
0.2362060546875,-1.100341796875,0.0751953125,14.221190452575684,31.616209030151367,67.56591796875
0.0787353515625,-2.352783203125,0.291748046875,11.779784202575684,78.369140625,0.9765624403953552
-0.1986083984375,-2.366943359375,0.1663818359375,7.629394054412842,136.04736328125,-84.89989471435547
-0.21435546875,-1.561767578125,0.2156982421875,4.94384765625,141.54052734375,-44.982906341552734
-0.0401611328125,-0.95849609375,0.3782958984375,20.385740280151367,96.13036346435547,19.287109375
0.0880126953125,-0.7344970703125,0.3111572265625,45.837398529052734,51.269527435302734,19.34814453125
0.0213623046875,-0.5433349609375,0.1109619140625,47.485347747802734,49.926753997802734,-4.08935546875
-0.0543212890625,-0.295654296875,-0.009033203125,22.521970748901367,89.90477752685547,-1.7700194120407104
-0.006591796875,-0.106689453125,-0.0107421875,3.662109136581421,132.4462890625,21.911619186401367
0.200439453125,-0.1959228515625,0.120361328125,1.8920897245407104,147.39990234375,48.889156341552734
0.5238037109375,-1.053955078125,0.4814453125,3.906249761581421,143.1884765625,57.250972747802734
0.6285400390625,-2.046630859375,0.608154296875,0.1831054538488388,167.23631286621094,-7.446288585662842
0.3106689453125,-2.1038818359375,0.3580322265625,-3.173827886581421,221.67967224121094,-86.24266815185547
0.032470703125,-1.7740478515625,0.3560791015625,-0.30517578125,239.13572692871094,-91.24755096435547
0.113037109375,-1.5028076171875,0.509765625,-1.4038084745407104,197.20457458496094,-67.0166015625
0.3055419921875,-1.126220703125,0.42724609375,-2.929687261581421,151.79443359375,-27.832029342651367
0.427734375,-0.7720947265625,0.2109375,6.652831554412842,143.98193359375,14.526366233825684
0.0833740234375,-0.1158447265625,-0.1043701171875,20.812986373901367,166.87010192871094,-18.310546875
0.1036376953125,-0.030029296875,-0.18701171875,12.268065452575684,162.96385192871094,-20.263669967651367
0.2518310546875,-0.40673828125,-0.0657958984375,-6.652831554412842,139.6484375,22.033689498901367
0.3349609375,-1.3067626953125,0.2879638671875,-23.010251998901367,136.41357421875,51.208492279052734
0.2783203125,-1.9508056640625,0.3260498046875,-16.6015625,173.58396911621094,14.038084983825684
0.1419677734375,-1.9332275390625,0.0357666015625,-4.0283203125,196.41111755371094,-28.015134811401367
0.0294189453125,-1.75,-0.0198974609375,-8.11767578125,166.93113708496094,-23.742673873901367
-0.0849609375,-1.56591796875,0.139892578125,-12.268065452575684,116.51610565185547,-0.4882812201976776
-0.108642578125,-1.255859375,0.244873046875,0.0610351525247097,69.580078125,29.663084030151367
-0.0728759765625,-0.7252197265625,0.2164306640625,17.9443359375,26.123044967651367,44.677730560302734
-0.0443115234375,-0.1953125,0.0689697265625,25.878904342651367,8.97216796875,32.40966796875
-0.0037841796875,0.0592041015625,-0.0428466796875,28.259275436401367,30.639646530151367,6.469726085662842
0.0882568359375,-0.068115234375,0.0621337890625,32.16552734375,58.471675872802734,-8.6669921875
0.232666015625,-0.76611328125,0.37109375,27.221677780151367,69.03076171875,-9.1552734375
0.3309326171875,-1.6796875,0.5694580078125,7.507323741912842,79.2236328125,-35.0341796875
0.2757568359375,-1.867431640625,0.341796875,-6.896972179412842,115.78368377685547,-72.509765625
0.2108154296875,-1.5130615234375,0.0162353515625,-6.835937023162842,167.48045349121094,-75.13427734375
0.25146484375,-1.21923828125,-0.0052490234375,-17.822265625,145.5078125,-30.273435592651367
0.22998046875,-0.9366455078125,0.1834716796875,-19.04296875,54.565425872802734,32.16552734375
0.162841796875,-0.7384033203125,0.146728515625,0.4272460639476776,-12.451170921325684,46.447750091552734
0.025146484375,-0.6282958984375,0.06201171875,30.700681686401367,-56.518550872802734,21.789548873901367
0.0084228515625,-0.3905029296875,-0.05322265625,47.851558685302734,-57.006832122802734,24.291990280151367
0.1041259765625,-0.1876220703125,-0.11767578125,52.429195404052734,-29.785154342651367,43.945308685302734
-0.0325927734375,-1.6322021484375,-0.1593017578125,28.442380905151367,19.83642578125,45.593257904052734
-0.1546630859375,-2.062744140625,-0.1226806640625,20.874021530151367,72.20458984375,-51.635738372802734
-0.0821533203125,-1.7630615234375,-0.0750732421875,21.362302780151367,107.36083221435547,-106.99462127685547
-0.0048828125,-1.3873291015625,0.0523681640625,18.85986328125,1.4648436307907104,-45.532222747802734
-0.1002197265625,-1.1004638671875,0.275390625,17.333984375,-178.89402770996094,52.490230560302734
-0.19921875,-0.796875,0.3487548828125,18.12744140625,-219.54344177246094,94.11620330810547
-0.180419921875,-0.5003662109375,0.182861328125,16.9677734375,-105.71288299560547,66.58935546875
-0.1163330078125,-0.270263671875,-0.0989990234375,15.075682640075684,6.103515148162842,15.808104515075684
-0.0048828125,-0.12353515625,-0.2703857421875,16.78466796875,7.507323741912842,-4.150390625
0.19873046875,-0.54345703125,-0.0875244140625,16.17431640625,-77.880859375,15.686034202575684
0.259521484375,-1.546142578125,0.336181640625,-3.967284917831421,-130.06591796875,14.343260765075684
-0.0941162109375,-2.028076171875,0.53173828125,-27.526853561401367,-68.115234375,-23.559568405151367
-0.3992919921875,-1.750732421875,0.3466796875,-22.521970748901367,26.184080123901367,-31.372068405151367
-0.23193359375,-1.3524169921875,0.0517578125,-4.69970703125,27.954099655151367,10.375975608825684
0.0159912109375,-0.9666748046875,-0.034912109375,-1.3427733182907104,-37.41455078125,54.199214935302734
0.0450439453125,-0.684814453125,0.131103515625,-6.835937023162842,-71.71630859375,48.461910247802734
-0.0152587890625,-0.517822265625,0.211669921875,-1.4038084745407104,-71.10595703125,6.774901866912842
-0.015625,-0.299560546875,0.0174560546875,18.00537109375,-86.54784393310547,-10.437010765075684
0.09033203125,-0.121826171875,-0.24951171875,31.555173873901367,-114.56298065185547,9.21630859375
0.2354736328125,-0.4886474609375,-0.363037109375,21.240232467651367,-121.52098846435547,42.297359466552734
0.19091796875,-1.7301025390625,-0.2611083984375,6.225585460662842,-90.27098846435547,-15.319823265075684
0.020751953125,-2.6060791015625,-0.1112060546875,8.056640625,-43.090816497802734,-121.76512908935547
-0.02099609375,-2.279541015625,0.0360107421875,13.427733421325684,-49.377437591552734,-88.80614471435547
-0.0274658203125,-1.4539794921875,0.2047119140625,12.207030296325684,-129.69970703125,38.818359375
-0.114013671875,-0.7359619140625,0.279296875,12.329100608825684,-193.05418395996094,97.65624237060547
-0.196533203125,-0.3128662109375,0.21923828125,21.179197311401367,-188.96482849121094,46.997066497802734
-0.1124267578125,-0.0166015625,0.05126953125,35.64453125,-152.77099609375,-7.995604991912842
0.144775390625,0.193603515625,-0.0997314453125,41.564937591552734,-113.64745330810547,14.770506858825684
0.3370361328125,-0.0980224609375,0.0128173828125,19.53125,-76.904296875,65.61279296875
0.332763671875,-1.14990234375,0.378173828125,-21.606443405151367,-37.9638671875,45.349117279052734
0.1104736328125,-2.06005859375,0.5457763671875,-40.893550872802734,-3.417968511581421,-49.499507904052734
-0.110107421875,-2.1656494140625,0.4404296875,-24.841306686401367,11.718749046325684,-94.05516815185547
-0.061767578125,-1.8731689453125,0.26953125,-11.108397483825684,19.95849609375,-51.574703216552734
0.0479736328125,-1.4344482421875,0.15234375,-18.73779296875,27.038572311401367,1.8310545682907104
0.077392578125,-0.8963623046875,0.174072265625,-22.766111373901367,19.71435546875,42.541500091552734
0.1102294921875,-0.3504638671875,0.151123046875,-8.7890625,-2.746581792831421,66.89453125
0.119873046875,0.0396728515625,-0.0706787109375,10.375975608825684,-31.677244186401367,56.579586029052734
0.1318359375,0.0908203125,-0.3221435546875,18.12744140625,-54.443355560302734,27.526853561401367
0.1427001953125,-0.3116455078125,-0.3765869140625,6.530761241912842,-60.668941497802734,36.19384765625
0.14892578125,-1.5933837890625,-0.214111328125,-7.446288585662842,-49.011226654052734,52.062984466552734
-0.0086669921875,-2.7491455078125,0.02783203125,1.9531248807907104,-34.48486328125,-15.380858421325684
-0.1802978515625,-2.4869384765625,0.266845703125,19.22607421875,-47.546382904052734,-45.043941497802734
-0.0093994140625,-0.67431640625,0.3741455078125,6.958007335662842,-164.24559020996094,115.29540252685547
-0.0467529296875,-0.189453125,0.2301025390625,1.2817381620407104,-155.029296875,47.607418060302734
-0.1397705078125,0.1563720703125,0.0457763671875,14.831542015075684,-80.26123046875,-16.90673828125
0.02978515625,0.286865234375,-0.06982421875,19.775390625,-7.629394054412842,-5.126952648162842
0.2762451171875,0.0074462890625,0.008056640625,-6.835937023162842,36.7431640625,19.53125
0.374267578125,-1.191650390625,0.3385009765625,-52.185054779052734,75.3173828125,-4.21142578125
0.14599609375,-2.357666015625,0.6651611328125,-72.44873046875,100.83007049560547,-65.49072265625
-0.089599609375,-2.3790283203125,0.623779296875,-43.945308685302734,93.07860565185547,-84.77782440185547
0.060546875,-1.8602294921875,0.30419921875,-2.746581792831421,76.35498046875,-36.4990234375
0.2412109375,-1.232666015625,0.047607421875,14.892577171325684,64.8193359375,17.02880859375
0.197998046875,-0.581298828125,-0.0640869140625,14.465331077575684,51.269527435302734,43.518062591552734
0.0738525390625,0.0032958984375,-0.214599609375,13.183592796325684,34.36279296875,43.884273529052734
0.0528564453125,0.3245849609375,-0.372802734375,13.427733421325684,10.864256858825684,35.82763671875
0.1478271484375,0.1119384765625,-0.3653564453125,5.737304210662842,-14.282225608825684,57.617183685302734
0.287109375,-1.1138916015625,-0.0760498046875,-2.624511480331421,-46.142574310302734,90.69823455810547
0.0614013671875,-2.450927734375,0.0697021484375,3.845214605331421,-57.373043060302734,9.21630859375
-0.2432861328125,-2.5693359375,0.0518798828125,10.559081077575684,-38.818359375,-91.06444549560547
-0.1630859375,-1.78076171875,0.25439453125,6.652831554412842,-40.710445404052734,-42.724605560302734
-0.0543212890625,-0.9249267578125,0.4287109375,9.3994140625,-67.87109375,38.2080078125
-0.0738525390625,-0.4189453125,0.377685546875,21.423337936401367,-87.03612518310547,39.97802734375
-0.124755859375,-0.091796875,0.1490478515625,31.982419967651367,-78.06396484375,4.69970703125
-0.020263671875,0.1165771484375,-0.060302734375,36.0107421875,-39.12353515625,0.6713866591453552
0.1275634765625,0.042236328125,-0.07958984375,25.451658248901367,17.2119140625,21.545408248901367
0.295166015625,-0.7943115234375,0.187255859375,-5.859374523162842,66.10107421875,41.259761810302734
0.3497314453125,-1.954833984375,0.488525390625,-44.860836029052734,88.50096893310547,5.187987804412842
0.0794677734375,-2.317626953125,0.5318603515625,-54.077144622802734,88.56200408935547,-68.66455078125
-0.1708984375,-1.880859375,0.37744140625,-23.742673873901367,85.08300018310547,-70.25146484375
-0.0450439453125,-1.2928466796875,0.1591796875,5.981444835662842,77.57568359375,-19.1650390625
0.2210693359375,-0.8616943359375,-0.0166015625,13.488768577575684,61.584468841552734,2.3193359375
0.175048828125,-0.4744873046875,-0.07763671875,10.437010765075684,46.874996185302734,-8.544921875
-0.006103515625,-0.103271484375,-0.0823974609375,8.1787109375,32.16552734375,-19.59228515625
0.021240234375,0.0711669921875,-0.1641845703125,11.718749046325684,8.85009765625,-9.46044921875
0.1622314453125,-0.1566162109375,-0.2574462890625,15.624999046325684,-17.39501953125,28.930662155151367
0.2203369140625,-1.3392333984375,-0.15283203125,9.58251953125,-28.747556686401367,43.273921966552734
0.0162353515625,-2.4891357421875,0.0501708984375,-1.4648436307907104,-35.15625,-24.169919967651367
-0.14990234375,-2.308837890625,0.161376953125,4.638671875,-53.405757904052734,-64.88037109375
-0.0595703125,-1.4609375,0.202880859375,27.465818405151367,-81.11571502685547,-1.3427733182907104
0.0399169921875,-0.7628173828125,0.224853515625,44.860836029052734,-109.74120330810547,55.908199310302734
0.009033203125,-0.4490966796875,0.259765625,42.846675872802734,-118.34716033935547,32.71484375
-0.106689453125,-0.3431396484375,0.1622314453125,32.28759765625,-91.73583221435547,-18.73779296875
0.0714111328125,-0.317138671875,-0.2301025390625,25.085447311401367,-27.221677780151367,3.967284917831421
0.3736572265625,-1.0367431640625,-0.0933837890625,0.6713866591453552,-23.315427780151367,37.9638671875
0.4300537109375,-1.9541015625,0.28125,-38.39111328125,-28.686521530151367,9.6435546875
0.057861328125,-1.9669189453125,0.411865234375,-39.306640625,-44.189449310302734,-41.870113372802734
-0.0750732421875,-1.478271484375,0.126220703125,0.30517578125,-72.44873046875,-34.97314453125
0.1531982421875,-1.116943359375,-0.1051025390625,24.047849655151367,-101.92870330810547,-14.160155296325684
0.27294921875,-0.8800048828125,0.033447265625,16.05224609375,-112.24364471435547,-30.395505905151367
0.2452392578125,-0.6583251953125,0.3599853515625,6.774901866912842,-112.73192596435547,-50.415035247802734
0.1611328125,-0.4251708984375,0.45068359375,11.901854515075684,-123.59618377685547,-40.222164154052734
0.0467529296875,-0.26318359375,0.2122802734375,24.353025436401367,-127.07518768310547,2.01416015625
0.08544921875,-0.348876953125,-0.08154296875,34.48486328125,-98.99901580810547,66.650390625
0.2926025390625,-1.1568603515625,-0.11181640625,31.982419967651367,-55.725093841552734,109.92430877685547
0.18896484375,-1.99609375,0.0845947265625,8.72802734375,-33.63037109375,74.89013671875
-0.0626220703125,-1.9974365234375,0.1810302734375,-16.845703125,-33.38623046875,17.333984375
-0.0721435546875,-1.5980224609375,0.22998046875,-26.245115280151367,-32.71484375,21.423337936401367
-0.122314453125,-0.8846435546875,0.41015625,-16.2353515625,-15.930174827575684,51.574703216552734
-0.1680908203125,-0.6993408203125,0.2806396484375,-1.6479490995407104,-6.408690929412842,27.893064498901367
-0.18017578125,-0.5025634765625,0.1259765625,7.080077648162842,12.207030296325684,22.888181686401367
-0.069580078125,-0.2640380859375,0.0460205078125,11.657713890075684,32.77587890625,42.297359466552734
0.2198486328125,-0.1749267578125,0.0155029296875,17.51708984375,45.227046966552734,64.51416015625
0.5516357421875,-0.6248779296875,0.1077880859375,9.27734375,59.082027435302734,70.3125
0.60986328125,-1.3974609375,0.269287109375,-23.864744186401367,86.54784393310547,28.869626998901367
0.294921875,-1.742919921875,0.4029541015625,-47.973628997802734,121.45995330810547,-35.0341796875
0.0252685546875,-1.6370849609375,0.48486328125,-38.75732421875,143.4326171875,-52.185054779052734
0.0975341796875,-1.393798828125,0.4512939453125,-15.441893577575684,131.16455078125,-37.841796875
0.295166015625,-1.0921630859375,0.3514404296875,2.44140625,109.00878143310547,-21.545408248901367
0.427734375,-0.8720703125,0.2884521484375,7.934569835662842,110.16844940185547,-2.44140625
0.346923828125,-0.7325439453125,0.24267578125,4.5166015625,121.64305877685547,-2.25830078125
0.1192626953125,-0.5262451171875,0.139892578125,1.2817381620407104,135.7421875,-15.624999046325684
0.0770263671875,-0.2789306640625,-0.0040283203125,4.150390625,145.56884765625,-10.070799827575684
0.2470703125,-0.258544921875,-0.158935546875,6.896972179412842,145.81298828125,19.47021484375
0.445556640625,-0.99853515625,-0.0946044921875,-3.540038824081421,156.6162109375,40.832515716552734
0.42822265625,-2.0150146484375,0.1256103515625,-14.465331077575684,187.74412536621094,11.108397483825684
0.190673828125,-2.2281494140625,0.1295166015625,-15.380858421325684,202.02635192871094,-39.73388671875
0.0198974609375,-1.7489013671875,0.1292724609375,-15.869139671325684,176.51365661621094,-39.85595703125
-0.0272216796875,-1.158447265625,0.3167724609375,-8.11767578125,128.41796875,-8.1787109375
0.0623779296875,-0.76123046875,0.3497314453125,18.4326171875,74.27978515625,6.469726085662842
0.156005859375,-0.565185546875,0.1749267578125,38.6962890625,39.794921875,-1.7700194120407104
0.0880126953125,-0.4423828125,0.0482177734375,26.550291061401367,51.696773529052734,-15.502928733825684
-0.0081787109375,-0.36328125,0.019775390625,2.3193359375,96.80175018310547,-12.512206077575684
0.0560302734375,-0.413330078125,0.0504150390625,-4.82177734375,130.31005859375,8.6669921875
0.2943115234375,-0.72021484375,0.2249755859375,0.7934569716453552,135.498046875,31.127927780151367
0.5955810546875,-1.262451171875,0.446044921875,3.601073980331421,130.9814453125,28.015134811401367
0.681640625,-1.66845703125,0.46923828125,-3.662109136581421,136.474609375,-7.263183116912842
0.4661865234375,-1.7806396484375,0.38037109375,-18.06640625,159.1796875,-38.818359375
0.2421875,-1.6495361328125,0.3209228515625,-27.038572311401367,181.27439880371094,-43.640132904052734
0.234375,-1.245849609375,0.2535400390625,-24.658201217651367,185.91307067871094,-21.972654342651367
0.3961181640625,-0.805908203125,0.150634765625,-15.075682640075684,174.92674255371094,8.7890625
0.4095458984375,-0.49267578125,0.0560302734375,-5.187987804412842,149.23095703125,11.840819358825684
0.1392822265625,-0.273193359375,-0.0211181640625,-0.4272460639476776,123.41307830810547,-13.610838890075684
-0.0654296875,-0.1920166015625,-0.0863037109375,-3.051757574081421,113.58641815185547,-23.742673873901367
0.089111328125,-0.329833984375,-0.11083984375,-10.986327171325684,114.19676971435547,7.324218273162842
0.4730224609375,-0.9490966796875,-0.0595703125,-20.812986373901367,120.54442596435547,50.231929779052734
0.1590576171875,-2.0479736328125,0.0087890625,-20.141599655151367,153.38134765625,-5.310058116912842
-0.0721435546875,-1.983154296875,0.020751953125,-16.66259765625,127.44139862060547,-30.700681686401367
0.0303955078125,-1.2208251953125,0.2957763671875,2.01416015625,56.579586029052734,14.221190452575684
0.0810546875,-0.7449951171875,0.244873046875,22.277830123901367,34.48486328125,32.89794921875
-0.0089111328125,-0.409912109375,0.153564453125,29.663084030151367,40.405269622802734,20.202634811401367
-0.066650390625,-0.2352294921875,0.076904296875,27.465818405151367,74.76806640625,6.469726085662842
0.04931640625,-0.150634765625,0.0489501953125,29.907224655151367,106.50634002685547,23.986814498901367
0.270263671875,-0.3109130859375,0.1551513671875,29.174802780151367,124.87792205810547,65.673828125
0.5130615234375,-1.0794677734375,0.29541015625,12.878417015075684,144.1650390625,82.51952362060547
0.5008544921875,-1.8729248046875,0.2669677734375,-8.48388671875,168.88426208496094,18.61572265625
0.1376953125,-1.9246826171875,0.1220703125,-10.498045921325684,187.49998474121094,-59.936519622802734
-0.1312255859375,-1.5921630859375,0.114990234375,4.33349609375,189.69725036621094,-64.453125
0.2056884765625,-0.9544677734375,0.114990234375,8.30078125,115.72264862060547,7.629394054412842
0.2547607421875,-0.67919921875,-0.0465087890625,9.521484375,69.76318359375,15.136717796325684
0.0491943359375,-0.4139404296875,-0.1580810546875,19.22607421875,42.236324310302734,-8.48388671875
-0.0606689453125,-0.2484130859375,-0.249755859375,33.203125,28.015134811401367,-25.390623092651367
0.0321044921875,-0.31591796875,-0.339599609375,36.9873046875,9.033203125,-2.990722417831421
0.18017578125,-0.9775390625,-0.343505859375,26.916501998901367,-18.310546875,28.076169967651367
0.0875244140625,-1.840087890625,-0.201416015625,15.869139671325684,-46.020503997802734,12.207030296325684
-0.134521484375,-2.0419921875,-0.1104736328125,18.61572265625,-74.27978515625,-18.61572265625
-0.130126953125,-1.64990234375,-0.09033203125,29.846189498901367,-102.78319549560547,-2.563476324081421
-0.0672607421875,-0.7386474609375,0.150390625,33.3251953125,-143.6767578125,40.710445404052734
-0.1197509765625,-0.5242919921875,0.1988525390625,29.724119186401367,-163.63523864746094,7.690429210662842
-0.078369140625,-0.3858642578125,0.1373291015625,34.912109375,-167.23631286621094,-25.207517623901367
-0.0089111328125,-0.2454833984375,0.01611328125,48.217769622802734,-143.06640625,-27.343748092651367
0.106689453125,-0.2578125,-0.088623046875,55.114742279052734,-98.99901580810547,3.540038824081421
0.3408203125,-1.02197265625,0.02685546875,31.860349655151367,-55.847164154052734,34.3017578125
0.2618408203125,-1.96484375,0.3924560546875,-16.11328125,-35.58349609375,4.08935546875
-0.125,-2.0325927734375,0.586181640625,-30.212400436401367,-30.578611373901367,-38.330078125
-0.1817626953125,-1.5682373046875,0.381591796875,-0.6103515625,-39.61181640625,-11.779784202575684
0.046142578125,-1.103515625,0.0782470703125,18.24951171875,-67.32177734375,30.273435592651367
0.1214599609375,-0.8277587890625,0.019287109375,5.859374523162842,-74.15771484375,29.174802780151367
0.07763671875,-0.7520751953125,0.30615234375,-19.1650390625,-56.884761810302734,4.57763671875
0.06640625,-0.694091796875,0.49462890625,-26.184080123901367,-51.513668060302734,-9.1552734375
0.0419921875,-0.5556640625,0.2994384765625,-5.371093273162842,-53.588863372802734,-0.8544921278953552
0.03173828125,-0.428466796875,-0.031982421875,22.155759811401367,-40.710445404052734,19.775390625
0.072998046875,-0.53515625,-0.282470703125,35.400390625,-20.568845748901367,44.860836029052734
0.130126953125,-1.3443603515625,-0.29931640625,17.15087890625,-13.183592796325684,48.217769622802734
0.025390625,-2.1351318359375,-0.0845947265625,-19.83642578125,-19.10400390625,4.0283203125
-0.0792236328125,-2.004638671875,0.1827392578125,-34.66796875,-34.36279296875,-18.98193359375
-0.047607421875,-1.3988037109375,0.3221435546875,-18.310546875,-70.00732421875,16.6015625
-0.074951171875,-0.9140625,0.3345947265625,12.207030296325684,-116.39403533935547,49.804683685302734
-0.160400390625,-0.6888427734375,0.3079833984375,33.203125,-132.62939453125,48.645015716552734
-0.2054443359375,-0.49609375,0.2255859375,31.738279342651367,-101.62352752685547,32.77587890625
-0.0936279296875,-0.234130859375,0.1181640625,23.986814498901367,-44.189449310302734,32.04345703125
0.0887451171875,-0.0499267578125,0.0516357421875,20.01953125,15.014647483825684,44.738765716552734
0.311767578125,-0.4068603515625,0.1502685546875,9.46044921875,60.668941497802734,50.292964935302734
0.4566650390625,-1.4052734375,0.4969482421875,-17.39501953125,81.78710174560547,13.244627952575684
0.21533203125,-2.0916748046875,0.74462890625,-43.640132904052734,88.80614471435547,-59.448238372802734
-0.06689453125,-1.8828125,0.686279296875,-38.9404296875,105.65184783935547,-75.25634765625
0.11083984375,-1.343994140625,0.4012451171875,-11.901854515075684,124.08446502685547,-16.6015625
0.345947265625,-0.9483642578125,0.060302734375,-4.33349609375,128.35693359375,37.9638671875
0.208251953125,-0.7081298828125,0.038818359375,-22.033689498901367,126.40380096435547,51.635738372802734
0.0526123046875,-0.544189453125,0.2432861328125,-29.296873092651367,118.59130096435547,28.991697311401367
0.0458984375,-0.39013671875,0.24267578125,-11.474608421325684,99.73143768310547,-4.21142578125
0.0540771484375,-0.205322265625,-0.005615234375,6.896972179412842,80.078125,-13.610838890075684
0.1727294921875,-0.1380615234375,-0.23193359375,4.5166015625,81.66503143310547,22.338865280151367
0.3138427734375,-0.7559814453125,-0.1212158203125,-14.953612327575684,101.31835174560547,85.93749237060547
0.0211181640625,-2.359619140625,0.297119140625,-10.253905296325684,137.87841796875,-37.59765625
-0.0621337890625,-2.1875,0.26318359375,7.019042491912842,145.56884765625,-103.08837127685547
-0.0184326171875,-1.594970703125,0.4183349609375,8.9111328125,154.052734375,-68.90869140625
0.09228515625,-0.9478759765625,0.4559326171875,13.977049827575684,154.4189453125,-6.103515148162842
0.1717529296875,-0.469970703125,0.0185546875,32.16552734375,91.55272674560547,5.371093273162842
0.0482177734375,-0.385498046875,-0.088134765625,22.521970748901367,107.84911346435547,-13.061522483825684
0.0224609375,-0.4010009765625,-0.0263671875,14.709471702575684,147.64404296875,-8.4228515625
0.07275390625,-0.595458984375,0.096435546875,18.6767578125,159.66796875,10.620116233825684
0.2059326171875,-1.14794921875,0.399169921875,26.062009811401367,139.0380859375,14.953612327575684
0.3118896484375,-1.6527099609375,0.7281494140625,24.536130905151367,118.40819549560547,-7.690429210662842
0.2530517578125,-1.6253662109375,0.6077880859375,20.935056686401367,129.08935546875,-32.28759765625
0.2252197265625,-1.4305419921875,0.203369140625,25.024412155151367,174.86570739746094,-40.283199310302734
0.2529296875,-1.259765625,0.0372314453125,22.155759811401367,215.69822692871094,-38.02490234375
0.2313232421875,-0.9913330078125,0.1768798828125,3.295898199081421,206.97019958496094,-32.16552734375
0.1865234375,-0.7237548828125,0.37646484375,-8.30078125,158.63037109375,-24.719236373901367
0.1673583984375,-0.5972900390625,0.374267578125,3.784179449081421,116.02782440185547,-19.59228515625
0.174560546875,-0.491455078125,0.1036376953125,20.812986373901367,107.42186737060547,-18.37158203125
0.2000732421875,-0.32763671875,-0.189453125,18.37158203125,121.76512908935547,-15.258788108825684
0.2218017578125,-0.4970703125,-0.215087890625,-2.807616949081421,131.53076171875,-1.8310545682907104
0.2845458984375,-1.3404541015625,0.15576171875,-20.01953125,133.056640625,9.33837890625
0.2476806640625,-1.9642333984375,0.46435546875,-11.535643577575684,133.48388671875,-16.11328125
0.13671875,-1.802978515625,0.3602294921875,5.493163585662842,126.52587127685547,-40.527339935302734
0.0821533203125,-1.4190673828125,0.201904296875,6.774901866912842,108.76464080810547,-24.169919967651367
-0.035888671875,-1.0595703125,0.2501220703125,1.220703125,91.61376190185547,4.7607421875
-0.048095703125,-0.7919921875,0.3033447265625,5.249022960662842,67.93212890625,23.803709030151367
0.028076171875,-0.578369140625,0.1676025390625,14.831542015075684,25.634763717651367,18.85986328125
-0.01611328125,-0.3671875,-0.04052734375,16.4794921875,12.084959983825684,6.530761241912842
-0.1015625,-0.278076171875,-0.1014404296875,12.634276390075684,51.879878997802734,6.652831554412842
0.0120849609375,-0.4649658203125,0.066650390625,5.798339366912842,92.28514862060547,17.02880859375
0.2808837890625,-1.074951171875,0.5433349609375,-6.225585460662842,93.87206268310547,25.939939498901367
0.3529052734375,-1.63916015625,0.916259765625,-14.831542015075684,77.63671875,-6.469726085662842
0.202392578125,-1.6923828125,0.74560546875,-12.329100608825684,96.98485565185547,-62.499996185302734
0.150634765625,-1.5587158203125,0.418701171875,-12.207030296325684,144.59228515625,-84.59471893310547
0.2437744140625,-1.072509765625,0.2249755859375,-38.14697265625,163.94041442871094,-55.725093841552734
0.1429443359375,-0.422119140625,0.117919921875,-8.7890625,67.68798828125,1.4038084745407104
0.0682373046875,-0.187744140625,-0.091552734375,13.183592796325684,14.160155296325684,11.596678733825684
0.1021728515625,-0.114990234375,-0.217041015625,19.6533203125,-8.6669921875,18.4326171875
0.249755859375,-0.625732421875,-0.1409912109375,9.58251953125,4.2724609375,34.48486328125
0.295654296875,-1.7127685546875,0.046630859375,6.103515148162842,33.447265625,24.169919967651367
0.12060546875,-2.291015625,0.1807861328125,19.287109375,42.907711029052734,-20.935056686401367
-0.03076171875,-1.9161376953125,0.2203369140625,26.000974655151367,28.259275436401367,-16.845703125
-0.081298828125,-1.30615234375,0.220703125,25.817869186401367,-4.7607421875,26.184080123901367
-0.09765625,-0.8773193359375,0.2149658203125,30.151365280151367,-46.630855560302734,35.70556640625
-0.0545654296875,-0.576416015625,0.15283203125,34.24072265625,-65.24658203125,16.29638671875
-0.0343017578125,-0.3677978515625,0.0460205078125,33.14208984375,-44.128414154052734,-0.0610351525247097
-0.0670166015625,-0.2445068359375,-0.0067138671875,28.442380905151367,-4.150390625,-0.6103515625
0.0372314453125,-0.281005859375,-0.00390625,24.475095748901367,22.766111373901367,16.4794921875
0.276123046875,-0.80517578125,0.0928955078125,9.3994140625,36.62109375,40.710445404052734
0.3486328125,-1.656494140625,0.3614501953125,-22.766111373901367,36.92626953125,19.34814453125
0.1201171875,-1.9622802734375,0.4676513671875,-30.029294967651367,21.972654342651367,-39.0625
-0.065185546875,-1.6099853515625,0.21630859375,-2.990722417831421,11.657713890075684,-41.503902435302734
0.023193359375,-1.188232421875,-0.098876953125,14.831542015075684,-0.6713866591453552,-2.44140625
0.0997314453125,-0.890869140625,-0.16748046875,12.084959983825684,-21.118162155151367,4.5166015625
0.106689453125,-0.6964111328125,0.1317138671875,7.446288585662842,-47.485347747802734,-19.04296875
0.1180419921875,-0.5394287109375,0.35791015625,14.648436546325684,-84.71678924560547,-32.04345703125
0.0838623046875,-0.3433837890625,0.140625,32.53173828125,-113.70848846435547,-7.324218273162842
0.0692138671875,-0.1766357421875,-0.1993408203125,45.654293060302734,-117.12645721435547,37.841796875
0.1353759765625,-0.35693359375,-0.340087890625,37.17041015625,-96.06932830810547,76.84326171875
0.238037109375,-1.279052734375,-0.096923828125,6.530761241912842,-78.0029296875,77.94189453125
0.092529296875,-2.1949462890625,0.209228515625,-15.869139671325684,-90.94237518310547,5.676269054412842
-0.0975341796875,-2.3021240234375,0.2364501953125,-9.21630859375,-107.17772674560547,-53.405757904052734
-0.103759765625,-1.8524169921875,0.2806396484375,-0.6103515625,-105.10253143310547,-18.1884765625
-0.176025390625,-1.2574462890625,0.37744140625,-5.249022960662842,-102.53905487060547,48.278804779052734
-0.2279052734375,-0.8433837890625,0.374755859375,-4.21142578125,-111.63329315185547,69.64111328125
-0.1993408203125,-0.584228515625,0.2958984375,8.6669921875,-113.83055877685547,42.663570404052734
-0.1307373046875,-0.340087890625,0.2000732421875,22.827146530151367,-85.99852752685547,21.118162155151367
0.0096435546875,-0.08544921875,0.1209716796875,31.127927780151367,-42.480464935302734,31.127927780151367
0.2718505859375,-0.0814208984375,0.0518798828125,25.756834030151367,0.2441406100988388,58.471675872802734
0.5303955078125,-0.8330078125,0.1458740234375,-7.202147960662842,48.034664154052734,63.903804779052734
0.3905029296875,-1.801513671875,0.4500732421875,-49.194332122802734,93.56688690185547,0.8544921278953552
-0.0513916015625,-1.9332275390625,0.7288818359375,-48.156734466552734,114.99022674560547,-75.86669921875
-0.1539306640625,-1.471435546875,0.6937255859375,-12.634276390075684,106.32323455810547,-65.4296875
0.144775390625,-1.0548095703125,0.3558349609375,7.202147960662842,72.69287109375,-0.9765624403953552
0.2994384765625,-0.791015625,0.121826171875,-1.7700194120407104,45.776363372802734,26.062009811401367
0.208740234375,-0.696533203125,0.1883544921875,-24.230955123901367,54.443355560302734,5.371093273162842
0.1661376953125,-0.77490234375,0.36376953125,-34.60693359375,76.66015625,-17.76123046875
0.160400390625,-0.81884765625,0.40673828125,-22.216794967651367,85.81542205810547,-21.911619186401367
0.111083984375,-0.644287109375,0.2554931640625,-2.25830078125,82.70262908935547,-10.742186546325684
0.1475830078125,-0.4296875,-0.018798828125,10.192870140075684,86.18163299560547,19.6533203125
0.3115234375,-0.6300048828125,-0.2186279296875,5.737304210662842,110.83983612060547,56.640621185302734
0.3553466796875,-1.2261962890625,-0.1617431640625,-11.230467796325684,147.705078125,46.874996185302734
0.1934814453125,-1.652587890625,0.16552734375,-11.596678733825684,158.3251953125,-27.099607467651367
0.056640625,-1.687744140625,0.45458984375,-6.042479991912842,119.99510955810547,-79.04052734375
0.0291748046875,-1.4608154296875,0.4842529296875,-10.253905296325684,69.76318359375,-54.138179779052734
0.04296875,-1.1405029296875,0.3519287109375,-3.662109136581421,60.729976654052734,-0.3662109076976776
0.089599609375,-0.860595703125,0.150634765625,8.11767578125,85.32714080810547,29.113767623901367
0.0947265625,-0.654052734375,0.0235595703125,8.36181640625,104.55321502685547,22.460935592651367
0.011474609375,-0.5167236328125,-0.02880859375,1.0986328125,116.57714080810547,2.746581792831421
-0.057373046875,-0.4046630859375,-0.0645751953125,0.4272460639476776,119.01854705810547,-8.30078125
0.0970458984375,-0.4566650390625,0.0087890625,4.82177734375,98.08348846435547,-6.591796398162842
0.366943359375,-0.9801025390625,0.255126953125,-2.50244140625,64.88037109375,7.263183116912842
0.411865234375,-1.5897216796875,0.6287841796875,-15.869139671325684,47.607418060302734,-1.03759765625
0.221435546875,-1.7509765625,0.7882080078125,-12.573241233825684,90.08788299560547,-33.0810546875
0.1566162109375,-1.645263671875,0.518310546875,6.347655773162842,165.71043395996094,-35.0341796875
0.2979736328125,-1.3861083984375,0.15087890625,11.657713890075684,198.73045349121094,-15.319823265075684
0.3131103515625,-1.0147705078125,0.06787109375,-7.324218273162842,185.79100036621094,-10.131834983825684
0.23681640625,-0.75146484375,0.2120361328125,-19.95849609375,150.08544921875,-17.578125
0.2142333984375,-0.584716796875,0.2056884765625,-9.521484375,112.97606658935547,-14.953612327575684
0.17529296875,-0.3536376953125,-0.0079345703125,7.812499523162842,90.39305877685547,0.1831054538488388
0.1390380859375,-0.135498046875,-0.16943359375,14.465331077575684,78.9794921875,9.21630859375
0.1861572265625,-0.3857421875,-0.1331787109375,4.2724609375,80.81053924560547,21.179197311401367
0.2208251953125,-1.453369140625,-0.0068359375,-3.112792730331421,97.83934783935547,24.414060592651367
0.109130859375,-2.2991943359375,0.2109375,9.46044921875,104.55321502685547,-24.353025436401367
0.019775390625,-2.0767822265625,0.4053955078125,23.986814498901367,93.74999237060547,-51.452632904052734
0.0333251953125,-1.431396484375,0.4095458984375,29.296873092651367,75.74462890625,-4.94384765625
0.0335693359375,-0.9288330078125,0.2894287109375,27.526853561401367,56.396480560302734,41.442867279052734
0.0450439453125,-0.646240234375,0.1123046875,22.583005905151367,53.649898529052734,41.442867279052734
0.00048828125,-0.4688720703125,-0.008544921875,15.563963890075684,74.951171875,13.305663108825684
-0.1053466796875,-0.305419921875,-0.046630859375,5.310058116912842,109.86327362060547,-3.662109136581421
-0.079833984375,-0.24365234375,0.0186767578125,-0.0610351525247097,121.03270721435547,-5.981444835662842
0.216064453125,-0.5499267578125,0.225830078125,-1.8310545682907104,99.60936737060547,4.94384765625
0.484130859375,-1.302490234375,0.57080078125,-9.1552734375,80.68846893310547,18.37158203125
0.4183349609375,-1.8057861328125,0.7470703125,-17.333984375,90.27098846435547,-26.916501998901367
0.2149658203125,-1.63134765625,0.6087646484375,-18.73779296875,138.0615234375,-89.66063690185547
0.205810546875,-1.32568359375,0.3175048828125,-17.51708984375,190.67381286621094,-71.044921875
0.378173828125,-1.1575927734375,0.0389404296875,-23.315427780151367,190.24656677246094,-22.155759811401367
0.35986328125,-0.956787109375,0.0433349609375,-37.90283203125,148.3154296875,-18.98193359375
0.214599609375,-0.750732421875,0.265380859375,-42.907711029052734,116.33300018310547,-42.541500091552734
0.2001953125,-0.588623046875,0.2835693359375,-27.526853561401367,105.04149627685547,-37.353515625
0.1661376953125,-0.3736572265625,0.0013427734375,-10.375975608825684,95.64208221435547,7.019042491912842
0.113525390625,-0.201904296875,-0.225830078125,-5.615233898162842,85.69335174560547,51.391597747802734
0.240478515625,-0.4844970703125,-0.2603759765625,-11.535643577575684,96.67967987060547,89.41649627685547
0.36376953125,-1.4329833984375,-0.1448974609375,-2.807616949081421,93.01757049560547,83.19091033935547
0.24560546875,-2.1778564453125,0.1737060546875,27.893064498901367,27.099607467651367,-46.508785247802734
0.04248046875,-2.010986328125,0.4517822265625,37.353515625,-23.559568405151367,-139.0380859375
-0.0625,-1.481201171875,0.41845703125,23.803709030151367,-18.00537109375,-47.180171966552734
-0.03759765625,-1.071044921875,0.14892578125,9.21630859375,-10.559081077575684,75.439453125
0.044677734375,-0.7523193359375,-0.0390625,-0.3662109076976776,-3.051757574081421,87.46337127685547
-0.0120849609375,-0.514404296875,-0.013671875,2.746581792831421,22.705076217651367,21.057126998901367
-0.1424560546875,-0.38671875,0.03271484375,8.544921875,61.401363372802734,-34.85107421875
-0.151611328125,-0.3465576171875,0.0390625,11.901854515075684,86.12059783935547,-44.738765716552734
0.0943603515625,-0.44775390625,0.1331787109375,9.3994140625,87.28026580810547,-13.793944358825684
0.3736572265625,-0.8209228515625,0.4892578125,-9.33837890625,75.3173828125,37.41455078125
0.331787109375,-1.3499755859375,0.6328125,-27.343748092651367,71.77734375,43.884273529052734
0.1796875,-1.7979736328125,0.407470703125,-13.977049827575684,107.11669158935547,-55.480953216552734
0.076171875,-1.898193359375,0.2769775390625,3.417968511581421,141.845703125,-132.9345703125
0.06884765625,-1.5386962890625,0.2127685546875,-9.3994140625,123.90135955810547,-70.37353515625
0.2183837890625,-0.96875,0.1842041015625,-25.512693405151367,73.05908203125,27.160642623901367
0.34130859375,-0.49072265625,0.1802978515625,-17.578125,25.634763717651367,55.358882904052734
0.2769775390625,-0.1917724609375,0.010009765625,5.798339366912842,6.408690929412842,24.780271530151367
0.079345703125,-0.0484619140625,-0.31591796875,20.385740280151367,18.24951171875,-6.774901866912842
0.0538330078125,-0.2054443359375,-0.43310546875,15.686034202575684,43.395992279052734,6.469726085662842
0.3353271484375,-1.2891845703125,-0.1658935546875,7.568358898162842,64.88037109375,44.555660247802734
0.2431640625,-2.45849609375,0.177001953125,15.502928733825684,58.837886810302734,4.0283203125
-0.0638427734375,-2.422607421875,0.231689453125,26.550291061401367,4.7607421875,-57.006832122802734
-0.047607421875,-1.693115234375,0.1715087890625,31.677244186401367,-82.88573455810547,-18.24951171875
0.00927734375,-0.9417724609375,0.2708740234375,34.85107421875,-135.3759765625,37.29248046875
0.02880859375,-0.4044189453125,0.3248291015625,28.015134811401367,-94.29930877685547,30.395505905151367
-0.0252685546875,-0.0347900390625,0.2254638671875,22.338865280151367,-21.606443405151367,-2.44140625
-0.05126953125,0.235595703125,0.031982421875,29.846189498901367,4.57763671875,-2.563476324081421
0.06787109375,0.18212890625,-0.1375732421875,33.63037109375,11.352538108825684,33.75244140625
0.3284912109375,-0.7728271484375,0.023193359375,9.1552734375,33.0810546875,64.63623046875
0.289306640625,-2.0657958984375,0.5692138671875,-33.69140625,54.870601654052734,25.878904342651367
0.007080078125,-2.3843994140625,0.8431396484375,-49.743648529052734,74.951171875,-69.82421875
0.1529541015625,-1.3199462890625,0.1480712890625,-7.751464366912842,73.66943359375,-27.282712936401367
0.2008056640625,-0.7989501953125,-0.135498046875,-11.535643577575684,65.97900390625,28.808591842651367
0.15478515625,-0.3868408203125,-0.096435546875,-20.202634811401367,65.4296875,25.573728561401367
0.1243896484375,-0.0794677734375,-0.0220947265625,-12.939452171325684,49.011226654052734,-8.4228515625
0.09521484375,0.1077880859375,-0.14990234375,-0.0,5.310058116912842,-21.301267623901367
0.1724853515625,-0.1202392578125,-0.2391357421875,6.408690929412842,-39.24560546875,13.061522483825684
0.314453125,-1.227294921875,-0.1829833984375,6.652831554412842,-50.781246185302734,58.105464935302734
0.209228515625,-2.395751953125,-0.031982421875,12.207030296325684,-49.926753997802734,2.685546636581421
0.0264892578125,-2.48486328125,0.1273193359375,17.02880859375,-49.438472747802734,-86.66991424560547
-0.02099609375,-1.8614501953125,0.202880859375,18.12744140625,-57.189937591552734,-51.818843841552734
-0.0389404296875,-1.15625,0.1798095703125,27.770994186401367,-92.83446502685547,36.0107421875
-0.031982421875,-0.6007080078125,0.143310546875,39.61181640625,-120.91063690185547,60.913082122802734
-0.05419921875,-0.18408203125,0.114501953125,46.997066497802734,-110.90087127685547,27.099607467651367
-0.03271484375,0.122802734375,-0.014892578125,52.734371185302734,-78.67431640625,1.4648436307907104
0.13623046875,0.1405029296875,-0.0953369140625,54.321285247802734,-53.649898529052734,19.95849609375
0.4263916015625,-0.6219482421875,0.150634765625,31.249998092651367,-34.3017578125,53.039546966552734
0.4141845703125,-1.8529052734375,0.486083984375,-16.11328125,-2.44140625,14.160155296325684
0.0435791015625,-2.2908935546875,0.538818359375,-45.776363372802734,42.907711029052734,-78.43017578125
-0.172607421875,-1.8265380859375,0.432861328125,-35.5224609375,63.354488372802734,-87.40233612060547
0.007080078125,-1.3079833984375,0.173828125,-5.0048828125,28.442380905151367,-13.427733421325684
0.2652587890625,-0.9014892578125,-0.13525390625,10.864256858825684,-11.047362327575684,34.0576171875
0.2366943359375,-0.4871826171875,-0.0904541015625,-0.8544921278953552,-11.657713890075684,23.010251998901367
0.13427734375,-0.166748046875,0.1258544921875,-7.995604991912842,-8.9111328125,-3.967284917831421
0.1326904296875,-0.0406494140625,0.094482421875,9.1552734375,-33.935546875,-1.9531248807907104
0.1510009765625,-0.17333984375,-0.116943359375,34.97314453125,-66.7724609375,33.5693359375
0.214111328125,-1.15869140625,-0.40234375,41.442867279052734,-75.5615234375,63.354488372802734
0.203857421875,-2.3551025390625,-0.3548583984375,9.33837890625,-70.98388671875,21.423337936401367
0.1688232421875,-2.413330078125,0.0845947265625,-21.728513717651367,-85.08300018310547,-42.175289154052734
0.161865234375,-1.6715087890625,0.3155517578125,-5.187987804412842,-125.12206268310547,-23.376462936401367
0.0548095703125,-0.935302734375,0.28857421875,39.48974609375,-168.33494567871094,30.212400436401367
-0.0576171875,-0.53076171875,0.224365234375,64.51416015625,-178.03953552246094,37.4755859375
-0.1121826171875,-0.286865234375,0.1087646484375,57.678218841552734,-147.4609375,15.686034202575684
-0.0692138671875,-0.0419921875,-0.085205078125,50.781246185302734,-110.77880096435547,17.4560546875
0.4244384765625,-0.699462890625,-0.0927734375,40.832515716552734,-69.091796875,86.60887908935547
0.5509033203125,-1.869140625,0.2115478515625,-8.72802734375,-48.034664154052734,59.570308685302734
0.1427001953125,-2.3814697265625,0.5870361328125,-37.41455078125,-41.137691497802734,-33.8134765625
-0.064697265625,-1.6697998046875,0.3416748046875,11.962889671325684,-43.334957122802734,-5.432128429412842
0.1568603515625,-1.1187744140625,-0.1138916015625,9.27734375,-41.503902435302734,53.344722747802734
0.159912109375,-0.59423828125,0.0067138671875,-17.578125,-14.831542015075684,55.114742279052734
0.1307373046875,-0.2698974609375,0.468505859375,-33.26416015625,-19.71435546875,13.671874046325684
0.09033203125,-0.08544921875,0.4520263671875,-14.099120140075684,-57.189937591552734,-7.141112804412842
0.0943603515625,-0.0587158203125,0.0980224609375,21.728513717651367,-71.044921875,12.329100608825684
0.18115234375,-0.3170166015625,-0.1441650390625,42.846675872802734,-43.518062591552734,51.757808685302734
0.26611328125,-1.420166015625,-0.272216796875,28.381345748901367,-1.220703125,70.3125
0.138427734375,-2.433837890625,-0.088623046875,-2.746581792831421,23.254392623901367,0.0
0.00048828125,-2.12890625,0.4912109375,-23.925779342651367,35.64453125,-70.80078125
0.0140380859375,-1.2666015625,0.886474609375,-24.780271530151367,7.995604991912842,-43.212886810302734
0.057373046875,-0.7081298828125,0.731201171875,8.97216796875,-44.738765716552734,13.061522483825684
0.1112060546875,-0.5299072265625,0.3807373046875,39.85595703125,-46.264644622802734,25.390623092651367
0.0333251953125,-0.411376953125,0.153076171875,17.88330078125,17.63916015625,10.375975608825684
0.0848388671875,-0.246337890625,0.094482421875,-41.503902435302734,168.70115661621094,34.66796875
0.4765625,-0.6602783203125,0.3748779296875,-36.7431640625,180.90818786621094,39.9169921875
0.8720703125,-1.283203125,0.57861328125,-36.62109375,161.74314880371094,-1.5869139432907104
0.851318359375,-1.5733642578125,0.50537109375,-47.302242279052734,175.41502380371094,-59.875484466552734
0.5760498046875,-1.6728515625,0.585205078125,-50.659175872802734,209.47264099121094,-92.16307830810547
0.4288330078125,-1.6304931640625,0.692626953125,-39.00146484375,194.09178161621094,-97.47313690185547
0.4840087890625,-1.237548828125,0.525390625,-31.127927780151367,179.99266052246094,-51.696773529052734
0.4984130859375,-0.7178955078125,0.2572021484375,-32.8369140625,204.34568786621094,16.11328125
0.3759765625,-0.287841796875,0.1015625,-32.16552734375,200.80564880371094,25.085447311401367
0.1888427734375,-0.0096435546875,0.05859375,-21.789548873901367,149.84130859375,-22.277830123901367
0.107421875,-0.00146484375,-0.0496826171875,-9.70458984375,109.13085174560547,-47.973628997802734
0.1932373046875,-0.2579345703125,-0.1171875,-16.41845703125,110.59569549560547,-13.549803733825684
0.3817138671875,-0.9737548828125,0.037109375,-38.4521484375,143.85986328125,40.0390625
0.4736328125,-1.8572998046875,0.2454833984375,-33.5693359375,164.36766052246094,29.174802780151367
0.3751220703125,-2.2083740234375,0.2667236328125,-7.324218273162842,147.94921875,-33.50830078125
0.203857421875,-2.00732421875,0.1990966796875,-3.051757574081421,123.65721893310547,-52.734371185302734
0.05810546875,-1.538330078125,0.2708740234375,-12.084959983825684,95.70311737060547,-27.404783248901367
0.04736328125,-1.03076171875,0.415771484375,-8.544921875,65.673828125,10.253905296325684
0.1278076171875,-0.6014404296875,0.3397216796875,10.925292015075684,42.968746185302734,45.349117279052734
0.130126953125,-0.2706298828125,0.0545654296875,25.817869186401367,31.433103561401367,56.579586029052734
0.0361328125,-0.065185546875,-0.16943359375,22.094724655151367,58.288570404052734,45.104976654052734
-0.016357421875,-0.0936279296875,-0.1419677734375,11.047362327575684,108.39842987060547,20.263669967651367
0.1700439453125,-0.503662109375,0.1383056640625,0.4882812201976776,142.39501953125,-3.173827886581421
0.4423828125,-1.3587646484375,0.591064453125,-12.695311546325684,144.775390625,-30.273435592651367
0.39013671875,-2.011962890625,0.833740234375,-25.695798873901367,127.86864471435547,-54.626461029052734
0.1865234375,-1.7459716796875,0.3316650390625,-16.29638671875,147.27783203125,-18.4326171875
0.1971435546875,-1.311767578125,0.151611328125,-17.333984375,166.87010192871094,-8.36181640625
0.260986328125,-0.81298828125,0.087158203125,-17.02880859375,186.40135192871094,0.1831054538488388
0.3231201171875,-0.4273681640625,0.055419921875,-4.7607421875,165.28318786621094,-7.385253429412842
0.239990234375,-0.2357177734375,-0.041015625,10.375975608825684,88.25682830810547,-27.160642623901367
0.086669921875,-0.1807861328125,-0.1522216796875,10.437010765075684,15.441893577575684,-25.390623092651367
0.0721435546875,-0.1845703125,-0.135498046875,-7.995604991912842,8.72802734375,12.512206077575684
0.2271728515625,-0.6077880859375,0.0233154296875,-28.320310592651367,55.480953216552734,72.3876953125
0.1937255859375,-1.6448974609375,0.0772705078125,-19.59228515625,68.4814453125,56.335445404052734
0.0355224609375,-2.3492431640625,0.1429443359375,8.30078125,55.908199310302734,-55.175777435302734
0.07177734375,-2.054443359375,0.3314208984375,16.7236328125,85.44921112060547,-107.42186737060547
0.076416015625,-1.409423828125,0.3876953125,12.512206077575684,78.2470703125,-43.945308685302734
0.052490234375,-0.9766845703125,0.20166015625,16.357421875,-1.3427733182907104,47.973628997802734
0.0762939453125,-0.635009765625,0.0089111328125,23.559568405151367,-59.936519622802734,80.32225799560547
0.0123291015625,-0.3297119140625,0.0045166015625,18.85986328125,-39.48974609375,61.950679779052734
-0.0489501953125,-0.1866455078125,0.016357421875,5.737304210662842,40.405269622802734,46.325679779052734
-0.0118408203125,-0.2144775390625,0.048095703125,-1.2817381620407104,100.89110565185547,23.437498092651367
0.1697998046875,-0.3441162109375,0.1514892578125,-2.929687261581421,104.30907440185547,-18.6767578125
0.3343505859375,-0.8948974609375,0.365478515625,-11.901854515075684,97.04589080810547,-40.832515716552734
0.1116943359375,-2.22998046875,0.650390625,-22.827146530151367,98.75487518310547,-44.067378997802734
0.12548828125,-1.9459228515625,0.51708984375,-4.8828125,105.10253143310547,-68.29833984375
0.1995849609375,-1.4559326171875,0.2862548828125,-4.69970703125,110.22948455810547,-42.541500091552734
0.2320556640625,-0.8690185546875,0.097412109375,-21.118162155151367,110.83983612060547,20.324705123901367
0.2684326171875,-0.4208984375,0.042724609375,-23.254392623901367,99.30419158935547,47.424312591552734
0.222900390625,-0.1826171875,-0.0228271484375,-3.173827886581421,62.499996185302734,12.390135765075684
0.070068359375,-0.037109375,-0.1734619140625,14.221190452575684,26.245115280151367,-23.925779342651367
0.09375,-0.0322265625,-0.2059326171875,10.375975608825684,25.573728561401367,3.234863042831421
0.2698974609375,-0.7008056640625,-0.010498046875,-11.718749046325684,68.17626953125,79.4677734375
0.1890869140625,-1.9251708984375,0.0260009765625,-9.8876953125,76.72119140625,62.072750091552734
0.010986328125,-2.45654296875,0.0408935546875,24.536130905151367,7.019042491912842,-62.683101654052734
-0.155517578125,-1.492431640625,0.532470703125,28.137205123901367,-54.321285247802734,-10.742186546325684
-0.080322265625,-0.9083251953125,0.353759765625,7.629394054412842,-18.5546875,71.533203125
0.0098876953125,-0.394775390625,0.0377197265625,0.6713866591453552,35.2783203125,62.133785247802734
-0.0496826171875,-0.1119384765625,-0.097900390625,11.596678733825684,61.523433685302734,-12.207030296325684
-0.0206298828125,-0.0908203125,-0.0380859375,21.118162155151367,50.537105560302734,-58.410640716552734
0.040283203125,-0.1966552734375,0.05517578125,20.263669967651367,36.80419921875,-44.372554779052734
0.1796875,-0.484130859375,0.2186279296875,9.3994140625,35.2783203125,-6.408690929412842
0.465576171875,-1.350830078125,0.4752197265625,-15.563963890075684,49.316402435302734,-2.3193359375
0.4970703125,-2.126220703125,0.5701904296875,-37.353515625,66.95556640625,-64.39208984375
0.2630615234375,-2.129150390625,0.3944091796875,-38.0859375,101.86766815185547,-110.96190643310547
0.119384765625,-1.696044921875,0.2808837890625,-35.70556640625,129.8828125,-72.1435546875
0.205810546875,-1.086181640625,0.2110595703125,-30.761716842651367,96.55760955810547,5.676269054412842
0.2620849609375,-0.547119140625,0.0408935546875,-11.840819358825684,41.442867279052734,59.753414154052734
0.182861328125,-0.2017822265625,-0.060302734375,8.544921875,9.033203125,50.170894622802734
0.10107421875,-0.0953369140625,-0.1485595703125,19.8974609375,2.868652105331421,-1.6479490995407104
0.0487060546875,-0.1370849609375,-0.195556640625,19.775390625,6.347655773162842,-31.799314498901367
0.1123046875,-0.2806396484375,-0.141845703125,7.751464366912842,4.21142578125,-7.507323741912842
0.3292236328125,-1.161376953125,-0.1954345703125,-2.563476324081421,-1.7089842557907104,43.395992279052734
0.3494873046875,-2.308837890625,-0.22216796875,7.446288585662842,-31.616209030151367,19.4091796875
0.217529296875,-2.4903564453125,0.1038818359375,24.597166061401367,-71.4111328125,-57.128902435302734
0.125732421875,-1.8892822265625,0.481689453125,34.24072265625,-106.32323455810547,-40.954586029052734
-0.031005859375,-1.1756591796875,0.434326171875,40.771480560302734,-135.009765625,53.222652435302734
-0.0980224609375,-0.6585693359375,0.1778564453125,39.00146484375,-119.75096893310547,87.58544158935547
-0.1119384765625,-0.282958984375,0.016357421875,26.611326217651367,-62.072750091552734,35.21728515625
-0.1236572265625,-0.01611328125,-0.06689453125,17.7001953125,-16.6015625,-8.11767578125
0.0404052734375,0.102783203125,-0.0643310546875,19.1650390625,-12.573241233825684,3.112792730331421
0.2877197265625,-0.14306640625,0.0489501953125,18.98193359375,-18.85986328125,38.02490234375
0.43212890625,-1.234375,0.3294677734375,-1.8310545682907104,-2.50244140625,45.043941497802734
0.287109375,-2.2615966796875,0.549560546875,-35.64453125,27.221677780151367,-23.254392623901367
-0.05224609375,-2.1739501953125,0.5517578125,-40.405269622802734,50.964351654052734,-94.48241424560547
-0.1337890625,-1.6046142578125,0.3194580078125,-11.413573265075684,52.001949310302734,-73.974609375
0.243896484375,-0.7138671875,-0.154296875,12.329100608825684,8.544921875,18.9208984375
0.199951171875,-0.4034423828125,0.0621337890625,-10.192870140075684,7.812499523162842,3.173827886581421
0.1331787109375,-0.2724609375,0.2493896484375,-12.023924827575684,-10.803221702575684,-24.230955123901367
0.1220703125,-0.19873046875,0.116455078125,8.1787109375,-36.2548828125,-8.48388671875
0.1610107421875,-0.161865234375,-0.113037109375,21.484373092651367,-41.870113372802734,48.889156341552734
0.248779296875,-0.7705078125,-0.301025390625,19.59228515625,-41.687007904052734,92.65135955810547
0.20703125,-1.9232177734375,-0.408447265625,10.009765625,-45.959468841552734,45.227046966552734
0.1561279296875,-2.469482421875,-0.201904296875,2.25830078125,-42.541500091552734,-72.32666015625
0.1929931640625,-2.157470703125,0.2208251953125,6.347655773162842,-48.034664154052734,-103.27147674560547
0.0546875,-1.486572265625,0.382080078125,18.85986328125,-93.20067596435547,-0.4272460639476776
-0.0556640625,-0.8641357421875,0.2171630859375,28.259275436401367,-151.611328125,103.51561737060547
-0.0201416015625,-0.4161376953125,0.139892578125,31.982419967651367,-162.47557067871094,92.52928924560547
-0.04736328125,-0.1407470703125,0.1807861328125,34.0576171875,-113.89159393310547,17.4560546875
-0.0738525390625,-0.0018310546875,0.1341552734375,36.2548828125,-48.461910247802734,-17.7001953125
0.1025390625,-0.0596923828125,0.0601806640625,33.69140625,-4.82177734375,4.08935546875
0.4476318359375,-0.6434326171875,0.0399169921875,9.765625,17.76123046875,36.376953125
0.536865234375,-1.6927490234375,0.3238525390625,-33.3251953125,28.259275436401367,6.225585460662842
0.302978515625,-2.1502685546875,0.632568359375,-43.579097747802734,35.15625,-91.06444549560547
0.1748046875,-1.8544921875,0.5054931640625,-8.1787109375,28.686521530151367,-137.0849609375
0.2493896484375,-1.4954833984375,0.227294921875,18.798828125,-1.15966796875,-74.27978515625
0.3216552734375,-1.1011962890625,0.1402587890625,13.244627952575684,-17.51708984375,3.906249761581421
0.239501953125,-0.6817626953125,0.2530517578125,-7.568358898162842,-21.240232467651367,16.17431640625
0.132568359375,-0.38232421875,0.337158203125,-23.376462936401367,-32.1044921875,-7.202147960662842
0.1044921875,-0.2054443359375,0.2401123046875,-25.817869186401367,-26.184080123901367,1.4648436307907104
0.114501953125,-0.1158447265625,0.05126953125,-21.606443405151367,4.638671875,44.128414154052734
0.1796875,-0.1881103515625,-0.0322265625,-19.8974609375,34.7900390625,87.95165252685547
0.3800048828125,-0.91650390625,0.1063232421875,-20.202634811401367,55.236812591552734,116.69921112060547
0.4276123046875,-2.088134765625,0.037841796875,-1.7700194120407104,62.927242279052734,64.453125
0.3232421875,-2.4132080078125,-0.026123046875,19.47021484375,70.73974609375,-60.974117279052734
0.229736328125,-1.759521484375,0.322998046875,10.986327171325684,90.33202362060547,-99.73143768310547
0.04833984375,-1.1114501953125,0.53515625,-9.1552734375,80.87157440185547,-12.756346702575684
-0.01123046875,-0.7899169921875,0.3878173828125,-13.122557640075684,20.141599655151367,75.01220703125
0.042236328125,-0.546630859375,0.2001953125,5.432128429412842,-44.372554779052734,71.71630859375
0.0272216796875,-0.3394775390625,0.1060791015625,20.263669967651367,-37.65869140625,21.240232467651367
-0.0159912109375,-0.2213134765625,0.04296875,14.404295921325684,34.1796875,7.019042491912842
-0.037109375,-0.2523193359375,0.07177734375,2.0751953125,98.75487518310547,34.66796875
-0.0205078125,-0.46728515625,0.1356201171875,-6.652831554412842,129.8828125,60.058589935302734
0.2510986328125,-0.9710693359375,0.334228515625,-14.770506858825684,130.79833984375,41.198726654052734
0.6815185546875,-1.619873046875,0.6043701171875,-27.770994186401367,124.20653533935547,-28.686521530151367
0.7486572265625,-1.8336181640625,0.6544189453125,-38.39111328125,141.6015625,-100.64696502685547
0.4195556640625,-1.6490478515625,0.5240478515625,-34.912109375,165.22215270996094,-111.69432830810547
0.1964111328125,-1.4715576171875,0.4637451171875,-17.4560546875,144.10400390625,-83.00780487060547
0.3583984375,-1.2672119140625,0.4425048828125,-4.33349609375,102.47801971435547,-50.048824310302734
0.5472412109375,-0.910400390625,0.308837890625,-16.66259765625,104.12596893310547,-6.408690929412842
0.438720703125,-0.498046875,0.1842041015625,-38.02490234375,128.662109375,23.193357467651367
0.2386474609375,-0.227294921875,0.1199951171875,-36.19384765625,133.544921875,18.00537109375
0.1456298828125,-0.0867919921875,-0.035400390625,-17.27294921875,139.6484375,8.9111328125
0.166015625,-0.0242919921875,-0.254150390625,-6.713866710662842,154.296875,19.95849609375
0.2548828125,-0.3497314453125,-0.275390625,-14.343260765075684,143.61572265625,37.841796875
0.3863525390625,-1.4754638671875,0.099853515625,-16.29638671875,120.48339080810547,27.526853561401367
0.440185546875,-2.394775390625,0.535888671875,8.056640625,110.16844940185547,-48.583980560302734
0.3231201171875,-2.23046875,0.5302734375,13.732909202575684,118.71337127685547,-90.51512908935547
0.1173095703125,-1.6612548828125,0.3802490234375,-7.507323741912842,128.2958984375,-37.78076171875
0.019775390625,-1.132080078125,0.40234375,-11.474608421325684,117.06542205810547,14.099120140075684
0.2158203125,-0.326416015625,0.1080322265625,18.6767578125,60.180660247802734,17.76123046875
0.0609130859375,-0.095947265625,-0.1712646484375,12.451170921325684,65.91796875,10.253905296325684
-0.06884765625,-0.07177734375,-0.202880859375,-4.2724609375,109.19188690185547,12.023924827575684
0.04638671875,-0.3018798828125,0.1348876953125,-14.648436546325684,138.0615234375,15.319823265075684
0.4127197265625,-1.10498046875,0.674560546875,-10.925292015075684,131.04248046875,-1.2817381620407104
0.6190185546875,-1.7718505859375,0.9237060546875,-7.080077648162842,114.37987518310547,-39.55078125
0.517578125,-1.7247314453125,0.7054443359375,-18.9208984375,120.72753143310547,-60.852046966552734
0.335693359375,-1.5828857421875,0.382080078125,-32.28759765625,151.7333984375,-36.80419921875
0.3590087890625,-1.4261474609375,0.2659912109375,-30.639646530151367,183.41062927246094,-16.66259765625
0.42919921875,-1.07861328125,0.27978515625,-30.212400436401367,203.61326599121094,-26.733396530151367
0.3037109375,-0.672607421875,0.2705078125,-36.43798828125,194.58006286621094,-31.921384811401367
0.226318359375,-0.488037109375,0.224853515625,-28.503416061401367,144.83642578125,-26.489255905151367
0.2000732421875,-0.4857177734375,0.073974609375,-9.521484375,94.84862518310547,-16.66259765625
0.1715087890625,-0.4454345703125,-0.129638671875,2.197265625,87.40233612060547,-10.742186546325684
0.1934814453125,-0.3389892578125,-0.20556640625,-1.8920897245407104,109.80223846435547,-2.13623046875
0.32421875,-0.617431640625,-0.0140380859375,-16.29638671875,124.32860565185547,33.63037109375
0.45263671875,-1.590087890625,0.097412109375,-6.835937023162842,105.04149627685547,48.278804779052734
0.351806640625,-2.2674560546875,0.13720703125,30.639646530151367,37.109375,-41.931148529052734
0.22998046875,-2.04931640625,0.333740234375,49.011226654052734,-27.465818405151367,-121.52098846435547
0.181396484375,-1.5504150390625,0.4205322265625,36.19384765625,-40.649410247802734,-52.795406341552734
0.1029052734375,-1.0054931640625,0.2926025390625,9.521484375,-26.428220748901367,86.54784393310547
0.0859375,-0.462890625,0.056396484375,-10.498045921325684,-2.807616949081421,156.18896484375
0.015625,-0.1202392578125,-0.054443359375,-7.202147960662842,8.4228515625,102.90526580810547
-0.0841064453125,-0.0369873046875,-0.012451171875,10.314940452575684,11.474608421325684,-6.347655773162842
-0.0765380859375,-0.138671875,0.0274658203125,22.277830123901367,24.475095748901367,-85.02196502685547
0.1737060546875,-0.4644775390625,0.0997314453125,15.075682640075684,42.419429779052734,-93.74999237060547
0.59619140625,-1.3026123046875,0.47021484375,-16.29638671875,69.64111328125,-44.311519622802734
0.6005859375,-1.9390869140625,0.826416015625,-48.583980560302734,96.92382049560547,-22.521970748901367
0.39697265625,-1.7921142578125,0.635986328125,-44.433589935302734,127.44139862060547,-82.70262908935547
0.39404296875,-1.4368896484375,0.2279052734375,-15.808104515075684,132.62939453125,-137.02392578125
0.3851318359375,-1.123291015625,-0.0274658203125,-6.774901866912842,83.43505096435547,-111.57225799560547
0.43359375,-0.8287353515625,-0.0291748046875,-24.291990280151367,38.14697265625,-46.630855560302734
0.2821044921875,-0.3114013671875,0.2431640625,-30.456541061401367,-7.873534679412842,75.13427734375
0.07568359375,-0.118896484375,0.062255859375,-7.568358898162842,-20.996091842651367,107.11669158935547
0.135986328125,-0.1099853515625,-0.14404296875,9.033203125,-5.371093273162842,98.93798065185547
0.375732421875,-0.7109375,-0.0845947265625,9.09423828125,9.27734375,89.53856658935547
0.3458251953125,-1.8416748046875,0.0435791015625,14.587401390075684,-5.371093273162842,26.550291061401367
0.28955078125,-2.3375244140625,0.18310546875,18.24951171875,6.469726085662842,-121.21581268310547
0.487060546875,-1.95751953125,0.4539794921875,3.417968511581421,63.232418060302734,-181.45750427246094
0.3399658203125,-1.3875732421875,0.5487060546875,-1.5869139432907104,39.24560546875,-20.751951217651367
-0.1041259765625,-0.3170166015625,0.06201171875,6.591796398162842,-100.46385955810547,211.91404724121094
-0.0650634765625,-0.063720703125,0.017822265625,9.70458984375,-42.968746185302734,66.34521484375
-0.022705078125,0.0164794921875,0.028076171875,7.141112804412842,31.372068405151367,-31.188962936401367
0.12548828125,-0.0675048828125,-0.005615234375,-3.723144292831421,75.1953125,-27.893064498901367
0.438232421875,-0.716552734375,0.120361328125,-23.254392623901367,82.64159393310547,15.441893577575684
0.51171875,-1.801513671875,0.5496826171875,-38.87939453125,57.495113372802734,5.065917491912842
0.3489990234375,-2.2244873046875,0.79541015625,-37.59765625,50.842281341552734,-89.17235565185547
0.2578125,-1.8382568359375,0.57861328125,-26.672361373901367,92.22411346435547,-128.47900390625
0.2745361328125,-1.3878173828125,0.224853515625,-21.545408248901367,124.93895721435547,-52.795406341552734
0.344482421875,-0.9664306640625,0.0081787109375,-30.761716842651367,123.53514862060547,16.54052734375
0.3074951171875,-0.5523681640625,0.0318603515625,-34.48486328125,105.83495330810547,19.34814453125
0.2216796875,-0.2889404296875,0.081298828125,-16.6015625,73.66943359375,-4.45556640625
0.115234375,-0.1309814453125,-0.0577392578125,3.540038824081421,37.04833984375,-2.868652105331421
0.0830078125,-0.0517578125,-0.2384033203125,7.507323741912842,16.29638671875,32.53173828125
0.2486572265625,-0.468994140625,-0.1903076171875,0.1220703050494194,19.04296875,78.0029296875
0.2293701171875,-2.46044921875,0.140625,22.277830123901367,0.8544921278953552,-18.49365234375
0.12451171875,-2.0977783203125,0.346435546875,21.301267623901367,-5.737304210662842,-100.70800018310547
0.0567626953125,-1.4718017578125,0.521484375,15.563963890075684,2.624511480331421,-56.396480560302734
0.00390625,-1.021728515625,0.364501953125,14.282225608825684,-1.5869139432907104,30.639646530151367
-0.0146484375,-0.59619140625,0.03515625,8.48388671875,-20.507810592651367,61.523433685302734
-0.051513671875,-0.2373046875,-0.100341796875,3.295898199081421,-22.766111373901367,32.71484375
-0.0980224609375,-0.1068115234375,-0.066162109375,5.065917491912842,5.187987804412842,6.774901866912842
-0.000732421875,-0.1824951171875,-0.0079345703125,6.835937023162842,38.6962890625,11.840819358825684
0.2998046875,-0.5467529296875,0.1080322265625,-0.2441406100988388,61.523433685302734,29.418943405151367
0.540771484375,-1.3104248046875,0.370361328125,-17.7001953125,73.30322265625,14.648436546325684
0.4232177734375,-1.878173828125,0.6732177734375,-28.137205123901367,67.138671875,-60.058589935302734
0.1705322265625,-1.798583984375,0.7515869140625,-18.98193359375,76.47705078125,-111.26708221435547
0.1890869140625,-1.5123291015625,0.48486328125,-4.0283203125,112.85399627685547,-72.3876953125
0.28759765625,-1.1802978515625,0.071044921875,-11.657713890075684,130.92041015625,-14.282225608825684
0.2130126953125,-0.76513671875,-0.0653076171875,-40.10009765625,124.51171112060547,-3.540038824081421
0.2001953125,-0.4400634765625,0.2630615234375,-33.14208984375,51.330562591552734,-23.437498092651367
0.1405029296875,-0.3017578125,0.1578369140625,-6.591796398162842,13.854979515075684,5.371093273162842
0.1094970703125,-0.166748046875,-0.0020751953125,6.530761241912842,6.652831554412842,46.447750091552734
0.2645263671875,-0.515380859375,0.0123291015625,4.21142578125,29.968259811401367,88.98925018310547
0.35498046875,-1.6165771484375,-0.0711669921875,6.774901866912842,51.635738372802734,83.92333221435547
0.1988525390625,-2.35693359375,-0.0416259765625,19.53125,28.503416061401367,-14.892577171325684
-0.037353515625,-1.450927734375,0.5693359375,17.02880859375,9.09423828125,-35.82763671875
-0.025634765625,-1.0252685546875,0.3572998046875,18.37158203125,-5.798339366912842,52.490230560302734
0.05322265625,-0.666748046875,0.0418701171875,10.986327171325684,-18.310546875,83.37401580810547
-0.001708984375,-0.361328125,-0.0491943359375,3.479003667831421,-0.30517578125,37.29248046875
-0.125,-0.2425537109375,0.0013427734375,3.967284917831421,43.640132904052734,-13.427733421325684
-0.140869140625,-0.2646484375,0.01171875,4.57763671875,76.0498046875,-20.202634811401367
0.06201171875,-0.429443359375,0.0166015625,0.0610351525247097,72.69287109375,-1.7700194120407104
0.4384765625,-1.0704345703125,0.2659912109375,-17.02880859375,64.5751953125,17.88330078125
0.4737548828125,-1.7701416015625,0.6419677734375,-32.53173828125,68.66455078125,-5.493163585662842
0.0284423828125,-1.5574951171875,0.42236328125,5.432128429412842,80.62743377685547,-78.67431640625
0.1512451171875,-1.265869140625,0.020751953125,12.268065452575684,93.38378143310547,-30.151365280151367
0.2662353515625,-0.9482421875,-0.169921875,-7.873534679412842,94.54344940185547,-4.2724609375
0.229736328125,-0.6051025390625,-0.0247802734375,-30.700681686401367,82.70262908935547,-18.00537109375
0.1629638671875,-0.4356689453125,0.1767578125,-23.010251998901367,24.536130905151367,-35.82763671875
0.1102294921875,-0.435302734375,0.100341796875,9.1552734375,-64.453125,-24.475095748901367
0.125,-0.423828125,-0.122314453125,33.203125,-111.57225799560547,16.54052734375
0.19091796875,-0.4078369140625,-0.21923828125,37.29248046875,-102.53905487060547,56.579586029052734
0.2269287109375,-1.063232421875,-0.3038330078125,32.65380859375,-79.4677734375,70.73974609375
0.17236328125,-2.042236328125,-0.322509765625,24.719236373901367,-70.37353515625,17.63916015625
0.171875,-2.2286376953125,-0.2076416015625,11.901854515075684,-51.330562591552734,-56.579586029052734
0.2171630859375,-1.74072265625,-0.07275390625,18.6767578125,-41.687007904052734,-51.147457122802734
0.1732177734375,-1.0460205078125,0.052490234375,45.410152435302734,-88.25682830810547,22.705076217651367
0.1168212890625,-0.4842529296875,0.145751953125,58.349605560302734,-158.87451171875,82.76366424560547
0.0684814453125,-0.2479248046875,0.210693359375,53.649898529052734,-202.20945739746094,69.4580078125
0.01953125,-0.2545166015625,0.2191162109375,46.142574310302734,-189.88035583496094,8.60595703125
-0.044921875,-0.36572265625,0.1202392578125,43.701168060302734,-132.26318359375,-23.315427780151367
-0.09033203125,-0.5731201171875,-0.0477294921875,45.654293060302734,-86.60887908935547,5.493163585662842
0.3262939453125,-1.23828125,-0.0699462890625,41.137691497802734,-81.60399627685547,52.062984466552734
0.6513671875,-1.9066162109375,0.1214599609375,16.7236328125,-91.55272674560547,35.5224609375
0.38525390625,-1.9398193359375,0.3272705078125,-3.173827886581421,-94.29930877685547,-21.057126998901367
0.16748046875,-1.633056640625,0.2984619140625,5.432128429412842,-107.36083221435547,-17.4560546875
0.194091796875,-1.20556640625,0.00927734375,20.507810592651367,-144.83642578125,42.358394622802734
0.255126953125,-0.7607421875,-0.2073974609375,18.98193359375,-158.38623046875,79.40673828125
0.3231201171875,-0.49072265625,-0.0159912109375,3.295898199081421,-122.55858612060547,49.743648529052734
0.4393310546875,-0.4635009765625,0.3934326171875,-4.69970703125,-116.82128143310547,-19.71435546875
0.35107421875,-0.492919921875,0.4959716796875,8.72802734375,-169.12840270996094,-56.640621185302734
0.161865234375,-0.4364013671875,0.304443359375,32.2265625,-200.68357849121094,-26.428220748901367
0.1390380859375,-0.4073486328125,0.1092529296875,51.086421966552734,-183.83787536621094,34.5458984375
0.2520751953125,-0.688232421875,-0.1688232421875,53.955074310302734,-154.052734375,103.69872283935547
0.3651123046875,-1.598876953125,-0.378173828125,39.9169921875,-144.47021484375,129.08935546875
0.399169921875,-2.3251953125,-0.2662353515625,28.686521530151367,-151.123046875,37.2314453125
0.4625244140625,-2.1109619140625,0.0247802734375,37.29248046875,-155.09033203125,-54.870601654052734
0.4443359375,-1.4625244140625,0.2735595703125,51.635738372802734,-182.00682067871094,-21.484373092651367
0.2396240234375,-0.85693359375,0.3004150390625,47.973628997802734,-227.47801208496094,66.95556640625
0.06982421875,-0.55078125,0.1705322265625,35.2783203125,-245.48338317871094,93.68895721435547
0.0452880859375,-0.35009765625,-0.0010986328125,29.296873092651367,-160.88865661621094,-45.349117279052734
0.116455078125,-0.2015380859375,-0.0379638671875,37.59765625,-121.76512908935547,-48.095699310302734
0.238525390625,-0.1937255859375,0.0235595703125,45.104976654052734,-116.57714080810547,13.122557640075684
0.51025390625,-0.7083740234375,0.21630859375,36.376953125,-111.26708221435547,77.2705078125
0.5743408203125,-1.570556640625,0.446533203125,15.075682640075684,-100.58592987060547,45.410152435302734
0.376953125,-2.005859375,0.664306640625,3.723144292831421,-75.3173828125,-84.47264862060547
0.30126953125,-1.83740234375,0.7054443359375,15.502928733825684,-41.687007904052734,-141.05224609375
0.314697265625,-1.4027099609375,0.3560791015625,31.005857467651367,-41.015621185302734,-24.963376998901367
0.2161865234375,-0.9630126953125,-0.0814208984375,21.972654342651367,-43.090816497802734,125.73241424560547
0.0972900390625,-0.65771484375,-0.0614013671875,-6.225585460662842,-13.732909202575684,134.58251953125
0.125244140625,-0.550537109375,0.259033203125,-16.90673828125,-10.131834983825684,19.53125
0.1405029296875,-0.4927978515625,0.3345947265625,5.065917491912842,-59.509273529052734,-59.143062591552734
0.1846923828125,-0.402587890625,0.1588134765625,31.555173873901367,-90.75926971435547,-28.747556686401367
0.24755859375,-0.34716796875,-0.041748046875,35.2783203125,-72.08251953125,59.875484466552734
0.162353515625,-0.7176513671875,-0.2115478515625,16.17431640625,-34.0576171875,145.81298828125
0.022216796875,-1.661376953125,-0.251953125,1.03759765625,-8.9111328125,122.68065643310547
0.1104736328125,-2.2213134765625,0.083740234375,3.112792730331421,1.3427733182907104,-28.808591842651367
0.214599609375,-1.9071044921875,0.4608154296875,8.85009765625,5.065917491912842,-99.18212127685547
0.080322265625,-1.3336181640625,0.4527587890625,7.934569835662842,-12.084959983825684,6.469726085662842
-0.0948486328125,-0.422119140625,0.122802734375,0.54931640625,-25.146482467651367,101.92870330810547
0.0306396484375,-0.1796875,0.023193359375,0.1831054538488388,27.465818405151367,11.779784202575684
0.087158203125,-0.116943359375,-0.0408935546875,-0.7934569716453552,67.0166015625,-43.945308685302734
0.0989990234375,-0.208740234375,-0.0223388671875,-3.723144292831421,73.18115234375,-25.512693405151367
0.4046630859375,-0.752197265625,0.16259765625,-17.08984375,62.622066497802734,27.770994186401367
0.59716796875,-1.7076416015625,0.43408203125,-38.9404296875,66.95556640625,30.456541061401367
0.349609375,-2.0787353515625,0.64501953125,-50.170894622802734,109.92430877685547,-50.842281341552734
0.2220458984375,-1.726806640625,0.7052001953125,-39.794921875,173.76707458496094,-120.84960174560547
0.380126953125,-1.3643798828125,0.4564208984375,-26.184080123901367,184.08201599121094,-79.58984375
0.4910888671875,-1.0538330078125,0.029296875,-31.311033248901367,134.46044921875,16.845703125
0.3553466796875,-0.6767578125,-0.114990234375,-47.790523529052734,109.92430877685547,49.438472747802734
0.2701416015625,-0.404296875,0.055419921875,-49.133296966552734,116.39403533935547,7.995604991912842
0.235595703125,-0.26611328125,0.1781005859375,-27.526853561401367,93.50585174560547,-38.14697265625
0.125732421875,-0.1580810546875,0.0650634765625,-8.1787109375,47.912593841552734,-31.066892623901367
0.2078857421875,-0.22265625,-0.11669921875,-6.042479991912842,26.184080123901367,41.259761810302734
0.2933349609375,-1.113037109375,-0.2218017578125,-6.774901866912842,40.10009765625,130.92041015625
0.237060546875,-2.077880859375,-0.2386474609375,2.197265625,67.07763671875,89.59960174560547
0.2734375,-2.065673828125,-0.04248046875,5.981444835662842,90.33202362060547,-70.49560546875
0.242431640625,-1.639404296875,0.307373046875,0.7934569716453552,84.41161346435547,-136.962890625
0.147216796875,-1.275146484375,0.3653564453125,0.9765624403953552,34.912109375,-56.884761810302734
0.1148681640625,-0.9071044921875,0.05224609375,-3.356933355331421,0.9155272841453552,52.368160247802734
0.0662841796875,-0.4530029296875,-0.18212890625,-17.4560546875,19.95849609375,88.62303924560547
0.019287109375,-0.23583984375,-0.1341552734375,-16.9677734375,44.494625091552734,53.955074310302734
0.0054931640625,-0.3455810546875,0.0216064453125,0.7324218153953552,56.762691497802734,9.765625
0.08154296875,-0.481201171875,0.0877685546875,10.314940452575684,69.51904296875,-15.624999046325684
0.50634765625,-1.4066162109375,0.3795166015625,-1.2817381620407104,59.631343841552734,-19.4091796875
0.405029296875,-1.75341796875,0.4267578125,-7.751464366912842,68.29833984375,-44.616695404052734
0.356689453125,-1.5709228515625,0.27587890625,-8.97216796875,119.01854705810547,-93.74999237060547
0.3453369140625,-1.3089599609375,0.0048828125,-1.3427733182907104,159.36279296875,-87.46337127685547
0.3228759765625,-0.994384765625,-0.1387939453125,-8.36181640625,136.77978515625,-34.7900390625
0.3179931640625,-0.6519775390625,-0.009521484375,-22.155759811401367,75.3173828125,-13.549803733825684
0.28759765625,-0.45751953125,0.1536865234375,-8.36181640625,4.57763671875,-26.000974655151367
0.1961669921875,-0.338623046875,0.1287841796875,25.329587936401367,-58.166500091552734,-15.441893577575684
0.119873046875,-0.2325439453125,-0.1041259765625,48.767086029052734,-78.67431640625,34.3017578125
0.2161865234375,-0.421142578125,-0.3280029296875,52.185054779052734,-62.316890716552734,99.12108612060547
0.2540283203125,-1.3367919921875,-0.293212890625,40.771480560302734,-55.541988372802734,154.11376953125
0.1844482421875,-2.1573486328125,-0.1466064453125,29.907224655151367,-60.791011810302734,84.65575408935547
0.250244140625,-2.1031494140625,0.0767822265625,37.53662109375,-67.3828125,-62.133785247802734
0.2056884765625,-1.6236572265625,0.311279296875,56.701656341552734,-83.43505096435547,-80.01708984375
-0.00048828125,-1.0240478515625,0.2662353515625,58.959957122802734,-103.14940643310547,14.343260765075684
-0.08544921875,-0.4677734375,0.024658203125,46.081539154052734,-123.22997283935547,58.959957122802734
-0.021728515625,-0.1041259765625,-0.1053466796875,51.391597747802734,-134.58251953125,3.723144292831421
0.082275390625,0.0714111328125,-0.12060546875,69.76318359375,-117.55370330810547,-34.97314453125
0.1668701171875,-0.0025634765625,-0.1041259765625,66.10107421875,-90.45409393310547,13.977049827575684
0.4595947265625,-0.8917236328125,0.0638427734375,30.090330123901367,-81.72606658935547,80.56639862060547
0.6058349609375,-2.0469970703125,0.4161376953125,-10.803221702575684,-59.448238372802734,25.573728561401367
0.4549560546875,-2.30029296875,0.62109375,-25.207517623901367,1.0986328125,-126.03759002685547
0.3138427734375,-1.9171142578125,0.5457763671875,-15.502928733825684,23.742673873901367,-159.72900390625
0.2369384765625,-1.406005859375,0.263671875,-7.080077648162842,-45.471187591552734,-14.221190452575684
0.238037109375,-0.847900390625,-0.04931640625,-12.023924827575684,-112.24364471435547,125.42723846435547
0.208984375,-0.473388671875,0.066162109375,-23.254392623901367,-101.50145721435547,110.47362518310547
0.1932373046875,-0.3076171875,0.3048095703125,-23.986814498901367,-65.12451171875,15.808104515075684
0.1962890625,-0.2039794921875,0.229248046875,-8.72802734375,-43.518062591552734,-13.427733421325684
0.2322998046875,-0.2003173828125,-0.0091552734375,6.042479991912842,-17.27294921875,41.625972747802734
0.1907958984375,-0.6048583984375,-0.2291259765625,11.718749046325684,2.01416015625,117.24852752685547
0.1248779296875,-1.63232421875,-0.448486328125,13.244627952575684,-12.878417015075684,110.22948455810547
0.291259765625,-1.741943359375,0.365478515625,22.094724655151367,-46.997066497802734,-145.3857421875
0.2008056640625,-1.187255859375,0.681396484375,31.860349655151367,-87.46337127685547,-57.800289154052734
0.003662109375,-0.813232421875,0.4327392578125,35.400390625,-122.86376190185547,79.65087890625
-0.0284423828125,-0.490234375,0.1060791015625,24.475095748901367,-108.94774627685547,89.66063690185547
0.01318359375,-0.2393798828125,0.0576171875,9.46044921875,-42.358394622802734,17.27294921875
0.0030517578125,-0.1744384765625,0.1348876953125,-1.220703125,39.55078125,11.230467796325684
0.2501220703125,-0.3974609375,0.2684326171875,-13.549803733825684,102.72216033935547,78.61328125
0.6080322265625,-1.2841796875,0.4114990234375,-30.334470748901367,142.578125,106.26219940185547
0.63134765625,-1.9638671875,0.607177734375,-40.832515716552734,156.982421875,-17.822265625
0.5548095703125,-1.7449951171875,0.8018798828125,-49.438472747802734,170.59324645996094,-181.64060974121094
0.6356201171875,-1.34375,0.7196044921875,-68.90869140625,196.22801208496094,-159.423828125
0.7845458984375,-0.9619140625,0.4083251953125,-79.28466796875,177.61228942871094,-17.822265625
0.681884765625,-0.6055908203125,0.114013671875,-72.81494140625,144.47021484375,57.617183685302734
0.4271240234375,-0.3770751953125,0.0638427734375,-63.598628997802734,157.53173828125,41.198726654052734
0.3714599609375,-0.233154296875,0.150390625,-52.429195404052734,174.62156677246094,-7.141112804412842
0.36669921875,-0.1246337890625,0.115966796875,-42.175289154052734,155.6396484375,-34.3017578125
0.3953857421875,-0.1541748046875,-0.0526123046875,-47.546382904052734,130.18798828125,-14.404295921325684
0.57666015625,-0.661865234375,-0.119140625,-72.6318359375,153.1982421875,56.701656341552734
0.6888427734375,-1.5880126953125,-0.0059814453125,-67.32177734375,220.39793395996094,104.30907440185547
0.7176513671875,-2.0728759765625,0.1697998046875,-23.559568405151367,239.31883239746094,23.681638717651367
0.6689453125,-1.8533935546875,0.2447509765625,-10.681151390075684,167.66355895996094,-85.38817596435547
0.442138671875,-1.380126953125,0.22607421875,-29.602048873901367,81.17675018310547,-83.55712127685547
0.2652587890625,-0.89111328125,0.2178955078125,-40.405269622802734,54.321285247802734,-6.530761241912842
0.28857421875,-0.52734375,0.1575927734375,-28.869626998901367,63.659664154052734,49.865718841552734
0.3038330078125,-0.2789306640625,0.0693359375,-8.48388671875,72.69287109375,46.813961029052734
0.184814453125,-0.1524658203125,0.0069580078125,-4.33349609375,104.37010955810547,23.071287155151367
0.1485595703125,-0.302001953125,-0.0115966796875,-11.962889671325684,160.58349609375,16.90673828125
0.6929931640625,-1.562255859375,0.3995361328125,-33.75244140625,235.16844177246094,32.8369140625
0.772705078125,-1.8221435546875,0.5146484375,-33.5693359375,203.18601989746094,-30.517576217651367
0.621337890625,-1.701416015625,0.2611083984375,-27.832029342651367,158.8134765625,-72.8759765625
0.4605712890625,-1.4959716796875,0.0758056640625,-26.184080123901367,147.5830078125,-39.9169921875
0.358642578125,-1.0504150390625,0.17431640625,-32.71484375,145.1416015625,-8.85009765625
0.3536376953125,-0.572265625,0.2725830078125,-35.94970703125,125.54930877685547,-2.929687261581421
0.345947265625,-0.304443359375,0.171630859375,-24.291990280151367,87.70751190185547,5.0048828125
0.2391357421875,-0.16748046875,-0.0330810546875,-10.742186546325684,58.898921966552734,11.779784202575684
0.138427734375,-0.13427734375,-0.15576171875,-6.652831554412842,58.898921966552734,15.624999046325684
0.2952880859375,-0.443359375,-0.07421875,-13.488768577575684,80.81053924560547,54.565425872802734
0.48779296875,-1.462158203125,-0.0760498046875,-11.291502952575684,105.46874237060547,115.11229705810547
0.3861083984375,-2.2232666015625,-0.058349609375,21.179197311401367,73.6083984375,62.438961029052734
0.227783203125,-1.974365234375,0.2335205078125,40.405269622802734,-1.5869139432907104,-59.082027435302734
0.1585693359375,-1.1534423828125,0.4527587890625,2.25830078125,-29.479978561401367,17.02880859375
0.1810302734375,-0.6824951171875,0.2332763671875,-5.737304210662842,-44.128414154052734,63.537593841552734
0.1505126953125,-0.343505859375,-0.0130615234375,6.652831554412842,-24.902341842651367,53.649898529052734
0.0205078125,-0.220703125,-0.1341552734375,15.991209983825684,48.706050872802734,24.047849655151367
0.0047607421875,-0.4798583984375,0.1138916015625,-5.859374523162842,132.8125,4.45556640625
0.3218994140625,-0.909912109375,0.4427490234375,-18.310546875,137.451171875,16.05224609375
0.4912109375,-1.4952392578125,0.7010498046875,-28.686521530151367,127.62450408935547,-6.347655773162842
0.4012451171875,-1.794921875,0.6942138671875,-28.076169967651367,103.02733612060547,-63.476558685302734
0.346923828125,-1.7264404296875,0.4700927734375,-18.00537109375,105.77391815185547,-81.42089080810547
0.3631591796875,-1.3995361328125,0.272216796875,-13.549803733825684,131.8359375,-41.381832122802734
0.41455078125,-0.917724609375,0.185546875,-22.644041061401367,132.8125,-8.1787109375
0.3934326171875,-0.495849609375,0.1258544921875,-29.113767623901367,104.12596893310547,0.3662109076976776
0.2509765625,-0.23583984375,-0.0096435546875,-20.935056686401367,69.64111328125,-3.540038824081421
0.0948486328125,-0.079833984375,-0.211181640625,-10.803221702575684,48.767086029052734,-16.41845703125
0.0775146484375,-0.020263671875,-0.216552734375,-10.314940452575684,39.48974609375,-4.45556640625
0.2933349609375,-0.6669921875,-0.058837890625,-17.08984375,43.395992279052734,70.6787109375
0.29833984375,-1.9443359375,-0.026611328125,-3.906249761581421,46.752925872802734,115.29540252685547
0.1680908203125,-2.4305419921875,0.0042724609375,16.78466796875,39.24560546875,4.33349609375
0.189697265625,-1.92724609375,0.2633056640625,18.06640625,25.024412155151367,-98.81591033935547
0.0989990234375,-1.383056640625,0.4996337890625,14.099120140075684,-3.051757574081421,-35.21728515625
0.0107421875,-0.9530029296875,0.356689453125,5.249022960662842,-26.916501998901367,68.17626953125
0.0035400390625,-0.479736328125,0.08154296875,-2.44140625,-27.526853561401367,85.99852752685547
-0.0081787109375,-0.1571044921875,-0.022705078125,-1.6479490995407104,5.187987804412842,33.69140625
-0.043701171875,-0.0634765625,-0.013427734375,0.8544921278953552,58.044429779052734,-17.02880859375
0.06201171875,-0.2197265625,0.0556640625,0.1831054538488388,95.82518768310547,-32.3486328125
0.41650390625,-0.99658203125,0.3067626953125,-13.916014671325684,121.33788299560547,-2.868652105331421
0.523193359375,-1.95947265625,0.70654296875,-30.578611373901367,132.87353515625,20.690916061401367
0.33203125,-2.10205078125,0.8199462890625,-25.329587936401367,127.92967987060547,-46.203609466552734
0.3385009765625,-1.653076171875,0.611083984375,-10.925292015075684,128.7841796875,-102.72216033935547
0.4881591796875,-1.17236328125,0.3055419921875,-19.1650390625,119.01854705810547,-57.373043060302734
0.45068359375,-0.7276611328125,0.0345458984375,-41.748043060302734,107.05565643310547,0.2441406100988388
0.2410888671875,-0.372802734375,-0.064208984375,-44.311519622802734,121.33788299560547,4.150390625
0.1370849609375,-0.1025390625,-0.0810546875,-24.902341842651367,129.2724609375,-34.11865234375
0.132568359375,0.0828857421875,-0.1495361328125,-8.1787109375,105.89598846435547,-45.715328216552734
0.246337890625,0.02685546875,-0.1383056640625,-12.084959983825684,72.32666015625,16.11328125
0.367431640625,-1.0111083984375,-0.0479736328125,-27.038572311401367,53.283687591552734,115.11229705810547
0.2357177734375,-2.3515625,0.00732421875,-11.718749046325684,22.827146530151367,93.38378143310547
0.22998046875,-2.4927978515625,0.10498046875,10.742186546325684,-3.234863042831421,-62.927242279052734
0.2977294921875,-1.8970947265625,0.3048095703125,13.427733421325684,4.82177734375,-107.05565643310547
0.134033203125,-1.354736328125,0.3848876953125,20.080564498901367,2.868652105331421,-2.990722417831421
0.0682373046875,-0.802734375,0.156005859375,17.333984375,-10.314940452575684,62.866207122802734
0.0438232421875,-0.2918701171875,-0.076171875,11.108397483825684,-9.58251953125,32.77587890625
-0.041015625,-0.01806640625,-0.0928955078125,8.6669921875,18.5546875,-6.225585460662842
-0.0357666015625,0.0594482421875,-0.0069580078125,2.563476324081421,62.194820404052734,5.187987804412842
0.1583251953125,-0.17431640625,0.1424560546875,0.1220703050494194,87.52440643310547,35.70556640625
0.41552734375,-1.080322265625,0.468994140625,-0.30517578125,91.55272674560547,48.645015716552734
0.418212890625,-2.01806640625,0.65576171875,-0.9765624403953552,86.42577362060547,-17.63916015625
0.34521484375,-2.04541015625,0.5360107421875,-5.249022960662842,98.81591033935547,-127.01415252685547
0.37109375,-1.59130859375,0.26416015625,-13.610838890075684,128.90625,-130.37109375
0.3724365234375,-0.58544921875,-0.150390625,-36.2548828125,142.76123046875,4.82177734375
0.265625,-0.22265625,0.0130615234375,-25.512693405151367,97.77831268310547,-18.61572265625
0.144775390625,-0.1068115234375,0.0999755859375,13.977049827575684,3.784179449081421,-50.537105560302734
0.13525390625,-0.1685791015625,-0.0748291015625,52.429195404052734,-75.13427734375,-25.207517623901367
0.2862548828125,-0.510009765625,-0.3175048828125,60.729976654052734,-87.58544158935547,56.152339935302734
0.495361328125,-1.490966796875,-0.4954833984375,47.790523529052734,-66.71142578125,117.37059783935547
0.5684814453125,-2.2738037109375,-0.4285888671875,36.31591796875,-61.706539154052734,57.617183685302734
0.636474609375,-2.0799560546875,-0.139404296875,40.893550872802734,-75.0732421875,-57.922359466552734
0.560791015625,-1.469482421875,0.0845947265625,58.288570404052734,-110.16844940185547,-55.847164154052734
0.245849609375,-0.8681640625,0.181884765625,69.2138671875,-167.11424255371094,31.127927780151367
0.0506591796875,-0.4447021484375,0.21240234375,70.98388671875,-209.83885192871094,54.687496185302734
0.0159912109375,-0.2696533203125,0.1990966796875,73.66943359375,-217.16307067871094,1.7089842557907104
0.0347900390625,-0.2791748046875,0.101806640625,72.08251953125,-181.39646911621094,-27.954099655151367
0.1070556640625,-0.343994140625,0.0206298828125,61.950679779052734,-114.44091033935547,14.465331077575684
0.2275390625,-0.5140380859375,0.1177978515625,52.978511810302734,-70.73974609375,81.97020721435547
0.4344482421875,-1.0465087890625,0.317138671875,33.3251953125,-70.12939453125,106.32323455810547
0.4576416015625,-1.7501220703125,0.2921142578125,-2.990722417831421,-65.73486328125,38.87939453125
0.268798828125,-2.0565185546875,0.29345703125,-11.840819358825684,-25.085447311401367,-68.84765625
0.1993408203125,-1.7867431640625,0.39794921875,19.22607421875,4.08935546875,-100.15868377685547
0.227294921875,-1.2215576171875,0.185791015625,42.297359466552734,-17.822265625,-12.145995140075684
0.225341796875,-0.7696533203125,-0.0631103515625,37.65869140625,-49.499507904052734,89.35546112060547
0.1962890625,-0.579833984375,0.13427734375,11.596678733825684,-64.8193359375,67.56591796875
0.1654052734375,-0.526611328125,0.510986328125,-9.70458984375,-108.94774627685547,-30.090330123901367
0.1104736328125,-0.4576416015625,0.4844970703125,-1.220703125,-153.4423828125,-56.945796966552734
0.1351318359375,-0.3587646484375,0.1728515625,19.22607421875,-126.46483612060547,13.061522483825684
0.22802734375,-0.396728515625,-0.1414794921875,28.686521530151367,-58.166500091552734,93.87206268310547
0.36279296875,-1.2293701171875,-0.4737548828125,26.611326217651367,-12.634276390075684,127.31932830810547
0.4595947265625,-2.1641845703125,-0.40966796875,23.742673873901367,-6.164550304412842,54.382320404052734
0.4942626953125,-2.1038818359375,0.212646484375,29.479978561401367,-37.59765625,-62.133785247802734
0.40087890625,-1.544189453125,0.5843505859375,39.306640625,-114.01366424560547,-42.907711029052734
0.1534423828125,-1.04296875,0.4454345703125,33.3251953125,-185.97410583496094,84.53368377685547
-0.013916015625,-0.6258544921875,0.223388671875,9.21630859375,-174.37742614746094,126.77001190185547
-0.0794677734375,-0.2861328125,0.1112060546875,1.3427733182907104,-93.62792205810547,20.812986373901367
-0.0894775390625,-0.1644287109375,0.07666015625,23.254392623901367,-33.75244140625,-92.59032440185547
0.0577392578125,-0.2076416015625,0.0426025390625,43.029781341552734,-15.686034202575684,-77.81982421875
0.314453125,-0.4871826171875,-0.001953125,29.296873092651367,10.192870140075684,35.7666015625
0.496826171875,-1.201416015625,0.1466064453125,-18.98193359375,57.617183685302734,104.06493377685547
0.530029296875,-1.816162109375,0.4715576171875,-45.227046966552734,90.51512908935547,-3.051757574081421
0.569091796875,-1.8017578125,0.6317138671875,-22.460935592651367,86.05956268310547,-176.45262145996094
0.5909423828125,-1.4957275390625,0.5189208984375,3.417968511581421,19.4091796875,-175.35398864746094
0.238037109375,-0.7841796875,0.1151123046875,-17.578125,-79.4677734375,125.85448455810547
0.23828125,-0.438232421875,0.0826416015625,-21.789548873901367,-39.00146484375,135.92529296875
0.3038330078125,-0.202880859375,0.030517578125,-10.314940452575684,-3.356933355331421,88.80614471435547
0.1800537109375,-0.0184326171875,-0.11669921875,-1.15966796875,16.78466796875,56.518550872802734
0.105712890625,-0.0172119140625,-0.1993408203125,2.807616949081421,14.770506858825684,48.522945404052734
0.2052001953125,-0.74658203125,-0.1092529296875,0.30517578125,-18.85986328125,76.416015625
0.1087646484375,-1.874755859375,-0.0638427734375,-3.540038824081421,-55.419918060302734,63.781734466552734
0.341552734375,-2.2425537109375,-0.0098876953125,-6.347655773162842,-35.888671875,-88.43993377685547
0.684814453125,-1.871337890625,0.3121337890625,3.234863042831421,-1.2817381620407104,-187.56101989746094
0.34228515625,-1.3583984375,0.5704345703125,27.404783248901367,-38.14697265625,-49.987789154052734
0.011474609375,-0.8450927734375,0.3758544921875,38.26904296875,-105.59081268310547,116.27196502685547
0.015625,-0.4171142578125,0.076416015625,31.433103561401367,-122.31444549560547,100.70800018310547
-0.0050048828125,-0.185546875,-0.0103759765625,14.282225608825684,-52.917476654052734,19.34814453125
-0.052001953125,-0.0928955078125,0.0089111328125,-5.0048828125,51.147457122802734,14.953612327575684
0.1124267578125,-0.1597900390625,0.068603515625,-15.380858421325684,98.38866424560547,58.105464935302734
0.3800048828125,-0.884033203125,0.2728271484375,-18.4326171875,79.9560546875,98.14452362060547
0.4217529296875,-1.91943359375,0.564208984375,-17.88330078125,67.56591796875,64.75830078125
0.3521728515625,-2.220703125,0.8018798828125,-18.49365234375,98.32762908935547,-48.339839935302734
0.324462890625,-1.8394775390625,0.8148193359375,-22.521970748901367,139.16015625,-98.44969940185547
0.345458984375,-1.2891845703125,0.4437255859375,-25.085447311401367,158.38623046875,-37.353515625
0.3958740234375,-0.7799072265625,0.00830078125,-28.198240280151367,169.25047302246094,35.94970703125
0.3992919921875,-0.40673828125,-0.08837890625,-35.0341796875,176.33055114746094,53.833003997802734
0.3060302734375,-0.1834716796875,0.029052734375,-34.72900390625,139.6484375,23.986814498901367
0.10595703125,-0.0389404296875,0.0184326171875,-22.766111373901367,68.7255859375,-11.352538108825684
0.03662109375,-0.0506591796875,-0.0780029296875,-12.756346702575684,28.076169967651367,-7.568358898162842
0.2174072265625,-0.5299072265625,-0.0223388671875,-17.88330078125,57.312007904052734,56.213375091552734
0.394287109375,-1.4539794921875,0.0638427734375,-11.596678733825684,125.12206268310547,112.91503143310547
0.3135986328125,-2.0738525390625,0.1318359375,20.324705123901367,122.92479705810547,46.569820404052734
0.1617431640625,-2.052734375,0.1529541015625,27.770994186401367,51.452632904052734,-64.51416015625
0.0728759765625,-1.737060546875,0.1795654296875,8.23974609375,8.60595703125,-83.74022674560547
-0.0177001953125,-1.3525390625,0.4173583984375,-1.4038084745407104,2.929687261581421,-41.015621185302734
0.0367431640625,-0.9412841796875,0.457275390625,0.6713866591453552,27.832029342651367,5.737304210662842
0.1641845703125,-0.5574951171875,0.1082763671875,5.371093273162842,85.93749237060547,39.36767578125
0.1502685546875,-0.2724609375,-0.1993408203125,4.638671875,139.404296875,50.476070404052734
0.0394287109375,-0.1470947265625,-0.2427978515625,-2.50244140625,163.69627380371094,30.578611373901367
0.1480712890625,-0.2755126953125,-0.0916748046875,-10.253905296325684,162.17039489746094,-3.234863042831421
0.385986328125,-0.9879150390625,0.29150390625,-12.207030296325684,126.70897674560547,-26.367185592651367
0.4520263671875,-1.8465576171875,0.7528076171875,-14.465331077575684,61.584468841552734,-69.4580078125
0.5277099609375,-2.029296875,0.781982421875,-30.151365280151367,48.339839935302734,-117.30956268310547
0.599853515625,-1.7200927734375,0.3914794921875,-44.433589935302734,115.96678924560547,-74.76806640625
0.5220947265625,-1.239013671875,0.041015625,-49.316402435302734,181.21336364746094,20.080564498901367
0.4119873046875,-0.70166015625,-0.0238037109375,-50.415035247802734,200.07322692871094,64.51416015625
0.359375,-0.359375,0.111328125,-35.82763671875,178.95506286621094,46.081539154052734
0.310791015625,-0.21240234375,0.1495361328125,-13.305663108825684,142.2119140625,7.690429210662842
0.2916259765625,-0.1170654296875,-0.052001953125,-5.920409679412842,119.26268768310547,-4.150390625
0.419921875,-1.193115234375,-0.3521728515625,-7.934569835662842,145.1416015625,68.7255859375
0.39111328125,-2.1824951171875,-0.1717529296875,18.49365234375,146.8505859375,34.912109375
0.403076171875,-2.1961669921875,0.190673828125,33.8134765625,102.53905487060547,-72.265625
0.3800048828125,-1.6610107421875,0.4161376953125,20.935056686401367,53.039546966552734,-73.2421875
0.2020263671875,-1.1856689453125,0.2474365234375,4.57763671875,47.790523529052734,36.19384765625
0.095458984375,-0.7489013671875,-0.021728515625,-10.742186546325684,68.9697265625,94.54344940185547
0.1046142578125,-0.37158203125,-0.0792236328125,-16.357421875,77.81982421875,51.391597747802734
0.078125,-0.18994140625,-0.029296875,-9.6435546875,83.80126190185547,-1.8920897245407104
0.0169677734375,-0.157958984375,0.0013427734375,0.7324218153953552,107.66600799560547,0.54931640625
0.128662109375,-0.2901611328125,0.0869140625,9.70458984375,126.77001190185547,29.174802780151367
0.45654296875,-0.934814453125,0.29736328125,6.896972179412842,141.9677734375,42.724605560302734
0.595458984375,-1.780517578125,0.5107421875,-7.995604991912842,169.31150817871094,-4.150390625
0.55126953125,-2.0538330078125,0.5145263671875,-26.428220748901367,195.12937927246094,-128.96728515625
0.5155029296875,-1.7264404296875,0.3382568359375,-51.147457122802734,215.69822692871094,-199.15769958496094
0.5731201171875,-1.140869140625,0.1156005859375,-81.11571502685547,218.93309020996094,-123.84032440185547
0.6494140625,-0.65478515625,-0.0389404296875,-92.04100799560547,167.66355895996094,-8.85009765625
0.4791259765625,-0.427001953125,-0.0203857421875,-74.76806640625,90.94237518310547,56.945796966552734
0.2894287109375,-0.406005859375,0.053466796875,-45.715328216552734,49.194332122802734,63.293453216552734
0.2303466796875,-0.4276123046875,0.029296875,-18.4326171875,44.311519622802734,33.87451171875
0.2220458984375,-0.3521728515625,-0.0848388671875,-3.173827886581421,57.617183685302734,27.282712936401367
0.3795166015625,-0.5435791015625,-0.177734375,3.051757574081421,67.44384765625,69.091796875
0.4029541015625,-1.397216796875,-0.221923828125,10.803221702575684,35.82763671875,82.33641815185547
0.3724365234375,-2.0625,-0.193115234375,10.925292015075684,-10.620116233825684,-33.50830078125
0.5045166015625,-1.9195556640625,-0.0174560546875,-1.9531248807907104,-7.995604991912842,-139.5263671875
0.41064453125,-1.440673828125,0.1265869140625,-6.774901866912842,17.578125,-65.7958984375
0.1849365234375,-0.926025390625,0.0723876953125,-4.21142578125,31.066892623901367,58.471675872802734
0.0687255859375,-0.5233154296875,-0.046142578125,-6.652831554412842,33.0810546875,80.62743377685547
0.0096435546875,-0.333251953125,-0.0755615234375,-4.638671875,19.53125,20.812986373901367
-0.0059814453125,-0.3182373046875,-0.0103759765625,4.94384765625,10.681151390075684,-36.865234375
0.0982666015625,-0.3419189453125,0.0823974609375,9.3994140625,27.954099655151367,-38.4521484375
0.4166259765625,-0.521484375,0.171142578125,-0.7324218153953552,65.185546875,15.136717796325684
0.60595703125,-1.1279296875,0.241943359375,-18.6767578125,93.62792205810547,91.55272674560547
0.3963623046875,-1.7867431640625,0.3331298828125,-18.12744140625,81.35985565185547,88.56200408935547
0.2650146484375,-1.87939453125,0.3719482421875,-2.929687261581421,71.6552734375,-35.2783203125
0.3338623046875,-1.5230712890625,0.2520751953125,2.01416015625,86.18163299560547,-106.56737518310547
0.3863525390625,-1.1131591796875,0.067626953125,0.30517578125,83.37401580810547,-44.433589935302734
0.3580322265625,-0.70068359375,-0.010009765625,-7.080077648162842,73.79150390625,27.221677780151367
0.30712890625,-0.3521728515625,0.0091552734375,-10.681151390075684,61.828609466552734,29.785154342651367
0.229248046875,-0.139892578125,-0.029052734375,-1.0986328125,35.58349609375,-2.746581792831421
0.1611328125,-0.0355224609375,-0.1754150390625,9.033203125,13.427733421325684,-8.30078125
0.28173828125,-0.4505615234375,-0.27294921875,13.305663108825684,14.221190452575684,41.076656341552734
0.31103515625,-1.60986328125,-0.1805419921875,14.709471702575684,30.822751998901367,91.18651580810547
0.331298828125,-2.2764892578125,0.0574951171875,16.845703125,25.451658248901367,0.9765624403953552
0.403076171875,-1.9134521484375,0.326171875,24.169919967651367,-14.221190452575684,-121.52098846435547
0.226318359375,-1.36865234375,0.373046875,29.418943405151367,-48.095699310302734,-67.87109375
0.0628662109375,-0.4505615234375,-0.04248046875,8.056640625,-33.99658203125,106.81151580810547
0.028564453125,-0.2364501953125,-0.0762939453125,0.1831054538488388,-6.774901866912842,69.27490234375
-0.1019287109375,-0.306396484375,0.0054931640625,2.13623046875,18.85986328125,17.2119140625
-0.079833984375,-0.4710693359375,0.0460205078125,7.751464366912842,42.846675872802734,-5.859374523162842
0.2169189453125,-0.729736328125,0.0657958984375,8.48388671875,37.04833984375,-2.01416015625
0.491943359375,-1.302001953125,0.1910400390625,-2.0751953125,25.756834030151367,2.807616949081421
0.4276123046875,-1.7747802734375,0.393798828125,-9.3994140625,43.762203216552734,-38.57421875
0.3424072265625,-1.7435302734375,0.44140625,-3.051757574081421,70.556640625,-113.58641815185547
0.3270263671875,-1.4644775390625,0.2615966796875,2.807616949081421,66.162109375,-123.53514862060547
0.2952880859375,-1.1075439453125,0.034423828125,0.1220703050494194,20.263669967651367,-62.072750091552734
0.317138671875,-0.725341796875,-0.037109375,-10.375975608825684,-26.733396530151367,-9.1552734375
0.2857666015625,-0.40966796875,0.0714111328125,-15.624999046325684,-53.833003997802734,8.7890625
0.2147216796875,-0.206787109375,0.0938720703125,-4.08935546875,-62.438961029052734,20.751951217651367
0.1461181640625,-0.120849609375,-0.06298828125,13.122557640075684,-48.583980560302734,54.443355560302734
0.1822509765625,-0.2982177734375,-0.23486328125,23.986814498901367,-36.376953125,107.91014862060547
0.2012939453125,-1.152099609375,-0.3414306640625,27.587888717651367,-40.832515716552734,140.7470703125
0.198974609375,-2.095703125,-0.4088134765625,24.719236373901367,-42.480464935302734,41.992183685302734
0.410888671875,-2.2010498046875,-0.1656494140625,26.000974655151367,-42.358394622802734,-127.01415252685547
0.44873046875,-1.750244140625,0.3040771484375,39.9169921875,-58.959957122802734,-146.54541015625
0.1778564453125,-1.225341796875,0.4564208984375,49.499507904052734,-89.84374237060547,-30.822751998901367
-0.0281982421875,-0.6763916015625,0.1708984375,37.7197265625,-108.39842987060547,52.124019622802734
-0.0101318359375,0.02294921875,-0.0966796875,40.710445404052734,-79.345703125,-44.372554779052734
0.1038818359375,-0.0318603515625,-0.0196533203125,50.292964935302734,-57.312007904052734,-41.442867279052734
0.3095703125,-0.5555419921875,0.0137939453125,34.0576171875,-32.5927734375,46.264644622802734
0.4759521484375,-1.5716552734375,0.1939697265625,2.25830078125,-10.986327171325684,91.55272674560547
0.517333984375,-2.0789794921875,0.4669189453125,-16.66259765625,15.075682640075684,-18.4326171875
0.494873046875,-1.8170166015625,0.47412109375,-17.333984375,33.14208984375,-131.04248046875
0.3927001953125,-1.4786376953125,0.208984375,-9.8876953125,-9.521484375,-71.83837890625
0.280029296875,-1.060791015625,-0.045654296875,-9.1552734375,-75.927734375,63.476558685302734
0.21728515625,-0.5487060546875,-0.0531005859375,-21.057126998901367,-82.45848846435547,114.31884002685547
0.2294921875,-0.2322998046875,0.0703125,-23.986814498901367,-55.908199310302734,60.363765716552734
0.2020263671875,-0.13134765625,0.0283203125,-11.108397483825684,-38.2080078125,4.8828125
0.1668701171875,-0.138916015625,-0.117431640625,6.408690929412842,-20.385740280151367,10.314940452575684
0.2891845703125,-0.7469482421875,-0.2247314453125,19.53125,-7.629394054412842,58.776851654052734
0.3292236328125,-1.878662109375,-0.3533935546875,25.573728561401367,-29.235837936401367,77.63671875
0.38623046875,-1.9158935546875,0.2471923828125,45.166011810302734,-94.05516815185547,-85.69335174560547
0.1287841796875,-1.361572265625,0.549072265625,61.828609466552734,-105.34667205810547,-18.49365234375
-0.086181640625,-0.8033447265625,0.2982177734375,55.541988372802734,-117.61473846435547,52.673336029052734
-0.1092529296875,-0.222412109375,-0.067138671875,36.376953125,-103.02733612060547,3.967284917831421
-0.0125732421875,0.166015625,-0.1353759765625,27.221677780151367,-50.781246185302734,-75.5615234375
0.15478515625,0.1895751953125,-0.026611328125,19.4091796875,9.27734375,-46.203609466552734
0.2777099609375,-0.3016357421875,0.134521484375,2.624511480331421,34.48486328125,79.4677734375
0.322998046875,-1.4263916015625,0.3583984375,-8.9111328125,19.59228515625,145.93505859375
0.3714599609375,-2.11572265625,0.5545654296875,-18.4326171875,22.644041061401367,39.24560546875
0.421630859375,-1.95263671875,0.564208984375,-37.65869140625,55.908199310302734,-113.46434783935547
0.404296875,-1.66357421875,0.4677734375,-45.104976654052734,44.616695404052734,-125.30516815185547
0.34228515625,-1.2374267578125,0.31103515625,-33.3251953125,-8.11767578125,-17.27294921875
0.2864990234375,-0.6497802734375,0.1007080078125,-23.803709030151367,-13.488768577575684,88.68407440185547
0.2783203125,-0.17626953125,-0.0235595703125,-25.146482467651367,27.221677780151367,120.42235565185547
0.1195068359375,-0.0283203125,-0.149658203125,-25.634763717651367,21.728513717651367,16.17431640625
0.1611328125,-0.337646484375,-0.05908203125,-18.12744140625,17.2119140625,1.3427733182907104
0.24365234375,-1.39111328125,0.0504150390625,3.662109136581421,51.391597747802734,41.442867279052734
0.3460693359375,-2.3155517578125,0.08984375,14.770506858825684,65.5517578125,-2.44140625
0.380859375,-2.080810546875,0.251220703125,-14.892577171325684,66.46728515625,-108.52050018310547
0.16455078125,-1.393798828125,0.456298828125,-33.8134765625,67.32177734375,-89.23339080810547
0.02587890625,-1.020751953125,0.3538818359375,-9.70458984375,20.080564498901367,21.545408248901367
0.1427001953125,-0.341796875,-0.07421875,-2.929687261581421,-99.36522674560547,-0.0610351525247097
0.1619873046875,-0.148193359375,0.023681640625,-14.587401390075684,-26.855466842651367,-37.04833984375
0.0701904296875,-0.1060791015625,0.0960693359375,-21.728513717651367,93.44481658935547,23.925779342651367
0.27978515625,-0.3726806640625,0.1448974609375,-21.606443405151367,162.04832458496094,94.84862518310547
0.44140625,-2.0714111328125,0.6181640625,-12.634276390075684,124.02342987060547,4.638671875
0.442138671875,-1.8692626953125,0.6060791015625,-20.202634811401367,86.85301971435547,-135.25390625
0.5177001953125,-1.5281982421875,0.333251953125,-28.137205123901367,99.42626190185547,-139.16015625
0.4874267578125,-1.1348876953125,0.109375,-32.28759765625,121.58202362060547,-15.014647483825684
0.38232421875,-0.6551513671875,0.017333984375,-33.3251953125,133.23974609375,61.462398529052734
0.2933349609375,-0.3070068359375,0.0306396484375,-22.338865280151367,124.02342987060547,40.344234466552734
0.21630859375,-0.1553955078125,-0.033203125,-5.126952648162842,82.58055877685547,-13.183592796325684
0.109619140625,-0.1160888671875,-0.1832275390625,2.0751953125,44.799800872802734,-22.827146530151367
0.186279296875,-0.4556884765625,-0.107666015625,-1.3427733182907104,45.532222747802734,34.5458984375
0.4169921875,-1.493896484375,-0.022705078125,3.479003667831421,65.85693359375,87.76854705810547
0.440185546875,-2.2581787109375,-0.0390625,21.301267623901367,41.992183685302734,18.310546875
0.2874755859375,-2.0576171875,0.1890869140625,36.43798828125,-23.071287155151367,-86.85301971435547
0.125244140625,-1.567138671875,0.404052734375,41.992183685302734,-67.9931640625,-65.0634765625
0.0345458984375,-1.02099609375,0.267578125,33.8134765625,-98.87694549560547,20.01953125
0.1732177734375,-0.443603515625,0.0020751953125,23.376462936401367,-101.98973846435547,40.344234466552734
0.23193359375,-0.12451171875,0.0009765625,19.287109375,-39.36767578125,13.122557640075684
0.0458984375,-0.13134765625,0.1109619140625,7.446288585662842,39.9169921875,0.54931640625
-0.0594482421875,-0.2618408203125,0.063720703125,-11.230467796325684,82.39745330810547,-2.50244140625
0.1590576171875,-0.50830078125,0.103271484375,-20.812986373901367,78.06396484375,5.859374523162842
0.511962890625,-1.2548828125,0.4451904296875,-25.634763717651367,65.12451171875,25.085447311401367
0.377685546875,-1.939697265625,0.658203125,-46.081539154052734,102.78319549560547,-121.03270721435547
0.449462890625,-1.55224609375,0.46484375,-42.236324310302734,122.07030487060547,-133.60595703125
0.3895263671875,-1.0272216796875,0.126953125,-39.00146484375,113.89159393310547,-11.901854515075684
0.3121337890625,-0.5604248046875,-0.06884765625,-43.762203216552734,103.82079315185547,94.72655487060547
0.2939453125,-0.2723388671875,-0.0496826171875,-42.846675872802734,99.54833221435547,94.42137908935547
0.2449951171875,-0.098876953125,-0.076416015625,-22.216794967651367,62.561031341552734,34.36279296875
0.1302490234375,-0.03076171875,-0.1541748046875,6.408690929412842,-14.160155296325684,5.249022960662842
0.2139892578125,-0.60498046875,-0.231201171875,28.076169967651367,-69.9462890625,44.860836029052734
0.22900390625,-1.775390625,-0.273681640625,34.72900390625,-65.91796875,77.1484375
0.1368408203125,-2.3343505859375,-0.0322265625,22.216794967651367,-58.837886810302734,11.901854515075684
0.1175537109375,-2.042724609375,0.353515625,13.427733421325684,-71.6552734375,-50.842281341552734
-0.0089111328125,-1.4964599609375,0.4766845703125,19.47021484375,-58.288570404052734,-2.624511480331421
-0.0704345703125,-0.9388427734375,0.2852783203125,16.17431640625,-24.047849655151367,75.1953125
-0.029052734375,-0.452392578125,0.05078125,4.5166015625,-19.59228515625,65.3076171875
-0.051025390625,-0.125,0.0052490234375,6.530761241912842,-37.29248046875,-12.268065452575684
-0.06494140625,-0.009033203125,0.0411376953125,18.98193359375,-13.488768577575684,-45.776363372802734
0.31201171875,-0.7117919921875,0.15380859375,9.09423828125,96.37450408935547,40.527339935302734
0.3436279296875,-1.7296142578125,0.436279296875,-12.207030296325684,118.34716033935547,39.00146484375
0.23291015625,-2.2423095703125,0.6739501953125,-23.315427780151367,122.25341033935547,-59.753414154052734
0.24560546875,-2.036376953125,0.72119140625,-28.381345748901367,124.63378143310547,-144.83642578125
0.274658203125,-1.5279541015625,0.4906005859375,-33.50830078125,113.15917205810547,-102.47801971435547
0.3824462890625,-0.937255859375,0.081787109375,-34.7900390625,94.72655487060547,2.0751953125
0.361572265625,-0.46435546875,-0.153564453125,-30.395505905151367,96.86278533935547,65.5517578125
0.2677001953125,-0.20654296875,-0.0863037109375,-22.521970748901367,91.43065643310547,55.603023529052734
0.18359375,-0.088623046875,-0.033447265625,-11.108397483825684,54.504390716552734,6.225585460662842
0.089599609375,-0.0921630859375,-0.0892333984375,-1.4648436307907104,15.686034202575684,-22.094724655151367
0.232177734375,-0.427978515625,-0.010986328125,0.9155272841453552,20.202634811401367,15.380858421325684
0.414794921875,-1.370361328125,0.13134765625,14.404295921325684,52.246089935302734,67.32177734375
0.3675537109375,-2.1300048828125,0.1064453125,26.977537155151367,57.739253997802734,16.29638671875
0.310302734375,-2.093505859375,0.1025390625,2.01416015625,50.720211029052734,-82.21434783935547
0.2509765625,-1.70703125,0.33642578125,-27.099607467651367,54.321285247802734,-96.86278533935547
0.1666259765625,-1.229736328125,0.5400390625,-26.306150436401367,55.664058685302734,-37.841796875
0.171875,-0.77001953125,0.424072265625,-10.498045921325684,50.476070404052734,24.353025436401367
0.2113037109375,-0.4119873046875,0.1512451171875,0.9155272841453552,45.776363372802734,41.442867279052734
0.1676025390625,-0.191650390625,-0.043212890625,-3.356933355331421,73.8525390625,24.902341842651367
0.0758056640625,-0.140625,-0.0919189453125,-16.2353515625,141.05224609375,15.380858421325684
0.068115234375,-0.2811279296875,0.0003662109375,-20.874021530151367,191.22312927246094,23.681638717651367
0.2550048828125,-0.683349609375,0.2042236328125,-15.014647483825684,190.06346130371094,28.930662155151367
0.655029296875,-1.3421630859375,0.4246826171875,-12.573241233825684,159.66796875,-1.15966796875
1.0478515625,-1.815185546875,0.5091552734375,-28.076169967651367,142.88330078125,-58.715816497802734
1.0145263671875,-1.859375,0.3955078125,-49.194332122802734,161.13279724121094,-87.15819549560547
0.634033203125,-1.6446533203125,0.2991943359375,-53.100582122802734,187.49998474121094,-74.52392578125
0.4747314453125,-1.2042236328125,0.3724365234375,-46.997066497802734,202.08738708496094,-44.250484466552734
0.62109375,-0.7205810546875,0.337158203125,-39.794921875,196.77732849121094,-10.803221702575684
0.5843505859375,-0.37353515625,0.1025390625,-30.883787155151367,168.70115661621094,10.498045921325684
0.2955322265625,-0.139892578125,-0.0755615234375,-27.160642623901367,148.98681640625,13.732909202575684
0.1619873046875,-0.091064453125,-0.1107177734375,-25.756834030151367,144.59228515625,5.615233898162842
0.252685546875,-0.285400390625,-0.0904541015625,-24.597166061401367,139.2822265625,13.061522483825684
0.4080810546875,-0.837158203125,-0.0955810546875,-30.090330123901367,162.90281677246094,46.874996185302734
0.560791015625,-1.6552734375,-0.0364990234375,-24.841306686401367,210.08299255371094,47.912593841552734
0.6221923828125,-2.0728759765625,0.1033935546875,-5.981444835662842,190.30760192871094,-23.742673873901367
0.533447265625,-1.9058837890625,0.1180419921875,-7.873534679412842,122.49755096435547,-73.2421875
0.31982421875,-1.4942626953125,0.119873046875,-29.418943405151367,99.36522674560547,-41.564937591552734
0.1484375,-0.975830078125,0.2193603515625,-39.4287109375,107.48290252685547,7.690429210662842
0.151611328125,-0.493896484375,0.186279296875,-28.564451217651367,90.27098846435547,24.475095748901367
0.1722412109375,-0.1822509765625,0.013916015625,-17.9443359375,56.579586029052734,16.78466796875
0.1116943359375,-0.07763671875,-0.0960693359375,-24.414060592651367,66.46728515625,17.7001953125
0.221435546875,-0.579833984375,0.0673828125,-29.174802780151367,162.17039489746094,48.400875091552734
0.495849609375,-1.3616943359375,0.2962646484375,-27.099607467651367,174.56053161621094,28.686521530151367
0.595703125,-1.8380126953125,0.4339599609375,-29.113767623901367,146.42333984375,-49.621578216552734
0.577880859375,-1.65576171875,0.3641357421875,-30.334470748901367,88.19579315185547,-125.73241424560547
0.4322509765625,-1.35986328125,0.1728515625,-36.376953125,78.857421875,-85.51024627685547
0.33837890625,-1.0711669921875,0.02490234375,-36.1328125,107.54393768310547,12.634276390075684
0.402099609375,-0.7957763671875,0.031494140625,-24.841306686401367,108.33739471435547,51.269527435302734
0.3797607421875,-0.6229248046875,0.0770263671875,-16.54052734375,82.51952362060547,42.358394622802734
0.282958984375,-0.621337890625,0.0045166015625,-3.479003667831421,30.944822311401367,17.15087890625
0.1820068359375,-0.678466796875,-0.1207275390625,17.39501953125,-21.667478561401367,-16.2353515625
0.124267578125,-0.66552734375,-0.161865234375,35.70556640625,-35.888671875,-32.28759765625
0.218017578125,-0.6807861328125,-0.1124267578125,48.767086029052734,-19.95849609375,1.15966796875
0.3009033203125,-1.1268310546875,-0.315673828125,54.016109466552734,2.197265625,55.603023529052734
0.205322265625,-1.6934814453125,-0.638671875,38.57421875,15.319823265075684,39.73388671875
0.2454833984375,-1.8076171875,-0.4708251953125,11.657713890075684,0.30517578125,-45.776363372802734
0.384521484375,-1.540283203125,-0.0576171875,6.896972179412842,-50.048824310302734,-87.76854705810547
0.267578125,-1.07470703125,0.093505859375,26.916501998901367,-105.04149627685547,-30.944822311401367
0.0343017578125,-0.677734375,0.0743408203125,45.227046966552734,-139.5263671875,53.344722747802734
-0.053955078125,-0.4739990234375,0.0595703125,53.161617279052734,-161.13279724121094,70.12939453125
0.006591796875,-0.387939453125,0.07080078125,58.471675872802734,-156.31103515625,16.78466796875
0.0491943359375,-0.3609619140625,0.072998046875,60.668941497802734,-109.31395721435547,-30.212400436401367
0.09521484375,-0.4617919921875,0.06005859375,55.847164154052734,-47.180171966552734,-3.417968511581421
0.284423828125,-0.963134765625,0.076416015625,41.625972747802734,3.845214605331421,59.570308685302734
0.4227294921875,-1.5906982421875,0.2327880859375,17.7001953125,25.939939498901367,46.447750091552734
0.41357421875,-1.808837890625,0.414794921875,0.9765624403953552,-7.019042491912842,-36.62109375
0.3016357421875,-1.6971435546875,0.370361328125,2.929687261581421,-62.927242279052734,-66.10107421875
0.0999755859375,-1.427001953125,0.2257080078125,7.873534679412842,-85.26610565185547,-13.305663108825684
0.006591796875,-1.020263671875,0.14501953125,3.845214605331421,-62.499996185302734,42.114253997802734
0.142333984375,-0.2418212890625,0.056640625,-0.6103515625,-28.747556686401367,8.48388671875
0.1024169921875,-0.115966796875,-0.0733642578125,8.6669921875,-41.259761810302734,-21.362302780151367
0.1990966796875,-0.2125244140625,-0.189697265625,15.869139671325684,-38.87939453125,-9.58251953125
0.5224609375,-1.0313720703125,-0.384521484375,22.460935592651367,-21.057126998901367,45.410152435302734
0.6336669921875,-2.1002197265625,-0.625,30.334470748901367,-11.718749046325684,34.912109375
0.7099609375,-2.2843017578125,-0.43408203125,31.311033248901367,-36.92626953125,-69.64111328125
0.7919921875,-1.7474365234375,0.13623046875,32.3486328125,-91.43065643310547,-90.45409393310547
0.4478759765625,-1.1588134765625,0.4420166015625,34.3017578125,-154.47998046875,27.160642623901367
-0.006591796875,-0.7540283203125,0.2890625,19.6533203125,-199.27976989746094,128.5400390625
-0.13037109375,-0.40478515625,0.0523681640625,4.0283203125,-203.12498474121094,97.10692596435547
-0.0355224609375,-0.1475830078125,0.0068359375,12.756346702575684,-175.84226989746094,3.845214605331421
0.0146484375,-0.0843505859375,0.0283203125,31.066892623901367,-123.35204315185547,-6.103515148162842
0.035888671875,-0.30126953125,0.0504150390625,35.46142578125,-59.448238372802734,65.12451171875
0.1170654296875,-0.749267578125,0.1446533203125,21.789548873901367,-12.023924827575684,103.21044158935547
0.2135009765625,-1.2430419921875,0.2139892578125,-5.310058116912842,20.935056686401367,45.410152435302734
0.27392578125,-1.60400390625,0.298828125,-28.320310592651367,52.368160247802734,-63.171382904052734
0.288818359375,-1.75439453125,0.3612060546875,-28.930662155151367,75.68359375,-109.37499237060547
0.1826171875,-1.6593017578125,0.2174072265625,-17.9443359375,57.678218841552734,-70.00732421875
0.1234130859375,-1.33349609375,0.0390625,-8.4228515625,-2.38037109375,-15.869139671325684
0.1156005859375,-0.944091796875,-0.0057373046875,-0.1831054538488388,-54.016109466552734,30.151365280151367
0.0924072265625,-0.6510009765625,0.071533203125,-2.807616949081421,-73.66943359375,48.767086029052734
0.129150390625,-0.4676513671875,0.11865234375,-10.131834983825684,-73.30322265625,7.568358898162842
0.172607421875,-0.313232421875,0.0416259765625,-2.746581792831421,-54.870601654052734,-51.269527435302734
0.2005615234375,-0.225341796875,-0.0592041015625,15.624999046325684,-12.390135765075684,-58.776851654052734
0.208251953125,-0.4464111328125,-0.192626953125,29.541013717651367,34.3017578125,7.019042491912842
0.260009765625,-1.3499755859375,-0.500244140625,30.456541061401367,50.659175872802734,88.98925018310547
0.295654296875,-2.2110595703125,-0.6602783203125,23.254392623901367,21.545408248901367,64.27001953125
0.3284912109375,-2.2816162109375,-0.2496337890625,27.404783248901367,-57.006832122802734,-36.56005859375
0.3035888671875,-1.8843994140625,0.3099365234375,42.724605560302734,-138.00048828125,-43.762203216552734
0.0731201171875,-1.2877197265625,0.501708984375,49.316402435302734,-165.10008239746094,50.231929779052734
-0.0982666015625,-0.645751953125,0.3011474609375,41.809078216552734,-153.86962890625,90.82030487060547
-0.0711669921875,-0.100830078125,0.04150390625,30.517576217651367,-137.8173828125,9.33837890625
-0.038818359375,0.1929931640625,-0.0469970703125,20.690916061401367,-93.68895721435547,-68.17626953125
0.0311279296875,0.1768798828125,-0.0401611328125,9.94873046875,-2.50244140625,-28.686521530151367
0.26708984375,-0.2611083984375,0.089599609375,-3.845214605331421,73.3642578125,66.5283203125
0.315185546875,-1.3092041015625,0.3797607421875,-18.85986328125,95.33690643310547,111.63329315185547
0.2230224609375,-2.244873046875,0.5562744140625,-25.817869186401367,82.82469940185547,8.72802734375
0.302978515625,-2.2452392578125,0.6201171875,-18.00537109375,47.302242279052734,-151.55029296875
0.323486328125,-1.694091796875,0.558349609375,-6.225585460662842,16.357421875,-140.44189453125
0.2469482421875,-1.0833740234375,0.1988525390625,-7.934569835662842,28.259275436401367,8.30078125
0.242919921875,-0.5487060546875,-0.1263427734375,-17.578125,71.77734375,100.89110565185547
0.2618408203125,-0.142578125,-0.1951904296875,-21.301267623901367,93.99413299560547,72.08251953125
0.1673583984375,0.0814208984375,-0.1624755859375,-15.441893577575684,63.537593841552734,-5.981444835662842
0.0858154296875,0.054931640625,-0.1778564453125,-3.723144292831421,16.4794921875,-35.7666015625
0.196533203125,-0.435302734375,-0.21337890625,2.807616949081421,-9.27734375,22.521970748901367
0.312744140625,-1.5546875,-0.337890625,3.417968511581421,-31.860349655151367,82.94676971435547
0.3104248046875,-2.4488525390625,-0.363525390625,-2.3193359375,-58.410640716552734,2.990722417831421
0.3603515625,-2.3974609375,0.0054931640625,-7.324218273162842,-95.70311737060547,-115.35643768310547
0.317626953125,-1.778564453125,0.3792724609375,9.6435546875,-128.60107421875,-74.89013671875
0.0849609375,-1.0223388671875,0.4189453125,32.71484375,-124.26757049560547,41.870113372802734
-0.056884765625,-0.4547119140625,0.302490234375,37.109375,-103.57665252685547,56.884761810302734
-0.070556640625,-0.1513671875,0.1278076171875,27.770994186401367,-70.12939453125,-13.305663108825684
0.0562744140625,0.0206298828125,-0.042236328125,17.27294921875,-5.554198741912842,-28.137205123901367
0.196044921875,0.0870361328125,-0.0933837890625,11.047362327575684,66.58935546875,35.94970703125
0.2362060546875,-0.226318359375,-0.000732421875,0.6713866591453552,101.31835174560547,78.43017578125
0.3590087890625,-1.2867431640625,0.3101806640625,-18.5546875,86.85301971435547,58.898921966552734
0.38232421875,-2.2415771484375,0.5889892578125,-43.273921966552734,75.37841796875,-19.4091796875
0.2288818359375,-2.2349853515625,0.6048583984375,-55.847164154052734,90.27098846435547,-102.47801971435547
0.199462890625,-1.76318359375,0.415283203125,-41.137691497802734,108.33739471435547,-87.82958221435547
0.2257080078125,-1.1663818359375,0.0394287109375,-18.1884765625,142.7001953125,3.601073980331421
0.21142578125,-0.5738525390625,-0.2183837890625,-8.85009765625,190.36863708496094,65.673828125
0.2886962890625,-0.1424560546875,-0.2021484375,-5.798339366912842,189.75828552246094,36.80419921875
0.28759765625,0.0843505859375,-0.1209716796875,5.981444835662842,90.69823455810547,-35.33935546875
0.1834716796875,0.0281982421875,-0.0928955078125,23.742673873901367,-54.138179779052734,-61.218257904052734
0.252685546875,-0.5955810546875,-0.119873046875,33.0810546875,-140.2587890625,-5.920409679412842
0.347412109375,-1.7496337890625,-0.2108154296875,30.090330123901367,-128.7841796875,52.917476654052734
0.427734375,-2.4117431640625,-0.1939697265625,22.949216842651367,-82.03124237060547,-10.253905296325684
0.593017578125,-2.1595458984375,0.0615234375,29.602048873901367,-73.3642578125,-108.88671112060547
0.47119140625,-1.5570068359375,0.412353515625,57.250972747802734,-115.84471893310547,-54.382320404052734
0.0833740234375,-0.9288330078125,0.4796142578125,75.01220703125,-154.541015625,79.58984375
-0.0704345703125,-0.3433837890625,0.2347412109375,68.7255859375,-148.62060546875,101.92870330810547
-0.000244140625,0.0992431640625,0.038330078125,60.363765716552734,-107.72704315185547,34.72900390625
0.0203857421875,0.266845703125,-0.135009765625,47.790523529052734,-22.949216842651367,20.01953125
0.01953125,0.10693359375,-0.1773681640625,20.385740280151367,58.410640716552734,73.486328125
0.1927490234375,-0.8326416015625,0.1044921875,-17.578125,82.76366424560547,106.26219940185547
0.3123779296875,-2.0889892578125,0.5780029296875,-53.710933685302734,70.80078125,36.56005859375
0.284912109375,-2.4359130859375,0.766845703125,-63.415523529052734,65.5517578125,-97.65624237060547
0.1966552734375,-1.967529296875,0.4532470703125,-49.621578216552734,85.14403533935547,-142.88330078125
0.0889892578125,-1.361328125,0.0845947265625,-33.3251953125,74.3408203125,-57.556148529052734
0.1285400390625,-0.79833984375,-0.1492919921875,-15.686034202575684,32.71484375,46.020503997802734
0.2261962890625,-0.3453369140625,-0.1971435546875,0.6713866591453552,14.953612327575684,66.89453125
0.199462890625,-0.0926513671875,-0.0726318359375,10.925292015075684,-3.295898199081421,1.3427733182907104
0.0721435546875,-0.0089111328125,-0.1015625,16.2353515625,-32.8369140625,-60.791011810302734
0.11181640625,-0.154296875,-0.2802734375,20.446775436401367,-50.354000091552734,-27.404783248901367
0.284912109375,-1.197509765625,-0.2890625,29.663084030151367,-75.439453125,83.55712127685547
0.2237548828125,-2.3082275390625,-0.2454833984375,28.869626998901367,-98.75487518310547,99.73143768310547
0.115966796875,-2.3502197265625,-0.09912109375,13.305663108825684,-104.30907440185547,-9.033203125
0.12939453125,-1.84326171875,0.296630859375,11.840819358825684,-129.2724609375,-59.448238372802734
0.055908203125,-1.235595703125,0.5247802734375,24.108884811401367,-145.81298828125,-7.263183116912842
-0.041259765625,-0.6732177734375,0.3829345703125,27.648923873901367,-124.51171112060547,38.26904296875
-0.14453125,-0.1756591796875,0.149658203125,28.930662155151367,-120.11717987060547,10.314940452575684
-0.1009521484375,0.1116943359375,0.00537109375,34.36279296875,-117.18749237060547,-22.827146530151367
0.145263671875,0.119384765625,-0.078857421875,35.7666015625,-60.729976654052734,20.751951217651367
0.4044189453125,-0.38818359375,-0.0645751953125,18.798828125,14.099120140075684,91.24755096435547
0.464111328125,-1.478515625,0.2657470703125,-18.00537109375,57.312007904052734,80.50536346435547
0.3438720703125,-2.261962890625,0.7049560546875,-51.147457122802734,84.47264862060547,-47.729488372802734
0.2889404296875,-2.111328125,0.795654296875,-57.373043060302734,106.87255096435547,-156.6162109375
0.3575439453125,-1.578125,0.53955078125,-37.65869140625,81.42089080810547,-104.85839080810547
0.3909912109375,-1.0496826171875,0.1702880859375,-19.6533203125,34.423828125,15.441893577575684
0.2740478515625,-0.539794921875,-0.0115966796875,-20.202634811401367,38.6962890625,68.9697265625
0.209716796875,-0.2110595703125,0.063720703125,-22.216794967651367,59.753414154052734,45.654293060302734
0.25341796875,-0.0855712890625,0.1044921875,-13.732909202575684,49.255367279052734,2.197265625
0.2139892578125,-0.0050048828125,-0.0845947265625,-6.896972179412842,31.738279342651367,-5.187987804412842
0.1973876953125,-0.1004638671875,-0.2574462890625,-6.652831554412842,40.344234466552734,32.53173828125
0.3095703125,-1.0025634765625,-0.090576171875,-1.6479490995407104,69.39697265625,82.58055877685547
0.3052978515625,-2.172119140625,0.1761474609375,13.122557640075684,92.52928924560547,55.541988372802734
0.3211669921875,-2.4189453125,0.304931640625,12.145995140075684,91.18651580810547,-46.752925872802734
0.328369140625,-1.9197998046875,0.456787109375,-0.6103515625,70.25146484375,-69.2138671875
0.1390380859375,-1.28662109375,0.5611572265625,-4.69970703125,48.645015716552734,-6.774901866912842
0.1220703125,-0.7401123046875,0.4158935546875,-3.479003667831421,16.17431640625,9.58251953125
0.25537109375,-0.3472900390625,0.177001953125,3.784179449081421,-10.070799827575684,-24.291990280151367
0.201416015625,-0.1165771484375,-0.0177001953125,0.9155272841453552,51.330562591552734,-15.930174827575684
0.058349609375,-0.0545654296875,-0.1300048828125,-13.854979515075684,161.68211364746094,38.63525390625
0.018798828125,-0.2000732421875,-0.056884765625,-20.202634811401367,199.52391052246094,61.584468841552734
0.14013671875,-0.64404296875,0.2298583984375,-19.8974609375,176.69676208496094,37.90283203125
0.6580810546875,-1.546630859375,0.6431884765625,-25.573728561401367,161.49900817871094,-11.352538108825684
0.731201171875,-1.8455810546875,0.3731689453125,-70.9228515625,205.26121520996094,-109.55809783935547
0.4151611328125,-1.527587890625,0.2840576171875,-64.697265625,216.06443786621094,-75.439453125
0.6046142578125,-1.0831298828125,0.3616943359375,-43.701168060302734,169.00633239746094,-69.7021484375
0.7720947265625,-0.658935546875,0.13720703125,-35.46142578125,119.93407440185547,-53.283687591552734
0.453125,-0.35302734375,-0.13232421875,-46.936031341552734,127.62450408935547,-1.7700194120407104
0.1318359375,-0.1080322265625,-0.167724609375,-52.062984466552734,138.85498046875,18.24951171875
0.1185302734375,0.0255126953125,-0.1124267578125,-38.14697265625,114.86815643310547,-0.2441406100988388
0.2811279296875,-0.1070556640625,-0.0880126953125,-25.756834030151367,85.20507049560547,18.85986328125
0.5418701171875,-0.988525390625,-0.08154296875,-22.644041061401367,107.36083221435547,84.10643768310547
0.6915283203125,-1.9949951171875,-0.0279541015625,-12.756346702575684,175.41502380371094,73.2421875
0.67333984375,-2.1217041015625,0.032958984375,-13.549803733825684,194.09178161621094,-37.04833984375
0.5152587890625,-1.771728515625,0.0562744140625,-33.935546875,134.3994140625,-86.85301971435547
0.2843017578125,-1.371826171875,0.19873046875,-37.841796875,50.170894622802734,-40.405269622802734
0.2042236328125,-0.9097900390625,0.3294677734375,-20.996091842651367,-4.7607421875,22.705076217651367
0.2330322265625,-0.459716796875,0.2392578125,-1.7700194120407104,-21.972654342651367,63.110347747802734
0.1397705078125,-0.1097412109375,0.0238037109375,5.0048828125,2.01416015625,82.70262908935547
0.0435791015625,0.0245361328125,-0.1466064453125,-2.990722417831421,77.1484375,89.90477752685547
0.1507568359375,-0.19140625,-0.05517578125,-4.08935546875,134.1552734375,75.8056640625
0.388427734375,-0.9439697265625,0.2603759765625,1.220703125,159.72900390625,64.0869140625
0.4949951171875,-1.7882080078125,0.489501953125,-8.1787109375,201.47703552246094,25.512693405151367
0.5057373046875,-2.0181884765625,0.504638671875,-26.611326217651367,213.80613708496094,-65.4296875
0.51318359375,-1.7889404296875,0.3380126953125,-35.5224609375,186.76756286621094,-102.72216033935547
0.4908447265625,-1.3577880859375,0.1156005859375,-36.7431640625,179.07713317871094,-48.522945404052734
0.4561767578125,-0.863037109375,-0.03369140625,-42.724605560302734,188.17137145996094,13.671874046325684
0.3809814453125,-0.5032958984375,-0.0511474609375,-45.593257904052734,172.85154724121094,28.808591842651367
0.2994384765625,-0.3375244140625,-0.02490234375,-31.555173873901367,123.22997283935547,-7.202147960662842
0.217529296875,-0.266357421875,-0.1065673828125,-11.718749046325684,78.4912109375,-47.912593841552734
0.15673828125,-0.2279052734375,-0.2081298828125,-2.25830078125,65.36865234375,-42.297359466552734
0.2415771484375,-0.58544921875,-0.206787109375,0.54931640625,73.91357421875,24.780271530151367
0.458984375,-1.59814453125,-0.2828369140625,13.122557640075684,87.34130096435547,94.84862518310547
0.4521484375,-2.2633056640625,-0.2607421875,28.381345748901367,47.546382904052734,54.077144622802734
0.3143310546875,-2.0511474609375,0.0535888671875,28.747556686401367,-35.0341796875,-34.912109375
0.2120361328125,-1.5635986328125,0.2418212890625,23.803709030151367,-65.97900390625,-32.16552734375
0.067626953125,-1.0692138671875,0.2066650390625,20.629880905151367,-43.518062591552734,27.893064498901367
-0.01953125,-0.5823974609375,0.1011962890625,16.4794921875,-14.770506858825684,48.828121185302734
-0.057861328125,-0.2005615234375,0.0225830078125,18.798828125,-12.695311546325684,7.141112804412842
-0.073486328125,-0.0469970703125,-0.001708984375,23.376462936401367,-23.132322311401367,-35.82763671875
-0.0147705078125,-0.0875244140625,0.0247802734375,19.95849609375,-7.873534679412842,-31.249998092651367
0.202880859375,-0.3822021484375,0.142333984375,6.713866710662842,31.127927780151367,11.169432640075684
0.44140625,-1.1651611328125,0.3697509765625,-4.638671875,79.9560546875,54.443355560302734
0.5921630859375,-1.947265625,0.4461669921875,-1.9531248807907104,108.58153533935547,6.591796398162842
0.48046875,-2.002197265625,0.401123046875,-12.573241233825684,94.54344940185547,-92.16307830810547
0.258544921875,-1.6312255859375,0.3485107421875,-30.090330123901367,58.715816497802734,-103.75975799560547
0.22998046875,-1.1888427734375,0.1116943359375,-28.930662155151367,43.151851654052734,-32.8369140625
0.2274169921875,-0.6990966796875,-0.092041015625,-27.282712936401367,62.133785247802734,44.555660247802734
0.2432861328125,-0.3280029296875,-0.076171875,-27.526853561401367,71.2890625,66.34521484375
0.209228515625,-0.1568603515625,-0.0096435546875,-13.671874046325684,37.29248046875,35.888671875
0.13427734375,-0.138916015625,-0.036376953125,9.765625,-9.3994140625,10.498045921325684
0.2203369140625,-0.4437255859375,-0.124755859375,26.123044967651367,-29.235837936401367,30.639646530151367
0.3609619140625,-1.359375,-0.3572998046875,30.944822311401367,-30.212400436401367,58.776851654052734
0.3651123046875,-2.1590576171875,-0.4361572265625,21.667478561401367,-52.429195404052734,12.451170921325684
0.3038330078125,-2.159912109375,-0.0491943359375,12.634276390075684,-90.27098846435547,-58.532711029052734
0.185302734375,-1.6934814453125,0.3167724609375,22.827146530151367,-100.70800018310547,-38.2080078125
0.012939453125,-1.1654052734375,0.3763427734375,39.24560546875,-106.44530487060547,33.50830078125
-0.0496826171875,-0.701171875,0.2020263671875,37.90283203125,-134.33837890625,41.931148529052734
-0.0482177734375,-0.287353515625,0.0460205078125,26.977537155151367,-148.8037109375,-21.240232467651367
-0.0660400390625,-0.0076904296875,0.041259765625,27.526853561401367,-108.52050018310547,-52.368160247802734
0.252685546875,-0.3297119140625,0.0574951171875,17.88330078125,64.02587890625,76.96533203125
0.44384765625,-1.4818115234375,0.25048828125,-9.58251953125,134.94873046875,99.42626190185547
0.258056640625,-2.066162109375,0.4906005859375,-19.8974609375,143.1884765625,-138.36669921875
0.1082763671875,-1.4293212890625,0.3525390625,-27.526853561401367,111.45018768310547,-113.70848846435547
0.2169189453125,-0.9119873046875,-0.0185546875,-31.433103561401367,65.73486328125,4.33349609375
0.315185546875,-0.4542236328125,-0.2601318359375,-37.53662109375,19.34814453125,70.068359375
0.229736328125,-0.186279296875,-0.128662109375,-38.4521484375,-13.061522483825684,37.841796875
0.1444091796875,-0.224365234375,0.1429443359375,-17.27294921875,-55.541988372802734,-25.451658248901367
0.115234375,-0.3748779296875,0.1846923828125,13.122557640075684,-82.27538299560547,-36.68212890625
0.17919921875,-0.5704345703125,0.0384521484375,30.761716842651367,-59.753414154052734,17.15087890625
0.3233642578125,-1.3248291015625,-0.21142578125,34.7900390625,-28.137205123901367,71.4111328125
0.3970947265625,-2.1390380859375,-0.47119140625,29.418943405151367,-23.803709030151367,24.780271530151367
0.4613037109375,-1.5595703125,0.26025390625,14.282225608825684,-20.446775436401367,-86.85301971435547
0.11572265625,-0.955078125,0.45556640625,24.719236373901367,-61.645503997802734,7.202147960662842
-0.1070556640625,-0.561767578125,0.2244873046875,25.329587936401367,-132.8125,68.359375
-0.017822265625,-0.318603515625,-0.060302734375,1.8310545682907104,-163.87937927246094,32.28759765625
0.055908203125,-0.281005859375,-0.0570068359375,-14.648436546325684,-107.72704315185547,-14.282225608825684
-0.0211181640625,-0.4901123046875,0.0811767578125,-5.859374523162842,-11.779784202575684,15.747069358825684
-0.0416259765625,-0.8671875,0.1492919921875,9.21630859375,50.476070404052734,63.659664154052734
-0.0782470703125,-1.0875244140625,0.1622314453125,13.977049827575684,63.964839935302734,56.274410247802734
-0.084716796875,-1.036865234375,0.195068359375,11.779784202575684,41.625972747802734,-0.6103515625
0.1629638671875,-0.9830322265625,0.2523193359375,2.929687261581421,18.49365234375,-47.973628997802734
0.5413818359375,-1.1107177734375,0.2232666015625,-18.49365234375,35.70556640625,-49.438472747802734
0.56298828125,-1.38232421875,0.1695556640625,-37.04833984375,72.93701171875,-28.808591842651367
0.3006591796875,-1.6656494140625,0.2117919921875,-34.423828125,59.448238372802734,-47.668453216552734
0.194091796875,-1.6702880859375,0.3775634765625,-18.37158203125,7.995604991912842,-94.05516815185547
0.2412109375,-1.2685546875,0.4251708984375,2.25830078125,-13.732909202575684,-61.096187591552734
0.2772216796875,-0.7030029296875,0.1875,17.02880859375,6.652831554412842,39.55078125
0.25341796875,-0.2347412109375,-0.106689453125,10.986327171325684,31.555173873901367,84.59471893310547
0.1268310546875,-0.0057373046875,-0.2830810546875,-0.4272460639476776,20.324705123901367,38.6962890625
0.0902099609375,-0.060302734375,-0.2923583984375,2.746581792831421,-15.075682640075684,-18.85986328125
0.384033203125,-0.774658203125,-0.20751953125,19.53125,-36.9873046875,-3.051757574081421
0.57177734375,-1.978759765625,-0.24072265625,20.202634811401367,-40.710445404052734,37.4755859375
0.3443603515625,-2.4591064453125,-0.124755859375,-9.09423828125,-24.963376998901367,19.10400390625
0.170654296875,-1.82470703125,0.2008056640625,-19.53125,3.173827886581421,1.3427733182907104
0.13916015625,-0.9544677734375,0.3046875,14.160155296325684,-16.357421875,20.01953125
0.009033203125,-0.5245361328125,0.176513671875,51.208492279052734,-75.5615234375,14.587401390075684
-0.0982666015625,-0.3350830078125,0.097900390625,49.987789154052734,-104.30907440185547,-19.8974609375
-0.10546875,-0.200439453125,0.14990234375,30.151365280151367,-80.81053924560547,-31.616209030151367
0.015625,-0.2576904296875,0.130615234375,31.372068405151367,-28.442380905151367,6.469726085662842
0.1634521484375,-0.615966796875,0.06982421875,44.189449310302734,22.705076217651367,59.448238372802734
0.5045166015625,-1.392822265625,0.0885009765625,21.667478561401367,67.19970703125,76.72119140625
0.73681640625,-1.98388671875,0.23828125,-48.034664154052734,80.56639862060547,29.113767623901367
0.503173828125,-1.84375,0.351318359375,-85.63231658935547,68.78662109375,-24.963376998901367
0.220703125,-1.371826171875,0.2384033203125,-55.969234466552734,66.83349609375,-14.770506858825684
0.0753173828125,-0.981201171875,-0.0302734375,-9.033203125,42.602535247802734,7.751464366912842
0.0975341796875,-0.7286376953125,-0.1605224609375,12.268065452575684,-0.6713866591453552,-4.2724609375
0.1673583984375,-0.5775146484375,-0.0389404296875,-1.4648436307907104,-22.094724655151367,-18.5546875
0.181884765625,-0.5723876953125,0.091552734375,-19.95849609375,-21.545408248901367,-14.526366233825684
0.1707763671875,-0.6839599609375,0.180419921875,-20.812986373901367,-7.507323741912842,-0.9155272841453552
0.1561279296875,-0.7906494140625,0.2451171875,-9.6435546875,9.09423828125,11.596678733825684
0.15380859375,-0.854736328125,0.2176513671875,1.8920897245407104,23.681638717651367,13.610838890075684
0.130615234375,-0.94580078125,0.1595458984375,8.72802734375,27.526853561401367,5.798339366912842
0.0994873046875,-1.0670166015625,0.1478271484375,13.122557640075684,12.268065452575684,-2.197265625
0.18359375,-1.156982421875,0.1444091796875,20.141599655151367,-11.962889671325684,3.662109136581421
0.3779296875,-1.2578125,0.116943359375,28.381345748901367,-25.390623092651367,16.17431640625
0.458740234375,-1.31005859375,0.128662109375,28.015134811401367,-17.822265625,13.977049827575684
0.3206787109375,-1.15283203125,0.1112060546875,20.263669967651367,12.145995140075684,-3.967284917831421
0.1304931640625,-0.8992919921875,0.0150146484375,12.817381858825684,47.546382904052734,-27.404783248901367
0.0240478515625,-0.75537109375,-0.0140380859375,5.920409679412842,46.691890716552734,-35.15625
0.0284423828125,-0.7381591796875,0.066650390625,-3.234863042831421,18.85986328125,-25.695798873901367
0.0836181640625,-0.8316650390625,0.1680908203125,-12.329100608825684,4.69970703125,-19.8974609375
0.1177978515625,-0.9580078125,0.2325439453125,-15.502928733825684,1.03759765625,-15.441893577575684
0.1170654296875,-1.0042724609375,0.233642578125,-13.977049827575684,1.9531248807907104,-7.446288585662842
0.079833984375,-0.9869384765625,0.1666259765625,-7.446288585662842,11.230467796325684,-6.591796398162842
0.0498046875,-0.9791259765625,0.13525390625,1.6479490995407104,17.822265625,-11.474608421325684
0.0487060546875,-0.9996337890625,0.1724853515625,5.065917491912842,16.357421875,-12.329100608825684
0.0985107421875,-1.0341796875,0.208984375,2.13623046875,19.287109375,-7.934569835662842
0.2213134765625,-1.10107421875,0.242431640625,-4.150390625,36.7431640625,-2.25830078125
0.3741455078125,-1.2137451171875,0.2813720703125,-15.258788108825684,58.898921966552734,-0.7934569716453552
0.447021484375,-1.200927734375,0.2911376953125,-28.442380905151367,72.08251953125,-5.371093273162842
0.4417724609375,-0.978515625,0.1929931640625,-30.822751998901367,82.27538299560547,-10.253905296325684
0.4022216796875,-0.80419921875,0.0428466796875,-19.8974609375,88.31786346435547,-15.563963890075684
0.3350830078125,-0.7945556640625,0.033447265625,-14.221190452575684,79.7119140625,-20.874021530151367
0.3155517578125,-0.8448486328125,0.1357421875,-18.1884765625,64.02587890625,-21.667478561401367
0.3250732421875,-0.884521484375,0.1781005859375,-19.83642578125,49.072261810302734,-20.751951217651367
0.3167724609375,-0.88525390625,0.1676025390625,-19.4091796875,37.9638671875,-18.4326171875
0.3087158203125,-0.885498046875,0.1817626953125,-18.49365234375,33.203125,-13.183592796325684
0.301025390625,-0.91845703125,0.1849365234375,-15.136717796325684,29.663084030151367,-8.7890625
0.2613525390625,-0.936279296875,0.1612548828125,-13.854979515075684,25.756834030151367,-7.446288585662842
0.2158203125,-0.9229736328125,0.1593017578125,-15.136717796325684,25.817869186401367,-6.103515148162842
0.2237548828125,-0.923828125,0.156982421875,-12.023924827575684,24.475095748901367,-2.01416015625
0.2646484375,-0.9405517578125,0.16259765625,-5.920409679412842,14.831542015075684,2.50244140625
0.3006591796875,-0.9488525390625,0.1876220703125,-1.9531248807907104,0.1831054538488388,4.94384765625
0.308837890625,-0.9853515625,0.1922607421875,-0.1220703050494194,-10.131834983825684,4.0283203125
0.30078125,-1.0635986328125,0.205322265625,0.2441406100988388,-9.33837890625,5.859374523162842
0.3408203125,-1.141357421875,0.22900390625,4.82177734375,-6.042479991912842,14.282225608825684
0.34814453125,-1.146240234375,0.1568603515625,14.526366233825684,-10.864256858825684,9.8876953125
0.2906494140625,-0.9886474609375,-0.0098876953125,14.221190452575684,-7.568358898162842,-7.202147960662842
0.2730712890625,-0.7930908203125,-0.092041015625,-1.5258787870407104,20.263669967651367,-11.535643577575684
0.252685546875,-0.7784423828125,-0.0208740234375,-16.90673828125,45.349117279052734,-3.295898199081421
0.2071533203125,-0.92578125,0.0982666015625,-19.04296875,32.2265625,7.324218273162842
0.1737060546875,-1.0318603515625,0.186767578125,-17.27294921875,4.82177734375,16.7236328125
0.1507568359375,-1.0206298828125,0.161865234375,-20.202634811401367,17.822265625,11.413573265075684
0.1422119140625,-0.9505615234375,0.06689453125,-19.8974609375,69.3359375,-2.01416015625
0.1265869140625,-0.8720703125,0.0333251953125,-17.39501953125,103.75975799560547,-3.295898199081421
0.0806884765625,-0.759765625,0.07421875,-14.404295921325684,78.30810546875,-9.6435546875
0.3092041015625,-1.1446533203125,0.1376953125,-18.00537109375,51.025386810302734,-98.75487518310547
0.37646484375,-1.1175537109375,0.1048583984375,-20.935056686401367,49.316402435302734,-56.152339935302734
0.311767578125,-1.0760498046875,0.1015625,-19.775390625,45.959468841552734,18.85986328125
0.0821533203125,-1.072509765625,0.1212158203125,-15.930174827575684,47.973628997802734,78.91845703125
0.000244140625,-1.057373046875,0.0223388671875,-15.380858421325684,61.584468841552734,72.44873046875
0.525390625,-1.0701904296875,-0.046142578125,-7.507323741912842,44.189449310302734,-48.889156341552734
0.978515625,-0.945556640625,0.0924072265625,6.164550304412842,-20.996091842651367,-140.44189453125
0.701904296875,-0.7471923828125,0.118896484375,2.01416015625,-20.446775436401367,-92.40721893310547
0.3507080078125,-0.8262939453125,0.02685546875,-18.798828125,61.828609466552734,-15.075682640075684
0.3826904296875,-0.9241943359375,0.027099609375,-27.282712936401367,81.66503143310547,20.202634811401367
0.4757080078125,-0.867919921875,0.0982666015625,-13.061522483825684,20.080564498901367,23.498533248901367
0.400634765625,-0.8187255859375,0.1614990234375,-0.7934569716453552,-25.024412155151367,11.291502952575684
0.308837890625,-0.802490234375,0.1512451171875,-9.46044921875,-5.981444835662842,1.2817381620407104
0.34375,-0.8326416015625,0.1112060546875,-24.536130905151367,27.832029342651367,-6.286620616912842
0.4405517578125,-0.87353515625,0.095703125,-27.160642623901367,24.353025436401367,-18.06640625
0.44775390625,-0.8726806640625,0.0738525390625,-23.986814498901367,12.329100608825684,-20.385740280151367
0.3631591796875,-0.83251953125,0.0699462890625,-23.986814498901367,12.512206077575684,-8.544921875
0.328369140625,-0.8206787109375,0.0975341796875,-23.254392623901367,8.7890625,-0.9765624403953552
0.4219970703125,-0.85205078125,0.124267578125,-18.310546875,3.601073980331421,-4.0283203125
0.5487060546875,-0.938720703125,0.1290283203125,-8.30078125,-1.220703125,-9.09423828125
