-0.0067138671875,-1.0047607421875,0.0006103515625,-0.1831054538488388,0.1831054538488388,0.1831054538488388
-0.0057373046875,-1.00927734375,-0.00146484375,-0.1220703050494194,0.3662109076976776,0.4882812201976776
-0.0072021484375,-1.0084228515625,-0.0001220703125,0.0610351525247097,0.30517578125,0.3662109076976776
-0.0089111328125,-1.003173828125,0.002197265625,0.1220703050494194,0.0610351525247097,-0.0610351525247097
-0.0074462890625,-1.00537109375,-0.0006103515625,-0.30517578125,0.1220703050494194,0.1220703050494194
-0.0059814453125,-1.0069580078125,-0.0009765625,-0.54931640625,0.0610351525247097,0.0610351525247097
-0.0042724609375,-1.0068359375,-0.0003662109375,-0.4882812201976776,-0.0,-0.1831054538488388
-0.00439453125,-1.0059814453125,-0.0001220703125,-0.2441406100988388,0.1220703050494194,-0.0610351525247097
-0.008056640625,-1.00439453125,-0.000244140625,-0.1220703050494194,0.54931640625,0.54931640625
-0.0098876953125,-1.004150390625,-0.0010986328125,-0.3662109076976776,0.7324218153953552,0.7934569716453552
-0.0064697265625,-1.007568359375,-0.0029296875,-0.4882812201976776,0.54931640625,0.4882812201976776
-0.00341796875,-1.0111083984375,-0.003173828125,-0.2441406100988388,0.2441406100988388,0.1831054538488388
-0.0054931640625,-1.0076904296875,-0.0003662109375,0.1831054538488388,0.1220703050494194,0.0610351525247097
-0.010498046875,-1.004150390625,-0.0003662109375,0.3662109076976776,0.1220703050494194,0.1831054538488388
-0.0128173828125,-1.00537109375,-0.0025634765625,0.30517578125,-0.1220703050494194,0.1220703050494194
-0.008056640625,-1.0059814453125,-0.0006103515625,0.30517578125,-0.6713866591453552,-0.7324218153953552
-0.0028076171875,-1.0029296875,0.00439453125,0.30517578125,-0.9155272841453552,-1.3427733182907104
-0.0057373046875,-1.001708984375,0.002685546875,0.1220703050494194,-0.1831054538488388,-0.4272460639476776
-0.0091552734375,-1.0059814453125,-0.00244140625,-0.0,0.6103515625,0.9155272841453552
-0.0068359375,-1.0081787109375,-0.0009765625,-0.0,0.6103515625,0.7934569716453552
-0.00634765625,-1.007080078125,0.001708984375,-0.0610351525247097,0.30517578125,0.2441406100988388
-0.0089111328125,-1.0045166015625,-0.0006103515625,-0.2441406100988388,0.3662109076976776,0.30517578125
-0.0057373046875,-1.008544921875,-0.0029296875,-0.1831054538488388,0.1220703050494194,0.1220703050494194
-0.00439453125,-1.008056640625,0.0001220703125,-0.0610351525247097,-0.1220703050494194,-0.2441406100988388
-0.006591796875,-1.0047607421875,0.0025634765625,0.0610351525247097,-0.0610351525247097,-0.1831054538488388
-0.0093994140625,-1.0035400390625,0.0008544921875,0.1220703050494194,0.2441406100988388,0.2441406100988388
-0.010498046875,-1.004150390625,-0.0006103515625,0.0610351525247097,0.4272460639476776,0.4882812201976776
-0.0084228515625,-1.0048828125,0.0003662109375,-0.0610351525247097,0.2441406100988388,0.1220703050494194
-0.005126953125,-1.0062255859375,0.001220703125,-0.1220703050494194,0.0610351525247097,-0.2441406100988388
-0.00537109375,-1.00732421875,0.001220703125,-0.0610351525247097,0.2441406100988388,0.0610351525247097
-0.00830078125,-1.0057373046875,0.0015869140625,-0.0,0.4882812201976776,0.3662109076976776
-0.0096435546875,-1.0059814453125,0.000244140625,-0.1220703050494194,0.4882812201976776,0.3662109076976776
-0.007080078125,-1.00537109375,0.0010986328125,-0.0610351525247097,0.0610351525247097,-0.1831054538488388
-0.007568359375,-1.005615234375,0.0001220703125,-0.0,0.1220703050494194,-0.0610351525247097
-0.0084228515625,-1.0050048828125,0.0008544921875,-0.0,0.1831054538488388,0.1831054538488388
-0.009521484375,-1.0037841796875,0.00146484375,-0.1220703050494194,0.2441406100988388,0.30517578125
-0.0078125,-1.00830078125,-0.0003662109375,-0.1831054538488388,0.3662109076976776,0.4272460639476776
-0.0084228515625,-1.0057373046875,0.0009765625,-0.1220703050494194,0.2441406100988388,0.1220703050494194
-0.009765625,-1.001220703125,0.0023193359375,-0.1220703050494194,0.1220703050494194,-0.1220703050494194
-0.0064697265625,-1.008056640625,-0.00146484375,-0.30517578125,0.4272460639476776,0.30517578125
-0.0078125,-1.006591796875,-0.001220703125,-0.0,0.30517578125,0.1831054538488388
-0.01220703125,-1.0040283203125,0.0,0.4272460639476776,0.3662109076976776,0.3662109076976776
-0.013427734375,-1.00390625,0.000732421875,0.54931640625,0.3662109076976776,0.2441406100988388
-0.009521484375,-1.0050048828125,0.00146484375,0.3662109076976776,0.1831054538488388,-0.1220703050494194
-0.00732421875,-1.0067138671875,0.001953125,0.2441406100988388,0.1831054538488388,-0.1220703050494194
-0.008544921875,-1.008056640625,0.00146484375,0.1831054538488388,0.3662109076976776,0.30517578125
-0.0103759765625,-1.005859375,0.001953125,0.1831054538488388,0.3662109076976776,0.2441406100988388
-0.01123046875,-1.00341796875,0.0025634765625,-0.0,0.2441406100988388,0.0
-0.0106201171875,-1.0050048828125,0.0009765625,-0.1831054538488388,0.2441406100988388,0.0610351525247097
-0.009033203125,-1.0079345703125,-0.0001220703125,-0.0610351525247097,0.2441406100988388,0.0610351525247097
-0.00927734375,-1.005126953125,0.003173828125,0.4272460639476776,-0.0610351525247097,-0.1831054538488388
-0.0113525390625,-1.004150390625,0.0035400390625,0.2441406100988388,0.4272460639476776,0.4882812201976776
-0.01123046875,-1.0086669921875,0.00146484375,0.1220703050494194,0.54931640625,0.6103515625
-0.010986328125,-1.0069580078125,0.00244140625,0.1220703050494194,0.2441406100988388,0.0
-0.0113525390625,-1.0020751953125,0.005126953125,0.1831054538488388,-0.0,-0.54931640625
-0.0123291015625,-1.00390625,0.0032958984375,-0.0,0.0610351525247097,-0.1831054538488388
-0.00927734375,-1.008544921875,0.0013427734375,-0.30517578125,0.1220703050494194,0.0610351525247097
-0.0050048828125,-1.0087890625,0.0028076171875,-0.4272460639476776,-0.1220703050494194,-0.30517578125
-0.01513671875,-1.0029296875,0.0020751953125,-0.2441406100988388,0.2441406100988388,0.3662109076976776
-0.0093994140625,-1.0059814453125,0.00146484375,-0.6713866591453552,-0.0,-0.2441406100988388
-0.00390625,-1.009033203125,0.001708984375,-0.7324218153953552,-0.1220703050494194,-0.4882812201976776
-0.0064697265625,-1.0067138671875,0.0029296875,-0.4272460639476776,0.1220703050494194,-0.0610351525247097
-0.010986328125,-1.00732421875,-0.00146484375,-0.4882812201976776,0.2441406100988388,0.54931640625
-0.0078125,-1.0087890625,-0.0020751953125,-0.4882812201976776,-0.0610351525247097,0.0
-0.0074462890625,-1.007568359375,-0.002197265625,-0.30517578125,-0.1831054538488388,-0.30517578125
-0.0089111328125,-1.0047607421875,-0.0010986328125,-0.0,-0.1220703050494194,-0.1831054538488388
-0.006103515625,-1.007568359375,-0.00048828125,-0.2441406100988388,-0.0,0.1220703050494194
-0.004638671875,-1.0054931640625,0.0018310546875,-0.2441406100988388,-0.0,0.0610351525247097
-0.0093994140625,-1.0035400390625,0.0015869140625,-0.1220703050494194,0.4272460639476776,0.6103515625
-0.0145263671875,-1.0042724609375,-0.0003662109375,-0.1220703050494194,0.7934569716453552,1.15966796875
-0.0133056640625,-1.004638671875,-0.000244140625,-0.30517578125,0.6103515625,0.7324218153953552
-0.00927734375,-1.0050048828125,0.0015869140625,-0.4272460639476776,0.4272460639476776,0.1220703050494194
-0.0081787109375,-1.0079345703125,0.0003662109375,-0.3662109076976776,0.6103515625,0.4272460639476776
-0.0101318359375,-1.0086669921875,-0.0009765625,-0.2441406100988388,0.7324218153953552,0.7934569716453552
-0.011962890625,-1.0054931640625,0.0006103515625,-0.1220703050494194,0.4882812201976776,0.4882812201976776
-0.01220703125,-1.0048828125,0.00048828125,-0.1831054538488388,0.1831054538488388,0.0
-0.0115966796875,-1.00634765625,-0.0001220703125,-0.1220703050494194,-0.0,-0.1220703050494194
-0.0113525390625,-1.007080078125,-0.0001220703125,-0.0610351525247097,-0.0610351525247097,-0.0610351525247097
-0.011962890625,-1.006103515625,0.000244140625,-0.0,-0.0,0.0
-0.0123291015625,-1.00439453125,0.0010986328125,0.0610351525247097,0.1220703050494194,0.0610351525247097
-0.011474609375,-1.0062255859375,-0.0001220703125,0.0610351525247097,0.2441406100988388,0.30517578125
-0.01025390625,-1.0093994140625,-0.00146484375,0.1220703050494194,0.2441406100988388,0.30517578125
-0.0106201171875,-1.0054931640625,0.002197265625,0.3662109076976776,-0.0610351525247097,-0.1831054538488388
-0.0142822265625,-1.000244140625,0.0048828125,0.4272460639476776,-0.0610351525247097,-0.1831054538488388
-0.013916015625,-1.0045166015625,0.00146484375,-0.0,0.2441406100988388,0.30517578125
-0.00927734375,-1.0101318359375,-0.000732421875,-0.30517578125,0.1831054538488388,0.30517578125
-0.0084228515625,-1.0069580078125,0.001708984375,-0.2441406100988388,-0.0,-0.0610351525247097
-0.0123291015625,-1.0030517578125,0.00244140625,-0.0,0.2441406100988388,0.2441406100988388
-0.015869140625,-1.0042724609375,0.000244140625,-0.0,0.6103515625,0.8544921278953552
-0.0146484375,-1.0054931640625,0.00048828125,-0.2441406100988388,0.54931640625,0.6103515625
-0.010986328125,-1.0062255859375,0.00146484375,-0.3662109076976776,0.3662109076976776,0.1831054538488388
-0.010986328125,-1.007568359375,0.00146484375,-0.1831054538488388,0.4272460639476776,0.3662109076976776
-0.013916015625,-1.0072021484375,0.0013427734375,-0.0,0.4882812201976776,0.6713866591453552
-0.0152587890625,-1.0064697265625,0.000244140625,-0.1831054538488388,0.2441406100988388,0.4882812201976776
-0.0146484375,-1.0067138671875,-0.0006103515625,-0.30517578125,-0.0,0.0610351525247097
-0.01318359375,-1.0064697265625,0.0001220703125,-0.2441406100988388,-0.1831054538488388,-0.2441406100988388
-0.0126953125,-1.005859375,0.00048828125,-0.1831054538488388,-0.30517578125,-0.30517578125
-0.0140380859375,-1.0048828125,0.0001220703125,-0.2441406100988388,-0.30517578125,-0.1220703050494194
-0.01416015625,-1.0040283203125,0.0003662109375,-0.1831054538488388,-0.0610351525247097,0.0
-0.013427734375,-1.0048828125,0.0006103515625,-0.0610351525247097,0.2441406100988388,0.1831054538488388
-0.014404296875,-1.0062255859375,0.0,-0.0,0.4272460639476776,0.4272460639476776
-0.015625,-1.0059814453125,-0.000732421875,-0.0610351525247097,0.2441406100988388,0.1831054538488388
-0.0146484375,-1.0040283203125,0.0003662109375,-0.0610351525247097,-0.1220703050494194,-0.30517578125
-0.0128173828125,-1.0052490234375,0.0,-0.1220703050494194,-0.2441406100988388,-0.4272460639476776
-0.01171875,-1.0078125,-0.001220703125,-0.0610351525247097,-0.1831054538488388,-0.2441406100988388
-0.0115966796875,-1.0057373046875,0.0010986328125,-0.0,-0.1831054538488388,-0.30517578125
-0.0135498046875,-1.00390625,0.0009765625,-0.0,-0.0,-0.1220703050494194
-0.015380859375,-1.00537109375,-0.0013427734375,-0.0610351525247097,0.2441406100988388,0.2441406100988388
-0.01318359375,-1.006103515625,-0.00048828125,-0.0,0.1220703050494194,0.0
-0.0135498046875,-1.004150390625,0.001220703125,-0.2441406100988388,0.0610351525247097,-0.1220703050494194
-0.0133056640625,-1.006591796875,-0.0010986328125,-0.30517578125,0.2441406100988388,0.1220703050494194
-0.0101318359375,-1.0079345703125,-0.0003662109375,-0.1831054538488388,0.0610351525247097,-0.1831054538488388
-0.010498046875,-1.0045166015625,0.0025634765625,0.0610351525247097,-0.0610351525247097,-0.3662109076976776
-0.0135498046875,-1.001220703125,0.0028076171875,0.1220703050494194,0.1831054538488388,0.0
-0.013427734375,-1.00732421875,-0.0009765625,-0.0,0.6713866591453552,0.6103515625
-0.0113525390625,-1.010498046875,-0.0008544921875,0.1220703050494194,0.4882812201976776,0.3662109076976776
-0.0118408203125,-1.003173828125,0.00341796875,0.1831054538488388,0.0610351525247097,-0.4882812201976776
-0.013916015625,-1.0,0.0035400390625,0.0610351525247097,0.0610351525247097,-0.30517578125
-0.008056640625,-1.010986328125,-0.0013427734375,-0.1220703050494194,0.4272460639476776,0.1220703050494194
-0.0068359375,-1.0069580078125,0.0025634765625,0.1220703050494194,0.4882812201976776,-0.6713866591453552
-0.01171875,-1.002197265625,0.0032958984375,0.2441406100988388,0.7934569716453552,-0.4272460639476776
-0.016845703125,-1.001708984375,0.001220703125,0.2441406100988388,0.8544921278953552,0.4272460639476776
-0.0140380859375,-1.005126953125,-0.000732421875,-0.0610351525247097,0.4272460639476776,0.3662109076976776
-0.0078125,-1.00830078125,0.0008544921875,-0.1831054538488388,-0.1831054538488388,-0.2441406100988388
-0.011962890625,-1.0042724609375,0.0025634765625,0.2441406100988388,0.54931640625,0.0610351525247097
-0.013916015625,-1.0037841796875,0.002685546875,0.1220703050494194,0.6713866591453552,0.1220703050494194
-0.01123046875,-1.005126953125,0.002685546875,-0.1220703050494194,0.30517578125,-0.30517578125
-0.0093994140625,-1.0059814453125,0.0025634765625,-0.2441406100988388,0.1831054538488388,-0.3662109076976776
-0.0101318359375,-1.0069580078125,0.0013427734375,-0.1831054538488388,0.3662109076976776,-0.0610351525247097
-0.0108642578125,-1.008056640625,-0.00048828125,-0.0610351525247097,0.3662109076976776,0.0610351525247097
-0.010009765625,-1.00634765625,0.000244140625,-0.0610351525247097,-0.1220703050494194,0.0
-0.0106201171875,-1.0042724609375,0.00244140625,-0.0,-0.30517578125,0.1220703050494194
-0.014404296875,-1.005126953125,0.0020751953125,0.0610351525247097,-0.0,0.4882812201976776
-0.0145263671875,-1.005126953125,0.0020751953125,-0.0610351525247097,-0.0,0.1831054538488388
-0.0074462890625,-1.0087890625,0.0018310546875,-0.3662109076976776,-0.4272460639476776,-0.4272460639476776
-0.009033203125,-1.008544921875,0.001220703125,-0.1831054538488388,-0.2441406100988388,-0.1220703050494194
-0.0111083984375,-1.005859375,0.0018310546875,-0.0610351525247097,-0.30517578125,-0.30517578125
-0.0107421875,-1.004638671875,0.0023193359375,0.0610351525247097,-0.4882812201976776,-0.54931640625
-0.0103759765625,-1.0040283203125,0.001953125,0.1220703050494194,-0.4272460639476776,-0.54931640625
-0.01171875,-1.003662109375,0.0010986328125,0.1220703050494194,-0.1220703050494194,-0.30517578125
-0.00634765625,-1.0068359375,0.00244140625,-0.0610351525247097,-0.1220703050494194,-0.1831054538488388
-0.0108642578125,-1.0047607421875,0.0025634765625,-0.1220703050494194,0.1220703050494194,0.54931640625
-0.0135498046875,-1.0062255859375,0.00048828125,-0.2441406100988388,0.54931640625,0.7324218153953552
-0.0111083984375,-1.006103515625,0.0006103515625,-0.30517578125,0.1220703050494194,0.1220703050494194
-0.0079345703125,-1.0064697265625,0.001953125,-0.1831054538488388,-0.1831054538488388,-0.4882812201976776
-0.0087890625,-1.0057373046875,0.0030517578125,-0.0610351525247097,-0.0610351525247097,-0.3662109076976776
-0.010498046875,-1.006103515625,0.0003662109375,-0.1831054538488388,0.1220703050494194,0.1220703050494194
-0.014892578125,-1.0042724609375,0.000732421875,-0.0,0.2441406100988388,0.2441406100988388
-0.014892578125,-1.002685546875,0.0003662109375,-0.0610351525247097,0.0610351525247097,-0.1220703050494194
-0.0128173828125,-1.004150390625,-0.0008544921875,-0.30517578125,-0.1831054538488388,-0.54931640625
-0.008544921875,-1.007080078125,-0.00048828125,-0.4882812201976776,-0.3662109076976776,-0.8544921278953552
-0.0028076171875,-1.0093994140625,0.00048828125,-0.54931640625,-0.6103515625,-1.0986328125
-0.0023193359375,-1.0087890625,0.00146484375,-0.4272460639476776,-0.6103515625,-0.7934569716453552
-0.0067138671875,-1.0052490234375,0.001220703125,-0.1831054538488388,-0.2441406100988388,-0.1831054538488388
-0.0103759765625,-1.0059814453125,-0.0030517578125,-0.1831054538488388,0.0610351525247097,0.3662109076976776
-0.009521484375,-1.005126953125,-0.0013427734375,-0.1220703050494194,-0.1220703050494194,0.0610351525247097
-0.007568359375,-1.0008544921875,0.0032958984375,-0.0610351525247097,-0.1831054538488388,-0.30517578125
-0.0084228515625,-1.0050048828125,0.0003662109375,-0.30517578125,0.4272460639476776,0.4882812201976776
-0.0086669921875,-1.0096435546875,-0.0025634765625,-0.4272460639476776,0.6713866591453552,0.7934569716453552
-0.005859375,-1.0078125,-0.0008544921875,-0.4272460639476776,0.1220703050494194,-0.2441406100988388
-0.004150390625,-1.00537109375,0.0,-0.3662109076976776,-0.1831054538488388,-0.6713866591453552
-0.007080078125,-1.0067138671875,-0.00244140625,-0.1220703050494194,0.0610351525247097,0.0610351525247097
-0.010009765625,-1.00634765625,-0.0013427734375,-0.0,0.3662109076976776,0.3662109076976776
-0.0086669921875,-1.00341796875,0.0009765625,-0.1220703050494194,0.30517578125,-0.0610351525247097
-0.00537109375,-1.0076904296875,-0.0010986328125,0.2441406100988388,-0.2441406100988388,-0.4272460639476776
-0.010498046875,-1.0040283203125,0.001220703125,0.6103515625,-0.0,0.0
-0.012939453125,-1.0008544921875,0.00341796875,0.4882812201976776,0.0610351525247097,0.0
-0.0098876953125,-1.00146484375,0.0035400390625,-0.1220703050494194,-0.0610351525247097,-0.2441406100988388
-0.005615234375,-1.0069580078125,-0.0008544921875,-0.8544921278953552,0.1220703050494194,-0.0610351525247097
-0.00341796875,-1.0133056640625,-0.0068359375,-1.03759765625,0.3662109076976776,0.4882812201976776
-0.0045166015625,-1.01025390625,-0.0047607421875,-0.30517578125,0.1831054538488388,0.30517578125
-0.0089111328125,-1.0013427734375,0.000732421875,0.4272460639476776,0.1220703050494194,0.0
-0.01171875,-1.002197265625,-0.0008544921875,0.4882812201976776,0.4272460639476776,0.4882812201976776
-0.010009765625,-1.008056640625,-0.0023193359375,0.2441406100988388,0.54931640625,0.7324218153953552
-0.0084228515625,-1.0062255859375,0.001220703125,-0.0,0.30517578125,0.1220703050494194
-0.0098876953125,-1.0029296875,0.0018310546875,-0.2441406100988388,0.30517578125,-0.0610351525247097
-0.0108642578125,-1.00634765625,-0.0030517578125,-0.3662109076976776,0.6103515625,0.4882812201976776
-0.0089111328125,-1.0096435546875,-0.0052490234375,-0.30517578125,0.4882812201976776,0.3662109076976776
-0.008544921875,-1.0047607421875,-0.000244140625,-0.0,0.1831054538488388,-0.30517578125
-0.01171875,-1.00244140625,0.00048828125,0.1831054538488388,0.30517578125,-0.0610351525247097
-0.007568359375,-1.0101318359375,-0.003173828125,-0.0,0.2441406100988388,-0.1831054538488388
-0.003173828125,-1.00634765625,0.0009765625,0.0610351525247097,-0.1831054538488388,-0.9155272841453552
-0.0074462890625,-1.0037841796875,0.0010986328125,0.3662109076976776,0.2441406100988388,-0.1220703050494194
-0.0130615234375,-1.004150390625,-0.0003662109375,0.6103515625,0.9155272841453552,0.9155272841453552
-0.010498046875,-1.0064697265625,-0.0006103515625,0.3662109076976776,0.7934569716453552,0.54931640625
-0.0072021484375,-1.005859375,0.0009765625,-0.0610351525247097,0.30517578125,-0.0610351525247097
-0.0106201171875,-1.004150390625,0.00048828125,-0.2441406100988388,0.4272460639476776,0.30517578125
-0.0146484375,-1.003662109375,-0.000732421875,-0.2441406100988388,0.7934569716453552,0.7934569716453552
-0.012451171875,-1.0040283203125,-0.000244140625,-0.30517578125,0.7934569716453552,0.54931640625
-0.0093994140625,-1.0059814453125,-0.0006103515625,-0.4272460639476776,0.6103515625,0.3662109076976776
-0.010498046875,-1.0057373046875,-0.001220703125,-0.30517578125,0.54931640625,0.3662109076976776
-0.0126953125,-1.0037841796875,0.0001220703125,-0.0,0.4882812201976776,0.30517578125
-0.01318359375,-1.005859375,-0.0009765625,-0.0610351525247097,0.3662109076976776,0.1831054538488388
-0.0118408203125,-1.00830078125,-0.00341796875,-0.3662109076976776,-0.0,-0.3662109076976776
-0.0093994140625,-1.0054931640625,-0.001220703125,-0.4272460639476776,-0.54931640625,-1.220703125
-0.00732421875,-1.0052490234375,-0.0008544921875,-0.3662109076976776,-0.6713866591453552,-1.220703125
-0.0068359375,-1.00830078125,-0.0020751953125,-0.30517578125,-0.30517578125,-0.4272460639476776
-0.0064697265625,-1.0081787109375,0.000244140625,-0.2441406100988388,-0.0610351525247097,0.0
-0.0087890625,-1.0074462890625,-0.0047607421875,-0.1831054538488388,0.30517578125,0.54931640625
-0.0111083984375,-1.0059814453125,-0.00390625,0.1220703050494194,0.3662109076976776,0.6103515625
-0.014404296875,-1.0062255859375,0.0,-0.0,0.4272460639476776,0.4272460639476776
-0.015625,-1.0059814453125,-0.000732421875,-0.0610351525247097,0.2441406100988388,0.1831054538488388
-0.0146484375,-1.0040283203125,0.0003662109375,-0.0610351525247097,-0.1220703050494194,-0.30517578125
-0.0128173828125,-1.0052490234375,0.0,-0.1220703050494194,-0.2441406100988388,-0.4272460639476776
-0.01171875,-1.0078125,-0.001220703125,-0.0610351525247097,-0.1831054538488388,-0.2441406100988388
-0.0115966796875,-1.0057373046875,0.0010986328125,-0.0,-0.1831054538488388,-0.30517578125
-0.0135498046875,-1.00390625,0.0009765625,-0.0,-0.0,-0.1220703050494194
-0.015380859375,-1.00537109375,-0.0013427734375,-0.0610351525247097,0.2441406100988388,0.2441406100988388
-0.01318359375,-1.006103515625,-0.00048828125,-0.0,0.1220703050494194,0.0
-0.0135498046875,-1.004150390625,0.001220703125,-0.2441406100988388,0.0610351525247097,-0.1220703050494194
-0.0133056640625,-1.006591796875,-0.0010986328125,-0.30517578125,0.2441406100988388,0.1220703050494194
-0.0101318359375,-1.0079345703125,-0.0003662109375,-0.1831054538488388,0.0610351525247097,-0.1831054538488388
-0.010498046875,-1.0045166015625,0.0025634765625,0.0610351525247097,-0.0610351525247097,-0.3662109076976776
-0.0135498046875,-1.001220703125,0.0028076171875,0.1220703050494194,0.1831054538488388,0.0
-0.013427734375,-1.00732421875,-0.0009765625,-0.0,0.6713866591453552,0.6103515625
-0.0113525390625,-1.010498046875,-0.0008544921875,0.1220703050494194,0.4882812201976776,0.3662109076976776
-0.0118408203125,-1.003173828125,0.00341796875,0.1831054538488388,0.0610351525247097,-0.4882812201976776
-0.013916015625,-1.0,0.0035400390625,0.0610351525247097,0.0610351525247097,-0.30517578125
-0.008056640625,-1.010986328125,-0.0013427734375,-0.1220703050494194,0.4272460639476776,0.1220703050494194
-0.0068359375,-1.0069580078125,0.0025634765625,0.1220703050494194,0.4882812201976776,-0.6713866591453552
-0.01171875,-1.002197265625,0.0032958984375,0.2441406100988388,0.7934569716453552,-0.4272460639476776
-0.016845703125,-1.001708984375,0.001220703125,0.2441406100988388,0.8544921278953552,0.4272460639476776
-0.0140380859375,-1.005126953125,-0.000732421875,-0.0610351525247097,0.4272460639476776,0.3662109076976776
-0.0078125,-1.00830078125,0.0008544921875,-0.1831054538488388,-0.1831054538488388,-0.2441406100988388
-0.011962890625,-1.0042724609375,0.0025634765625,0.2441406100988388,0.54931640625,0.0610351525247097
-0.013916015625,-1.0037841796875,0.002685546875,0.1220703050494194,0.6713866591453552,0.1220703050494194
-0.01123046875,-1.005126953125,0.002685546875,-0.1220703050494194,0.30517578125,-0.30517578125
-0.0093994140625,-1.0059814453125,0.0025634765625,-0.2441406100988388,0.1831054538488388,-0.3662109076976776
-0.0101318359375,-1.0069580078125,0.0013427734375,-0.1831054538488388,0.3662109076976776,-0.0610351525247097
-0.0108642578125,-1.008056640625,-0.00048828125,-0.0610351525247097,0.3662109076976776,0.0610351525247097
-0.010009765625,-1.00634765625,0.000244140625,-0.0610351525247097,-0.1220703050494194,0.0
-0.0106201171875,-1.0042724609375,0.00244140625,-0.0,-0.30517578125,0.1220703050494194
-0.014404296875,-1.005126953125,0.0020751953125,0.0610351525247097,-0.0,0.4882812201976776
-0.0145263671875,-1.005126953125,0.0020751953125,-0.0610351525247097,-0.0,0.1831054538488388
-0.0074462890625,-1.0087890625,0.0018310546875,-0.3662109076976776,-0.4272460639476776,-0.4272460639476776
-0.009033203125,-1.008544921875,0.001220703125,-0.1831054538488388,-0.2441406100988388,-0.1220703050494194
-0.0111083984375,-1.005859375,0.0018310546875,-0.0610351525247097,-0.30517578125,-0.30517578125
-0.0107421875,-1.004638671875,0.0023193359375,0.0610351525247097,-0.4882812201976776,-0.54931640625
-0.0103759765625,-1.0040283203125,0.001953125,0.1220703050494194,-0.4272460639476776,-0.54931640625
-0.01171875,-1.003662109375,0.0010986328125,0.1220703050494194,-0.1220703050494194,-0.30517578125
-0.00634765625,-1.0068359375,0.00244140625,-0.0610351525247097,-0.1220703050494194,-0.1831054538488388
-0.0108642578125,-1.0047607421875,0.0025634765625,-0.1220703050494194,0.1220703050494194,0.54931640625
-0.0135498046875,-1.0062255859375,0.00048828125,-0.2441406100988388,0.54931640625,0.7324218153953552
-0.0111083984375,-1.006103515625,0.0006103515625,-0.30517578125,0.1220703050494194,0.1220703050494194
-0.0079345703125,-1.0064697265625,0.001953125,-0.1831054538488388,-0.1831054538488388,-0.4882812201976776
-0.0087890625,-1.0057373046875,0.0030517578125,-0.0610351525247097,-0.0610351525247097,-0.3662109076976776
-0.010498046875,-1.006103515625,0.0003662109375,-0.1831054538488388,0.1220703050494194,0.1220703050494194
-0.014892578125,-1.0042724609375,0.000732421875,-0.0,0.2441406100988388,0.2441406100988388
-0.014892578125,-1.002685546875,0.0003662109375,-0.0610351525247097,0.0610351525247097,-0.1220703050494194
-0.0128173828125,-1.004150390625,-0.0008544921875,-0.30517578125,-0.1831054538488388,-0.54931640625
-0.008544921875,-1.007080078125,-0.00048828125,-0.4882812201976776,-0.3662109076976776,-0.8544921278953552
-0.0028076171875,-1.0093994140625,0.00048828125,-0.54931640625,-0.6103515625,-1.0986328125
-0.0023193359375,-1.0087890625,0.00146484375,-0.4272460639476776,-0.6103515625,-0.7934569716453552
-0.0067138671875,-1.0052490234375,0.001220703125,-0.1831054538488388,-0.2441406100988388,-0.1831054538488388
-0.0103759765625,-1.0059814453125,-0.0030517578125,-0.1831054538488388,0.0610351525247097,0.3662109076976776
-0.009521484375,-1.005126953125,-0.0013427734375,-0.1220703050494194,-0.1220703050494194,0.0610351525247097
-0.007568359375,-1.0008544921875,0.0032958984375,-0.0610351525247097,-0.1831054538488388,-0.30517578125
-0.0084228515625,-1.0050048828125,0.0003662109375,-0.30517578125,0.4272460639476776,0.4882812201976776
-0.0086669921875,-1.0096435546875,-0.0025634765625,-0.4272460639476776,0.6713866591453552,0.7934569716453552
-0.005859375,-1.0078125,-0.0008544921875,-0.4272460639476776,0.1220703050494194,-0.2441406100988388
-0.004150390625,-1.00537109375,0.0,-0.3662109076976776,-0.1831054538488388,-0.6713866591453552
-0.007080078125,-1.0067138671875,-0.00244140625,-0.1220703050494194,0.0610351525247097,0.0610351525247097
-0.010009765625,-1.00634765625,-0.0013427734375,-0.0,0.3662109076976776,0.3662109076976776
-0.0086669921875,-1.00341796875,0.0009765625,-0.1220703050494194,0.30517578125,-0.0610351525247097
-0.00537109375,-1.0076904296875,-0.0010986328125,0.2441406100988388,-0.2441406100988388,-0.4272460639476776
-0.010498046875,-1.0040283203125,0.001220703125,0.6103515625,-0.0,0.0
-0.012939453125,-1.0008544921875,0.00341796875,0.4882812201976776,0.0610351525247097,0.0
-0.0098876953125,-1.00146484375,0.0035400390625,-0.1220703050494194,-0.0610351525247097,-0.2441406100988388
-0.005615234375,-1.0069580078125,-0.0008544921875,-0.8544921278953552,0.1220703050494194,-0.0610351525247097
-0.00341796875,-1.0133056640625,-0.0068359375,-1.03759765625,0.3662109076976776,0.4882812201976776
-0.0045166015625,-1.01025390625,-0.0047607421875,-0.30517578125,0.1831054538488388,0.30517578125
-0.0089111328125,-1.0013427734375,0.000732421875,0.4272460639476776,0.1220703050494194,0.0
-0.01171875,-1.002197265625,-0.0008544921875,0.4882812201976776,0.4272460639476776,0.4882812201976776
-0.010009765625,-1.008056640625,-0.0023193359375,0.2441406100988388,0.54931640625,0.7324218153953552
-0.0084228515625,-1.0062255859375,0.001220703125,-0.0,0.30517578125,0.1220703050494194
-0.0098876953125,-1.0029296875,0.0018310546875,-0.2441406100988388,0.30517578125,-0.0610351525247097
-0.0108642578125,-1.00634765625,-0.0030517578125,-0.3662109076976776,0.6103515625,0.4882812201976776
-0.0089111328125,-1.0096435546875,-0.0052490234375,-0.30517578125,0.4882812201976776,0.3662109076976776
-0.008544921875,-1.0047607421875,-0.000244140625,-0.0,0.1831054538488388,-0.30517578125
-0.01171875,-1.00244140625,0.00048828125,0.1831054538488388,0.30517578125,-0.0610351525247097
-0.007568359375,-1.0101318359375,-0.003173828125,-0.0,0.2441406100988388,-0.1831054538488388
-0.003173828125,-1.00634765625,0.0009765625,0.0610351525247097,-0.1831054538488388,-0.9155272841453552
-0.0074462890625,-1.0037841796875,0.0010986328125,0.3662109076976776,0.2441406100988388,-0.1220703050494194
-0.0130615234375,-1.004150390625,-0.0003662109375,0.6103515625,0.9155272841453552,0.9155272841453552
-0.010498046875,-1.0064697265625,-0.0006103515625,0.3662109076976776,0.7934569716453552,0.54931640625
-0.0072021484375,-1.005859375,0.0009765625,-0.0610351525247097,0.30517578125,-0.0610351525247097
-0.0106201171875,-1.004150390625,0.00048828125,-0.2441406100988388,0.4272460639476776,0.30517578125
-0.0146484375,-1.003662109375,-0.000732421875,-0.2441406100988388,0.7934569716453552,0.7934569716453552
-0.012451171875,-1.0040283203125,-0.000244140625,-0.30517578125,0.7934569716453552,0.54931640625
-0.0093994140625,-1.0059814453125,-0.0006103515625,-0.4272460639476776,0.6103515625,0.3662109076976776
-0.010498046875,-1.0057373046875,-0.001220703125,-0.30517578125,0.54931640625,0.3662109076976776
-0.0126953125,-1.0037841796875,0.0001220703125,-0.0,0.4882812201976776,0.30517578125
-0.01318359375,-1.005859375,-0.0009765625,-0.0610351525247097,0.3662109076976776,0.1831054538488388
-0.0118408203125,-1.00830078125,-0.00341796875,-0.3662109076976776,-0.0,-0.3662109076976776
-0.0093994140625,-1.0054931640625,-0.001220703125,-0.4272460639476776,-0.54931640625,-1.220703125
-0.00732421875,-1.0052490234375,-0.0008544921875,-0.3662109076976776,-0.6713866591453552,-1.220703125
-0.0068359375,-1.00830078125,-0.0020751953125,-0.30517578125,-0.30517578125,-0.4272460639476776
-0.0064697265625,-1.0081787109375,0.000244140625,-0.2441406100988388,-0.0610351525247097,0.0
-0.0087890625,-1.0074462890625,-0.0047607421875,-0.1831054538488388,0.30517578125,0.54931640625
-0.0111083984375,-1.0059814453125,-0.00390625,0.1220703050494194,0.3662109076976776,0.6103515625
-0.0108642578125,-1.003173828125,-0.0013427734375,0.3662109076976776,0.2441406100988388,0.2441406100988388
-0.0101318359375,-1.0042724609375,-0.0010986328125,0.2441406100988388,0.2441406100988388,0.2441406100988388
-0.010498046875,-1.00732421875,-0.0010986328125,0.2441406100988388,0.30517578125,0.4882812201976776
-0.012451171875,-1.0032958984375,0.002685546875,0.30517578125,0.1831054538488388,0.1831054538488388
-0.01416015625,-1.0015869140625,0.0018310546875,-0.0,0.1831054538488388,-0.0610351525247097
-0.0130615234375,-1.00390625,-0.00048828125,-0.30517578125,0.1220703050494194,-0.0610351525247097
-0.0103759765625,-1.0040283203125,-0.0003662109375,-0.4272460639476776,-0.0,-0.2441406100988388
-0.0091552734375,-1.007080078125,-0.00244140625,-0.4882812201976776,0.1220703050494194,0.0610351525247097
-0.00927734375,-1.0064697265625,-0.0008544921875,-0.30517578125,0.1831054538488388,0.1831054538488388
-0.010498046875,-1.0054931640625,0.0,-0.1831054538488388,0.2441406100988388,0.2441406100988388
-0.0118408203125,-1.009033203125,-0.0029296875,-0.30517578125,0.2441406100988388,0.4272460639476776
-0.010009765625,-1.0068359375,-0.0009765625,-0.3662109076976776,-0.1831054538488388,-0.3662109076976776
-0.00830078125,-1.0008544921875,0.0018310546875,-0.4272460639476776,-0.4882812201976776,-0.9765624403953552
-0.0101318359375,-1.003662109375,-0.002197265625,-0.4272460639476776,0.1220703050494194,0.0
-0.0103759765625,-1.01025390625,-0.006591796875,-0.3662109076976776,0.6103515625,0.9155272841453552
-0.0089111328125,-1.00927734375,-0.005615234375,-0.2441406100988388,0.1831054538488388,0.2441406100988388
-0.009521484375,-1.0062255859375,-0.0032958984375,-0.1831054538488388,-0.30517578125,-0.4882812201976776
-0.010498046875,-1.0047607421875,-0.0023193359375,0.0610351525247097,-0.4272460639476776,-0.54931640625
-0.0107421875,-1.00341796875,-0.0013427734375,0.2441406100988388,-0.30517578125,-0.4882812201976776
-0.010009765625,-1.003662109375,-0.001220703125,0.1220703050494194,-0.1220703050494194,-0.30517578125
-0.00830078125,-1.0047607421875,0.000244140625,0.1220703050494194,-0.0,-0.3662109076976776
-0.009521484375,-1.0042724609375,-0.000244140625,-0.0,-0.0,-0.1831054538488388
-0.00927734375,-1.0057373046875,-0.0015869140625,-0.1831054538488388,0.0610351525247097,-0.0610351525247097
-0.0069580078125,-1.0074462890625,-0.0028076171875,-0.30517578125,0.0610351525247097,0.0
-0.005615234375,-1.00732421875,-0.002197265625,-0.1831054538488388,-0.0,0.0
-0.0084228515625,-1.0032958984375,-0.0009765625,-0.0,0.1220703050494194,0.1220703050494194
-0.0106201171875,-1.003173828125,-0.002197265625,0.0610351525247097,0.2441406100988388,0.3662109076976776
-0.0096435546875,-1.0054931640625,-0.0025634765625,0.1220703050494194,0.30517578125,0.4882812201976776
-0.0098876953125,-1.006103515625,-0.0020751953125,0.1220703050494194,0.3662109076976776,0.4272460639476776
-0.0111083984375,-1.005126953125,-0.001708984375,-0.0,0.1831054538488388,0.1831054538488388
-0.009765625,-1.004150390625,-0.0008544921875,-0.0610351525247097,-0.0610351525247097,-0.2441406100988388
-0.0069580078125,-1.006591796875,-0.0020751953125,-0.0610351525247097,-0.1220703050494194,-0.30517578125
-0.0069580078125,-1.0067138671875,-0.0010986328125,-0.0610351525247097,-0.0610351525247097,-0.1220703050494194
-0.0089111328125,-1.0050048828125,-0.0013427734375,-0.0610351525247097,-0.0,-0.0610351525247097
-0.009765625,-1.0062255859375,-0.003173828125,-0.0,0.0610351525247097,0.1220703050494194
-0.01025390625,-1.0045166015625,-0.0010986328125,0.1220703050494194,0.1220703050494194,0.1220703050494194
-0.009521484375,-1.0037841796875,-0.001220703125,-0.1831054538488388,0.3662109076976776,0.30517578125
-0.00732421875,-1.0081787109375,-0.0032958984375,-0.4882812201976776,0.4882812201976776,0.6103515625
-0.0079345703125,-1.0096435546875,-0.0028076171875,-0.30517578125,0.3662109076976776,0.54931640625
-0.0108642578125,-1.00537109375,-0.0009765625,0.0610351525247097,0.2441406100988388,0.2441406100988388
-0.01171875,-1.0035400390625,-0.0001220703125,0.2441406100988388,0.2441406100988388,0.0610351525247097
-0.011474609375,-1.006103515625,-0.001220703125,0.1220703050494194,0.30517578125,0.2441406100988388
-0.0159912109375,-1.0050048828125,-0.004150390625,-0.30517578125,0.30517578125,0.1831054538488388
-0.0106201171875,-1.0028076171875,-0.004638671875,-2.25830078125,-0.1220703050494194,-2.0751953125
-0.0009765625,-1.0037841796875,-0.005859375,-3.784179449081421,-0.3662109076976776,-4.150390625
-0.00390625,-1.0050048828125,-0.0096435546875,-2.3193359375,-0.1220703050494194,-2.13623046875
-0.007568359375,-1.0054931640625,-0.0076904296875,0.7324218153953552,0.0610351525247097,1.3427733182907104
-0.0081787109375,-1.0062255859375,-0.003173828125,2.563476324081421,0.2441406100988388,2.624511480331421
-0.0089111328125,-1.0084228515625,-0.004150390625,2.01416015625,0.3662109076976776,1.8310545682907104
-0.0106201171875,-1.00537109375,-0.0028076171875,0.9155272841453552,0.1220703050494194,0.3662109076976776
-0.0113525390625,-0.99951171875,0.0028076171875,0.30517578125,-0.2441406100988388,-0.6103515625
-0.0098876953125,-1.0008544921875,0.00146484375,-0.2441406100988388,-0.0610351525247097,-0.30517578125
-0.0069580078125,-1.0096435546875,-0.0052490234375,-0.7934569716453552,0.4882812201976776,0.54931640625
-0.0047607421875,-1.01220703125,-0.0062255859375,-0.8544921278953552,0.30517578125,0.2441406100988388
-0.0062255859375,-1.0042724609375,-0.00244140625,-0.3662109076976776,-0.1220703050494194,-0.54931640625
-0.009765625,-1.001708984375,-0.0040283203125,-0.0610351525247097,0.0610351525247097,-0.1831054538488388
-0.0103759765625,-1.005126953125,-0.0062255859375,0.0610351525247097,0.3662109076976776,0.4272460639476776
-0.008544921875,-1.0048828125,-0.00390625,0.0610351525247097,0.30517578125,0.1220703050494194
-0.0089111328125,-1.009521484375,-0.0059814453125,0.1220703050494194,-0.3662109076976776,-0.9765624403953552
-0.0081787109375,-1.0028076171875,-0.0010986328125,0.4272460639476776,-0.7934569716453552,-1.7700194120407104
-0.0057373046875,-1.00146484375,0.0003662109375,0.7324218153953552,-0.54931640625,-1.03759765625
0.0008544921875,-1.0059814453125,0.00048828125,0.4882812201976776,-0.1831054538488388,-0.54931640625
0.0003662109375,-1.007568359375,0.0,0.0610351525247097,0.1831054538488388,-0.1220703050494194
-0.005126953125,-1.0067138671875,-0.0018310546875,0.0610351525247097,0.6103515625,0.6103515625
-0.00732421875,-1.0072021484375,-0.0037841796875,0.1220703050494194,0.7324218153953552,0.7934569716453552
-0.00634765625,-1.0067138671875,-0.0028076171875,0.1220703050494194,0.4882812201976776,0.4882812201976776
-0.006103515625,-1.0040283203125,-0.0008544921875,0.1220703050494194,0.3662109076976776,0.30517578125
-0.00830078125,-1.005859375,-0.0025634765625,0.1220703050494194,0.54931640625,0.7324218153953552
-0.0089111328125,-1.008544921875,-0.00390625,-0.0,0.4882812201976776,0.7934569716453552
-0.006103515625,-1.0048828125,-0.0015869140625,-0.0610351525247097,-0.0,-0.30517578125
-0.0052490234375,-1.003173828125,0.0,0.0610351525247097,-0.1831054538488388,-0.54931640625
-0.0064697265625,-1.0059814453125,-0.001220703125,0.3662109076976776,0.0610351525247097,0.0610351525247097
-0.0064697265625,-1.0072021484375,-0.0010986328125,0.4272460639476776,0.1220703050494194,0.1220703050494194
-0.005126953125,-1.005859375,0.001220703125,0.30517578125,-0.1220703050494194,-0.2441406100988388
-0.00537109375,-1.0047607421875,0.001708984375,0.2441406100988388,-0.1220703050494194,-0.1831054538488388
-0.009033203125,-1.005859375,-0.001220703125,0.2441406100988388,0.1220703050494194,0.2441406100988388
-0.0098876953125,-1.00341796875,0.000732421875,0.1220703050494194,0.0610351525247097,0.0
-0.0067138671875,-1.0029296875,0.0013427734375,-0.2441406100988388,-0.0,-0.4882812201976776
-0.004638671875,-1.0068359375,-0.0009765625,-0.4272460639476776,0.1220703050494194,-0.2441406100988388
-0.0076904296875,-1.0045166015625,0.001220703125,-0.1220703050494194,-0.0610351525247097,-0.1220703050494194
-0.0047607421875,-1.0067138671875,0.0,-0.3662109076976776,-0.2441406100988388,-0.4272460639476776
-0.002197265625,-1.007080078125,-0.000732421875,-0.3662109076976776,-0.30517578125,-0.6713866591453552
-0.002197265625,-1.0057373046875,-0.00048828125,-0.1831054538488388,-0.2441406100988388,-0.4272460639476776
-0.00341796875,-1.00537109375,-0.000732421875,-0.0,-0.0610351525247097,-0.0610351525247097
-0.004638671875,-1.0067138671875,-0.0008544921875,0.0610351525247097,-0.0,0.0610351525247097
-0.0050048828125,-1.0057373046875,0.00048828125,-0.0610351525247097,-0.2441406100988388,-0.30517578125
-0.003662109375,-1.003662109375,0.000732421875,-0.1831054538488388,-0.3662109076976776,-0.7324218153953552
-0.0023193359375,-1.0054931640625,-0.0009765625,-0.2441406100988388,-0.2441406100988388,-0.4272460639476776
-0.0,-1.0084228515625,-0.001220703125,-0.1220703050494194,-0.0610351525247097,0.0
-0.004150390625,-1.01171875,-0.004150390625,0.1220703050494194,0.4882812201976776,-0.1220703050494194
-0.0133056640625,-1.0135498046875,-0.0074462890625,0.6103515625,1.5258787870407104,-1.15966796875
-0.0079345703125,-1.0059814453125,-0.0009765625,1.2817381620407104,1.0986328125,-1.7089842557907104
0.0123291015625,-0.996826171875,0.011474609375,1.4038084745407104,-0.7324218153953552,-0.7934569716453552
0.015625,-0.9991455078125,0.0118408203125,0.6713866591453552,-1.4038084745407104,1.3427733182907104
-0.007080078125,-1.0048828125,0.0013427734375,0.3662109076976776,-0.6103515625,3.662109136581421
-0.0223388671875,-1.0064697265625,-0.0029296875,0.54931640625,-0.0,3.051757574081421
-0.0111083984375,-1.00732421875,0.0015869140625,0.1220703050494194,-0.54931640625,-0.30517578125
0.0048828125,-1.007080078125,0.0062255859375,-0.30517578125,-0.9765624403953552,-1.9531248807907104
0.00390625,-1.0054931640625,0.005615234375,-0.0610351525247097,-0.2441406100988388,-0.3662109076976776
-0.0067138671875,-1.003662109375,0.00341796875,0.4882812201976776,0.6103515625,1.15966796875
-0.0108642578125,-1.003173828125,-0.0013427734375,0.3662109076976776,0.2441406100988388,0.2441406100988388
-0.0101318359375,-1.0042724609375,-0.0010986328125,0.2441406100988388,0.2441406100988388,0.2441406100988388
-0.010498046875,-1.00732421875,-0.0010986328125,0.2441406100988388,0.30517578125,0.4882812201976776
-0.012451171875,-1.0032958984375,0.002685546875,0.30517578125,0.1831054538488388,0.1831054538488388
-0.01416015625,-1.0015869140625,0.0018310546875,-0.0,0.1831054538488388,-0.0610351525247097
-0.0130615234375,-1.00390625,-0.00048828125,-0.30517578125,0.1220703050494194,-0.0610351525247097
-0.0103759765625,-1.0040283203125,-0.0003662109375,-0.4272460639476776,-0.0,-0.2441406100988388
-0.0091552734375,-1.007080078125,-0.00244140625,-0.4882812201976776,0.1220703050494194,0.0610351525247097
-0.00927734375,-1.0064697265625,-0.0008544921875,-0.30517578125,0.1831054538488388,0.1831054538488388
-0.010498046875,-1.0054931640625,0.0,-0.1831054538488388,0.2441406100988388,0.2441406100988388
-0.0118408203125,-1.009033203125,-0.0029296875,-0.30517578125,0.2441406100988388,0.4272460639476776
-0.010009765625,-1.0068359375,-0.0009765625,-0.3662109076976776,-0.1831054538488388,-0.3662109076976776
-0.00830078125,-1.0008544921875,0.0018310546875,-0.4272460639476776,-0.4882812201976776,-0.9765624403953552
-0.0101318359375,-1.003662109375,-0.002197265625,-0.4272460639476776,0.1220703050494194,0.0
-0.0103759765625,-1.01025390625,-0.006591796875,-0.3662109076976776,0.6103515625,0.9155272841453552
-0.0089111328125,-1.00927734375,-0.005615234375,-0.2441406100988388,0.1831054538488388,0.2441406100988388
-0.009521484375,-1.0062255859375,-0.0032958984375,-0.1831054538488388,-0.30517578125,-0.4882812201976776
-0.010498046875,-1.0047607421875,-0.0023193359375,0.0610351525247097,-0.4272460639476776,-0.54931640625
-0.0107421875,-1.00341796875,-0.0013427734375,0.2441406100988388,-0.30517578125,-0.4882812201976776
-0.010009765625,-1.003662109375,-0.001220703125,0.1220703050494194,-0.1220703050494194,-0.30517578125
-0.00830078125,-1.0047607421875,0.000244140625,0.1220703050494194,-0.0,-0.3662109076976776
-0.009521484375,-1.0042724609375,-0.000244140625,-0.0,-0.0,-0.1831054538488388
-0.00927734375,-1.0057373046875,-0.0015869140625,-0.1831054538488388,0.0610351525247097,-0.0610351525247097
-0.0069580078125,-1.0074462890625,-0.0028076171875,-0.30517578125,0.0610351525247097,0.0
-0.005615234375,-1.00732421875,-0.002197265625,-0.1831054538488388,-0.0,0.0
-0.0084228515625,-1.0032958984375,-0.0009765625,-0.0,0.1220703050494194,0.1220703050494194
-0.0106201171875,-1.003173828125,-0.002197265625,0.0610351525247097,0.2441406100988388,0.3662109076976776
-0.0096435546875,-1.0054931640625,-0.0025634765625,0.1220703050494194,0.30517578125,0.4882812201976776
-0.0098876953125,-1.006103515625,-0.0020751953125,0.1220703050494194,0.3662109076976776,0.4272460639476776
-0.0111083984375,-1.005126953125,-0.001708984375,-0.0,0.1831054538488388,0.1831054538488388
-0.009765625,-1.004150390625,-0.0008544921875,-0.0610351525247097,-0.0610351525247097,-0.2441406100988388
-0.0069580078125,-1.006591796875,-0.0020751953125,-0.0610351525247097,-0.1220703050494194,-0.30517578125
-0.0069580078125,-1.0067138671875,-0.0010986328125,-0.0610351525247097,-0.0610351525247097,-0.1220703050494194
-0.0089111328125,-1.0050048828125,-0.0013427734375,-0.0610351525247097,-0.0,-0.0610351525247097
-0.009765625,-1.0062255859375,-0.003173828125,-0.0,0.0610351525247097,0.1220703050494194
-0.01025390625,-1.0045166015625,-0.0010986328125,0.1220703050494194,0.1220703050494194,0.1220703050494194
-0.009521484375,-1.0037841796875,-0.001220703125,-0.1831054538488388,0.3662109076976776,0.30517578125
-0.00732421875,-1.0081787109375,-0.0032958984375,-0.4882812201976776,0.4882812201976776,0.6103515625
-0.0079345703125,-1.0096435546875,-0.0028076171875,-0.30517578125,0.3662109076976776,0.54931640625
-0.0108642578125,-1.00537109375,-0.0009765625,0.0610351525247097,0.2441406100988388,0.2441406100988388
-0.01171875,-1.0035400390625,-0.0001220703125,0.2441406100988388,0.2441406100988388,0.0610351525247097
-0.011474609375,-1.006103515625,-0.001220703125,0.1220703050494194,0.30517578125,0.2441406100988388
-0.0159912109375,-1.0050048828125,-0.004150390625,-0.30517578125,0.30517578125,0.1831054538488388
-0.0106201171875,-1.0028076171875,-0.004638671875,-2.25830078125,-0.1220703050494194,-2.0751953125
-0.0009765625,-1.0037841796875,-0.005859375,-3.784179449081421,-0.3662109076976776,-4.150390625
-0.00390625,-1.0050048828125,-0.0096435546875,-2.3193359375,-0.1220703050494194,-2.13623046875
-0.007568359375,-1.0054931640625,-0.0076904296875,0.7324218153953552,0.0610351525247097,1.3427733182907104
-0.0081787109375,-1.0062255859375,-0.003173828125,2.563476324081421,0.2441406100988388,2.624511480331421
-0.0089111328125,-1.0084228515625,-0.004150390625,2.01416015625,0.3662109076976776,1.8310545682907104
-0.0106201171875,-1.00537109375,-0.0028076171875,0.9155272841453552,0.1220703050494194,0.3662109076976776
-0.0113525390625,-0.99951171875,0.0028076171875,0.30517578125,-0.2441406100988388,-0.6103515625
-0.0098876953125,-1.0008544921875,0.00146484375,-0.2441406100988388,-0.0610351525247097,-0.30517578125
-0.0069580078125,-1.0096435546875,-0.0052490234375,-0.7934569716453552,0.4882812201976776,0.54931640625
-0.0047607421875,-1.01220703125,-0.0062255859375,-0.8544921278953552,0.30517578125,0.2441406100988388
-0.0062255859375,-1.0042724609375,-0.00244140625,-0.3662109076976776,-0.1220703050494194,-0.54931640625
-0.009765625,-1.001708984375,-0.0040283203125,-0.0610351525247097,0.0610351525247097,-0.1831054538488388
-0.0103759765625,-1.005126953125,-0.0062255859375,0.0610351525247097,0.3662109076976776,0.4272460639476776
-0.008544921875,-1.0048828125,-0.00390625,0.0610351525247097,0.30517578125,0.1220703050494194
-0.0089111328125,-1.009521484375,-0.0059814453125,0.1220703050494194,-0.3662109076976776,-0.9765624403953552
-0.0081787109375,-1.0028076171875,-0.0010986328125,0.4272460639476776,-0.7934569716453552,-1.7700194120407104
-0.0057373046875,-1.00146484375,0.0003662109375,0.7324218153953552,-0.54931640625,-1.03759765625
0.0008544921875,-1.0059814453125,0.00048828125,0.4882812201976776,-0.1831054538488388,-0.54931640625
0.0003662109375,-1.007568359375,0.0,0.0610351525247097,0.1831054538488388,-0.1220703050494194
-0.005126953125,-1.0067138671875,-0.0018310546875,0.0610351525247097,0.6103515625,0.6103515625
-0.00732421875,-1.0072021484375,-0.0037841796875,0.1220703050494194,0.7324218153953552,0.7934569716453552
-0.00634765625,-1.0067138671875,-0.0028076171875,0.1220703050494194,0.4882812201976776,0.4882812201976776
-0.006103515625,-1.0040283203125,-0.0008544921875,0.1220703050494194,0.3662109076976776,0.30517578125
-0.00830078125,-1.005859375,-0.0025634765625,0.1220703050494194,0.54931640625,0.7324218153953552
-0.0089111328125,-1.008544921875,-0.00390625,-0.0,0.4882812201976776,0.7934569716453552
-0.006103515625,-1.0048828125,-0.0015869140625,-0.0610351525247097,-0.0,-0.30517578125
-0.0052490234375,-1.003173828125,0.0,0.0610351525247097,-0.1831054538488388,-0.54931640625
-0.0064697265625,-1.0059814453125,-0.001220703125,0.3662109076976776,0.0610351525247097,0.0610351525247097
-0.0064697265625,-1.0072021484375,-0.0010986328125,0.4272460639476776,0.1220703050494194,0.1220703050494194
-0.005126953125,-1.005859375,0.001220703125,0.30517578125,-0.1220703050494194,-0.2441406100988388
-0.00537109375,-1.0047607421875,0.001708984375,0.2441406100988388,-0.1220703050494194,-0.1831054538488388
-0.009033203125,-1.005859375,-0.001220703125,0.2441406100988388,0.1220703050494194,0.2441406100988388
-0.0098876953125,-1.00341796875,0.000732421875,0.1220703050494194,0.0610351525247097,0.0
-0.0067138671875,-1.0029296875,0.0013427734375,-0.2441406100988388,-0.0,-0.4882812201976776
-0.004638671875,-1.0068359375,-0.0009765625,-0.4272460639476776,0.1220703050494194,-0.2441406100988388
-0.0076904296875,-1.0045166015625,0.001220703125,-0.1220703050494194,-0.0610351525247097,-0.1220703050494194
-0.0047607421875,-1.0067138671875,0.0,-0.3662109076976776,-0.2441406100988388,-0.4272460639476776
-0.002197265625,-1.007080078125,-0.000732421875,-0.3662109076976776,-0.30517578125,-0.6713866591453552
-0.002197265625,-1.0057373046875,-0.00048828125,-0.1831054538488388,-0.2441406100988388,-0.4272460639476776
-0.00341796875,-1.00537109375,-0.000732421875,-0.0,-0.0610351525247097,-0.0610351525247097
-0.004638671875,-1.0067138671875,-0.0008544921875,0.0610351525247097,-0.0,0.0610351525247097
-0.0050048828125,-1.0057373046875,0.00048828125,-0.0610351525247097,-0.2441406100988388,-0.30517578125
-0.003662109375,-1.003662109375,0.000732421875,-0.1831054538488388,-0.3662109076976776,-0.7324218153953552
-0.0023193359375,-1.0054931640625,-0.0009765625,-0.2441406100988388,-0.2441406100988388,-0.4272460639476776
-0.0,-1.0084228515625,-0.001220703125,-0.1220703050494194,-0.0610351525247097,0.0
-0.004150390625,-1.01171875,-0.004150390625,0.1220703050494194,0.4882812201976776,-0.1220703050494194
-0.0133056640625,-1.0135498046875,-0.0074462890625,0.6103515625,1.5258787870407104,-1.15966796875
-0.0079345703125,-1.0059814453125,-0.0009765625,1.2817381620407104,1.0986328125,-1.7089842557907104
0.0123291015625,-0.996826171875,0.011474609375,1.4038084745407104,-0.7324218153953552,-0.7934569716453552
0.015625,-0.9991455078125,0.0118408203125,0.6713866591453552,-1.4038084745407104,1.3427733182907104
-0.007080078125,-1.0048828125,0.0013427734375,0.3662109076976776,-0.6103515625,3.662109136581421
-0.0223388671875,-1.0064697265625,-0.0029296875,0.54931640625,-0.0,3.051757574081421
-0.0111083984375,-1.00732421875,0.0015869140625,0.1220703050494194,-0.54931640625,-0.30517578125
0.0048828125,-1.007080078125,0.0062255859375,-0.30517578125,-0.9765624403953552,-1.9531248807907104
0.00390625,-1.0054931640625,0.005615234375,-0.0610351525247097,-0.2441406100988388,-0.3662109076976776
-0.0067138671875,-1.003662109375,0.00341796875,0.4882812201976776,0.6103515625,1.15966796875
-0.0108642578125,-1.0047607421875,0.00244140625,0.54931640625,0.6103515625,0.9155272841453552
-0.00732421875,-1.0048828125,0.0050048828125,-0.0,0.6713866591453552,0.9155272841453552
-0.01220703125,-1.0029296875,0.003662109375,-0.0610351525247097,0.8544921278953552,0.9765624403953552
-0.005615234375,-1.0035400390625,0.0045166015625,-0.3662109076976776,0.4272460639476776,-0.0610351525247097
-0.0009765625,-1.008544921875,0.0037841796875,-0.4882812201976776,0.30517578125,-0.1220703050494194
-0.0042724609375,-1.009521484375,0.00341796875,-0.30517578125,0.6103515625,0.54931640625
-0.007568359375,-1.0057373046875,0.00390625,-0.30517578125,0.54931640625,0.4882812201976776
-0.006591796875,-1.005126953125,0.0042724609375,-0.4272460639476776,0.30517578125,0.0610351525247097
-0.005126953125,-1.0052490234375,0.002685546875,-0.4272460639476776,0.4272460639476776,0.1831054538488388
-0.007080078125,-1.004638671875,0.0003662109375,-0.2441406100988388,0.7324218153953552,0.6713866591453552
-0.008544921875,-1.006591796875,0.000244140625,0.0610351525247097,0.7934569716453552,0.8544921278953552
-0.007080078125,-1.008056640625,0.0023193359375,0.30517578125,0.4882812201976776,0.3662109076976776
-0.0079345703125,-1.0035400390625,0.004150390625,0.0610351525247097,-0.1831054538488388,-0.3662109076976776
-0.0098876953125,-1.0040283203125,0.0050048828125,-0.1220703050494194,-0.0,0.0
-0.0079345703125,-1.0048828125,0.004638671875,-0.2441406100988388,0.1831054538488388,0.0610351525247097
-0.00439453125,-1.0059814453125,0.0020751953125,-0.2441406100988388,0.3662109076976776,0.0
-0.006103515625,-1.0093994140625,0.000244140625,-0.1220703050494194,0.4882812201976776,0.4272460639476776
-0.0067138671875,-1.009521484375,0.00146484375,0.2441406100988388,0.1220703050494194,0.1831054538488388
-0.00537109375,-1.0067138671875,0.00390625,0.6103515625,-0.54931640625,-0.6713866591453552
0.0013427734375,-1.014892578125,0.000244140625,-0.9155272841453552,-0.0,0.30517578125
-0.0003662109375,-1.0103759765625,0.0015869140625,-0.4272460639476776,0.1220703050494194,-0.1831054538488388
-0.00634765625,-1.00390625,0.0035400390625,0.0610351525247097,0.1220703050494194,-0.30517578125
-0.008056640625,-1.0028076171875,0.0048828125,0.1831054538488388,0.1831054538488388,-0.1831054538488388
-0.003662109375,-1.0047607421875,0.0052490234375,-0.0,0.4272460639476776,0.0610351525247097
-0.005126953125,-1.005615234375,0.0054931640625,-0.0,0.4272460639476776,0.3662109076976776
-0.0074462890625,-1.0037841796875,0.005615234375,-0.1220703050494194,0.2441406100988388,0.30517578125
-0.0072021484375,-1.0050048828125,0.00439453125,-0.3662109076976776,0.1220703050494194,0.0610351525247097
-0.0040283203125,-1.0093994140625,0.002685546875,-0.4272460639476776,-0.0610351525247097,-0.1220703050494194
-0.0029296875,-1.0072021484375,0.004638671875,-0.2441406100988388,-0.2441406100988388,-0.4882812201976776
-0.0047607421875,-1.0037841796875,0.0057373046875,-0.1220703050494194,-0.0,-0.30517578125
-0.0054931640625,-1.005126953125,0.00390625,-0.1831054538488388,0.4272460639476776,0.30517578125
-0.00439453125,-1.005859375,0.00390625,-0.2441406100988388,0.54931640625,0.4882812201976776
-0.0076904296875,-1.00390625,0.0057373046875,0.1220703050494194,0.1220703050494194,-0.1220703050494194
-0.0064697265625,-1.0010986328125,0.0081787109375,-0.1831054538488388,-0.0,-0.3662109076976776
-0.00390625,-1.0062255859375,0.0028076171875,-0.4882812201976776,0.30517578125,0.0610351525247097
-0.004150390625,-1.0115966796875,-0.0008544921875,-0.3662109076976776,0.4272460639476776,0.3662109076976776
-0.0054931640625,-1.00634765625,0.0040283203125,-0.0,0.1220703050494194,-0.1831054538488388
-0.0062255859375,-1.0029296875,0.0047607421875,0.1220703050494194,-0.0610351525247097,-0.3662109076976776
-0.007568359375,-1.0025634765625,0.0045166015625,0.0610351525247097,0.1831054538488388,0.1220703050494194
-0.0079345703125,-1.0025634765625,0.0050048828125,-0.0,0.4272460639476776,0.4272460639476776
-0.0068359375,-1.0035400390625,0.0048828125,-0.2441406100988388,0.6103515625,0.4882812201976776
-0.0045166015625,-1.007080078125,0.0032958984375,-0.4272460639476776,0.6103515625,0.54931640625
-0.0030517578125,-1.0115966796875,0.000244140625,-0.4882812201976776,0.54931640625,0.54931640625
-0.003173828125,-1.0087890625,0.0030517578125,-0.1220703050494194,0.2441406100988388,0.1831054538488388
-0.0078125,-1.003173828125,0.0057373046875,0.30517578125,0.30517578125,0.1220703050494194
-0.0126953125,-1.0030517578125,0.00341796875,0.30517578125,0.4882812201976776,0.54931640625
0.000244140625,-1.0084228515625,0.005126953125,0.0610351525247097,-0.0,-0.4882812201976776
-0.0054931640625,-1.0067138671875,0.0052490234375,0.3662109076976776,0.4272460639476776,0.2441406100988388
-0.012939453125,-1.0013427734375,0.0067138671875,0.6713866591453552,0.7324218153953552,0.6103515625
-0.0093994140625,-1.001708984375,0.0064697265625,0.4272460639476776,0.6713866591453552,0.2441406100988388
-0.0078125,-1.002197265625,0.008056640625,0.0610351525247097,0.1831054538488388,-0.30517578125
-0.00634765625,-1.0020751953125,0.00830078125,-0.4272460639476776,-0.30517578125,-1.3427733182907104
-0.0057373046875,-1.001953125,0.0076904296875,-1.03759765625,-0.1831054538488388,-1.5869139432907104
-0.0059814453125,-1.00830078125,0.0006103515625,-1.8920897245407104,0.4882812201976776,-0.8544921278953552
-0.0057373046875,-1.0142822265625,-0.0030517578125,-1.6479490995407104,0.4882812201976776,-0.54931640625
-0.0052490234375,-1.0091552734375,-0.0003662109375,-0.3662109076976776,-0.0,-0.7324218153953552
-0.004638671875,-1.0045166015625,0.0025634765625,0.30517578125,-0.3662109076976776,-0.7324218153953552
-0.004150390625,-1.0037841796875,0.0037841796875,0.30517578125,-0.3662109076976776,-0.4882812201976776
-0.0020751953125,-1.0057373046875,0.00341796875,0.0610351525247097,-0.2441406100988388,-0.30517578125
-0.0008544921875,-1.0081787109375,0.0029296875,-0.0610351525247097,-0.1220703050494194,-0.1831054538488388
-0.00244140625,-1.00732421875,0.003662109375,-0.1220703050494194,-0.1220703050494194,-0.1831054538488388
-0.00439453125,-1.005126953125,0.002685546875,-0.3662109076976776,-0.1831054538488388,-0.1831054538488388
-0.004150390625,-1.00537109375,0.0008544921875,-0.6713866591453552,-0.3662109076976776,-0.2441406100988388
-0.00048828125,-1.0087890625,0.0001220703125,-0.7934569716453552,-0.54931640625,-0.30517578125
-0.0003662109375,-1.009033203125,-0.000244140625,-0.4272460639476776,-0.30517578125,0.2441406100988388
-0.0045166015625,-1.0037841796875,0.001953125,0.2441406100988388,0.30517578125,1.0986328125
-0.0040283203125,-1.0013427734375,0.006591796875,0.4882812201976776,0.4882812201976776,1.15966796875
-0.0025634765625,-1.005126953125,0.0054931640625,0.2441406100988388,0.4882812201976776,0.9765624403953552
-0.006591796875,-1.0062255859375,0.000244140625,-0.1220703050494194,-0.1220703050494194,0.4882812201976776
-0.0030517578125,-1.0057373046875,0.0028076171875,-0.1220703050494194,-0.2441406100988388,0.4272460639476776
-0.0179443359375,-0.9935302734375,0.0062255859375,0.2441406100988388,0.6103515625,0.9765624403953552
-0.0335693359375,-0.982666015625,0.007080078125,0.1831054538488388,1.220703125,0.1831054538488388
-0.0130615234375,-0.993896484375,0.0040283203125,-0.8544921278953552,0.4882812201976776,-4.0283203125
0.0179443359375,-1.0194091796875,-0.00244140625,-2.13623046875,-0.6713866591453552,-7.263183116912842
0.030029296875,-1.03076171875,-0.0064697265625,-1.7089842557907104,-0.6103515625,-6.286620616912842
0.032470703125,-1.021240234375,-0.0025634765625,0.1220703050494194,0.6103515625,-3.601073980331421
0.0286865234375,-1.00732421875,0.002685546875,1.15966796875,1.8920897245407104,-0.6713866591453552
0.0078125,-0.997802734375,0.0030517578125,0.30517578125,2.38037109375,2.685546636581421
-0.0142822265625,-0.9927978515625,-0.0028076171875,-1.15966796875,1.7089842557907104,5.0048828125
-0.0164794921875,-1.0010986328125,-0.0091552734375,-2.197265625,0.3662109076976776,4.638671875
-0.010009765625,-1.008544921875,-0.0057373046875,-2.0751953125,-0.3662109076976776,2.25830078125
-0.0029296875,-0.9974365234375,0.001953125,-0.9155272841453552,0.3662109076976776,-0.4882812201976776
0.0113525390625,-0.9945068359375,0.003173828125,-0.7934569716453552,1.5258787870407104,-3.112792730331421
0.0169677734375,-1.00537109375,-0.0023193359375,-2.0751953125,2.38037109375,-4.150390625
-0.0057373046875,-1.0081787109375,-0.0093994140625,-3.173827886581421,2.746581792831421,-2.50244140625
-0.026611328125,-1.0126953125,-0.01953125,-3.906249761581421,1.15966796875,-0.4272460639476776
-0.0137939453125,-1.024169921875,-0.026611328125,-4.45556640625,-2.38037109375,-0.9765624403953552
0.018310546875,-1.0206298828125,-0.0220947265625,-4.21142578125,-4.7607421875,-2.44140625
0.0374755859375,-1.0076904296875,-0.0150146484375,-3.051757574081421,-3.845214605331421,-0.8544921278953552
0.0318603515625,-0.9979248046875,-0.0084228515625,-1.5258787870407104,-1.3427733182907104,2.990722417831421
0.0184326171875,-0.9893798828125,-0.00244140625,0.1220703050494194,1.6479490995407104,5.737304210662842
0.00244140625,-0.9976806640625,-0.0101318359375,-0.0610351525247097,3.601073980331421,5.310058116912842
-0.01611328125,-1.0125732421875,-0.04248046875,-3.295898199081421,-1.2817381620407104,2.929687261581421
0.0057373046875,-1.0045166015625,-0.0213623046875,0.7934569716453552,3.784179449081421,4.7607421875
-0.0379638671875,-1.006591796875,-0.0338134765625,0.4882812201976776,6.103515148162842,3.601073980331421
-0.072509765625,-1.0015869140625,-0.037353515625,0.1831054538488388,5.249022960662842,1.5869139432907104
-0.0543212890625,-0.99609375,-0.0255126953125,-0.3662109076976776,1.2817381620407104,-2.25830078125
-0.004638671875,-1.0030517578125,-0.01708984375,-1.2817381620407104,-2.38037109375,-4.82177734375
0.0184326171875,-1.0172119140625,-0.022705078125,-1.9531248807907104,-2.868652105331421,-2.746581792831421
0.0107421875,-1.0189208984375,-0.0294189453125,-1.2817381620407104,-1.4038084745407104,0.6103515625
-0.0108642578125,-1.0047607421875,0.00244140625,0.54931640625,0.6103515625,0.9155272841453552
-0.00732421875,-1.0048828125,0.0050048828125,-0.0,0.6713866591453552,0.9155272841453552
-0.01220703125,-1.0029296875,0.003662109375,-0.0610351525247097,0.8544921278953552,0.9765624403953552
-0.005615234375,-1.0035400390625,0.0045166015625,-0.3662109076976776,0.4272460639476776,-0.0610351525247097
-0.0009765625,-1.008544921875,0.0037841796875,-0.4882812201976776,0.30517578125,-0.1220703050494194
-0.0042724609375,-1.009521484375,0.00341796875,-0.30517578125,0.6103515625,0.54931640625
-0.007568359375,-1.0057373046875,0.00390625,-0.30517578125,0.54931640625,0.4882812201976776
-0.006591796875,-1.005126953125,0.0042724609375,-0.4272460639476776,0.30517578125,0.0610351525247097
-0.005126953125,-1.0052490234375,0.002685546875,-0.4272460639476776,0.4272460639476776,0.1831054538488388
-0.007080078125,-1.004638671875,0.0003662109375,-0.2441406100988388,0.7324218153953552,0.6713866591453552
-0.008544921875,-1.006591796875,0.000244140625,0.0610351525247097,0.7934569716453552,0.8544921278953552
-0.007080078125,-1.008056640625,0.0023193359375,0.30517578125,0.4882812201976776,0.3662109076976776
-0.0079345703125,-1.0035400390625,0.004150390625,0.0610351525247097,-0.1831054538488388,-0.3662109076976776
-0.0098876953125,-1.0040283203125,0.0050048828125,-0.1220703050494194,-0.0,0.0
-0.0079345703125,-1.0048828125,0.004638671875,-0.2441406100988388,0.1831054538488388,0.0610351525247097
-0.00439453125,-1.0059814453125,0.0020751953125,-0.2441406100988388,0.3662109076976776,0.0
-0.006103515625,-1.0093994140625,0.000244140625,-0.1220703050494194,0.4882812201976776,0.4272460639476776
-0.0067138671875,-1.009521484375,0.00146484375,0.2441406100988388,0.1220703050494194,0.1831054538488388
-0.00537109375,-1.0067138671875,0.00390625,0.6103515625,-0.54931640625,-0.6713866591453552
0.0013427734375,-1.014892578125,0.000244140625,-0.9155272841453552,-0.0,0.30517578125
-0.0003662109375,-1.0103759765625,0.0015869140625,-0.4272460639476776,0.1220703050494194,-0.1831054538488388
-0.00634765625,-1.00390625,0.0035400390625,0.0610351525247097,0.1220703050494194,-0.30517578125
-0.008056640625,-1.0028076171875,0.0048828125,0.1831054538488388,0.1831054538488388,-0.1831054538488388
-0.003662109375,-1.0047607421875,0.0052490234375,-0.0,0.4272460639476776,0.0610351525247097
-0.005126953125,-1.005615234375,0.0054931640625,-0.0,0.4272460639476776,0.3662109076976776
-0.0074462890625,-1.0037841796875,0.005615234375,-0.1220703050494194,0.2441406100988388,0.30517578125
-0.0072021484375,-1.0050048828125,0.00439453125,-0.3662109076976776,0.1220703050494194,0.0610351525247097
-0.0040283203125,-1.0093994140625,0.002685546875,-0.4272460639476776,-0.0610351525247097,-0.1220703050494194
-0.0029296875,-1.0072021484375,0.004638671875,-0.2441406100988388,-0.2441406100988388,-0.4882812201976776
-0.0047607421875,-1.0037841796875,0.0057373046875,-0.1220703050494194,-0.0,-0.30517578125
-0.0054931640625,-1.005126953125,0.00390625,-0.1831054538488388,0.4272460639476776,0.30517578125
-0.00439453125,-1.005859375,0.00390625,-0.2441406100988388,0.54931640625,0.4882812201976776
-0.0076904296875,-1.00390625,0.0057373046875,0.1220703050494194,0.1220703050494194,-0.1220703050494194
-0.0064697265625,-1.0010986328125,0.0081787109375,-0.1831054538488388,-0.0,-0.3662109076976776
-0.00390625,-1.0062255859375,0.0028076171875,-0.4882812201976776,0.30517578125,0.0610351525247097
-0.004150390625,-1.0115966796875,-0.0008544921875,-0.3662109076976776,0.4272460639476776,0.3662109076976776
-0.0054931640625,-1.00634765625,0.0040283203125,-0.0,0.1220703050494194,-0.1831054538488388
-0.0062255859375,-1.0029296875,0.0047607421875,0.1220703050494194,-0.0610351525247097,-0.3662109076976776
-0.007568359375,-1.0025634765625,0.0045166015625,0.0610351525247097,0.1831054538488388,0.1220703050494194
-0.0079345703125,-1.0025634765625,0.0050048828125,-0.0,0.4272460639476776,0.4272460639476776
-0.0068359375,-1.0035400390625,0.0048828125,-0.2441406100988388,0.6103515625,0.4882812201976776
-0.0045166015625,-1.007080078125,0.0032958984375,-0.4272460639476776,0.6103515625,0.54931640625
-0.0030517578125,-1.0115966796875,0.000244140625,-0.4882812201976776,0.54931640625,0.54931640625
-0.003173828125,-1.0087890625,0.0030517578125,-0.1220703050494194,0.2441406100988388,0.1831054538488388
-0.0078125,-1.003173828125,0.0057373046875,0.30517578125,0.30517578125,0.1220703050494194
-0.0126953125,-1.0030517578125,0.00341796875,0.30517578125,0.4882812201976776,0.54931640625
0.000244140625,-1.0084228515625,0.005126953125,0.0610351525247097,-0.0,-0.4882812201976776
-0.0054931640625,-1.0067138671875,0.0052490234375,0.3662109076976776,0.4272460639476776,0.2441406100988388
-0.012939453125,-1.0013427734375,0.0067138671875,0.6713866591453552,0.7324218153953552,0.6103515625
-0.0093994140625,-1.001708984375,0.0064697265625,0.4272460639476776,0.6713866591453552,0.2441406100988388
-0.0078125,-1.002197265625,0.008056640625,0.0610351525247097,0.1831054538488388,-0.30517578125
-0.00634765625,-1.0020751953125,0.00830078125,-0.4272460639476776,-0.30517578125,-1.3427733182907104
-0.0057373046875,-1.001953125,0.0076904296875,-1.03759765625,-0.1831054538488388,-1.5869139432907104
-0.0059814453125,-1.00830078125,0.0006103515625,-1.8920897245407104,0.4882812201976776,-0.8544921278953552
-0.0057373046875,-1.0142822265625,-0.0030517578125,-1.6479490995407104,0.4882812201976776,-0.54931640625
-0.0052490234375,-1.0091552734375,-0.0003662109375,-0.3662109076976776,-0.0,-0.7324218153953552
-0.004638671875,-1.0045166015625,0.0025634765625,0.30517578125,-0.3662109076976776,-0.7324218153953552
-0.004150390625,-1.0037841796875,0.0037841796875,0.30517578125,-0.3662109076976776,-0.4882812201976776
-0.0020751953125,-1.0057373046875,0.00341796875,0.0610351525247097,-0.2441406100988388,-0.30517578125
-0.0008544921875,-1.0081787109375,0.0029296875,-0.0610351525247097,-0.1220703050494194,-0.1831054538488388
-0.00244140625,-1.00732421875,0.003662109375,-0.1220703050494194,-0.1220703050494194,-0.1831054538488388
-0.00439453125,-1.005126953125,0.002685546875,-0.3662109076976776,-0.1831054538488388,-0.1831054538488388
-0.004150390625,-1.00537109375,0.0008544921875,-0.6713866591453552,-0.3662109076976776,-0.2441406100988388
-0.00048828125,-1.0087890625,0.0001220703125,-0.7934569716453552,-0.54931640625,-0.30517578125
-0.0003662109375,-1.009033203125,-0.000244140625,-0.4272460639476776,-0.30517578125,0.2441406100988388
-0.0045166015625,-1.0037841796875,0.001953125,0.2441406100988388,0.30517578125,1.0986328125
-0.0040283203125,-1.0013427734375,0.006591796875,0.4882812201976776,0.4882812201976776,1.15966796875
-0.0025634765625,-1.005126953125,0.0054931640625,0.2441406100988388,0.4882812201976776,0.9765624403953552
-0.006591796875,-1.0062255859375,0.000244140625,-0.1220703050494194,-0.1220703050494194,0.4882812201976776
-0.0030517578125,-1.0057373046875,0.0028076171875,-0.1220703050494194,-0.2441406100988388,0.4272460639476776
-0.0179443359375,-0.9935302734375,0.0062255859375,0.2441406100988388,0.6103515625,0.9765624403953552
-0.0335693359375,-0.982666015625,0.007080078125,0.1831054538488388,1.220703125,0.1831054538488388
-0.0130615234375,-0.993896484375,0.0040283203125,-0.8544921278953552,0.4882812201976776,-4.0283203125
0.0179443359375,-1.0194091796875,-0.00244140625,-2.13623046875,-0.6713866591453552,-7.263183116912842
0.030029296875,-1.03076171875,-0.0064697265625,-1.7089842557907104,-0.6103515625,-6.286620616912842
0.032470703125,-1.021240234375,-0.0025634765625,0.1220703050494194,0.6103515625,-3.601073980331421
0.0286865234375,-1.00732421875,0.002685546875,1.15966796875,1.8920897245407104,-0.6713866591453552
0.0078125,-0.997802734375,0.0030517578125,0.30517578125,2.38037109375,2.685546636581421
-0.0142822265625,-0.9927978515625,-0.0028076171875,-1.15966796875,1.7089842557907104,5.0048828125
-0.0164794921875,-1.0010986328125,-0.0091552734375,-2.197265625,0.3662109076976776,4.638671875
-0.010009765625,-1.008544921875,-0.0057373046875,-2.0751953125,-0.3662109076976776,2.25830078125
-0.0029296875,-0.9974365234375,0.001953125,-0.9155272841453552,0.3662109076976776,-0.4882812201976776
0.0113525390625,-0.9945068359375,0.003173828125,-0.7934569716453552,1.5258787870407104,-3.112792730331421
0.0169677734375,-1.00537109375,-0.0023193359375,-2.0751953125,2.38037109375,-4.150390625
-0.0057373046875,-1.0081787109375,-0.0093994140625,-3.173827886581421,2.746581792831421,-2.50244140625
-0.026611328125,-1.0126953125,-0.01953125,-3.906249761581421,1.15966796875,-0.4272460639476776
-0.0137939453125,-1.024169921875,-0.026611328125,-4.45556640625,-2.38037109375,-0.9765624403953552
0.018310546875,-1.0206298828125,-0.0220947265625,-4.21142578125,-4.7607421875,-2.44140625
0.0374755859375,-1.0076904296875,-0.0150146484375,-3.051757574081421,-3.845214605331421,-0.8544921278953552
0.0318603515625,-0.9979248046875,-0.0084228515625,-1.5258787870407104,-1.3427733182907104,2.990722417831421
0.0184326171875,-0.9893798828125,-0.00244140625,0.1220703050494194,1.6479490995407104,5.737304210662842
0.00244140625,-0.9976806640625,-0.0101318359375,-0.0610351525247097,3.601073980331421,5.310058116912842
-0.01611328125,-1.0125732421875,-0.04248046875,-3.295898199081421,-1.2817381620407104,2.929687261581421
0.0057373046875,-1.0045166015625,-0.0213623046875,0.7934569716453552,3.784179449081421,4.7607421875
-0.0379638671875,-1.006591796875,-0.0338134765625,0.4882812201976776,6.103515148162842,3.601073980331421
-0.072509765625,-1.0015869140625,-0.037353515625,0.1831054538488388,5.249022960662842,1.5869139432907104
-0.0543212890625,-0.99609375,-0.0255126953125,-0.3662109076976776,1.2817381620407104,-2.25830078125
-0.004638671875,-1.0030517578125,-0.01708984375,-1.2817381620407104,-2.38037109375,-4.82177734375
0.0184326171875,-1.0172119140625,-0.022705078125,-1.9531248807907104,-2.868652105331421,-2.746581792831421
0.0107421875,-1.0189208984375,-0.0294189453125,-1.2817381620407104,-1.4038084745407104,0.6103515625
-0.0142822265625,-1.0106201171875,-0.0333251953125,0.0610351525247097,-0.0610351525247097,2.563476324081421
-0.0323486328125,-1.0047607421875,-0.0357666015625,0.7934569716453552,0.2441406100988388,2.746581792831421
-0.0208740234375,-1.001220703125,-0.0299072265625,1.2817381620407104,0.1831054538488388,1.220703125
-0.00439453125,-0.9957275390625,-0.0189208984375,2.0751953125,1.3427733182907104,0.2441406100988388
-0.013916015625,-0.990966796875,-0.0145263671875,2.25830078125,3.479003667831421,1.0986328125
-0.0333251953125,-0.9930419921875,-0.0198974609375,1.0986328125,4.150390625,0.9765624403953552
-0.026123046875,-1.0096435546875,-0.02978515625,-0.7934569716453552,2.624511480331421,-1.03759765625
-0.038818359375,-0.9971923828125,-0.0245361328125,1.5869139432907104,0.4882812201976776,4.0283203125
-0.04150390625,-0.99462890625,-0.0220947265625,1.2817381620407104,-0.1220703050494194,2.807616949081421
-0.0333251953125,-1.0023193359375,-0.022705078125,0.3662109076976776,-1.3427733182907104,1.15966796875
-0.009033203125,-1.010986328125,-0.0194091796875,0.4272460639476776,-2.13623046875,0.4272460639476776
-0.0205078125,-1.0032958984375,-0.0164794921875,0.9765624403953552,-1.5869139432907104,1.8310545682907104
-0.0401611328125,-0.99853515625,-0.01953125,1.03759765625,-1.03759765625,2.563476324081421
-0.0469970703125,-0.993408203125,-0.021240234375,0.7934569716453552,-1.0986328125,1.4648436307907104
-0.0325927734375,-0.994384765625,-0.0181884765625,0.1831054538488388,-1.5869139432907104,-0.7934569716453552
-0.0157470703125,-1.0009765625,-0.013671875,-0.6713866591453552,-1.7089842557907104,-2.3193359375
-0.009521484375,-1.0025634765625,-0.0135498046875,-0.9765624403953552,-0.6103515625,-1.8310545682907104
-0.0115966796875,-1.003173828125,-0.0169677734375,-0.7324218153953552,0.9765624403953552,-0.4272460639476776
-0.0216064453125,-1.001220703125,-0.0184326171875,-0.8544921278953552,1.8310545682907104,-0.0610351525247097
-0.040771484375,-1.004150390625,-0.03076171875,-2.13623046875,1.0986328125,-2.13623046875
-0.0343017578125,-1.0181884765625,-0.041259765625,-2.624511480331421,-0.30517578125,-3.051757574081421
-0.0185546875,-1.0130615234375,-0.0323486328125,-2.13623046875,-1.6479490995407104,-4.2724609375
-0.0025634765625,-1.006591796875,-0.0203857421875,-1.2817381620407104,-2.01416015625,-4.7607421875
-0.01953125,-1.004638671875,-0.0311279296875,0.1220703050494194,0.4272460639476776,0.9765624403953552
-0.0250244140625,-0.9998779296875,-0.0264892578125,-0.30517578125,-0.54931640625,-0.30517578125
-0.0150146484375,-1.006591796875,-0.0296630859375,-0.9155272841453552,-1.6479490995407104,-1.7089842557907104
-0.004150390625,-1.0057373046875,-0.0286865234375,-0.6103515625,-1.5258787870407104,-1.5258787870407104
-0.0025634765625,-0.9979248046875,-0.02294921875,-0.0,-0.6103515625,-0.4272460639476776
-0.0072021484375,-0.9971923828125,-0.023193359375,-0.0,0.4272460639476776,1.03759765625
-0.0107421875,-1.0032958984375,-0.0291748046875,-0.30517578125,1.15966796875,2.01416015625
-0.0108642578125,-1.01318359375,-0.0352783203125,-0.8544921278953552,0.8544921278953552,1.03759765625
-0.0078125,-1.013671875,-0.033203125,-0.9155272841453552,0.1220703050494194,-0.4882812201976776
-0.00830078125,-1.0064697265625,-0.029052734375,-0.30517578125,0.0610351525247097,-0.4272460639476776
-0.015380859375,-1.001708984375,-0.0286865234375,0.1220703050494194,0.54931640625,0.6713866591453552
-0.0167236328125,-1.0028076171875,-0.0311279296875,-0.0610351525247097,0.6713866591453552,1.03759765625
-0.0135498046875,-1.005126953125,-0.03271484375,-0.54931640625,0.30517578125,0.54931640625
-0.0101318359375,-1.0052490234375,-0.030029296875,-0.6103515625,0.1831054538488388,0.1220703050494194
-0.0064697265625,-1.0037841796875,-0.028076171875,0.1831054538488388,1.0986328125,0.54931640625
-0.0126953125,-0.9969482421875,-0.027587890625,-0.1220703050494194,1.4038084745407104,0.4272460639476776
-0.0126953125,-1.001953125,-0.029541015625,-0.9155272841453552,1.4038084745407104,0.30517578125
-0.0172119140625,-1.014404296875,-0.0361328125,-1.5258787870407104,1.15966796875,0.4882812201976776
-0.025146484375,-1.01904296875,-0.0433349609375,-1.5258787870407104,0.4882812201976776,0.6713866591453552
-0.025634765625,-1.009033203125,-0.040771484375,-0.6713866591453552,-0.8544921278953552,-0.30517578125
-0.011962890625,-1.0052490234375,-0.0325927734375,0.0610351525247097,0.4882812201976776,-0.30517578125
-0.0150146484375,-1.005859375,-0.034423828125,-0.0,0.3662109076976776,0.1831054538488388
-0.0142822265625,-1.0040283203125,-0.032958984375,-0.2441406100988388,-0.1831054538488388,-0.2441406100988388
-0.009521484375,-1.003173828125,-0.03173828125,-0.4882812201976776,-0.6713866591453552,-0.9765624403953552
-0.0042724609375,-1.0081787109375,-0.0338134765625,-0.3662109076976776,-0.4272460639476776,-0.54931640625
-0.0045166015625,-1.0089111328125,-0.0330810546875,0.2441406100988388,0.4272460639476776,0.3662109076976776
-0.01220703125,-1.0030517578125,-0.0303955078125,0.7934569716453552,1.4038084745407104,1.15966796875
-0.0245361328125,-0.9990234375,-0.0306396484375,0.8544921278953552,1.7700194120407104,1.6479490995407104
-0.0283203125,-1.0,-0.033447265625,0.1831054538488388,0.7324218153953552,0.6103515625
-0.0159912109375,-1.0045166015625,-0.034423828125,-0.6713866591453552,-1.03759765625,-1.8310545682907104
-0.0037841796875,-1.009521484375,-0.032470703125,-0.8544921278953552,-1.7089842557907104,-2.44140625
-0.0029296875,-1.0096435546875,-0.03173828125,-0.30517578125,-0.9765624403953552,-0.8544921278953552
-0.0086669921875,-1.004638671875,-0.031494140625,0.0610351525247097,-0.2441406100988388,0.0
-0.013671875,-1.001220703125,-0.0321044921875,-0.0,-0.1220703050494194,-0.30517578125
-0.0147705078125,-1.0081787109375,-0.0374755859375,-0.30517578125,-0.54931640625,-0.7934569716453552
-0.008544921875,-1.0155029296875,-0.0404052734375,-0.0,-1.2817381620407104,-0.9765624403953552
0.002197265625,-1.0087890625,-0.031982421875,1.0986328125,-1.4648436307907104,-0.7324218153953552
0.0050048828125,-0.9971923828125,-0.021240234375,1.7700194120407104,-0.8544921278953552,0.0610351525247097
-0.0062255859375,-0.99609375,-0.0213623046875,1.4648436307907104,0.6103515625,1.4648436307907104
-0.018310546875,-1.00244140625,-0.02783203125,0.9155272841453552,1.7089842557907104,2.13623046875
-0.0072021484375,-1.0107421875,-0.0301513671875,-0.3662109076976776,0.0610351525247097,-1.0986328125
-0.001708984375,-1.0089111328125,-0.0286865234375,-0.3662109076976776,-0.6103515625,-1.9531248807907104
-0.00390625,-1.0050048828125,-0.027099609375,-0.1831054538488388,-0.6103515625,-1.8310545682907104
-0.00537109375,-1.0028076171875,-0.0257568359375,0.2441406100988388,-0.1220703050494194,-1.2817381620407104
-0.002685546875,-1.0025634765625,-0.024658203125,0.7324218153953552,0.6103515625,-0.7934569716453552
-0.000732421875,-1.0067138671875,-0.0247802734375,1.220703125,1.5869139432907104,0.4272460639476776
0.005615234375,-1.011474609375,-0.020751953125,1.8310545682907104,2.50244140625,1.5869139432907104
-0.005126953125,-1.0059814453125,-0.0179443359375,1.4648436307907104,3.540038824081421,3.540038824081421
-0.040771484375,-1.0010986328125,-0.031982421875,-0.3662109076976776,1.7700194120407104,4.57763671875
-0.0662841796875,-0.9931640625,-0.03955078125,-1.4648436307907104,-1.4038084745407104,3.234863042831421
-0.0589599609375,-0.9891357421875,-0.035400390625,-0.9765624403953552,-4.33349609375,-1.5258787870407104
-0.021484375,-0.9979248046875,-0.02783203125,0.30517578125,-5.371093273162842,-5.310058116912842
0.0269775390625,-1.0186767578125,-0.0228271484375,1.220703125,-4.45556640625,-6.469726085662842
0.054443359375,-1.0316162109375,-0.0184326171875,2.44140625,-1.4648436307907104,-4.8828125
0.0494384765625,-1.026123046875,-0.011474609375,4.33349609375,2.44140625,-1.15966796875
0.022216796875,-1.0146484375,-0.0045166015625,6.225585460662842,5.493163585662842,3.479003667831421
-0.0150146484375,-1.0047607421875,-0.00439453125,6.835937023162842,6.591796398162842,7.385253429412842
-0.0328369140625,-0.9500732421875,-0.0146484375,2.3193359375,-0.1220703050494194,-1.4648436307907104
-0.050048828125,-1.0142822265625,-0.0419921875,-1.6479490995407104,-3.723144292831421,-8.1787109375
0.034912109375,-1.015625,-0.02099609375,4.69970703125,-3.540038824081421,-21.911619186401367
0.1578369140625,-0.9808349609375,0.0374755859375,12.084959983825684,-1.220703125,-37.53662109375
0.171875,-0.9549560546875,0.0792236328125,7.263183116912842,0.1831054538488388,-32.04345703125
0.115234375,-0.9659423828125,0.06591796875,-7.812499523162842,0.1220703050494194,-17.2119140625
0.06982421875,-1.0284423828125,-0.002197265625,-20.690916061401367,-0.6713866591453552,-9.6435546875
0.0780029296875,-1.0816650390625,-0.0513916015625,-21.789548873901367,-3.234863042831421,-7.995604991912842
0.1146240234375,-1.0887451171875,-0.05419921875,-12.451170921325684,-4.7607421875,-9.521484375
0.1319580078125,-1.06201171875,-0.03466796875,-1.7700194120407104,-5.0048828125,-8.48388671875
0.1343994140625,-1.023193359375,-0.0167236328125,4.8828125,-5.249022960662842,-5.432128429412842
0.142578125,-1.0010986328125,-0.0172119140625,7.019042491912842,-5.432128429412842,-4.2724609375
0.0657958984375,-0.995361328125,-0.0111083984375,2.44140625,-11.962889671325684,4.82177734375
0.0712890625,-1.00390625,-0.01025390625,-0.4882812201976776,-16.357421875,8.6669921875
0.06201171875,-0.9993896484375,-0.0072021484375,-2.0751953125,-16.7236328125,9.6435546875
0.072021484375,-0.98974609375,0.0130615234375,-0.0,-12.329100608825684,1.7700194120407104
0.0899658203125,-1.0057373046875,-0.0128173828125,-1.3427733182907104,4.150390625,-1.8310545682907104
0.0928955078125,-0.99365234375,-0.01708984375,-0.4882812201976776,4.57763671875,-0.7324218153953552
0.0909423828125,-0.9920654296875,-0.0162353515625,0.2441406100988388,3.845214605331421,1.220703125
0.0828857421875,-1.00146484375,-0.0140380859375,0.2441406100988388,2.624511480331421,4.21142578125
-0.0142822265625,-1.0106201171875,-0.0333251953125,0.0610351525247097,-0.0610351525247097,2.563476324081421
-0.0323486328125,-1.0047607421875,-0.0357666015625,0.7934569716453552,0.2441406100988388,2.746581792831421
-0.0208740234375,-1.001220703125,-0.0299072265625,1.2817381620407104,0.1831054538488388,1.220703125
-0.00439453125,-0.9957275390625,-0.0189208984375,2.0751953125,1.3427733182907104,0.2441406100988388
-0.013916015625,-0.990966796875,-0.0145263671875,2.25830078125,3.479003667831421,1.0986328125
-0.0333251953125,-0.9930419921875,-0.0198974609375,1.0986328125,4.150390625,0.9765624403953552
-0.026123046875,-1.0096435546875,-0.02978515625,-0.7934569716453552,2.624511480331421,-1.03759765625
-0.038818359375,-0.9971923828125,-0.0245361328125,1.5869139432907104,0.4882812201976776,4.0283203125
-0.04150390625,-0.99462890625,-0.0220947265625,1.2817381620407104,-0.1220703050494194,2.807616949081421
-0.0333251953125,-1.0023193359375,-0.022705078125,0.3662109076976776,-1.3427733182907104,1.15966796875
-0.009033203125,-1.010986328125,-0.0194091796875,0.4272460639476776,-2.13623046875,0.4272460639476776
-0.0205078125,-1.0032958984375,-0.0164794921875,0.9765624403953552,-1.5869139432907104,1.8310545682907104
-0.0401611328125,-0.99853515625,-0.01953125,1.03759765625,-1.03759765625,2.563476324081421
-0.0469970703125,-0.993408203125,-0.021240234375,0.7934569716453552,-1.0986328125,1.4648436307907104
-0.0325927734375,-0.994384765625,-0.0181884765625,0.1831054538488388,-1.5869139432907104,-0.7934569716453552
-0.0157470703125,-1.0009765625,-0.013671875,-0.6713866591453552,-1.7089842557907104,-2.3193359375
-0.009521484375,-1.0025634765625,-0.0135498046875,-0.9765624403953552,-0.6103515625,-1.8310545682907104
-0.0115966796875,-1.003173828125,-0.0169677734375,-0.7324218153953552,0.9765624403953552,-0.4272460639476776
-0.0216064453125,-1.001220703125,-0.0184326171875,-0.8544921278953552,1.8310545682907104,-0.0610351525247097
-0.040771484375,-1.004150390625,-0.03076171875,-2.13623046875,1.0986328125,-2.13623046875
-0.0343017578125,-1.0181884765625,-0.041259765625,-2.624511480331421,-0.30517578125,-3.051757574081421
-0.0185546875,-1.0130615234375,-0.0323486328125,-2.13623046875,-1.6479490995407104,-4.2724609375
-0.0025634765625,-1.006591796875,-0.0203857421875,-1.2817381620407104,-2.01416015625,-4.7607421875
-0.01953125,-1.004638671875,-0.0311279296875,0.1220703050494194,0.4272460639476776,0.9765624403953552
-0.0250244140625,-0.9998779296875,-0.0264892578125,-0.30517578125,-0.54931640625,-0.30517578125
-0.0150146484375,-1.006591796875,-0.0296630859375,-0.9155272841453552,-1.6479490995407104,-1.7089842557907104
-0.004150390625,-1.0057373046875,-0.0286865234375,-0.6103515625,-1.5258787870407104,-1.5258787870407104
-0.0025634765625,-0.9979248046875,-0.02294921875,-0.0,-0.6103515625,-0.4272460639476776
-0.0072021484375,-0.9971923828125,-0.023193359375,-0.0,0.4272460639476776,1.03759765625
-0.0107421875,-1.0032958984375,-0.0291748046875,-0.30517578125,1.15966796875,2.01416015625
-0.0108642578125,-1.01318359375,-0.0352783203125,-0.8544921278953552,0.8544921278953552,1.03759765625
-0.0078125,-1.013671875,-0.033203125,-0.9155272841453552,0.1220703050494194,-0.4882812201976776
-0.00830078125,-1.0064697265625,-0.029052734375,-0.30517578125,0.0610351525247097,-0.4272460639476776
-0.015380859375,-1.001708984375,-0.0286865234375,0.1220703050494194,0.54931640625,0.6713866591453552
-0.0167236328125,-1.0028076171875,-0.0311279296875,-0.0610351525247097,0.6713866591453552,1.03759765625
-0.0135498046875,-1.005126953125,-0.03271484375,-0.54931640625,0.30517578125,0.54931640625
-0.0101318359375,-1.0052490234375,-0.030029296875,-0.6103515625,0.1831054538488388,0.1220703050494194
-0.0064697265625,-1.0037841796875,-0.028076171875,0.1831054538488388,1.0986328125,0.54931640625
-0.0126953125,-0.9969482421875,-0.027587890625,-0.1220703050494194,1.4038084745407104,0.4272460639476776
-0.0126953125,-1.001953125,-0.029541015625,-0.9155272841453552,1.4038084745407104,0.30517578125
-0.0172119140625,-1.014404296875,-0.0361328125,-1.5258787870407104,1.15966796875,0.4882812201976776
-0.025146484375,-1.01904296875,-0.0433349609375,-1.5258787870407104,0.4882812201976776,0.6713866591453552
-0.025634765625,-1.009033203125,-0.040771484375,-0.6713866591453552,-0.8544921278953552,-0.30517578125
-0.011962890625,-1.0052490234375,-0.0325927734375,0.0610351525247097,0.4882812201976776,-0.30517578125
-0.0150146484375,-1.005859375,-0.034423828125,-0.0,0.3662109076976776,0.1831054538488388
-0.0142822265625,-1.0040283203125,-0.032958984375,-0.2441406100988388,-0.1831054538488388,-0.2441406100988388
-0.009521484375,-1.003173828125,-0.03173828125,-0.4882812201976776,-0.6713866591453552,-0.9765624403953552
-0.0042724609375,-1.0081787109375,-0.0338134765625,-0.3662109076976776,-0.4272460639476776,-0.54931640625
-0.0045166015625,-1.0089111328125,-0.0330810546875,0.2441406100988388,0.4272460639476776,0.3662109076976776
-0.01220703125,-1.0030517578125,-0.0303955078125,0.7934569716453552,1.4038084745407104,1.15966796875
-0.0245361328125,-0.9990234375,-0.0306396484375,0.8544921278953552,1.7700194120407104,1.6479490995407104
-0.0283203125,-1.0,-0.033447265625,0.1831054538488388,0.7324218153953552,0.6103515625
-0.0159912109375,-1.0045166015625,-0.034423828125,-0.6713866591453552,-1.03759765625,-1.8310545682907104
-0.0037841796875,-1.009521484375,-0.032470703125,-0.8544921278953552,-1.7089842557907104,-2.44140625
-0.0029296875,-1.0096435546875,-0.03173828125,-0.30517578125,-0.9765624403953552,-0.8544921278953552
-0.0086669921875,-1.004638671875,-0.031494140625,0.0610351525247097,-0.2441406100988388,0.0
-0.013671875,-1.001220703125,-0.0321044921875,-0.0,-0.1220703050494194,-0.30517578125
-0.0147705078125,-1.0081787109375,-0.0374755859375,-0.30517578125,-0.54931640625,-0.7934569716453552
-0.008544921875,-1.0155029296875,-0.0404052734375,-0.0,-1.2817381620407104,-0.9765624403953552
0.002197265625,-1.0087890625,-0.031982421875,1.0986328125,-1.4648436307907104,-0.7324218153953552
0.0050048828125,-0.9971923828125,-0.021240234375,1.7700194120407104,-0.8544921278953552,0.0610351525247097
-0.0062255859375,-0.99609375,-0.0213623046875,1.4648436307907104,0.6103515625,1.4648436307907104
-0.018310546875,-1.00244140625,-0.02783203125,0.9155272841453552,1.7089842557907104,2.13623046875
-0.0072021484375,-1.0107421875,-0.0301513671875,-0.3662109076976776,0.0610351525247097,-1.0986328125
-0.001708984375,-1.0089111328125,-0.0286865234375,-0.3662109076976776,-0.6103515625,-1.9531248807907104
-0.00390625,-1.0050048828125,-0.027099609375,-0.1831054538488388,-0.6103515625,-1.8310545682907104
-0.00537109375,-1.0028076171875,-0.0257568359375,0.2441406100988388,-0.1220703050494194,-1.2817381620407104
-0.002685546875,-1.0025634765625,-0.024658203125,0.7324218153953552,0.6103515625,-0.7934569716453552
-0.000732421875,-1.0067138671875,-0.0247802734375,1.220703125,1.5869139432907104,0.4272460639476776
0.005615234375,-1.011474609375,-0.020751953125,1.8310545682907104,2.50244140625,1.5869139432907104
-0.005126953125,-1.0059814453125,-0.0179443359375,1.4648436307907104,3.540038824081421,3.540038824081421
-0.040771484375,-1.0010986328125,-0.031982421875,-0.3662109076976776,1.7700194120407104,4.57763671875
-0.0662841796875,-0.9931640625,-0.03955078125,-1.4648436307907104,-1.4038084745407104,3.234863042831421
-0.0589599609375,-0.9891357421875,-0.035400390625,-0.9765624403953552,-4.33349609375,-1.5258787870407104
-0.021484375,-0.9979248046875,-0.02783203125,0.30517578125,-5.371093273162842,-5.310058116912842
0.0269775390625,-1.0186767578125,-0.0228271484375,1.220703125,-4.45556640625,-6.469726085662842
0.054443359375,-1.0316162109375,-0.0184326171875,2.44140625,-1.4648436307907104,-4.8828125
0.0494384765625,-1.026123046875,-0.011474609375,4.33349609375,2.44140625,-1.15966796875
0.022216796875,-1.0146484375,-0.0045166015625,6.225585460662842,5.493163585662842,3.479003667831421
-0.0150146484375,-1.0047607421875,-0.00439453125,6.835937023162842,6.591796398162842,7.385253429412842
-0.0328369140625,-0.9500732421875,-0.0146484375,2.3193359375,-0.1220703050494194,-1.4648436307907104
-0.050048828125,-1.0142822265625,-0.0419921875,-1.6479490995407104,-3.723144292831421,-8.1787109375
0.034912109375,-1.015625,-0.02099609375,4.69970703125,-3.540038824081421,-21.911619186401367
0.1578369140625,-0.9808349609375,0.0374755859375,12.084959983825684,-1.220703125,-37.53662109375
0.171875,-0.9549560546875,0.0792236328125,7.263183116912842,0.1831054538488388,-32.04345703125
0.115234375,-0.9659423828125,0.06591796875,-7.812499523162842,0.1220703050494194,-17.2119140625
0.06982421875,-1.0284423828125,-0.002197265625,-20.690916061401367,-0.6713866591453552,-9.6435546875
0.0780029296875,-1.0816650390625,-0.0513916015625,-21.789548873901367,-3.234863042831421,-7.995604991912842
0.1146240234375,-1.0887451171875,-0.05419921875,-12.451170921325684,-4.7607421875,-9.521484375
0.1319580078125,-1.06201171875,-0.03466796875,-1.7700194120407104,-5.0048828125,-8.48388671875
0.1343994140625,-1.023193359375,-0.0167236328125,4.8828125,-5.249022960662842,-5.432128429412842
0.142578125,-1.0010986328125,-0.0172119140625,7.019042491912842,-5.432128429412842,-4.2724609375
0.0657958984375,-0.995361328125,-0.0111083984375,2.44140625,-11.962889671325684,4.82177734375
0.0712890625,-1.00390625,-0.01025390625,-0.4882812201976776,-16.357421875,8.6669921875
0.06201171875,-0.9993896484375,-0.0072021484375,-2.0751953125,-16.7236328125,9.6435546875
0.072021484375,-0.98974609375,0.0130615234375,-0.0,-12.329100608825684,1.7700194120407104
0.0899658203125,-1.0057373046875,-0.0128173828125,-1.3427733182907104,4.150390625,-1.8310545682907104
0.0928955078125,-0.99365234375,-0.01708984375,-0.4882812201976776,4.57763671875,-0.7324218153953552
0.0909423828125,-0.9920654296875,-0.0162353515625,0.2441406100988388,3.845214605331421,1.220703125
0.0828857421875,-1.00146484375,-0.0140380859375,0.2441406100988388,2.624511480331421,4.21142578125
0.0634765625,-1.005615234375,-0.012939453125,-0.54931640625,1.4648436307907104,8.11767578125
0.0517578125,-1.0001220703125,-0.014892578125,-0.8544921278953552,1.7700194120407104,8.544921875
0.0616455078125,-0.9869384765625,-0.01025390625,0.30517578125,2.807616949081421,4.21142578125
0.0667724609375,-0.9840087890625,-0.01123046875,0.3662109076976776,3.479003667831421,0.4272460639476776
0.0570068359375,-0.9957275390625,-0.017333984375,-0.9155272841453552,3.112792730331421,-0.8544921278953552
0.056884765625,-1.009033203125,-0.0185546875,-0.4882812201976776,1.8310545682907104,-2.13623046875
0.0743408203125,-1.0126953125,-0.009521484375,2.13623046875,0.30517578125,-3.845214605331421
0.0814208984375,-1.016357421875,-0.0042724609375,4.0283203125,-1.6479490995407104,-3.601073980331421
0.0635986328125,-1.0299072265625,-0.0191650390625,2.746581792831421,-3.540038824081421,-0.2441406100988388
0.05029296875,-1.0203857421875,-0.0169677734375,1.5869139432907104,-4.0283203125,1.4038084745407104
0.0643310546875,-1.0054931640625,-0.0052490234375,0.2441406100988388,-2.50244140625,-1.5258787870407104
0.0943603515625,-1.0,0.0013427734375,-3.295898199081421,-1.4648436307907104,-5.920409679412842
0.112548828125,-0.9915771484375,0.0050048828125,-5.310058116912842,-1.0986328125,-6.835937023162842
0.0968017578125,-0.9940185546875,-0.010498046875,-5.737304210662842,-1.220703125,-0.2441406100988388
0.086669921875,-0.99169921875,-0.01611328125,-4.82177734375,-2.3193359375,6.958007335662842
0.09765625,-0.96875,-0.0029296875,-1.8310545682907104,-1.2817381620407104,6.042479991912842
0.100341796875,-0.961181640625,-0.00927734375,-0.1831054538488388,1.7089842557907104,-0.4882812201976776
0.099853515625,-0.9747314453125,-0.01904296875,1.15966796875,3.845214605331421,-8.544921875
0.10009765625,-0.9874267578125,-0.011962890625,4.21142578125,4.7607421875,-13.916014671325684
0.096435546875,-1.0081787109375,-0.0107421875,4.33349609375,2.0751953125,-10.864256858825684
0.0953369140625,-1.0216064453125,-0.014404296875,1.220703125,-2.13623046875,-5.126952648162842
0.0987548828125,-1.010986328125,-0.0130615234375,-0.6103515625,-2.624511480331421,-6.835937023162842
0.1077880859375,-0.9747314453125,0.0103759765625,-0.1220703050494194,-2.13623046875,-13.305663108825684
0.1185302734375,-0.963623046875,0.0147705078125,-1.5258787870407104,-4.150390625,-16.05224609375
0.125732421875,-1.0020751953125,-0.022216796875,-4.82177734375,-7.080077648162842,-12.939452171325684
0.1494140625,-1.027099609375,-0.0322265625,-4.39453125,-9.09423828125,-10.131834983825684
0.178466796875,-1.026611328125,-0.0194091796875,-3.662109136581421,-9.3994140625,-6.530761241912842
0.13232421875,-0.9884033203125,-0.0421142578125,-1.2817381620407104,-3.112792730331421,1.4648436307907104
0.12939453125,-0.9910888671875,-0.03369140625,-3.967284917831421,-2.01416015625,5.737304210662842
0.1153564453125,-0.988525390625,-0.041015625,-5.737304210662842,1.8920897245407104,8.4228515625
0.0938720703125,-0.984619140625,-0.062255859375,-5.676269054412842,0.3662109076976776,2.01416015625
0.1781005859375,-0.994384765625,-0.0435791015625,1.3427733182907104,6.286620616912842,-8.60595703125
0.1846923828125,-1.0087890625,-0.0494384765625,3.051757574081421,12.817381858825684,-3.540038824081421
0.192626953125,-1.030029296875,-0.0491943359375,4.21142578125,10.314940452575684,-2.197265625
0.1898193359375,-1.030517578125,-0.0457763671875,-0.54931640625,0.4882812201976776,0.4272460639476776
0.177978515625,-1.0008544921875,-0.0472412109375,-10.864256858825684,-13.916014671325684,3.295898199081421
0.1624755859375,-0.97265625,-0.051025390625,-13.122557640075684,-26.062009811401367,3.051757574081421
0.153564453125,-0.9664306640625,-0.0584716796875,0.2441406100988388,-23.803709030151367,3.723144292831421
0.1431884765625,-0.9678955078125,-0.0618896484375,17.27294921875,-10.620116233825684,10.375975608825684
0.09716796875,-0.9801025390625,-0.0362548828125,20.996091842651367,-3.295898199081421,19.47021484375
0.06201171875,-1.0028076171875,-0.00830078125,13.000487327575684,-5.126952648162842,23.925779342651367
0.0853271484375,-0.9932861328125,-0.0240478515625,7.019042491912842,-8.4228515625,20.568845748901367
0.09765625,-0.98291015625,-0.0419921875,3.967284917831421,-13.610838890075684,8.36181640625
0.0455322265625,-1.00341796875,-0.034423828125,-1.4038084745407104,-26.672361373901367,-4.08935546875
0.0242919921875,-1.00830078125,-0.03271484375,-18.4326171875,-44.250484466552734,9.58251953125
0.0313720703125,-1.0042724609375,-0.0377197265625,-31.860349655151367,-44.433589935302734,28.808591842651367
0.0242919921875,-1.01220703125,-0.0552978515625,-23.925779342651367,-25.634763717651367,24.780271530151367
0.054931640625,-1.0020751953125,-0.0643310546875,-14.160155296325684,-11.230467796325684,15.808104515075684
-0.102783203125,-0.953857421875,-0.1348876953125,24.658201217651367,21.728513717651367,40.161128997802734
-0.1312255859375,-0.9881591796875,-0.107421875,15.747069358825684,35.46142578125,31.433103561401367
-0.027587890625,-1.008056640625,-0.079345703125,5.187987804412842,31.738279342651367,21.606443405151367
-0.03955078125,-1.0347900390625,-0.0699462890625,-0.7324218153953552,12.145995140075684,31.738279342651367
-0.1402587890625,-1.05322265625,-0.0848388671875,2.746581792831421,-10.253905296325684,38.2080078125
-0.1876220703125,-1.0457763671875,-0.0855712890625,13.244627952575684,-22.216794967651367,19.83642578125
-0.168701171875,-1.001708984375,-0.0513916015625,17.333984375,-18.61572265625,-5.249022960662842
-0.093994140625,-0.9639892578125,-0.0052490234375,9.58251953125,-16.357421875,-10.803221702575684
-0.1019287109375,-0.978271484375,0.0048828125,9.8876953125,-22.460935592651367,3.173827886581421
-0.1243896484375,-0.9833984375,0.011962890625,10.681151390075684,-25.573728561401367,9.70458984375
-0.143310546875,-0.986572265625,0.018310546875,9.3994140625,-24.169919967651367,2.3193359375
-0.1329345703125,-1.0018310546875,0.0052490234375,-3.662109136581421,-14.587401390075684,3.662109136581421
-0.1170654296875,-0.9971923828125,-0.00634765625,-14.343260765075684,-9.27734375,12.268065452575684
-0.1357421875,-1.0006103515625,-0.0247802734375,-21.728513717651367,-0.9155272841453552,5.859374523162842
-0.135498046875,-0.98876953125,-0.049072265625,-25.573728561401367,9.46044921875,-5.737304210662842
-0.1455078125,-0.97802734375,-0.0450439453125,-17.08984375,5.126952648162842,-1.03759765625
-0.1865234375,-0.991455078125,-0.0189208984375,8.30078125,-14.038084983825684,17.63916015625
-0.200927734375,-0.9912109375,0.0084228515625,24.169919967651367,-22.521970748901367,22.338865280151367
-0.176513671875,-0.9766845703125,0.0087890625,18.4326171875,-13.366698265075684,3.723144292831421
-0.1396484375,-0.9716796875,-0.014404296875,8.30078125,-4.08935546875,-8.36181640625
-0.1253662109375,-0.98486328125,-0.0228271484375,4.150390625,-4.150390625,2.929687261581421
-0.143310546875,-1.010009765625,-0.00537109375,2.685546636581421,-5.554198741912842,17.88330078125
-0.1634521484375,-1.0400390625,0.006103515625,2.807616949081421,-1.9531248807907104,19.34814453125
-0.1693115234375,-1.0377197265625,0.00390625,2.746581792831421,1.0986328125,14.282225608825684
-0.1796875,-1.0029296875,-0.0018310546875,2.25830078125,-0.9765624403953552,14.831542015075684
-0.2093505859375,-0.9876708984375,0.0045166015625,2.25830078125,-3.601073980331421,18.24951171875
-0.235107421875,-0.98291015625,0.0203857421875,-2.624511480331421,2.197265625,17.76123046875
-0.2342529296875,-0.9615478515625,0.01123046875,-12.145995140075684,16.357421875,15.136717796325684
-0.2252197265625,-0.997802734375,-0.0201416015625,-20.202634811401367,14.648436546325684,16.90673828125
-0.2432861328125,-1.0693359375,-0.050048828125,-22.766111373901367,-11.230467796325684,16.90673828125
-0.2738037109375,-1.052734375,-0.0546875,-13.977049827575684,-30.273435592651367,6.958007335662842
-0.2689208984375,-0.987060546875,-0.0335693359375,1.5869139432907104,-16.41845703125,-3.295898199081421
-0.253173828125,-0.9609375,-0.0213623046875,8.4228515625,16.4794921875,-0.7324218153953552
-0.2646484375,-0.96044921875,-0.0308837890625,5.0048828125,35.15625,8.6669921875
-0.2757568359375,-0.96044921875,-0.045654296875,0.54931640625,29.785154342651367,10.437010765075684
-0.2691650390625,-0.972900390625,-0.0506591796875,-0.9155272841453552,14.404295921325684,3.662109136581421
-0.2738037109375,-0.9608154296875,-0.0372314453125,-0.4272460639476776,0.0610351525247097,0.1220703050494194
-0.2608642578125,-0.97265625,-0.043212890625,-2.13623046875,2.01416015625,-0.30517578125
-0.262939453125,-0.9776611328125,-0.0472412109375,-2.868652105331421,4.2724609375,0.6713866591453552
-0.2764892578125,-0.965576171875,-0.047119140625,-1.8310545682907104,5.432128429412842,2.685546636581421
-0.27587890625,-0.958740234375,-0.049560546875,-0.6103515625,5.493163585662842,1.9531248807907104
-0.2684326171875,-0.9639892578125,-0.0557861328125,-0.6713866591453552,5.920409679412842,-0.6103515625
-0.267333984375,-0.97119140625,-0.0611572265625,-1.7089842557907104,6.225585460662842,-1.7089842557907104
-0.2672119140625,-0.9747314453125,-0.06396484375,-2.563476324081421,5.0048828125,0.0610351525247097
-0.268310546875,-0.97216796875,-0.062744140625,-2.01416015625,2.807616949081421,1.5258787870407104
-0.2735595703125,-0.9693603515625,-0.0592041015625,-0.9155272841453552,0.7324218153953552,0.2441406100988388
-0.27197265625,-0.971923828125,-0.056640625,-0.1220703050494194,-2.13623046875,-1.2817381620407104
-0.2657470703125,-0.97314453125,-0.0556640625,0.4882812201976776,-5.371093273162842,-1.7089842557907104
-0.2642822265625,-0.9676513671875,-0.052001953125,0.7324218153953552,-6.958007335662842,-2.50244140625
-0.2606201171875,-0.966796875,-0.0416259765625,-0.6103515625,-5.676269054412842,-3.967284917831421
-0.26123046875,-0.967041015625,-0.04248046875,-1.6479490995407104,-2.990722417831421,-2.685546636581421
-0.266357421875,-0.96240234375,-0.0498046875,-3.051757574081421,1.9531248807907104,0.0
0.0634765625,-1.005615234375,-0.012939453125,-0.54931640625,1.4648436307907104,8.11767578125
0.0517578125,-1.0001220703125,-0.014892578125,-0.8544921278953552,1.7700194120407104,8.544921875
0.0616455078125,-0.9869384765625,-0.01025390625,0.30517578125,2.807616949081421,4.21142578125
0.0667724609375,-0.9840087890625,-0.01123046875,0.3662109076976776,3.479003667831421,0.4272460639476776
0.0570068359375,-0.9957275390625,-0.017333984375,-0.9155272841453552,3.112792730331421,-0.8544921278953552
0.056884765625,-1.009033203125,-0.0185546875,-0.4882812201976776,1.8310545682907104,-2.13623046875
0.0743408203125,-1.0126953125,-0.009521484375,2.13623046875,0.30517578125,-3.845214605331421
0.0814208984375,-1.016357421875,-0.0042724609375,4.0283203125,-1.6479490995407104,-3.601073980331421
0.0635986328125,-1.0299072265625,-0.0191650390625,2.746581792831421,-3.540038824081421,-0.2441406100988388
0.05029296875,-1.0203857421875,-0.0169677734375,1.5869139432907104,-4.0283203125,1.4038084745407104
0.0643310546875,-1.0054931640625,-0.0052490234375,0.2441406100988388,-2.50244140625,-1.5258787870407104
0.0943603515625,-1.0,0.0013427734375,-3.295898199081421,-1.4648436307907104,-5.920409679412842
0.112548828125,-0.9915771484375,0.0050048828125,-5.310058116912842,-1.0986328125,-6.835937023162842
0.0968017578125,-0.9940185546875,-0.010498046875,-5.737304210662842,-1.220703125,-0.2441406100988388
0.086669921875,-0.99169921875,-0.01611328125,-4.82177734375,-2.3193359375,6.958007335662842
0.09765625,-0.96875,-0.0029296875,-1.8310545682907104,-1.2817381620407104,6.042479991912842
0.100341796875,-0.961181640625,-0.00927734375,-0.1831054538488388,1.7089842557907104,-0.4882812201976776
0.099853515625,-0.9747314453125,-0.01904296875,1.15966796875,3.845214605331421,-8.544921875
0.10009765625,-0.9874267578125,-0.011962890625,4.21142578125,4.7607421875,-13.916014671325684
0.096435546875,-1.0081787109375,-0.0107421875,4.33349609375,2.0751953125,-10.864256858825684
0.0953369140625,-1.0216064453125,-0.014404296875,1.220703125,-2.13623046875,-5.126952648162842
0.0987548828125,-1.010986328125,-0.0130615234375,-0.6103515625,-2.624511480331421,-6.835937023162842
0.1077880859375,-0.9747314453125,0.0103759765625,-0.1220703050494194,-2.13623046875,-13.305663108825684
0.1185302734375,-0.963623046875,0.0147705078125,-1.5258787870407104,-4.150390625,-16.05224609375
0.125732421875,-1.0020751953125,-0.022216796875,-4.82177734375,-7.080077648162842,-12.939452171325684
0.1494140625,-1.027099609375,-0.0322265625,-4.39453125,-9.09423828125,-10.131834983825684
0.178466796875,-1.026611328125,-0.0194091796875,-3.662109136581421,-9.3994140625,-6.530761241912842
0.13232421875,-0.9884033203125,-0.0421142578125,-1.2817381620407104,-3.112792730331421,1.4648436307907104
0.12939453125,-0.9910888671875,-0.03369140625,-3.967284917831421,-2.01416015625,5.737304210662842
0.1153564453125,-0.988525390625,-0.041015625,-5.737304210662842,1.8920897245407104,8.4228515625
0.0938720703125,-0.984619140625,-0.062255859375,-5.676269054412842,0.3662109076976776,2.01416015625
0.1781005859375,-0.994384765625,-0.0435791015625,1.3427733182907104,6.286620616912842,-8.60595703125
0.1846923828125,-1.0087890625,-0.0494384765625,3.051757574081421,12.817381858825684,-3.540038824081421
0.192626953125,-1.030029296875,-0.0491943359375,4.21142578125,10.314940452575684,-2.197265625
0.1898193359375,-1.030517578125,-0.0457763671875,-0.54931640625,0.4882812201976776,0.4272460639476776
0.177978515625,-1.0008544921875,-0.0472412109375,-10.864256858825684,-13.916014671325684,3.295898199081421
0.1624755859375,-0.97265625,-0.051025390625,-13.122557640075684,-26.062009811401367,3.051757574081421
0.153564453125,-0.9664306640625,-0.0584716796875,0.2441406100988388,-23.803709030151367,3.723144292831421
0.1431884765625,-0.9678955078125,-0.0618896484375,17.27294921875,-10.620116233825684,10.375975608825684
0.09716796875,-0.9801025390625,-0.0362548828125,20.996091842651367,-3.295898199081421,19.47021484375
0.06201171875,-1.0028076171875,-0.00830078125,13.000487327575684,-5.126952648162842,23.925779342651367
0.0853271484375,-0.9932861328125,-0.0240478515625,7.019042491912842,-8.4228515625,20.568845748901367
0.09765625,-0.98291015625,-0.0419921875,3.967284917831421,-13.610838890075684,8.36181640625
0.0455322265625,-1.00341796875,-0.034423828125,-1.4038084745407104,-26.672361373901367,-4.08935546875
0.0242919921875,-1.00830078125,-0.03271484375,-18.4326171875,-44.250484466552734,9.58251953125
0.0313720703125,-1.0042724609375,-0.0377197265625,-31.860349655151367,-44.433589935302734,28.808591842651367
0.0242919921875,-1.01220703125,-0.0552978515625,-23.925779342651367,-25.634763717651367,24.780271530151367
0.054931640625,-1.0020751953125,-0.0643310546875,-14.160155296325684,-11.230467796325684,15.808104515075684
-0.102783203125,-0.953857421875,-0.1348876953125,24.658201217651367,21.728513717651367,40.161128997802734
-0.1312255859375,-0.9881591796875,-0.107421875,15.747069358825684,35.46142578125,31.433103561401367
-0.027587890625,-1.008056640625,-0.079345703125,5.187987804412842,31.738279342651367,21.606443405151367
-0.03955078125,-1.0347900390625,-0.0699462890625,-0.7324218153953552,12.145995140075684,31.738279342651367
-0.1402587890625,-1.05322265625,-0.0848388671875,2.746581792831421,-10.253905296325684,38.2080078125
-0.1876220703125,-1.0457763671875,-0.0855712890625,13.244627952575684,-22.216794967651367,19.83642578125
-0.168701171875,-1.001708984375,-0.0513916015625,17.333984375,-18.61572265625,-5.249022960662842
-0.093994140625,-0.9639892578125,-0.0052490234375,9.58251953125,-16.357421875,-10.803221702575684
-0.1019287109375,-0.978271484375,0.0048828125,9.8876953125,-22.460935592651367,3.173827886581421
-0.1243896484375,-0.9833984375,0.011962890625,10.681151390075684,-25.573728561401367,9.70458984375
-0.143310546875,-0.986572265625,0.018310546875,9.3994140625,-24.169919967651367,2.3193359375
-0.1329345703125,-1.0018310546875,0.0052490234375,-3.662109136581421,-14.587401390075684,3.662109136581421
-0.1170654296875,-0.9971923828125,-0.00634765625,-14.343260765075684,-9.27734375,12.268065452575684
-0.1357421875,-1.0006103515625,-0.0247802734375,-21.728513717651367,-0.9155272841453552,5.859374523162842
-0.135498046875,-0.98876953125,-0.049072265625,-25.573728561401367,9.46044921875,-5.737304210662842
-0.1455078125,-0.97802734375,-0.0450439453125,-17.08984375,5.126952648162842,-1.03759765625
-0.1865234375,-0.991455078125,-0.0189208984375,8.30078125,-14.038084983825684,17.63916015625
-0.200927734375,-0.9912109375,0.0084228515625,24.169919967651367,-22.521970748901367,22.338865280151367
-0.176513671875,-0.9766845703125,0.0087890625,18.4326171875,-13.366698265075684,3.723144292831421
-0.1396484375,-0.9716796875,-0.014404296875,8.30078125,-4.08935546875,-8.36181640625
-0.1253662109375,-0.98486328125,-0.0228271484375,4.150390625,-4.150390625,2.929687261581421
-0.143310546875,-1.010009765625,-0.00537109375,2.685546636581421,-5.554198741912842,17.88330078125
-0.1634521484375,-1.0400390625,0.006103515625,2.807616949081421,-1.9531248807907104,19.34814453125
-0.1693115234375,-1.0377197265625,0.00390625,2.746581792831421,1.0986328125,14.282225608825684
-0.1796875,-1.0029296875,-0.0018310546875,2.25830078125,-0.9765624403953552,14.831542015075684
-0.2093505859375,-0.9876708984375,0.0045166015625,2.25830078125,-3.601073980331421,18.24951171875
-0.235107421875,-0.98291015625,0.0203857421875,-2.624511480331421,2.197265625,17.76123046875
-0.2342529296875,-0.9615478515625,0.01123046875,-12.145995140075684,16.357421875,15.136717796325684
-0.2252197265625,-0.997802734375,-0.0201416015625,-20.202634811401367,14.648436546325684,16.90673828125
-0.2432861328125,-1.0693359375,-0.050048828125,-22.766111373901367,-11.230467796325684,16.90673828125
-0.2738037109375,-1.052734375,-0.0546875,-13.977049827575684,-30.273435592651367,6.958007335662842
-0.2689208984375,-0.987060546875,-0.0335693359375,1.5869139432907104,-16.41845703125,-3.295898199081421
-0.253173828125,-0.9609375,-0.0213623046875,8.4228515625,16.4794921875,-0.7324218153953552
-0.2646484375,-0.96044921875,-0.0308837890625,5.0048828125,35.15625,8.6669921875
-0.2757568359375,-0.96044921875,-0.045654296875,0.54931640625,29.785154342651367,10.437010765075684
-0.2691650390625,-0.972900390625,-0.0506591796875,-0.9155272841453552,14.404295921325684,3.662109136581421
-0.2738037109375,-0.9608154296875,-0.0372314453125,-0.4272460639476776,0.0610351525247097,0.1220703050494194
-0.2608642578125,-0.97265625,-0.043212890625,-2.13623046875,2.01416015625,-0.30517578125
-0.262939453125,-0.9776611328125,-0.0472412109375,-2.868652105331421,4.2724609375,0.6713866591453552
-0.2764892578125,-0.965576171875,-0.047119140625,-1.8310545682907104,5.432128429412842,2.685546636581421
-0.27587890625,-0.958740234375,-0.049560546875,-0.6103515625,5.493163585662842,1.9531248807907104
-0.2684326171875,-0.9639892578125,-0.0557861328125,-0.6713866591453552,5.920409679412842,-0.6103515625
-0.267333984375,-0.97119140625,-0.0611572265625,-1.7089842557907104,6.225585460662842,-1.7089842557907104
-0.2672119140625,-0.9747314453125,-0.06396484375,-2.563476324081421,5.0048828125,0.0610351525247097
-0.268310546875,-0.97216796875,-0.062744140625,-2.01416015625,2.807616949081421,1.5258787870407104
-0.2735595703125,-0.9693603515625,-0.0592041015625,-0.9155272841453552,0.7324218153953552,0.2441406100988388
-0.27197265625,-0.971923828125,-0.056640625,-0.1220703050494194,-2.13623046875,-1.2817381620407104
-0.2657470703125,-0.97314453125,-0.0556640625,0.4882812201976776,-5.371093273162842,-1.7089842557907104
-0.2642822265625,-0.9676513671875,-0.052001953125,0.7324218153953552,-6.958007335662842,-2.50244140625
-0.2606201171875,-0.966796875,-0.0416259765625,-0.6103515625,-5.676269054412842,-3.967284917831421
-0.26123046875,-0.967041015625,-0.04248046875,-1.6479490995407104,-2.990722417831421,-2.685546636581421
-0.266357421875,-0.96240234375,-0.0498046875,-3.051757574081421,1.9531248807907104,0.0
-0.2647705078125,-0.9610595703125,-0.0623779296875,-4.39453125,6.530761241912842,1.220703125
-0.2547607421875,-0.9674072265625,-0.0736083984375,-4.57763671875,6.713866710662842,-0.4272460639476776
-0.2498779296875,-0.97119140625,-0.079833984375,-3.784179449081421,4.0283203125,-1.8310545682907104
-0.251953125,-0.9681396484375,-0.0838623046875,-2.868652105331421,2.13623046875,-1.9531248807907104
-0.25048828125,-0.967041015625,-0.082763671875,-1.8920897245407104,1.9531248807907104,-2.44140625
-0.246337890625,-0.9744873046875,-0.072265625,-0.3662109076976776,1.2817381620407104,-2.50244140625
-0.2418212890625,-0.9822998046875,-0.0589599609375,1.3427733182907104,-0.6713866591453552,-1.220703125
-0.2412109375,-0.974365234375,-0.051513671875,2.746581792831421,-1.7089842557907104,0.1831054538488388
-0.2659912109375,-0.98388671875,-0.0814208984375,1.7700194120407104,2.563476324081421,3.540038824081421
-0.262939453125,-0.9735107421875,-0.07958984375,3.112792730331421,1.6479490995407104,2.929687261581421
-0.261474609375,-0.9515380859375,-0.0623779296875,4.2724609375,-0.0,1.7089842557907104
-0.2506103515625,-0.968994140625,-0.0458984375,0.30517578125,-5.065917491912842,1.7700194120407104
-0.2496337890625,-0.9647216796875,-0.0521240234375,-2.01416015625,-4.45556640625,0.2441406100988388
-0.265625,-0.9573974609375,-0.0599365234375,-4.08935546875,-1.4038084745407104,-1.4648436307907104
-0.2752685546875,-0.9659423828125,-0.0628662109375,-5.554198741912842,-0.2441406100988388,-0.30517578125
-0.26611328125,-0.977783203125,-0.053466796875,-5.432128429412842,-1.2817381620407104,1.8310545682907104
-0.2490234375,-0.9781494140625,-0.046630859375,-4.8828125,-1.0986328125,3.295898199081421
-0.247802734375,-0.9671630859375,-0.0592041015625,-6.225585460662842,1.2817381620407104,2.0751953125
-0.2623291015625,-0.965087890625,-0.0849609375,-9.521484375,4.21142578125,-3.356933355331421
-0.275390625,-0.9600830078125,-0.1317138671875,-12.023924827575684,7.080077648162842,9.70458984375
-0.264892578125,-0.93994140625,-0.1353759765625,-10.009765625,8.11767578125,9.521484375
-0.2684326171875,-0.92578125,-0.141845703125,-7.507323741912842,7.934569835662842,7.324218273162842
-0.26220703125,-0.9315185546875,-0.14599609375,-6.408690929412842,10.925292015075684,4.2724609375
-0.2501220703125,-0.9490966796875,-0.1419677734375,-5.310058116912842,13.732909202575684,-0.7324218153953552
-0.2552490234375,-0.9688720703125,-0.14111328125,-3.295898199081421,11.108397483825684,-5.249022960662842
-0.26806640625,-0.9765625,-0.1463623046875,-1.5258787870407104,5.126952648162842,-7.995604991912842
-0.272216796875,-0.958251953125,-0.148193359375,-1.4038084745407104,0.8544921278953552,-8.36181640625
-0.2734375,-0.962646484375,-0.1444091796875,-1.8310545682907104,-6.896972179412842,-3.234863042831421
-0.2608642578125,-0.990234375,-0.1473388671875,0.1831054538488388,-10.559081077575684,-3.295898199081421
-0.2413330078125,-0.978271484375,-0.15185546875,2.563476324081421,-11.718749046325684,-5.676269054412842
-0.2064208984375,-0.9248046875,-0.1766357421875,1.4648436307907104,-4.45556640625,-3.906249761581421
-0.2000732421875,-0.95166015625,-0.1800537109375,1.0986328125,-1.220703125,-6.286620616912842
-0.2156982421875,-0.9942626953125,-0.123291015625,8.60595703125,-20.812986373901367,-16.11328125
-0.2352294921875,-0.9761962890625,-0.0992431640625,8.056640625,-22.949216842651367,-11.535643577575684
-0.2178955078125,-0.9686279296875,-0.092529296875,2.868652105331421,-3.845214605331421,-7.629394054412842
-0.2108154296875,-0.9600830078125,-0.0966796875,4.638671875,-2.01416015625,-7.995604991912842
-0.2069091796875,-0.9644775390625,-0.10107421875,5.798339366912842,-3.906249761581421,-5.676269054412842
-0.1800537109375,-0.984375,-0.0982666015625,5.126952648162842,-4.638671875,-4.638671875
-0.1578369140625,-0.9910888671875,-0.093994140625,4.33349609375,-1.8310545682907104,-6.530761241912842
-0.15234375,-0.9813232421875,-0.091796875,4.150390625,0.1831054538488388,-9.09423828125
-0.20703125,-0.9754638671875,-0.0791015625,3.723144292831421,-8.7890625,-7.141112804412842
-0.1915283203125,-0.9683837890625,-0.068115234375,1.8920897245407104,-3.112792730331421,-4.2724609375
-0.20166015625,-0.9571533203125,-0.027587890625,2.563476324081421,-2.50244140625,-0.1220703050494194
-0.20166015625,-0.9993896484375,0.0201416015625,5.371093273162842,-11.840819358825684,1.7089842557907104
-0.163330078125,-1.05029296875,0.0352783203125,7.019042491912842,-14.770506858825684,-0.8544921278953552
-0.12841796875,-1.0343017578125,0.013671875,4.82177734375,2.746581792831421,-3.356933355331421
-0.126708984375,-0.990966796875,-0.026123046875,1.03759765625,25.939939498901367,-3.295898199081421
-0.132568359375,-0.9820556640625,-0.06201171875,-0.7324218153953552,34.36279296875,-4.0283203125
-0.1405029296875,-1.0035400390625,-0.08935546875,-0.4882812201976776,29.174802780151367,-6.835937023162842
-0.0948486328125,-0.9619140625,-0.1796875,-11.108397483825684,25.939939498901367,-20.568845748901367
-0.0789794921875,-0.955078125,-0.2005615234375,-16.29638671875,20.751951217651367,-18.24951171875
-0.087890625,-0.9674072265625,-0.1810302734375,-17.2119140625,8.1787109375,-14.648436546325684
-0.08935546875,-0.998291015625,-0.1173095703125,-11.779784202575684,-11.962889671325684,-14.770506858825684
-0.052734375,-1.0196533203125,-0.0673828125,0.9155272841453552,-12.878417015075684,-9.09423828125
-0.052490234375,-0.977294921875,-0.1331787109375,-6.713866710662842,3.723144292831421,-5.493163585662842
-0.0631103515625,-0.966552734375,-0.1951904296875,-15.502928733825684,12.817381858825684,-4.0283203125
-0.039794921875,-0.9952392578125,-0.198486328125,-20.385740280151367,7.324218273162842,-4.82177734375
-0.003173828125,-1.0238037109375,-0.1654052734375,-18.9208984375,-9.46044921875,-4.0283203125
-0.00048828125,-1.0247802734375,-0.14990234375,-14.221190452575684,-22.277830123901367,-4.94384765625
-0.018798828125,-1.0025634765625,-0.166748046875,-11.169432640075684,-23.376462936401367,-8.056640625
-0.0313720703125,-0.9859619140625,-0.1932373046875,-10.498045921325684,-20.385740280151367,-9.27734375
-0.0224609375,-0.9918212890625,-0.20556640625,-9.70458984375,-22.949216842651367,-9.21630859375
-0.005126953125,-0.9915771484375,-0.202880859375,-7.141112804412842,-28.503416061401367,-9.21630859375
-0.0086669921875,-0.9691162109375,-0.2005615234375,-3.417968511581421,-29.907224655151367,-7.568358898162842
-0.0267333984375,-0.9542236328125,-0.2022705078125,-0.1831054538488388,-27.221677780151367,-5.065917491912842
-0.046630859375,-0.9635009765625,-0.202392578125,2.929687261581421,-22.521970748901367,-2.3193359375
-0.05859375,-0.9786376953125,-0.2034912109375,6.530761241912842,-15.991209983825684,1.5258787870407104
-0.0654296875,-0.9847412109375,-0.20849609375,9.82666015625,-7.751464366912842,6.225585460662842
-0.074951171875,-0.9798583984375,-0.20556640625,12.268065452575684,-0.7934569716453552,11.352538108825684
-0.0765380859375,-0.9771728515625,-0.1796875,14.770506858825684,1.220703125,15.197752952575684
-0.0731201171875,-0.987060546875,-0.1407470703125,17.88330078125,0.1220703050494194,16.7236328125
-0.0799560546875,-1.0006103515625,-0.1029052734375,21.545408248901367,0.9155272841453552,16.90673828125
-0.093994140625,-1.0115966796875,-0.064697265625,24.169919967651367,3.051757574081421,17.15087890625
-0.136474609375,-0.980224609375,-0.0518798828125,20.751951217651367,11.779784202575684,16.357421875
-0.1591796875,-0.9759521484375,-0.0615234375,16.41845703125,14.953612327575684,13.732909202575684
-0.1588134765625,-0.99560546875,-0.0626220703125,11.169432640075684,13.793944358825684,13.000487327575684
-0.155029296875,-1.01171875,-0.050048828125,7.202147960662842,5.493163585662842,16.54052734375
-0.1834716796875,-0.9931640625,-0.046630859375,6.774901866912842,0.0610351525247097,18.49365234375
-0.2236328125,-0.96728515625,-0.0391845703125,7.263183116912842,-5.126952648162842,18.85986328125
-0.240478515625,-0.958251953125,-0.017333984375,8.36181640625,-9.21630859375,14.404295921325684
-0.22607421875,-0.9737548828125,0.0155029296875,6.591796398162842,-3.112792730331421,6.408690929412842
-0.219482421875,-0.9791259765625,0.0145263671875,4.94384765625,3.417968511581421,4.638671875
-0.2230224609375,-0.9781494140625,0.009765625,3.540038824081421,7.202147960662842,3.051757574081421
-0.2322998046875,-0.9742431640625,0.0054931640625,2.685546636581421,7.690429210662842,2.01416015625
-0.2403564453125,-0.974853515625,0.000732421875,2.0751953125,7.812499523162842,2.0751953125
-0.239013671875,-0.9771728515625,-0.0086669921875,1.0986328125,9.33837890625,2.929687261581421
-0.224609375,-0.9803466796875,-0.0220947265625,-0.0,10.681151390075684,2.990722417831421
-0.250244140625,-0.9749755859375,-0.0093994140625,2.25830078125,-6.896972179412842,3.540038824081421
-0.2457275390625,-0.9678955078125,-0.00390625,3.234863042831421,-6.774901866912842,3.479003667831421
-0.239013671875,-0.9732666015625,-0.003173828125,3.234863042831421,-4.638671875,2.929687261581421
-0.2266845703125,-0.978759765625,-0.0003662109375,2.990722417831421,-3.112792730331421,2.197265625
-0.216064453125,-0.9774169921875,0.0032958984375,3.356933355331421,-2.01416015625,1.0986328125
-0.225830078125,-0.97607421875,0.005615234375,4.0283203125,-0.0,0.7934569716453552
-0.25341796875,-0.97900390625,0.0147705078125,4.2724609375,-0.0610351525247097,2.13623046875
-0.2703857421875,-0.982666015625,0.0325927734375,3.601073980331421,-2.868652105331421,3.967284917831421
-0.2689208984375,-0.97607421875,0.043701171875,2.624511480331421,-4.21142578125,5.126952648162842
-0.2574462890625,-0.9615478515625,0.0330810546875,1.3427733182907104,-0.7934569716453552,5.065917491912842
-0.2467041015625,-0.9569091796875,0.00830078125,-0.6103515625,5.187987804412842,3.906249761581421
-0.24609375,-0.9697265625,-0.0068359375,-2.01416015625,8.30078125,2.3193359375
-0.2554931640625,-0.986083984375,0.0009765625,-1.2817381620407104,4.57763671875,1.220703125
-0.2647705078125,-0.9610595703125,-0.0623779296875,-4.39453125,6.530761241912842,1.220703125
-0.2547607421875,-0.9674072265625,-0.0736083984375,-4.57763671875,6.713866710662842,-0.4272460639476776
-0.2498779296875,-0.97119140625,-0.079833984375,-3.784179449081421,4.0283203125,-1.8310545682907104
-0.251953125,-0.9681396484375,-0.0838623046875,-2.868652105331421,2.13623046875,-1.9531248807907104
-0.25048828125,-0.967041015625,-0.082763671875,-1.8920897245407104,1.9531248807907104,-2.44140625
-0.246337890625,-0.9744873046875,-0.072265625,-0.3662109076976776,1.2817381620407104,-2.50244140625
-0.2418212890625,-0.9822998046875,-0.0589599609375,1.3427733182907104,-0.6713866591453552,-1.220703125
-0.2412109375,-0.974365234375,-0.051513671875,2.746581792831421,-1.7089842557907104,0.1831054538488388
-0.2659912109375,-0.98388671875,-0.0814208984375,1.7700194120407104,2.563476324081421,3.540038824081421
-0.262939453125,-0.9735107421875,-0.07958984375,3.112792730331421,1.6479490995407104,2.929687261581421
-0.261474609375,-0.9515380859375,-0.0623779296875,4.2724609375,-0.0,1.7089842557907104
-0.2506103515625,-0.968994140625,-0.0458984375,0.30517578125,-5.065917491912842,1.7700194120407104
-0.2496337890625,-0.9647216796875,-0.0521240234375,-2.01416015625,-4.45556640625,0.2441406100988388
-0.265625,-0.9573974609375,-0.0599365234375,-4.08935546875,-1.4038084745407104,-1.4648436307907104
-0.2752685546875,-0.9659423828125,-0.0628662109375,-5.554198741912842,-0.2441406100988388,-0.30517578125
-0.26611328125,-0.977783203125,-0.053466796875,-5.432128429412842,-1.2817381620407104,1.8310545682907104
-0.2490234375,-0.9781494140625,-0.046630859375,-4.8828125,-1.0986328125,3.295898199081421
-0.247802734375,-0.9671630859375,-0.0592041015625,-6.225585460662842,1.2817381620407104,2.0751953125
-0.2623291015625,-0.965087890625,-0.0849609375,-9.521484375,4.21142578125,-3.356933355331421
-0.275390625,-0.9600830078125,-0.1317138671875,-12.023924827575684,7.080077648162842,9.70458984375
-0.264892578125,-0.93994140625,-0.1353759765625,-10.009765625,8.11767578125,9.521484375
-0.2684326171875,-0.92578125,-0.141845703125,-7.507323741912842,7.934569835662842,7.324218273162842
-0.26220703125,-0.9315185546875,-0.14599609375,-6.408690929412842,10.925292015075684,4.2724609375
-0.2501220703125,-0.9490966796875,-0.1419677734375,-5.310058116912842,13.732909202575684,-0.7324218153953552
-0.2552490234375,-0.9688720703125,-0.14111328125,-3.295898199081421,11.108397483825684,-5.249022960662842
-0.26806640625,-0.9765625,-0.1463623046875,-1.5258787870407104,5.126952648162842,-7.995604991912842
-0.272216796875,-0.958251953125,-0.148193359375,-1.4038084745407104,0.8544921278953552,-8.36181640625
-0.2734375,-0.962646484375,-0.1444091796875,-1.8310545682907104,-6.896972179412842,-3.234863042831421
-0.2608642578125,-0.990234375,-0.1473388671875,0.1831054538488388,-10.559081077575684,-3.295898199081421
-0.2413330078125,-0.978271484375,-0.15185546875,2.563476324081421,-11.718749046325684,-5.676269054412842
-0.2064208984375,-0.9248046875,-0.1766357421875,1.4648436307907104,-4.45556640625,-3.906249761581421
-0.2000732421875,-0.95166015625,-0.1800537109375,1.0986328125,-1.220703125,-6.286620616912842
-0.2156982421875,-0.9942626953125,-0.123291015625,8.60595703125,-20.812986373901367,-16.11328125
-0.2352294921875,-0.9761962890625,-0.0992431640625,8.056640625,-22.949216842651367,-11.535643577575684
-0.2178955078125,-0.9686279296875,-0.092529296875,2.868652105331421,-3.845214605331421,-7.629394054412842
-0.2108154296875,-0.9600830078125,-0.0966796875,4.638671875,-2.01416015625,-7.995604991912842
-0.2069091796875,-0.9644775390625,-0.10107421875,5.798339366912842,-3.906249761581421,-5.676269054412842
-0.1800537109375,-0.984375,-0.0982666015625,5.126952648162842,-4.638671875,-4.638671875
-0.1578369140625,-0.9910888671875,-0.093994140625,4.33349609375,-1.8310545682907104,-6.530761241912842
-0.15234375,-0.9813232421875,-0.091796875,4.150390625,0.1831054538488388,-9.09423828125
-0.20703125,-0.9754638671875,-0.0791015625,3.723144292831421,-8.7890625,-7.141112804412842
-0.1915283203125,-0.9683837890625,-0.068115234375,1.8920897245407104,-3.112792730331421,-4.2724609375
-0.20166015625,-0.9571533203125,-0.027587890625,2.563476324081421,-2.50244140625,-0.1220703050494194
-0.20166015625,-0.9993896484375,0.0201416015625,5.371093273162842,-11.840819358825684,1.7089842557907104
-0.163330078125,-1.05029296875,0.0352783203125,7.019042491912842,-14.770506858825684,-0.8544921278953552
-0.12841796875,-1.0343017578125,0.013671875,4.82177734375,2.746581792831421,-3.356933355331421
-0.126708984375,-0.990966796875,-0.026123046875,1.03759765625,25.939939498901367,-3.295898199081421
-0.132568359375,-0.9820556640625,-0.06201171875,-0.7324218153953552,34.36279296875,-4.0283203125
-0.1405029296875,-1.0035400390625,-0.08935546875,-0.4882812201976776,29.174802780151367,-6.835937023162842
-0.0948486328125,-0.9619140625,-0.1796875,-11.108397483825684,25.939939498901367,-20.568845748901367
-0.0789794921875,-0.955078125,-0.2005615234375,-16.29638671875,20.751951217651367,-18.24951171875
-0.087890625,-0.9674072265625,-0.1810302734375,-17.2119140625,8.1787109375,-14.648436546325684
-0.08935546875,-0.998291015625,-0.1173095703125,-11.779784202575684,-11.962889671325684,-14.770506858825684
-0.052734375,-1.0196533203125,-0.0673828125,0.9155272841453552,-12.878417015075684,-9.09423828125
-0.052490234375,-0.977294921875,-0.1331787109375,-6.713866710662842,3.723144292831421,-5.493163585662842
-0.0631103515625,-0.966552734375,-0.1951904296875,-15.502928733825684,12.817381858825684,-4.0283203125
-0.039794921875,-0.9952392578125,-0.198486328125,-20.385740280151367,7.324218273162842,-4.82177734375
-0.003173828125,-1.0238037109375,-0.1654052734375,-18.9208984375,-9.46044921875,-4.0283203125
-0.00048828125,-1.0247802734375,-0.14990234375,-14.221190452575684,-22.277830123901367,-4.94384765625
-0.018798828125,-1.0025634765625,-0.166748046875,-11.169432640075684,-23.376462936401367,-8.056640625
-0.0313720703125,-0.9859619140625,-0.1932373046875,-10.498045921325684,-20.385740280151367,-9.27734375
-0.0224609375,-0.9918212890625,-0.20556640625,-9.70458984375,-22.949216842651367,-9.21630859375
-0.005126953125,-0.9915771484375,-0.202880859375,-7.141112804412842,-28.503416061401367,-9.21630859375
-0.0086669921875,-0.9691162109375,-0.2005615234375,-3.417968511581421,-29.907224655151367,-7.568358898162842
-0.0267333984375,-0.9542236328125,-0.2022705078125,-0.1831054538488388,-27.221677780151367,-5.065917491912842
-0.046630859375,-0.9635009765625,-0.202392578125,2.929687261581421,-22.521970748901367,-2.3193359375
-0.05859375,-0.9786376953125,-0.2034912109375,6.530761241912842,-15.991209983825684,1.5258787870407104
-0.0654296875,-0.9847412109375,-0.20849609375,9.82666015625,-7.751464366912842,6.225585460662842
-0.074951171875,-0.9798583984375,-0.20556640625,12.268065452575684,-0.7934569716453552,11.352538108825684
-0.0765380859375,-0.9771728515625,-0.1796875,14.770506858825684,1.220703125,15.197752952575684
-0.0731201171875,-0.987060546875,-0.1407470703125,17.88330078125,0.1220703050494194,16.7236328125
-0.0799560546875,-1.0006103515625,-0.1029052734375,21.545408248901367,0.9155272841453552,16.90673828125
-0.093994140625,-1.0115966796875,-0.064697265625,24.169919967651367,3.051757574081421,17.15087890625
-0.136474609375,-0.980224609375,-0.0518798828125,20.751951217651367,11.779784202575684,16.357421875
-0.1591796875,-0.9759521484375,-0.0615234375,16.41845703125,14.953612327575684,13.732909202575684
-0.1588134765625,-0.99560546875,-0.0626220703125,11.169432640075684,13.793944358825684,13.000487327575684
-0.155029296875,-1.01171875,-0.050048828125,7.202147960662842,5.493163585662842,16.54052734375
-0.1834716796875,-0.9931640625,-0.046630859375,6.774901866912842,0.0610351525247097,18.49365234375
-0.2236328125,-0.96728515625,-0.0391845703125,7.263183116912842,-5.126952648162842,18.85986328125
-0.240478515625,-0.958251953125,-0.017333984375,8.36181640625,-9.21630859375,14.404295921325684
-0.22607421875,-0.9737548828125,0.0155029296875,6.591796398162842,-3.112792730331421,6.408690929412842
-0.219482421875,-0.9791259765625,0.0145263671875,4.94384765625,3.417968511581421,4.638671875
-0.2230224609375,-0.9781494140625,0.009765625,3.540038824081421,7.202147960662842,3.051757574081421
-0.2322998046875,-0.9742431640625,0.0054931640625,2.685546636581421,7.690429210662842,2.01416015625
-0.2403564453125,-0.974853515625,0.000732421875,2.0751953125,7.812499523162842,2.0751953125
-0.239013671875,-0.9771728515625,-0.0086669921875,1.0986328125,9.33837890625,2.929687261581421
-0.224609375,-0.9803466796875,-0.0220947265625,-0.0,10.681151390075684,2.990722417831421
-0.250244140625,-0.9749755859375,-0.0093994140625,2.25830078125,-6.896972179412842,3.540038824081421
-0.2457275390625,-0.9678955078125,-0.00390625,3.234863042831421,-6.774901866912842,3.479003667831421
-0.239013671875,-0.9732666015625,-0.003173828125,3.234863042831421,-4.638671875,2.929687261581421
-0.2266845703125,-0.978759765625,-0.0003662109375,2.990722417831421,-3.112792730331421,2.197265625
-0.216064453125,-0.9774169921875,0.0032958984375,3.356933355331421,-2.01416015625,1.0986328125
-0.225830078125,-0.97607421875,0.005615234375,4.0283203125,-0.0,0.7934569716453552
-0.25341796875,-0.97900390625,0.0147705078125,4.2724609375,-0.0610351525247097,2.13623046875
-0.2703857421875,-0.982666015625,0.0325927734375,3.601073980331421,-2.868652105331421,3.967284917831421
-0.2689208984375,-0.97607421875,0.043701171875,2.624511480331421,-4.21142578125,5.126952648162842
-0.2574462890625,-0.9615478515625,0.0330810546875,1.3427733182907104,-0.7934569716453552,5.065917491912842
-0.2467041015625,-0.9569091796875,0.00830078125,-0.6103515625,5.187987804412842,3.906249761581421
-0.24609375,-0.9697265625,-0.0068359375,-2.01416015625,8.30078125,2.3193359375
-0.2554931640625,-0.986083984375,0.0009765625,-1.2817381620407104,4.57763671875,1.220703125
-0.26806640625,-0.9830322265625,0.021728515625,0.7324218153953552,-2.990722417831421,1.0986328125
-0.2725830078125,-0.9632568359375,0.030517578125,1.4648436307907104,-5.798339366912842,2.13623046875
-0.25927734375,-0.9544677734375,0.0172119140625,-0.0,-0.4272460639476776,2.868652105331421
-0.2431640625,-0.9637451171875,-0.0032958984375,-2.563476324081421,8.056640625,1.9531248807907104
-0.250732421875,-0.97412109375,-0.0125732421875,-4.08935546875,11.840819358825684,0.6713866591453552
-0.276123046875,-0.9805908203125,-0.0040283203125,-2.868652105331421,6.774901866912842,0.6103515625
-0.287841796875,-0.977783203125,0.0157470703125,-0.1220703050494194,-2.624511480331421,1.7700194120407104
-0.27880859375,-0.9620361328125,0.027587890625,1.3427733182907104,-6.774901866912842,3.295898199081421
-0.2623291015625,-0.9521484375,0.0177001953125,0.4882812201976776,-1.8310545682907104,3.356933355331421
-0.25146484375,-0.9605712890625,-0.005615234375,-1.4038084745407104,5.737304210662842,1.2817381620407104
-0.259765625,-0.9730224609375,-0.018798828125,-2.13623046875,8.056640625,-0.9155272841453552
-0.28173828125,-0.9775390625,-0.0072021484375,-0.7934569716453552,2.563476324081421,-1.0986328125
-0.291748046875,-0.975341796875,0.0150146484375,1.03759765625,-5.310058116912842,-0.0610351525247097
-0.2618408203125,-0.953857421875,0.0120849609375,0.3662109076976776,-1.5258787870407104,1.220703125
-0.2513427734375,-0.9593505859375,-0.0064697265625,-1.4038084745407104,4.94384765625,0.1831054538488388
-0.2562255859375,-0.97314453125,-0.0146484375,-1.9531248807907104,5.920409679412842,-1.4648436307907104
-0.2733154296875,-0.9803466796875,-0.004638671875,-0.9155272841453552,0.9765624403953552,-1.7700194120407104
-0.2884521484375,-0.9771728515625,0.0113525390625,0.4272460639476776,-5.187987804412842,-0.4882812201976776
-0.2823486328125,-0.966064453125,0.017822265625,0.7324218153953552,-6.958007335662842,0.4272460639476776
-0.2603759765625,-0.9581298828125,0.0111083984375,-0.1220703050494194,-3.479003667831421,-0.1831054538488388
-0.2496337890625,-0.96240234375,-0.002197265625,-1.2817381620407104,1.5869139432907104,-0.8544921278953552
-0.262451171875,-0.97314453125,-0.0096435546875,-1.7700194120407104,3.723144292831421,-0.9155272841453552
-0.2796630859375,-0.9781494140625,-0.001953125,-1.0986328125,1.4038084745407104,-0.54931640625
-0.2818603515625,-0.973876953125,0.01123046875,0.0610351525247097,-2.563476324081421,0.6103515625
-0.271240234375,-0.9635009765625,0.0145263671875,0.3662109076976776,-2.807616949081421,1.5258787870407104
-0.256103515625,-0.9581298828125,0.00537109375,-0.6103515625,0.9765624403953552,0.1220703050494194
-0.2506103515625,-0.964111328125,-0.0078125,-1.5869139432907104,3.906249761581421,-2.38037109375
-0.2626953125,-0.974365234375,-0.0126953125,-1.6479490995407104,3.173827886581421,-3.417968511581421
-0.278076171875,-0.9793701171875,-0.0037841796875,-0.7324218153953552,-0.7934569716453552,-2.38037109375
-0.2802734375,-0.973388671875,0.00732421875,0.2441406100988388,-4.39453125,-0.4272460639476776
-0.2646484375,-0.9615478515625,0.007080078125,0.3662109076976776,-3.845214605331421,0.7324218153953552
-0.275390625,-0.97998046875,0.005126953125,0.6103515625,-5.126952648162842,-2.25830078125
-0.2698974609375,-0.9710693359375,0.0206298828125,1.3427733182907104,-8.36181640625,-0.4882812201976776
-0.2491455078125,-0.960693359375,0.018310546875,0.9155272841453552,-5.065917491912842,0.4882812201976776
-0.2359619140625,-0.9613037109375,0.000244140625,-0.30517578125,1.6479490995407104,-0.0610351525247097
-0.24462890625,-0.9730224609375,-0.0130615234375,-1.15966796875,5.187987804412842,-1.0986328125
-0.265625,-0.98193359375,-0.004638671875,-0.7934569716453552,2.563476324081421,-0.9155272841453552
-0.2755126953125,-0.979248046875,0.014404296875,0.4882812201976776,-2.44140625,0.8544921278953552
-0.2672119140625,-0.96923828125,0.02197265625,1.03759765625,-3.417968511581421,2.807616949081421
-0.25341796875,-0.96044921875,0.0086669921875,-0.0,1.4038084745407104,3.479003667831421
-0.2431640625,-0.9561767578125,-0.011962890625,-1.5869139432907104,6.530761241912842,2.44140625
-0.242919921875,-0.9605712890625,-0.01904296875,-2.0751953125,6.042479991912842,0.2441406100988388
-0.25537109375,-0.9725341796875,-0.009033203125,-0.8544921278953552,0.54931640625,-2.197265625
-0.2708740234375,-0.9794921875,0.00830078125,0.7324218153953552,-5.249022960662842,-3.173827886581421
-0.24560546875,-0.9696044921875,0.0189208984375,0.2441406100988388,3.295898199081421,0.6713866591453552
-0.2421875,-0.9739990234375,0.0020751953125,-0.4272460639476776,8.85009765625,0.6103515625
-0.257080078125,-0.9820556640625,-0.0341796875,-1.220703125,12.878417015075684,0.1220703050494194
-0.2581787109375,-0.9813232421875,-0.0377197265625,-2.01416015625,10.192870140075684,1.7700194120407104
-0.2498779296875,-0.97705078125,-0.0267333984375,-2.685546636581421,5.554198741912842,4.21142578125
-0.294189453125,-0.9642333984375,-0.0084228515625,-1.4038084745407104,-3.417968511581421,6.164550304412842
-0.3104248046875,-0.9630126953125,-0.013427734375,-1.3427733182907104,-2.929687261581421,6.958007335662842
-0.3138427734375,-0.9554443359375,-0.0196533203125,-1.5869139432907104,-1.6479490995407104,7.995604991912842
-0.301513671875,-0.9456787109375,-0.02392578125,-1.5869139432907104,0.54931640625,7.812499523162842
-0.2886962890625,-0.9434814453125,-0.0286865234375,-1.4038084745407104,3.173827886581421,6.347655773162842
-0.2886962890625,-0.949951171875,-0.035400390625,-0.9155272841453552,4.82177734375,3.906249761581421
-0.304931640625,-0.958740234375,-0.0352783203125,0.1831054538488388,3.845214605331421,1.4038084745407104
-0.3203125,-0.966064453125,-0.0203857421875,1.4038084745407104,-0.8544921278953552,0.1220703050494194
-0.322265625,-0.963134765625,-0.002685546875,2.25830078125,-5.187987804412842,0.1831054538488388
-0.316650390625,-0.9498291015625,-0.00146484375,2.3193359375,-3.906249761581421,1.0986328125
-0.3060302734375,-0.9434814453125,-0.0159912109375,1.7089842557907104,1.03759765625,1.220703125
-0.2987060546875,-0.9468994140625,-0.0286865234375,0.7934569716453552,4.39453125,0.2441406100988388
-0.30810546875,-0.9544677734375,-0.0274658203125,0.30517578125,3.356933355331421,-0.0610351525247097
-0.3201904296875,-0.9649658203125,-0.0068359375,0.6713866591453552,-2.0751953125,-0.1220703050494194
-0.31103515625,-0.966552734375,0.0242919921875,1.8920897245407104,-7.202147960662842,-0.9765624403953552
-0.2908935546875,-0.9539794921875,0.0355224609375,2.685546636581421,-5.371093273162842,-1.4038084745407104
-0.2835693359375,-0.94921875,0.0062255859375,2.01416015625,3.540038824081421,-0.4882812201976776
-0.2940673828125,-0.9554443359375,-0.0390625,1.03759765625,12.451170921325684,-0.0610351525247097
-0.3123779296875,-0.962890625,-0.05615234375,0.54931640625,12.817381858825684,-0.6713866591453552
-0.322021484375,-0.9693603515625,-0.0345458984375,0.0610351525247097,4.0283203125,-0.7934569716453552
-0.27490234375,-0.947509765625,-0.0186767578125,-1.2817381620407104,4.69970703125,1.0986328125
-0.287109375,-0.9542236328125,-0.0487060546875,-1.8310545682907104,10.131834983825684,0.3662109076976776
-0.314208984375,-0.9666748046875,-0.0438232421875,-1.7089842557907104,5.981444835662842,-0.6103515625
-0.32275390625,-0.972412109375,-0.0118408203125,-1.15966796875,-3.601073980331421,-0.54931640625
-0.307861328125,-0.9598388671875,0.008544921875,-0.7934569716453552,-6.591796398162842,0.2441406100988388
-0.286865234375,-0.9468994140625,-0.0001220703125,-0.7324218153953552,-0.7324218153953552,1.03759765625
-0.2816162109375,-0.9498291015625,-0.02783203125,-0.9765624403953552,6.652831554412842,1.0986328125
-0.3260498046875,-0.9654541015625,-0.0477294921875,-0.7324218153953552,2.990722417831421,-0.3662109076976776
-0.3284912109375,-0.956787109375,-0.0274658203125,-0.4882812201976776,-2.929687261581421,-0.6103515625
-0.3070068359375,-0.9481201171875,-0.0101318359375,-0.6713866591453552,-4.8828125,-0.2441406100988388
-0.2816162109375,-0.951416015625,-0.0164794921875,-1.220703125,-1.4038084745407104,-0.4272460639476776
-0.311279296875,-0.9619140625,0.0111083984375,1.8920897245407104,-12.145995140075684,-2.197265625
-0.286376953125,-0.95068359375,0.0096435546875,1.7700194120407104,-7.568358898162842,-0.9765624403953552
-0.2734375,-0.9501953125,-0.0257568359375,0.9155272841453552,2.624511480331421,-0.30517578125
-0.28564453125,-0.95947265625,-0.0631103515625,0.1220703050494194,8.056640625,-0.6713866591453552
-0.3046875,-0.9677734375,-0.062255859375,-0.1220703050494194,3.295898199081421,-1.15966796875
-0.3111572265625,-0.96630859375,-0.0244140625,0.2441406100988388,-6.713866710662842,-0.7324218153953552
-0.3011474609375,-0.9591064453125,0.01171875,0.8544921278953552,-12.023924827575684,-0.1831054538488388
-0.2823486328125,-0.95556640625,0.0115966796875,0.9155272841453552,-7.385253429412842,-0.7934569716453552
-0.280029296875,-0.95751953125,-0.020263671875,-0.0,2.746581792831421,-1.220703125
-0.29541015625,-0.96337890625,-0.0401611328125,-0.6713866591453552,7.019042491912842,-0.3662109076976776
-0.3055419921875,-0.97021484375,-0.0213623046875,-0.1220703050494194,1.03759765625,-0.0610351525247097
-0.291748046875,-0.950927734375,0.018310546875,1.5258787870407104,-6.896972179412842,-0.2441406100988388
-0.281494140625,-0.9598388671875,-0.037841796875,-0.0610351525247097,6.958007335662842,-2.685546636581421
-0.2906494140625,-0.9727783203125,-0.0374755859375,-0.30517578125,4.08935546875,-3.845214605331421
-0.297119140625,-0.9755859375,-0.0068359375,0.1220703050494194,-4.0283203125,-2.990722417831421
-0.290771484375,-0.96533203125,0.0146484375,0.54931640625,-7.263183116912842,-0.9155272841453552
-0.276611328125,-0.9525146484375,0.001708984375,0.2441406100988388,-1.7700194120407104,0.6713866591453552
-0.26904296875,-0.9520263671875,-0.0294189453125,-0.7324218153953552,6.896972179412842,0.7324218153953552
-0.2760009765625,-0.9639892578125,-0.04150390625,-1.5258787870407104,9.21630859375,0.0610351525247097
-0.288818359375,-0.974609375,-0.020263671875,-1.3427733182907104,2.44140625,-0.3662109076976776
-0.26806640625,-0.9830322265625,0.021728515625,0.7324218153953552,-2.990722417831421,1.0986328125
-0.2725830078125,-0.9632568359375,0.030517578125,1.4648436307907104,-5.798339366912842,2.13623046875
-0.25927734375,-0.9544677734375,0.0172119140625,-0.0,-0.4272460639476776,2.868652105331421
-0.2431640625,-0.9637451171875,-0.0032958984375,-2.563476324081421,8.056640625,1.9531248807907104
-0.250732421875,-0.97412109375,-0.0125732421875,-4.08935546875,11.840819358825684,0.6713866591453552
-0.276123046875,-0.9805908203125,-0.0040283203125,-2.868652105331421,6.774901866912842,0.6103515625
-0.287841796875,-0.977783203125,0.0157470703125,-0.1220703050494194,-2.624511480331421,1.7700194120407104
-0.27880859375,-0.9620361328125,0.027587890625,1.3427733182907104,-6.774901866912842,3.295898199081421
-0.2623291015625,-0.9521484375,0.0177001953125,0.4882812201976776,-1.8310545682907104,3.356933355331421
-0.25146484375,-0.9605712890625,-0.005615234375,-1.4038084745407104,5.737304210662842,1.2817381620407104
-0.259765625,-0.9730224609375,-0.018798828125,-2.13623046875,8.056640625,-0.9155272841453552
-0.28173828125,-0.9775390625,-0.0072021484375,-0.7934569716453552,2.563476324081421,-1.0986328125
-0.291748046875,-0.975341796875,0.0150146484375,1.03759765625,-5.310058116912842,-0.0610351525247097
-0.2618408203125,-0.953857421875,0.0120849609375,0.3662109076976776,-1.5258787870407104,1.220703125
-0.2513427734375,-0.9593505859375,-0.0064697265625,-1.4038084745407104,4.94384765625,0.1831054538488388
-0.2562255859375,-0.97314453125,-0.0146484375,-1.9531248807907104,5.920409679412842,-1.4648436307907104
-0.2733154296875,-0.9803466796875,-0.004638671875,-0.9155272841453552,0.9765624403953552,-1.7700194120407104
-0.2884521484375,-0.9771728515625,0.0113525390625,0.4272460639476776,-5.187987804412842,-0.4882812201976776
-0.2823486328125,-0.966064453125,0.017822265625,0.7324218153953552,-6.958007335662842,0.4272460639476776
-0.2603759765625,-0.9581298828125,0.0111083984375,-0.1220703050494194,-3.479003667831421,-0.1831054538488388
-0.2496337890625,-0.96240234375,-0.002197265625,-1.2817381620407104,1.5869139432907104,-0.8544921278953552
-0.262451171875,-0.97314453125,-0.0096435546875,-1.7700194120407104,3.723144292831421,-0.9155272841453552
-0.2796630859375,-0.9781494140625,-0.001953125,-1.0986328125,1.4038084745407104,-0.54931640625
-0.2818603515625,-0.973876953125,0.01123046875,0.0610351525247097,-2.563476324081421,0.6103515625
-0.271240234375,-0.9635009765625,0.0145263671875,0.3662109076976776,-2.807616949081421,1.5258787870407104
-0.256103515625,-0.9581298828125,0.00537109375,-0.6103515625,0.9765624403953552,0.1220703050494194
-0.2506103515625,-0.964111328125,-0.0078125,-1.5869139432907104,3.906249761581421,-2.38037109375
-0.2626953125,-0.974365234375,-0.0126953125,-1.6479490995407104,3.173827886581421,-3.417968511581421
-0.278076171875,-0.9793701171875,-0.0037841796875,-0.7324218153953552,-0.7934569716453552,-2.38037109375
-0.2802734375,-0.973388671875,0.00732421875,0.2441406100988388,-4.39453125,-0.4272460639476776
-0.2646484375,-0.9615478515625,0.007080078125,0.3662109076976776,-3.845214605331421,0.7324218153953552
-0.275390625,-0.97998046875,0.005126953125,0.6103515625,-5.126952648162842,-2.25830078125
-0.2698974609375,-0.9710693359375,0.0206298828125,1.3427733182907104,-8.36181640625,-0.4882812201976776
-0.2491455078125,-0.960693359375,0.018310546875,0.9155272841453552,-5.065917491912842,0.4882812201976776
-0.2359619140625,-0.9613037109375,0.000244140625,-0.30517578125,1.6479490995407104,-0.0610351525247097
-0.24462890625,-0.9730224609375,-0.0130615234375,-1.15966796875,5.187987804412842,-1.0986328125
-0.265625,-0.98193359375,-0.004638671875,-0.7934569716453552,2.563476324081421,-0.9155272841453552
-0.2755126953125,-0.979248046875,0.014404296875,0.4882812201976776,-2.44140625,0.8544921278953552
-0.2672119140625,-0.96923828125,0.02197265625,1.03759765625,-3.417968511581421,2.807616949081421
-0.25341796875,-0.96044921875,0.0086669921875,-0.0,1.4038084745407104,3.479003667831421
-0.2431640625,-0.9561767578125,-0.011962890625,-1.5869139432907104,6.530761241912842,2.44140625
-0.242919921875,-0.9605712890625,-0.01904296875,-2.0751953125,6.042479991912842,0.2441406100988388
-0.25537109375,-0.9725341796875,-0.009033203125,-0.8544921278953552,0.54931640625,-2.197265625
-0.2708740234375,-0.9794921875,0.00830078125,0.7324218153953552,-5.249022960662842,-3.173827886581421
-0.24560546875,-0.9696044921875,0.0189208984375,0.2441406100988388,3.295898199081421,0.6713866591453552
-0.2421875,-0.9739990234375,0.0020751953125,-0.4272460639476776,8.85009765625,0.6103515625
-0.257080078125,-0.9820556640625,-0.0341796875,-1.220703125,12.878417015075684,0.1220703050494194
-0.2581787109375,-0.9813232421875,-0.0377197265625,-2.01416015625,10.192870140075684,1.7700194120407104
-0.2498779296875,-0.97705078125,-0.0267333984375,-2.685546636581421,5.554198741912842,4.21142578125
-0.294189453125,-0.9642333984375,-0.0084228515625,-1.4038084745407104,-3.417968511581421,6.164550304412842
-0.3104248046875,-0.9630126953125,-0.013427734375,-1.3427733182907104,-2.929687261581421,6.958007335662842
-0.3138427734375,-0.9554443359375,-0.0196533203125,-1.5869139432907104,-1.6479490995407104,7.995604991912842
-0.301513671875,-0.9456787109375,-0.02392578125,-1.5869139432907104,0.54931640625,7.812499523162842
-0.2886962890625,-0.9434814453125,-0.0286865234375,-1.4038084745407104,3.173827886581421,6.347655773162842
-0.2886962890625,-0.949951171875,-0.035400390625,-0.9155272841453552,4.82177734375,3.906249761581421
-0.304931640625,-0.958740234375,-0.0352783203125,0.1831054538488388,3.845214605331421,1.4038084745407104
-0.3203125,-0.966064453125,-0.0203857421875,1.4038084745407104,-0.8544921278953552,0.1220703050494194
-0.322265625,-0.963134765625,-0.002685546875,2.25830078125,-5.187987804412842,0.1831054538488388
-0.316650390625,-0.9498291015625,-0.00146484375,2.3193359375,-3.906249761581421,1.0986328125
-0.3060302734375,-0.9434814453125,-0.0159912109375,1.7089842557907104,1.03759765625,1.220703125
-0.2987060546875,-0.9468994140625,-0.0286865234375,0.7934569716453552,4.39453125,0.2441406100988388
-0.30810546875,-0.9544677734375,-0.0274658203125,0.30517578125,3.356933355331421,-0.0610351525247097
-0.3201904296875,-0.9649658203125,-0.0068359375,0.6713866591453552,-2.0751953125,-0.1220703050494194
-0.31103515625,-0.966552734375,0.0242919921875,1.8920897245407104,-7.202147960662842,-0.9765624403953552
-0.2908935546875,-0.9539794921875,0.0355224609375,2.685546636581421,-5.371093273162842,-1.4038084745407104
-0.2835693359375,-0.94921875,0.0062255859375,2.01416015625,3.540038824081421,-0.4882812201976776
-0.2940673828125,-0.9554443359375,-0.0390625,1.03759765625,12.451170921325684,-0.0610351525247097
-0.3123779296875,-0.962890625,-0.05615234375,0.54931640625,12.817381858825684,-0.6713866591453552
-0.322021484375,-0.9693603515625,-0.0345458984375,0.0610351525247097,4.0283203125,-0.7934569716453552
-0.27490234375,-0.947509765625,-0.0186767578125,-1.2817381620407104,4.69970703125,1.0986328125
-0.287109375,-0.9542236328125,-0.0487060546875,-1.8310545682907104,10.131834983825684,0.3662109076976776
-0.314208984375,-0.9666748046875,-0.0438232421875,-1.7089842557907104,5.981444835662842,-0.6103515625
-0.32275390625,-0.972412109375,-0.0118408203125,-1.15966796875,-3.601073980331421,-0.54931640625
-0.307861328125,-0.9598388671875,0.008544921875,-0.7934569716453552,-6.591796398162842,0.2441406100988388
-0.286865234375,-0.9468994140625,-0.0001220703125,-0.7324218153953552,-0.7324218153953552,1.03759765625
-0.2816162109375,-0.9498291015625,-0.02783203125,-0.9765624403953552,6.652831554412842,1.0986328125
-0.3260498046875,-0.9654541015625,-0.0477294921875,-0.7324218153953552,2.990722417831421,-0.3662109076976776
-0.3284912109375,-0.956787109375,-0.0274658203125,-0.4882812201976776,-2.929687261581421,-0.6103515625
-0.3070068359375,-0.9481201171875,-0.0101318359375,-0.6713866591453552,-4.8828125,-0.2441406100988388
-0.2816162109375,-0.951416015625,-0.0164794921875,-1.220703125,-1.4038084745407104,-0.4272460639476776
-0.311279296875,-0.9619140625,0.0111083984375,1.8920897245407104,-12.145995140075684,-2.197265625
-0.286376953125,-0.95068359375,0.0096435546875,1.7700194120407104,-7.568358898162842,-0.9765624403953552
-0.2734375,-0.9501953125,-0.0257568359375,0.9155272841453552,2.624511480331421,-0.30517578125
-0.28564453125,-0.95947265625,-0.0631103515625,0.1220703050494194,8.056640625,-0.6713866591453552
-0.3046875,-0.9677734375,-0.062255859375,-0.1220703050494194,3.295898199081421,-1.15966796875
-0.3111572265625,-0.96630859375,-0.0244140625,0.2441406100988388,-6.713866710662842,-0.7324218153953552
-0.3011474609375,-0.9591064453125,0.01171875,0.8544921278953552,-12.023924827575684,-0.1831054538488388
-0.2823486328125,-0.95556640625,0.0115966796875,0.9155272841453552,-7.385253429412842,-0.7934569716453552
-0.280029296875,-0.95751953125,-0.020263671875,-0.0,2.746581792831421,-1.220703125
-0.29541015625,-0.96337890625,-0.0401611328125,-0.6713866591453552,7.019042491912842,-0.3662109076976776
-0.3055419921875,-0.97021484375,-0.0213623046875,-0.1220703050494194,1.03759765625,-0.0610351525247097
-0.291748046875,-0.950927734375,0.018310546875,1.5258787870407104,-6.896972179412842,-0.2441406100988388
-0.281494140625,-0.9598388671875,-0.037841796875,-0.0610351525247097,6.958007335662842,-2.685546636581421
-0.2906494140625,-0.9727783203125,-0.0374755859375,-0.30517578125,4.08935546875,-3.845214605331421
-0.297119140625,-0.9755859375,-0.0068359375,0.1220703050494194,-4.0283203125,-2.990722417831421
-0.290771484375,-0.96533203125,0.0146484375,0.54931640625,-7.263183116912842,-0.9155272841453552
-0.276611328125,-0.9525146484375,0.001708984375,0.2441406100988388,-1.7700194120407104,0.6713866591453552
-0.26904296875,-0.9520263671875,-0.0294189453125,-0.7324218153953552,6.896972179412842,0.7324218153953552
-0.2760009765625,-0.9639892578125,-0.04150390625,-1.5258787870407104,9.21630859375,0.0610351525247097
-0.288818359375,-0.974609375,-0.020263671875,-1.3427733182907104,2.44140625,-0.3662109076976776
-0.29638671875,-0.97265625,0.00830078125,-0.30517578125,-5.187987804412842,-0.1831054538488388
-0.2935791015625,-0.959716796875,0.0096435546875,0.4882812201976776,-4.638671875,0.9765624403953552
-0.2802734375,-0.9498291015625,-0.018310546875,0.1220703050494194,2.990722417831421,2.197265625
-0.2724609375,-0.952880859375,-0.045654296875,-0.8544921278953552,8.4228515625,2.0751953125
-0.283203125,-0.964599609375,-0.045166015625,-1.3427733182907104,5.126952648162842,0.7324218153953552
-0.2991943359375,-0.9739990234375,-0.017578125,-0.9765624403953552,-3.784179449081421,-0.4882812201976776
-0.3031005859375,-0.969482421875,0.0069580078125,0.1831054538488388,-9.21630859375,-0.4272460639476776
-0.2928466796875,-0.95458984375,0.003173828125,0.9155272841453552,-5.981444835662842,1.220703125
-0.2764892578125,-0.9493408203125,-0.02099609375,0.54931640625,2.3193359375,2.25830078125
-0.271484375,-0.9576416015625,-0.0380859375,-0.54931640625,7.324218273162842,1.5258787870407104
-0.284423828125,-0.9681396484375,-0.029296875,-1.220703125,4.08935546875,0.30517578125
-0.3038330078125,-0.9722900390625,-0.0057373046875,-0.6713866591453552,-3.051757574081421,-0.1220703050494194
-0.3131103515625,-0.9637451171875,0.0028076171875,0.30517578125,-5.310058116912842,1.03759765625
-0.3031005859375,-0.95068359375,-0.011474609375,0.54931640625,-0.4272460639476776,2.929687261581421
-0.2821044921875,-0.9483642578125,-0.029296875,-0.2441406100988388,5.554198741912842,2.929687261581421
-0.277587890625,-0.958984375,-0.0345458984375,-1.3427733182907104,7.019042491912842,0.9155272841453552
-0.2947998046875,-0.970458984375,-0.0225830078125,-1.5258787870407104,2.746581792831421,-0.8544921278953552
-0.31884765625,-0.9583740234375,-0.0130615234375,0.9155272841453552,-3.112792730331421,0.4272460639476776
-0.2950439453125,-0.94921875,-0.021484375,0.9155272841453552,0.4882812201976776,2.0751953125
-0.2718505859375,-0.9482421875,-0.02587890625,-0.30517578125,3.295898199081421,1.7700194120407104
-0.27978515625,-0.960205078125,-0.0263671875,-1.4038084745407104,2.746581792831421,-0.4272460639476776
-0.307373046875,-0.9715576171875,-0.0205078125,-1.220703125,-0.6103515625,-2.0751953125
-0.3228759765625,-0.9677734375,-0.0146484375,-0.1220703050494194,-2.563476324081421,-0.8544921278953552
-0.310791015625,-0.9542236328125,-0.016845703125,0.30517578125,-0.1831054538488388,2.25830078125
-0.2822265625,-0.9476318359375,-0.023193359375,-0.30517578125,3.662109136581421,3.356933355331421
-0.2684326171875,-0.955810546875,-0.0299072265625,-1.2817381620407104,4.69970703125,0.8544921278953552
-0.2869873046875,-0.9681396484375,-0.0321044921875,-1.5869139432907104,2.197265625,-2.3193359375
-0.3162841796875,-0.9720458984375,-0.024169921875,-0.7934569716453552,-1.8310545682907104,-2.746581792831421
-0.32666015625,-0.9619140625,-0.0147705078125,0.30517578125,-3.601073980331421,0.4882812201976776
-0.313232421875,-0.947021484375,-0.01416015625,0.6103515625,-1.6479490995407104,4.638671875
-0.2886962890625,-0.9461669921875,-0.0216064453125,-0.0610351525247097,1.7700194120407104,5.249022960662842
-0.276611328125,-0.95556640625,-0.03466796875,-1.2817381620407104,4.57763671875,1.8920897245407104
-0.291748046875,-0.9619140625,-0.040283203125,-1.8310545682907104,4.82177734375,-1.15966796875
-0.2952880859375,-0.95166015625,-0.03369140625,-0.8544921278953552,1.15966796875,3.234863042831421
-0.3133544921875,-0.9639892578125,-0.033447265625,-1.03759765625,0.54931640625,-0.2441406100988388
-0.3294677734375,-0.968017578125,-0.025390625,0.1831054538488388,-1.3427733182907104,-1.5258787870407104
-0.3314208984375,-0.9578857421875,-0.018798828125,1.2817381620407104,-1.4648436307907104,0.54931640625
-0.2933349609375,-0.9517822265625,-0.0384521484375,-1.7700194120407104,6.225585460662842,0.54931640625
-0.3173828125,-0.9620361328125,-0.0390625,-1.5258787870407104,3.295898199081421,-2.0751953125
-0.341552734375,-0.96484375,-0.026611328125,0.0610351525247097,-1.5258787870407104,-1.5258787870407104
-0.3414306640625,-0.9539794921875,-0.01708984375,1.03759765625,-2.50244140625,1.7089842557907104
-0.3173828125,-0.939453125,-0.021240234375,0.4882812201976776,1.15966796875,4.0283203125
-0.2933349609375,-0.940673828125,-0.0350341796875,-0.7934569716453552,5.432128429412842,2.624511480331421
-0.2926025390625,-0.953857421875,-0.04931640625,-1.6479490995407104,6.713866710662842,-0.9765624403953552
-0.31396484375,-0.9630126953125,-0.0535888671875,-1.4648436307907104,4.21142578125,-2.807616949081421
-0.3311767578125,-0.9615478515625,-0.041015625,-0.4272460639476776,-0.4882812201976776,-1.4038084745407104
-0.3292236328125,-0.9520263671875,-0.0225830078125,0.3662109076976776,-3.356933355331421,1.2817381620407104
-0.316650390625,-0.9461669921875,-0.0172119140625,0.2441406100988388,-1.8920897245407104,2.3193359375
-0.3048095703125,-0.9481201171875,-0.0279541015625,-0.1220703050494194,1.5258787870407104,0.6103515625
-0.3060302734375,-0.953125,-0.0440673828125,-0.1220703050494194,3.112792730331421,-1.9531248807907104
-0.3148193359375,-0.95654296875,-0.051025390625,0.1831054538488388,1.5258787870407104,-2.868652105331421
-0.3155517578125,-0.95556640625,-0.04248046875,0.4272460639476776,-1.3427733182907104,-1.8920897245407104
-0.313720703125,-0.9534912109375,-0.02978515625,0.4272460639476776,-3.051757574081421,-0.9155272841453552
-0.3189697265625,-0.9560546875,-0.0250244140625,0.4272460639476776,-2.990722417831421,-1.03759765625
-0.323974609375,-0.9569091796875,-0.02685546875,0.4882812201976776,-2.25830078125,-1.2817381620407104
-0.3214111328125,-0.951416015625,-0.0301513671875,0.4272460639476776,-1.4648436307907104,-0.9155272841453552
-0.3126220703125,-0.947998046875,-0.03515625,-0.0,-0.1831054538488388,-0.30517578125
-0.2999267578125,-0.9530029296875,-0.050537109375,-1.03759765625,1.4038084745407104,-0.1831054538488388
-0.29541015625,-0.953125,-0.06689453125,-2.38037109375,1.4038084745407104,-0.7934569716453552
-0.3201904296875,-0.9580078125,-0.005615234375,-1.4648436307907104,-10.803221702575684,-6.469726085662842
-0.3096923828125,-0.969482421875,0.0390625,0.4272460639476776,-16.66259765625,-9.765625
-0.2852783203125,-0.9603271484375,0.0386962890625,0.9155272841453552,-9.21630859375,-9.521484375
-0.2635498046875,-0.948974609375,-0.00537109375,-0.6103515625,7.995604991912842,-8.6669921875
-0.2593994140625,-0.9588623046875,-0.0604248046875,-3.173827886581421,20.874021530151367,-9.46044921875
-0.2799072265625,-0.9765625,-0.094482421875,-5.432128429412842,20.507810592651367,-9.8876953125
-0.2930908203125,-0.9842529296875,-0.094482421875,-6.347655773162842,8.1787109375,-8.48388671875
-0.2796630859375,-0.9744873046875,-0.0714111328125,-5.493163585662842,-8.23974609375,-6.713866710662842
-0.2576904296875,-0.951416015625,-0.039794921875,-3.967284917831421,-20.385740280151367,-5.737304210662842
-0.2423095703125,-0.9447021484375,-0.028564453125,-4.33349609375,-20.935056686401367,-6.225585460662842
-0.2425537109375,-0.9627685546875,-0.0582275390625,-7.385253429412842,-7.873534679412842,-6.774901866912842
-0.2540283203125,-0.9776611328125,-0.0927734375,-9.82666015625,4.0283203125,-6.286620616912842
-0.259033203125,-0.9764404296875,-0.090576171875,-7.995604991912842,-1.4038084745407104,-6.896972179412842
-0.25,-0.968505859375,-0.056884765625,-3.112792730331421,-17.63916015625,-9.70458984375
-0.231201171875,-0.96435546875,-0.0291748046875,0.6103515625,-25.634763717651367,-12.207030296325684
-0.166259765625,-0.9940185546875,-0.056884765625,1.0986328125,-1.7700194120407104,-9.27734375
-0.1571044921875,-1.001953125,-0.0772705078125,2.01416015625,12.023924827575684,-6.042479991912842
-0.1810302734375,-0.9981689453125,-0.0712890625,4.7607421875,14.831542015075684,-2.50244140625
-0.210693359375,-0.9920654296875,-0.0411376953125,7.812499523162842,8.056640625,0.6103515625
-0.2259521484375,-0.9866943359375,-0.0159912109375,8.7890625,2.624511480331421,2.746581792831421
-0.2227783203125,-0.9849853515625,-0.0150146484375,7.202147960662842,4.21142578125,4.45556640625
-0.212158203125,-0.985595703125,-0.031494140625,5.187987804412842,7.751464366912842,5.615233898162842
-0.209716796875,-0.989990234375,-0.0494384765625,4.57763671875,7.690429210662842,6.286620616912842
-0.2142333984375,-0.99072265625,-0.0584716796875,4.94384765625,3.662109136581421,7.141112804412842
-0.225341796875,-0.975830078125,-0.056884765625,5.615233898162842,-1.2817381620407104,8.056640625
-0.2440185546875,-0.9561767578125,-0.044677734375,6.164550304412842,-5.310058116912842,7.263183116912842
-0.2578125,-0.955078125,-0.015869140625,6.286620616912842,-8.9111328125,4.21142578125
-0.253662109375,-0.974609375,0.03125,5.920409679412842,-12.268065452575684,0.9155272841453552
-0.2376708984375,-0.9981689453125,0.0565185546875,5.187987804412842,-11.413573265075684,0.7324218153953552
-0.228759765625,-0.998291015625,0.024169921875,4.08935546875,-1.220703125,4.7607421875
-0.2232666015625,-0.9791259765625,-0.02099609375,3.601073980331421,13.549803733825684,9.1552734375
-0.2230224609375,-0.971435546875,-0.0377197265625,3.356933355331421,21.728513717651367,10.681151390075684
-0.2491455078125,-0.9832763671875,-0.033203125,1.6479490995407104,21.362302780151367,11.901854515075684
-0.27978515625,-0.9921875,-0.019775390625,-1.220703125,16.4794921875,14.343260765075684
-0.2843017578125,-0.982666015625,-0.0162353515625,-3.295898199081421,10.131834983825684,16.845703125
-0.281982421875,-0.9566650390625,-0.02685546875,-3.784179449081421,5.737304210662842,18.85986328125
-0.29736328125,-0.93115234375,-0.0396728515625,-2.01416015625,2.38037109375,17.9443359375
-0.328857421875,-0.9217529296875,-0.0350341796875,1.0986328125,-3.967284917831421,14.221190452575684
-0.3570556640625,-0.9368896484375,-0.0067138671875,2.807616949081421,-13.732909202575684,10.437010765075684
-0.3670654296875,-0.95751953125,0.019775390625,2.807616949081421,-21.057126998901367,7.080077648162842
-0.3634033203125,-0.9520263671875,0.01953125,2.746581792831421,-20.690916061401367,5.126952648162842
-0.29638671875,-0.97265625,0.00830078125,-0.30517578125,-5.187987804412842,-0.1831054538488388
-0.2935791015625,-0.959716796875,0.0096435546875,0.4882812201976776,-4.638671875,0.9765624403953552
-0.2802734375,-0.9498291015625,-0.018310546875,0.1220703050494194,2.990722417831421,2.197265625
-0.2724609375,-0.952880859375,-0.045654296875,-0.8544921278953552,8.4228515625,2.0751953125
-0.283203125,-0.964599609375,-0.045166015625,-1.3427733182907104,5.126952648162842,0.7324218153953552
-0.2991943359375,-0.9739990234375,-0.017578125,-0.9765624403953552,-3.784179449081421,-0.4882812201976776
-0.3031005859375,-0.969482421875,0.0069580078125,0.1831054538488388,-9.21630859375,-0.4272460639476776
-0.2928466796875,-0.95458984375,0.003173828125,0.9155272841453552,-5.981444835662842,1.220703125
-0.2764892578125,-0.9493408203125,-0.02099609375,0.54931640625,2.3193359375,2.25830078125
-0.271484375,-0.9576416015625,-0.0380859375,-0.54931640625,7.324218273162842,1.5258787870407104
-0.284423828125,-0.9681396484375,-0.029296875,-1.220703125,4.08935546875,0.30517578125
-0.3038330078125,-0.9722900390625,-0.0057373046875,-0.6713866591453552,-3.051757574081421,-0.1220703050494194
-0.3131103515625,-0.9637451171875,0.0028076171875,0.30517578125,-5.310058116912842,1.03759765625
-0.3031005859375,-0.95068359375,-0.011474609375,0.54931640625,-0.4272460639476776,2.929687261581421
-0.2821044921875,-0.9483642578125,-0.029296875,-0.2441406100988388,5.554198741912842,2.929687261581421
-0.277587890625,-0.958984375,-0.0345458984375,-1.3427733182907104,7.019042491912842,0.9155272841453552
-0.2947998046875,-0.970458984375,-0.0225830078125,-1.5258787870407104,2.746581792831421,-0.8544921278953552
-0.31884765625,-0.9583740234375,-0.0130615234375,0.9155272841453552,-3.112792730331421,0.4272460639476776
-0.2950439453125,-0.94921875,-0.021484375,0.9155272841453552,0.4882812201976776,2.0751953125
-0.2718505859375,-0.9482421875,-0.02587890625,-0.30517578125,3.295898199081421,1.7700194120407104
-0.27978515625,-0.960205078125,-0.0263671875,-1.4038084745407104,2.746581792831421,-0.4272460639476776
-0.307373046875,-0.9715576171875,-0.0205078125,-1.220703125,-0.6103515625,-2.0751953125
-0.3228759765625,-0.9677734375,-0.0146484375,-0.1220703050494194,-2.563476324081421,-0.8544921278953552
-0.310791015625,-0.9542236328125,-0.016845703125,0.30517578125,-0.1831054538488388,2.25830078125
-0.2822265625,-0.9476318359375,-0.023193359375,-0.30517578125,3.662109136581421,3.356933355331421
-0.2684326171875,-0.955810546875,-0.0299072265625,-1.2817381620407104,4.69970703125,0.8544921278953552
-0.2869873046875,-0.9681396484375,-0.0321044921875,-1.5869139432907104,2.197265625,-2.3193359375
-0.3162841796875,-0.9720458984375,-0.024169921875,-0.7934569716453552,-1.8310545682907104,-2.746581792831421
-0.32666015625,-0.9619140625,-0.0147705078125,0.30517578125,-3.601073980331421,0.4882812201976776
-0.313232421875,-0.947021484375,-0.01416015625,0.6103515625,-1.6479490995407104,4.638671875
-0.2886962890625,-0.9461669921875,-0.0216064453125,-0.0610351525247097,1.7700194120407104,5.249022960662842
-0.276611328125,-0.95556640625,-0.03466796875,-1.2817381620407104,4.57763671875,1.8920897245407104
-0.291748046875,-0.9619140625,-0.040283203125,-1.8310545682907104,4.82177734375,-1.15966796875
-0.2952880859375,-0.95166015625,-0.03369140625,-0.8544921278953552,1.15966796875,3.234863042831421
-0.3133544921875,-0.9639892578125,-0.033447265625,-1.03759765625,0.54931640625,-0.2441406100988388
-0.3294677734375,-0.968017578125,-0.025390625,0.1831054538488388,-1.3427733182907104,-1.5258787870407104
-0.3314208984375,-0.9578857421875,-0.018798828125,1.2817381620407104,-1.4648436307907104,0.54931640625
-0.2933349609375,-0.9517822265625,-0.0384521484375,-1.7700194120407104,6.225585460662842,0.54931640625
-0.3173828125,-0.9620361328125,-0.0390625,-1.5258787870407104,3.295898199081421,-2.0751953125
-0.341552734375,-0.96484375,-0.026611328125,0.0610351525247097,-1.5258787870407104,-1.5258787870407104
-0.3414306640625,-0.9539794921875,-0.01708984375,1.03759765625,-2.50244140625,1.7089842557907104
-0.3173828125,-0.939453125,-0.021240234375,0.4882812201976776,1.15966796875,4.0283203125
-0.2933349609375,-0.940673828125,-0.0350341796875,-0.7934569716453552,5.432128429412842,2.624511480331421
-0.2926025390625,-0.953857421875,-0.04931640625,-1.6479490995407104,6.713866710662842,-0.9765624403953552
-0.31396484375,-0.9630126953125,-0.0535888671875,-1.4648436307907104,4.21142578125,-2.807616949081421
-0.3311767578125,-0.9615478515625,-0.041015625,-0.4272460639476776,-0.4882812201976776,-1.4038084745407104
-0.3292236328125,-0.9520263671875,-0.0225830078125,0.3662109076976776,-3.356933355331421,1.2817381620407104
-0.316650390625,-0.9461669921875,-0.0172119140625,0.2441406100988388,-1.8920897245407104,2.3193359375
-0.3048095703125,-0.9481201171875,-0.0279541015625,-0.1220703050494194,1.5258787870407104,0.6103515625
-0.3060302734375,-0.953125,-0.0440673828125,-0.1220703050494194,3.112792730331421,-1.9531248807907104
-0.3148193359375,-0.95654296875,-0.051025390625,0.1831054538488388,1.5258787870407104,-2.868652105331421
-0.3155517578125,-0.95556640625,-0.04248046875,0.4272460639476776,-1.3427733182907104,-1.8920897245407104
-0.313720703125,-0.9534912109375,-0.02978515625,0.4272460639476776,-3.051757574081421,-0.9155272841453552
-0.3189697265625,-0.9560546875,-0.0250244140625,0.4272460639476776,-2.990722417831421,-1.03759765625
-0.323974609375,-0.9569091796875,-0.02685546875,0.4882812201976776,-2.25830078125,-1.2817381620407104
-0.3214111328125,-0.951416015625,-0.0301513671875,0.4272460639476776,-1.4648436307907104,-0.9155272841453552
-0.3126220703125,-0.947998046875,-0.03515625,-0.0,-0.1831054538488388,-0.30517578125
-0.2999267578125,-0.9530029296875,-0.050537109375,-1.03759765625,1.4038084745407104,-0.1831054538488388
-0.29541015625,-0.953125,-0.06689453125,-2.38037109375,1.4038084745407104,-0.7934569716453552
-0.3201904296875,-0.9580078125,-0.005615234375,-1.4648436307907104,-10.803221702575684,-6.469726085662842
-0.3096923828125,-0.969482421875,0.0390625,0.4272460639476776,-16.66259765625,-9.765625
-0.2852783203125,-0.9603271484375,0.0386962890625,0.9155272841453552,-9.21630859375,-9.521484375
-0.2635498046875,-0.948974609375,-0.00537109375,-0.6103515625,7.995604991912842,-8.6669921875
-0.2593994140625,-0.9588623046875,-0.0604248046875,-3.173827886581421,20.874021530151367,-9.46044921875
-0.2799072265625,-0.9765625,-0.094482421875,-5.432128429412842,20.507810592651367,-9.8876953125
-0.2930908203125,-0.9842529296875,-0.094482421875,-6.347655773162842,8.1787109375,-8.48388671875
-0.2796630859375,-0.9744873046875,-0.0714111328125,-5.493163585662842,-8.23974609375,-6.713866710662842
-0.2576904296875,-0.951416015625,-0.039794921875,-3.967284917831421,-20.385740280151367,-5.737304210662842
-0.2423095703125,-0.9447021484375,-0.028564453125,-4.33349609375,-20.935056686401367,-6.225585460662842
-0.2425537109375,-0.9627685546875,-0.0582275390625,-7.385253429412842,-7.873534679412842,-6.774901866912842
-0.2540283203125,-0.9776611328125,-0.0927734375,-9.82666015625,4.0283203125,-6.286620616912842
-0.259033203125,-0.9764404296875,-0.090576171875,-7.995604991912842,-1.4038084745407104,-6.896972179412842
-0.25,-0.968505859375,-0.056884765625,-3.112792730331421,-17.63916015625,-9.70458984375
-0.231201171875,-0.96435546875,-0.0291748046875,0.6103515625,-25.634763717651367,-12.207030296325684
-0.166259765625,-0.9940185546875,-0.056884765625,1.0986328125,-1.7700194120407104,-9.27734375
-0.1571044921875,-1.001953125,-0.0772705078125,2.01416015625,12.023924827575684,-6.042479991912842
-0.1810302734375,-0.9981689453125,-0.0712890625,4.7607421875,14.831542015075684,-2.50244140625
-0.210693359375,-0.9920654296875,-0.0411376953125,7.812499523162842,8.056640625,0.6103515625
-0.2259521484375,-0.9866943359375,-0.0159912109375,8.7890625,2.624511480331421,2.746581792831421
-0.2227783203125,-0.9849853515625,-0.0150146484375,7.202147960662842,4.21142578125,4.45556640625
-0.212158203125,-0.985595703125,-0.031494140625,5.187987804412842,7.751464366912842,5.615233898162842
-0.209716796875,-0.989990234375,-0.0494384765625,4.57763671875,7.690429210662842,6.286620616912842
-0.2142333984375,-0.99072265625,-0.0584716796875,4.94384765625,3.662109136581421,7.141112804412842
-0.225341796875,-0.975830078125,-0.056884765625,5.615233898162842,-1.2817381620407104,8.056640625
-0.2440185546875,-0.9561767578125,-0.044677734375,6.164550304412842,-5.310058116912842,7.263183116912842
-0.2578125,-0.955078125,-0.015869140625,6.286620616912842,-8.9111328125,4.21142578125
-0.253662109375,-0.974609375,0.03125,5.920409679412842,-12.268065452575684,0.9155272841453552
-0.2376708984375,-0.9981689453125,0.0565185546875,5.187987804412842,-11.413573265075684,0.7324218153953552
-0.228759765625,-0.998291015625,0.024169921875,4.08935546875,-1.220703125,4.7607421875
-0.2232666015625,-0.9791259765625,-0.02099609375,3.601073980331421,13.549803733825684,9.1552734375
-0.2230224609375,-0.971435546875,-0.0377197265625,3.356933355331421,21.728513717651367,10.681151390075684
-0.2491455078125,-0.9832763671875,-0.033203125,1.6479490995407104,21.362302780151367,11.901854515075684
-0.27978515625,-0.9921875,-0.019775390625,-1.220703125,16.4794921875,14.343260765075684
-0.2843017578125,-0.982666015625,-0.0162353515625,-3.295898199081421,10.131834983825684,16.845703125
-0.281982421875,-0.9566650390625,-0.02685546875,-3.784179449081421,5.737304210662842,18.85986328125
-0.29736328125,-0.93115234375,-0.0396728515625,-2.01416015625,2.38037109375,17.9443359375
-0.328857421875,-0.9217529296875,-0.0350341796875,1.0986328125,-3.967284917831421,14.221190452575684
-0.3570556640625,-0.9368896484375,-0.0067138671875,2.807616949081421,-13.732909202575684,10.437010765075684
-0.3670654296875,-0.95751953125,0.019775390625,2.807616949081421,-21.057126998901367,7.080077648162842
-0.3634033203125,-0.9520263671875,0.01953125,2.746581792831421,-20.690916061401367,5.126952648162842
-0.3546142578125,-0.9342041015625,-0.0035400390625,2.50244140625,-13.549803733825684,5.310058116912842
-0.3404541015625,-0.9273681640625,-0.0189208984375,1.6479490995407104,-6.103515148162842,6.652831554412842
-0.328857421875,-0.9346923828125,-0.0064697265625,1.0986328125,-3.845214605331421,7.019042491912842
-0.3304443359375,-0.944580078125,0.025390625,1.6479490995407104,-6.103515148162842,5.493163585662842
-0.343505859375,-0.94677734375,0.0523681640625,2.929687261581421,-7.690429210662842,3.906249761581421
-0.3594970703125,-0.9403076171875,0.0572509765625,3.906249761581421,-4.94384765625,4.21142578125
-0.365966796875,-0.9344482421875,0.0377197265625,4.39453125,0.8544921278953552,5.615233898162842
-0.3687744140625,-0.9345703125,0.0068359375,5.249022960662842,4.08935546875,5.554198741912842
-0.3779296875,-0.935791015625,0.0010986328125,7.995604991912842,-0.8544921278953552,2.685546636581421
-0.37890625,-0.9345703125,0.0386962890625,11.718749046325684,-10.925292015075684,-1.15966796875
-0.36181640625,-0.9271240234375,0.1011962890625,8.30078125,-13.610838890075684,0.7934569716453552
-0.354248046875,-0.90625,0.1102294921875,4.5166015625,-8.4228515625,2.25830078125
-0.3514404296875,-0.8917236328125,0.115478515625,1.2817381620407104,-4.45556640625,0.9155272841453552
-0.35888671875,-0.90869140625,0.099853515625,-3.356933355331421,-0.8544921278953552,-2.0751953125
-0.366943359375,-0.9345703125,0.0665283203125,-7.324218273162842,4.5166015625,-6.164550304412842
-0.36962890625,-0.941650390625,0.04931640625,-7.141112804412842,9.1552734375,-11.169432640075684
-0.3599853515625,-0.945068359375,0.06201171875,-4.5166015625,8.85009765625,-13.977049827575684
-0.333740234375,-0.948974609375,0.0703125,-3.051757574081421,6.469726085662842,-13.671874046325684
-0.3165283203125,-0.9454345703125,0.0438232421875,-3.173827886581421,8.1787109375,-12.207030296325684
-0.3106689453125,-0.94921875,0.0068359375,-3.662109136581421,11.535643577575684,-11.657713890075684
-0.299072265625,-0.9661865234375,-0.00341796875,-3.540038824081421,10.375975608825684,-12.512206077575684
-0.28173828125,-0.979248046875,0.0091552734375,-3.173827886581421,5.676269054412842,-13.000487327575684
-0.26904296875,-0.978759765625,0.019775390625,-3.234863042831421,2.197265625,-12.207030296325684
-0.264892578125,-0.9732666015625,0.02001953125,-3.295898199081421,1.2817381620407104,-11.108397483825684
-0.2674560546875,-0.9715576171875,0.0145263671875,-3.234863042831421,1.0986328125,-9.70458984375
-0.2698974609375,-0.9766845703125,0.0172119140625,-3.234863042831421,-0.7934569716453552,-5.920409679412842
-0.25927734375,-0.9776611328125,0.024169921875,-3.051757574081421,-0.4272460639476776,-3.234863042831421
-0.2548828125,-0.976806640625,0.0185546875,-2.868652105331421,1.5869139432907104,-0.4882812201976776
-0.256591796875,-0.9749755859375,0.0064697265625,-2.44140625,3.417968511581421,1.6479490995407104
-0.2596435546875,-0.9735107421875,-0.001953125,-1.8310545682907104,4.0283203125,3.112792730331421
-0.264404296875,-0.9718017578125,-0.0047607421875,-1.2817381620407104,3.540038824081421,4.39453125
-0.27099609375,-0.9688720703125,0.001708984375,-0.6103515625,1.7700194120407104,5.371093273162842
-0.2791748046875,-0.9654541015625,0.0145263671875,0.30517578125,-0.30517578125,5.676269054412842
-0.2882080078125,-0.9635009765625,0.024658203125,0.7324218153953552,-1.3427733182907104,5.798339366912842
-0.2998046875,-0.956787109375,0.021240234375,0.7934569716453552,0.9765624403953552,5.432128429412842
-0.299560546875,-0.9541015625,0.0123291015625,0.7324218153953552,2.197265625,4.69970703125
-0.2979736328125,-0.9534912109375,0.005126953125,0.4882812201976776,2.25830078125,4.33349609375
-0.30078125,-0.9552001953125,0.001708984375,0.2441406100988388,1.4648436307907104,3.662109136581421
-0.305419921875,-0.9583740234375,0.00244140625,-0.0,0.54931640625,2.3193359375
-0.3072509765625,-0.9564208984375,0.0072021484375,-0.1220703050494194,-0.30517578125,1.0986328125
-0.3055419921875,-0.954833984375,0.0142822265625,-0.1831054538488388,-0.7324218153953552,0.3662109076976776
-0.30078125,-0.9591064453125,0.0201416015625,-0.1831054538488388,-0.6103515625,-0.30517578125
-0.2996826171875,-0.9591064453125,0.02197265625,-0.1220703050494194,-0.0,-0.7324218153953552
-0.3031005859375,-0.95556640625,0.0196533203125,0.0610351525247097,0.4272460639476776,-1.03759765625
-0.302001953125,-0.9578857421875,0.01611328125,-0.0,0.1831054538488388,-1.220703125
-0.2960205078125,-0.9600830078125,0.01416015625,-0.2441406100988388,0.4272460639476776,-0.7934569716453552
-0.291015625,-0.9578857421875,0.0103759765625,-0.6103515625,1.4648436307907104,0.0
-0.29296875,-0.959228515625,0.0025634765625,-1.03759765625,2.50244140625,0.3662109076976776
-0.2999267578125,-0.96435546875,-0.00146484375,-0.9765624403953552,3.112792730331421,-0.30517578125
-0.302001953125,-0.965576171875,0.0030517578125,-0.6713866591453552,3.051757574081421,-0.9765624403953552
-0.2965087890625,-0.9619140625,0.0096435546875,-0.6713866591453552,1.7700194120407104,-0.2441406100988388
-0.2940673828125,-0.9560546875,0.01220703125,-0.8544921278953552,-0.0,1.0986328125
-0.296142578125,-0.955078125,0.01025390625,-0.9155272841453552,-0.30517578125,1.3427733182907104
-0.296630859375,-0.960205078125,0.00732421875,-0.8544921278953552,0.4272460639476776,0.9155272841453552
-0.301513671875,-0.958984375,0.0040283203125,-0.6103515625,0.6713866591453552,0.8544921278953552
-0.306884765625,-0.9542236328125,-0.00048828125,-0.30517578125,0.30517578125,0.3662109076976776
-0.309326171875,-0.958984375,0.0001220703125,-0.1831054538488388,-0.6713866591453552,0.0610351525247097
-0.306640625,-0.964111328125,0.007080078125,-0.3662109076976776,-1.5869139432907104,-0.1831054538488388
-0.300048828125,-0.961181640625,0.0106201171875,-0.4882812201976776,-1.3427733182907104,-0.8544921278953552
-0.295654296875,-0.960693359375,0.0067138671875,0.1220703050494194,-1.7700194120407104,-1.7089842557907104
-0.2933349609375,-0.9649658203125,0.00634765625,0.2441406100988388,-1.4038084745407104,-1.7700194120407104
-0.288818359375,-0.9619140625,0.0052490234375,0.1831054538488388,-1.03759765625,-0.9155272841453552
-0.289794921875,-0.9578857421875,0.003662109375,0.0610351525247097,-0.9765624403953552,0.6103515625
-0.29638671875,-0.9608154296875,0.004638671875,-0.0,-1.8310545682907104,2.197265625
-0.298828125,-0.964111328125,0.0081787109375,0.1220703050494194,-3.112792730331421,3.173827886581421
-0.2978515625,-0.9632568359375,0.0118408203125,0.1220703050494194,-4.0283203125,4.21142578125
-0.3026123046875,-0.958251953125,0.014892578125,-0.0610351525247097,-4.7607421875,6.286620616912842
-0.3089599609375,-0.953125,0.016845703125,-0.4882812201976776,-4.39453125,8.544921875
-0.31494140625,-0.9500732421875,0.0147705078125,-0.7324218153953552,-2.3193359375,10.437010765075684
-0.3251953125,-0.94921875,0.0089111328125,-0.6103515625,0.1220703050494194,10.620116233825684
-0.3321533203125,-0.9481201171875,0.0045166015625,-0.54931640625,1.8920897245407104,6.652831554412842
-0.329345703125,-0.946533203125,0.0057373046875,-0.7324218153953552,2.38037109375,0.9765624403953552
-0.325927734375,-0.9473876953125,0.01025390625,-0.7934569716453552,1.0986328125,-1.5258787870407104
-0.3270263671875,-0.9490966796875,0.0120849609375,-0.54931640625,-0.4882812201976776,-1.220703125
-0.3280029296875,-0.949462890625,0.010498046875,-0.1831054538488388,-0.6713866591453552,-0.9155272841453552
-0.3245849609375,-0.95068359375,0.0087890625,0.1831054538488388,0.1831054538488388,-1.0986328125
-0.31884765625,-0.9530029296875,0.0084228515625,0.30517578125,0.8544921278953552,-1.4038084745407104
-0.31689453125,-0.9520263671875,0.008056640625,0.2441406100988388,1.0986328125,-1.4648436307907104
-0.31982421875,-0.950927734375,0.0076904296875,0.1220703050494194,0.8544921278953552,-1.2817381620407104
-0.3167724609375,-0.950439453125,0.0108642578125,0.1220703050494194,0.54931640625,-0.0610351525247097
-0.318115234375,-0.9517822265625,0.0086669921875,-0.1831054538488388,1.03759765625,0.30517578125
-0.319580078125,-0.953125,0.0084228515625,-0.54931640625,0.7934569716453552,0.3662109076976776
-0.3209228515625,-0.9515380859375,0.0096435546875,-0.6713866591453552,0.3662109076976776,0.6713866591453552
-0.3226318359375,-0.950439453125,0.0098876953125,-0.6103515625,0.3662109076976776,0.7324218153953552
-0.3232421875,-0.9505615234375,0.0079345703125,-0.6103515625,0.8544921278953552,0.7934569716453552
-0.3236083984375,-0.94921875,0.0047607421875,-0.7324218153953552,1.5258787870407104,0.7934569716453552
-0.3248291015625,-0.9493408203125,0.0035400390625,-0.6713866591453552,1.5869139432907104,0.4272460639476776
-0.3255615234375,-0.9527587890625,0.004638671875,-0.6103515625,0.7324218153953552,-0.1220703050494194
-0.324951171875,-0.9541015625,0.005126953125,-0.6103515625,0.1831054538488388,-0.2441406100988388
-0.3243408203125,-0.9510498046875,0.0045166015625,-0.6713866591453552,0.6713866591453552,-0.1220703050494194
-0.322021484375,-0.9501953125,0.0032958984375,-0.7324218153953552,1.8920897245407104,-0.1220703050494194
-0.3187255859375,-0.9522705078125,0.0,-0.6713866591453552,3.295898199081421,-0.1831054538488388
-0.3203125,-0.9522705078125,-0.0023193359375,-0.4272460639476776,3.234863042831421,0.1220703050494194
-0.329345703125,-0.952392578125,-0.003662109375,-0.2441406100988388,1.15966796875,0.9155272841453552
-0.3392333984375,-0.954833984375,-0.0067138671875,-0.0,-2.0751953125,1.7089842557907104
-0.3377685546875,-0.9586181640625,0.000732421875,1.220703125,-6.164550304412842,2.13623046875
-0.32275390625,-0.9581298828125,0.017333984375,3.479003667831421,-8.9111328125,2.25830078125
-0.313720703125,-0.9521484375,0.0220947265625,4.94384765625,-7.873534679412842,2.38037109375
-0.323486328125,-0.94775390625,0.01611328125,5.0048828125,-6.652831554412842,3.112792730331421
-0.3321533203125,-0.9422607421875,0.0203857421875,5.249022960662842,-7.446288585662842,3.479003667831421
-0.3546142578125,-0.9342041015625,-0.0035400390625,2.50244140625,-13.549803733825684,5.310058116912842
-0.3404541015625,-0.9273681640625,-0.0189208984375,1.6479490995407104,-6.103515148162842,6.652831554412842
-0.328857421875,-0.9346923828125,-0.0064697265625,1.0986328125,-3.845214605331421,7.019042491912842
-0.3304443359375,-0.944580078125,0.025390625,1.6479490995407104,-6.103515148162842,5.493163585662842
-0.343505859375,-0.94677734375,0.0523681640625,2.929687261581421,-7.690429210662842,3.906249761581421
-0.3594970703125,-0.9403076171875,0.0572509765625,3.906249761581421,-4.94384765625,4.21142578125
-0.365966796875,-0.9344482421875,0.0377197265625,4.39453125,0.8544921278953552,5.615233898162842
-0.3687744140625,-0.9345703125,0.0068359375,5.249022960662842,4.08935546875,5.554198741912842
-0.3779296875,-0.935791015625,0.0010986328125,7.995604991912842,-0.8544921278953552,2.685546636581421
-0.37890625,-0.9345703125,0.0386962890625,11.718749046325684,-10.925292015075684,-1.15966796875
-0.36181640625,-0.9271240234375,0.1011962890625,8.30078125,-13.610838890075684,0.7934569716453552
-0.354248046875,-0.90625,0.1102294921875,4.5166015625,-8.4228515625,2.25830078125
-0.3514404296875,-0.8917236328125,0.115478515625,1.2817381620407104,-4.45556640625,0.9155272841453552
-0.35888671875,-0.90869140625,0.099853515625,-3.356933355331421,-0.8544921278953552,-2.0751953125
-0.366943359375,-0.9345703125,0.0665283203125,-7.324218273162842,4.5166015625,-6.164550304412842
-0.36962890625,-0.941650390625,0.04931640625,-7.141112804412842,9.1552734375,-11.169432640075684
-0.3599853515625,-0.945068359375,0.06201171875,-4.5166015625,8.85009765625,-13.977049827575684
-0.333740234375,-0.948974609375,0.0703125,-3.051757574081421,6.469726085662842,-13.671874046325684
-0.3165283203125,-0.9454345703125,0.0438232421875,-3.173827886581421,8.1787109375,-12.207030296325684
-0.3106689453125,-0.94921875,0.0068359375,-3.662109136581421,11.535643577575684,-11.657713890075684
-0.299072265625,-0.9661865234375,-0.00341796875,-3.540038824081421,10.375975608825684,-12.512206077575684
-0.28173828125,-0.979248046875,0.0091552734375,-3.173827886581421,5.676269054412842,-13.000487327575684
-0.26904296875,-0.978759765625,0.019775390625,-3.234863042831421,2.197265625,-12.207030296325684
-0.264892578125,-0.9732666015625,0.02001953125,-3.295898199081421,1.2817381620407104,-11.108397483825684
-0.2674560546875,-0.9715576171875,0.0145263671875,-3.234863042831421,1.0986328125,-9.70458984375
-0.2698974609375,-0.9766845703125,0.0172119140625,-3.234863042831421,-0.7934569716453552,-5.920409679412842
-0.25927734375,-0.9776611328125,0.024169921875,-3.051757574081421,-0.4272460639476776,-3.234863042831421
-0.2548828125,-0.976806640625,0.0185546875,-2.868652105331421,1.5869139432907104,-0.4882812201976776
-0.256591796875,-0.9749755859375,0.0064697265625,-2.44140625,3.417968511581421,1.6479490995407104
-0.2596435546875,-0.9735107421875,-0.001953125,-1.8310545682907104,4.0283203125,3.112792730331421
-0.264404296875,-0.9718017578125,-0.0047607421875,-1.2817381620407104,3.540038824081421,4.39453125
-0.27099609375,-0.9688720703125,0.001708984375,-0.6103515625,1.7700194120407104,5.371093273162842
-0.2791748046875,-0.9654541015625,0.0145263671875,0.30517578125,-0.30517578125,5.676269054412842
-0.2882080078125,-0.9635009765625,0.024658203125,0.7324218153953552,-1.3427733182907104,5.798339366912842
-0.2998046875,-0.956787109375,0.021240234375,0.7934569716453552,0.9765624403953552,5.432128429412842
-0.299560546875,-0.9541015625,0.0123291015625,0.7324218153953552,2.197265625,4.69970703125
-0.2979736328125,-0.9534912109375,0.005126953125,0.4882812201976776,2.25830078125,4.33349609375
-0.30078125,-0.9552001953125,0.001708984375,0.2441406100988388,1.4648436307907104,3.662109136581421
-0.305419921875,-0.9583740234375,0.00244140625,-0.0,0.54931640625,2.3193359375
-0.3072509765625,-0.9564208984375,0.0072021484375,-0.1220703050494194,-0.30517578125,1.0986328125
-0.3055419921875,-0.954833984375,0.0142822265625,-0.1831054538488388,-0.7324218153953552,0.3662109076976776
-0.30078125,-0.9591064453125,0.0201416015625,-0.1831054538488388,-0.6103515625,-0.30517578125
-0.2996826171875,-0.9591064453125,0.02197265625,-0.1220703050494194,-0.0,-0.7324218153953552
-0.3031005859375,-0.95556640625,0.0196533203125,0.0610351525247097,0.4272460639476776,-1.03759765625
-0.302001953125,-0.9578857421875,0.01611328125,-0.0,0.1831054538488388,-1.220703125
-0.2960205078125,-0.9600830078125,0.01416015625,-0.2441406100988388,0.4272460639476776,-0.7934569716453552
-0.291015625,-0.9578857421875,0.0103759765625,-0.6103515625,1.4648436307907104,0.0
-0.29296875,-0.959228515625,0.0025634765625,-1.03759765625,2.50244140625,0.3662109076976776
-0.2999267578125,-0.96435546875,-0.00146484375,-0.9765624403953552,3.112792730331421,-0.30517578125
-0.302001953125,-0.965576171875,0.0030517578125,-0.6713866591453552,3.051757574081421,-0.9765624403953552
-0.2965087890625,-0.9619140625,0.0096435546875,-0.6713866591453552,1.7700194120407104,-0.2441406100988388
-0.2940673828125,-0.9560546875,0.01220703125,-0.8544921278953552,-0.0,1.0986328125
-0.296142578125,-0.955078125,0.01025390625,-0.9155272841453552,-0.30517578125,1.3427733182907104
-0.296630859375,-0.960205078125,0.00732421875,-0.8544921278953552,0.4272460639476776,0.9155272841453552
-0.301513671875,-0.958984375,0.0040283203125,-0.6103515625,0.6713866591453552,0.8544921278953552
-0.306884765625,-0.9542236328125,-0.00048828125,-0.30517578125,0.30517578125,0.3662109076976776
-0.309326171875,-0.958984375,0.0001220703125,-0.1831054538488388,-0.6713866591453552,0.0610351525247097
-0.306640625,-0.964111328125,0.007080078125,-0.3662109076976776,-1.5869139432907104,-0.1831054538488388
-0.300048828125,-0.961181640625,0.0106201171875,-0.4882812201976776,-1.3427733182907104,-0.8544921278953552
-0.295654296875,-0.960693359375,0.0067138671875,0.1220703050494194,-1.7700194120407104,-1.7089842557907104
-0.2933349609375,-0.9649658203125,0.00634765625,0.2441406100988388,-1.4038084745407104,-1.7700194120407104
-0.288818359375,-0.9619140625,0.0052490234375,0.1831054538488388,-1.03759765625,-0.9155272841453552
-0.289794921875,-0.9578857421875,0.003662109375,0.0610351525247097,-0.9765624403953552,0.6103515625
-0.29638671875,-0.9608154296875,0.004638671875,-0.0,-1.8310545682907104,2.197265625
-0.298828125,-0.964111328125,0.0081787109375,0.1220703050494194,-3.112792730331421,3.173827886581421
-0.2978515625,-0.9632568359375,0.0118408203125,0.1220703050494194,-4.0283203125,4.21142578125
-0.3026123046875,-0.958251953125,0.014892578125,-0.0610351525247097,-4.7607421875,6.286620616912842
-0.3089599609375,-0.953125,0.016845703125,-0.4882812201976776,-4.39453125,8.544921875
-0.31494140625,-0.9500732421875,0.0147705078125,-0.7324218153953552,-2.3193359375,10.437010765075684
-0.3251953125,-0.94921875,0.0089111328125,-0.6103515625,0.1220703050494194,10.620116233825684
-0.3321533203125,-0.9481201171875,0.0045166015625,-0.54931640625,1.8920897245407104,6.652831554412842
-0.329345703125,-0.946533203125,0.0057373046875,-0.7324218153953552,2.38037109375,0.9765624403953552
-0.325927734375,-0.9473876953125,0.01025390625,-0.7934569716453552,1.0986328125,-1.5258787870407104
-0.3270263671875,-0.9490966796875,0.0120849609375,-0.54931640625,-0.4882812201976776,-1.220703125
-0.3280029296875,-0.949462890625,0.010498046875,-0.1831054538488388,-0.6713866591453552,-0.9155272841453552
-0.3245849609375,-0.95068359375,0.0087890625,0.1831054538488388,0.1831054538488388,-1.0986328125
-0.31884765625,-0.9530029296875,0.0084228515625,0.30517578125,0.8544921278953552,-1.4038084745407104
-0.31689453125,-0.9520263671875,0.008056640625,0.2441406100988388,1.0986328125,-1.4648436307907104
-0.31982421875,-0.950927734375,0.0076904296875,0.1220703050494194,0.8544921278953552,-1.2817381620407104
-0.3167724609375,-0.950439453125,0.0108642578125,0.1220703050494194,0.54931640625,-0.0610351525247097
-0.318115234375,-0.9517822265625,0.0086669921875,-0.1831054538488388,1.03759765625,0.30517578125
-0.319580078125,-0.953125,0.0084228515625,-0.54931640625,0.7934569716453552,0.3662109076976776
-0.3209228515625,-0.9515380859375,0.0096435546875,-0.6713866591453552,0.3662109076976776,0.6713866591453552
-0.3226318359375,-0.950439453125,0.0098876953125,-0.6103515625,0.3662109076976776,0.7324218153953552
-0.3232421875,-0.9505615234375,0.0079345703125,-0.6103515625,0.8544921278953552,0.7934569716453552
-0.3236083984375,-0.94921875,0.0047607421875,-0.7324218153953552,1.5258787870407104,0.7934569716453552
-0.3248291015625,-0.9493408203125,0.0035400390625,-0.6713866591453552,1.5869139432907104,0.4272460639476776
-0.3255615234375,-0.9527587890625,0.004638671875,-0.6103515625,0.7324218153953552,-0.1220703050494194
-0.324951171875,-0.9541015625,0.005126953125,-0.6103515625,0.1831054538488388,-0.2441406100988388
-0.3243408203125,-0.9510498046875,0.0045166015625,-0.6713866591453552,0.6713866591453552,-0.1220703050494194
-0.322021484375,-0.9501953125,0.0032958984375,-0.7324218153953552,1.8920897245407104,-0.1220703050494194
-0.3187255859375,-0.9522705078125,0.0,-0.6713866591453552,3.295898199081421,-0.1831054538488388
-0.3203125,-0.9522705078125,-0.0023193359375,-0.4272460639476776,3.234863042831421,0.1220703050494194
-0.329345703125,-0.952392578125,-0.003662109375,-0.2441406100988388,1.15966796875,0.9155272841453552
-0.3392333984375,-0.954833984375,-0.0067138671875,-0.0,-2.0751953125,1.7089842557907104
-0.3377685546875,-0.9586181640625,0.000732421875,1.220703125,-6.164550304412842,2.13623046875
-0.32275390625,-0.9581298828125,0.017333984375,3.479003667831421,-8.9111328125,2.25830078125
-0.313720703125,-0.9521484375,0.0220947265625,4.94384765625,-7.873534679412842,2.38037109375
-0.323486328125,-0.94775390625,0.01611328125,5.0048828125,-6.652831554412842,3.112792730331421
-0.3321533203125,-0.9422607421875,0.0203857421875,5.249022960662842,-7.446288585662842,3.479003667831421
-0.3304443359375,-0.93896484375,0.034423828125,5.554198741912842,-7.568358898162842,2.685546636581421
-0.33447265625,-0.9439697265625,0.040771484375,4.33349609375,-5.249022960662842,2.563476324081421
-0.341064453125,-0.9432373046875,0.0411376953125,2.868652105331421,-1.8920897245407104,2.868652105331421
-0.337646484375,-0.9378662109375,0.0419921875,2.0751953125,0.7324218153953552,1.8310545682907104
-0.3341064453125,-0.940673828125,0.040771484375,0.7934569716453552,2.13623046875,0.4272460639476776
-0.3377685546875,-0.946533203125,0.0391845703125,-0.4882812201976776,2.25830078125,-0.1220703050494194
-0.3409423828125,-0.948486328125,0.03857421875,-0.9765624403953552,1.8310545682907104,0.1831054538488388
-0.340087890625,-0.947265625,0.035888671875,-1.220703125,1.7089842557907104,0.9155272841453552
-0.33935546875,-0.9468994140625,0.03271484375,-1.4038084745407104,2.01416015625,1.4038084745407104
-0.342529296875,-0.9461669921875,0.0299072265625,-1.2817381620407104,2.44140625,1.8920897245407104
-0.3448486328125,-0.943359375,0.029296875,-0.9155272841453552,1.6479490995407104,2.50244140625
-0.3433837890625,-0.9405517578125,0.0322265625,-0.54931640625,0.4882812201976776,2.929687261581421
-0.3466796875,-0.9415283203125,0.032470703125,-0.54931640625,0.7934569716453552,3.479003667831421
-0.352783203125,-0.9432373046875,0.031005859375,-0.2441406100988388,1.7700194120407104,4.2724609375
-0.35400390625,-0.9404296875,0.0302734375,0.6103515625,2.563476324081421,4.0283203125
-0.3515625,-0.940673828125,0.03369140625,-0.3662109076976776,-0.0,-1.4038084745407104
-0.351318359375,-0.9405517578125,0.0316162109375,-0.6713866591453552,1.6479490995407104,-0.30517578125
-0.35107421875,-0.939697265625,0.0260009765625,-0.9155272841453552,3.112792730331421,0.4882812201976776
-0.351318359375,-0.93896484375,0.0238037109375,-0.7324218153953552,3.356933355331421,0.54931640625
-0.353271484375,-0.9395751953125,0.0255126953125,-0.4272460639476776,2.746581792831421,0.1831054538488388
-0.3526611328125,-0.941650390625,0.02685546875,-0.3662109076976776,1.8920897245407104,-0.1831054538488388
-0.3511962890625,-0.941650390625,0.0264892578125,-0.4272460639476776,1.4648436307907104,-0.1220703050494194
-0.3533935546875,-0.9403076171875,0.02392578125,-0.6713866591453552,1.8310545682907104,0.3662109076976776
-0.3533935546875,-0.940673828125,0.020263671875,-0.7934569716453552,1.8310545682907104,0.0
-0.3515625,-0.9417724609375,0.0208740234375,-0.54931640625,1.5869139432907104,-0.3662109076976776
-0.3516845703125,-0.943359375,0.020263671875,-0.3662109076976776,1.8920897245407104,-0.1831054538488388
-0.3511962890625,-0.9404296875,0.0185546875,-0.30517578125,2.13623046875,0.1220703050494194
-0.3511962890625,-0.9378662109375,0.0172119140625,-0.3662109076976776,1.8310545682907104,0.30517578125
-0.354248046875,-0.941162109375,0.0179443359375,-0.3662109076976776,1.15966796875,0.0
-0.354736328125,-0.94189453125,0.0191650390625,-0.0610351525247097,0.2441406100988388,-0.7324218153953552
-0.353271484375,-0.9395751953125,0.01806640625,-0.0,0.0610351525247097,-0.7324218153953552
-0.35107421875,-0.9423828125,0.0184326171875,-0.30517578125,0.30517578125,-0.9155272841453552
-0.3515625,-0.9420166015625,0.0194091796875,-0.1220703050494194,-0.7324218153953552,-1.5258787870407104
-0.353759765625,-0.9410400390625,0.019287109375,-0.0,-1.0986328125,-1.7089842557907104
-0.35302734375,-0.9417724609375,0.0186767578125,-0.1831054538488388,-0.9765624403953552,-1.9531248807907104
-0.348876953125,-0.943603515625,0.01904296875,-0.3662109076976776,-1.3427733182907104,-2.0751953125
-0.34521484375,-0.944091796875,0.020263671875,-0.4272460639476776,-2.0751953125,-2.01416015625
-0.3421630859375,-0.9437255859375,0.021484375,-0.4882812201976776,-2.38037109375,-1.9531248807907104
-0.3355712890625,-0.951171875,0.0147705078125,-2.685546636581421,2.44140625,-1.6479490995407104
-0.339599609375,-0.9481201171875,0.0125732421875,-2.38037109375,2.624511480331421,-1.7089842557907104
-0.33837890625,-0.9443359375,0.011474609375,-1.5258787870407104,2.0751953125,-2.0751953125
-0.3360595703125,-0.9462890625,0.0096435546875,-0.8544921278953552,1.220703125,-2.01416015625
-0.335693359375,-0.9471435546875,0.00927734375,-0.2441406100988388,0.30517578125,-1.5869139432907104
-0.3316650390625,-0.94775390625,0.0096435546875,-0.1220703050494194,0.54931640625,-1.4648436307907104
-0.3280029296875,-0.950927734375,0.0081787109375,-0.54931640625,1.7089842557907104,-1.6479490995407104
-0.3291015625,-0.9503173828125,0.0068359375,-0.7324218153953552,1.7700194120407104,-1.6479490995407104
-0.3299560546875,-0.9461669921875,0.008056640625,-0.6713866591453552,0.4882812201976776,-1.3427733182907104
-0.329833984375,-0.944091796875,0.00830078125,-0.6103515625,-0.54931640625,-1.5258787870407104
-0.3297119140625,-0.944091796875,0.00732421875,-0.4272460639476776,-1.3427733182907104,-2.746581792831421
-0.337646484375,-0.9493408203125,0.0142822265625,0.2441406100988388,-5.187987804412842,-5.065917491912842
-0.32421875,-0.955810546875,0.0235595703125,0.30517578125,-7.324218273162842,-6.347655773162842
-0.302001953125,-0.960693359375,0.0279541015625,-0.1220703050494194,-6.286620616912842,-6.408690929412842
-0.2908935546875,-0.9664306640625,0.0211181640625,-0.9765624403953552,-1.220703125,-3.784179449081421
-0.2867431640625,-0.9705810546875,0.006591796875,-1.9531248807907104,5.126952648162842,0.54931640625
-0.284423828125,-0.9661865234375,-0.0064697265625,-2.13623046875,10.375975608825684,4.33349609375
-0.291748046875,-0.9573974609375,-0.012939453125,-1.220703125,12.145995140075684,6.103515148162842
-0.309326171875,-0.9532470703125,-0.010009765625,0.1220703050494194,8.056640625,5.859374523162842
-0.32666015625,-0.951904296875,0.001953125,1.15966796875,0.2441406100988388,4.2724609375
-0.3408203125,-0.947998046875,0.013671875,1.5258787870407104,-5.432128429412842,2.990722417831421
-0.328369140625,-0.9412841796875,0.0133056640625,0.1831054538488388,0.2441406100988388,4.638671875
-0.326904296875,-0.9412841796875,0.0045166015625,-0.3662109076976776,2.25830078125,4.2724609375
-0.334716796875,-0.9420166015625,-0.0013427734375,-0.3662109076976776,1.6479490995407104,3.051757574081421
-0.343017578125,-0.9442138671875,0.002685546875,0.0610351525247097,-0.30517578125,1.3427733182907104
-0.343505859375,-0.9461669921875,0.012451171875,0.1831054538488388,-1.15966796875,0.30517578125
-0.341552734375,-0.944091796875,0.017333984375,-0.1220703050494194,-0.0,0.1831054538488388
-0.338134765625,-0.947265625,0.006591796875,-0.7934569716453552,2.624511480331421,-1.5869139432907104
-0.336669921875,-0.9493408203125,0.008056640625,0.0610351525247097,0.8544921278953552,-2.01416015625
-0.334228515625,-0.9515380859375,0.006103515625,0.6103515625,0.4882812201976776,-2.0751953125
-0.3316650390625,-0.9520263671875,0.0009765625,0.2441406100988388,2.13623046875,-1.2817381620407104
-0.3287353515625,-0.9495849609375,-0.0009765625,-0.6713866591453552,3.967284917831421,-0.1220703050494194
-0.32666015625,-0.94921875,-0.0008544921875,-1.5869139432907104,4.69970703125,0.3662109076976776
-0.329345703125,-0.952880859375,-0.0023193359375,-1.9531248807907104,4.39453125,0.4272460639476776
-0.3348388671875,-0.951904296875,-0.003173828125,-1.7700194120407104,3.112792730331421,1.03759765625
-0.341064453125,-0.942626953125,0.0029296875,-0.4882812201976776,0.7324218153953552,2.25830078125
-0.3428955078125,-0.9415283203125,-0.001708984375,-0.0610351525247097,0.9155272841453552,1.8310545682907104
-0.342529296875,-0.9405517578125,-0.00830078125,0.30517578125,0.9155272841453552,0.9155272841453552
-0.341796875,-0.93896484375,-0.0069580078125,0.7324218153953552,-0.1220703050494194,-0.4272460639476776
-0.341064453125,-0.9422607421875,0.00048828125,0.6713866591453552,-1.5258787870407104,-1.9531248807907104
-0.341552734375,-0.94775390625,0.0035400390625,-0.2441406100988388,-1.7089842557907104,-3.112792730331421
-0.33935546875,-0.9495849609375,0.0025634765625,-1.5258787870407104,-0.3662109076976776,-2.929687261581421
-0.329833984375,-0.951416015625,0.0008544921875,-2.3193359375,1.15966796875,-1.8920897245407104
-0.322021484375,-0.953857421875,-0.0062255859375,-2.624511480331421,2.0751953125,-0.54931640625
-0.322021484375,-0.9527587890625,-0.014404296875,-2.3193359375,1.9531248807907104,0.7934569716453552
-0.3255615234375,-0.949462890625,-0.016357421875,-1.5258787870407104,0.6103515625,1.5258787870407104
-0.331298828125,-0.9486083984375,-0.012939453125,-0.6713866591453552,-1.2817381620407104,1.6479490995407104
-0.3375244140625,-0.9482421875,-0.0074462890625,-0.2441406100988388,-2.25830078125,1.8920897245407104
-0.33935546875,-0.9459228515625,-0.00244140625,-0.2441406100988388,-1.5258787870407104,2.38037109375
-0.33837890625,-0.944580078125,-0.0015869140625,-0.4272460639476776,-0.0610351525247097,2.3193359375
-0.3388671875,-0.9451904296875,-0.0057373046875,-0.4882812201976776,1.220703125,1.8310545682907104
-0.34130859375,-0.9444580078125,-0.01123046875,-0.3662109076976776,2.3193359375,1.2817381620407104
-0.3438720703125,-0.9425048828125,-0.0146484375,-0.1831054538488388,2.807616949081421,0.8544921278953552
-0.3375244140625,-0.9517822265625,-0.009033203125,-0.1220703050494194,0.9155272841453552,0.0610351525247097
-0.33349609375,-0.952880859375,-0.015380859375,-0.6713866591453552,1.7700194120407104,1.8310545682907104
-0.330322265625,-0.947998046875,-0.0189208984375,-0.6713866591453552,2.3193359375,3.784179449081421
-0.333984375,-0.9447021484375,-0.015869140625,-0.1831054538488388,2.0751953125,4.33349609375
-0.3433837890625,-0.946044921875,-0.0111083984375,0.2441406100988388,1.2817381620407104,3.967284917831421
-0.365478515625,-0.939453125,-0.0133056640625,0.4882812201976776,0.1831054538488388,4.5166015625
-0.3653564453125,-0.9364013671875,-0.0098876953125,0.6713866591453552,-0.7934569716453552,4.69970703125
-0.36474609375,-0.9305419921875,-0.0076904296875,0.9155272841453552,-0.9155272841453552,4.45556640625
-0.3682861328125,-0.92578125,-0.009765625,0.9155272841453552,-0.4882812201976776,3.417968511581421
-0.3304443359375,-0.93896484375,0.034423828125,5.554198741912842,-7.568358898162842,2.685546636581421
-0.33447265625,-0.9439697265625,0.040771484375,4.33349609375,-5.249022960662842,2.563476324081421
-0.341064453125,-0.9432373046875,0.0411376953125,2.868652105331421,-1.8920897245407104,2.868652105331421
-0.337646484375,-0.9378662109375,0.0419921875,2.0751953125,0.7324218153953552,1.8310545682907104
-0.3341064453125,-0.940673828125,0.040771484375,0.7934569716453552,2.13623046875,0.4272460639476776
-0.3377685546875,-0.946533203125,0.0391845703125,-0.4882812201976776,2.25830078125,-0.1220703050494194
-0.3409423828125,-0.948486328125,0.03857421875,-0.9765624403953552,1.8310545682907104,0.1831054538488388
-0.340087890625,-0.947265625,0.035888671875,-1.220703125,1.7089842557907104,0.9155272841453552
-0.33935546875,-0.9468994140625,0.03271484375,-1.4038084745407104,2.01416015625,1.4038084745407104
-0.342529296875,-0.9461669921875,0.0299072265625,-1.2817381620407104,2.44140625,1.8920897245407104
-0.3448486328125,-0.943359375,0.029296875,-0.9155272841453552,1.6479490995407104,2.50244140625
-0.3433837890625,-0.9405517578125,0.0322265625,-0.54931640625,0.4882812201976776,2.929687261581421
-0.3466796875,-0.9415283203125,0.032470703125,-0.54931640625,0.7934569716453552,3.479003667831421
-0.352783203125,-0.9432373046875,0.031005859375,-0.2441406100988388,1.7700194120407104,4.2724609375
-0.35400390625,-0.9404296875,0.0302734375,0.6103515625,2.563476324081421,4.0283203125
-0.3515625,-0.940673828125,0.03369140625,-0.3662109076976776,-0.0,-1.4038084745407104
-0.351318359375,-0.9405517578125,0.0316162109375,-0.6713866591453552,1.6479490995407104,-0.30517578125
-0.35107421875,-0.939697265625,0.0260009765625,-0.9155272841453552,3.112792730331421,0.4882812201976776
-0.351318359375,-0.93896484375,0.0238037109375,-0.7324218153953552,3.356933355331421,0.54931640625
-0.353271484375,-0.9395751953125,0.0255126953125,-0.4272460639476776,2.746581792831421,0.1831054538488388
-0.3526611328125,-0.941650390625,0.02685546875,-0.3662109076976776,1.8920897245407104,-0.1831054538488388
-0.3511962890625,-0.941650390625,0.0264892578125,-0.4272460639476776,1.4648436307907104,-0.1220703050494194
-0.3533935546875,-0.9403076171875,0.02392578125,-0.6713866591453552,1.8310545682907104,0.3662109076976776
-0.3533935546875,-0.940673828125,0.020263671875,-0.7934569716453552,1.8310545682907104,0.0
-0.3515625,-0.9417724609375,0.0208740234375,-0.54931640625,1.5869139432907104,-0.3662109076976776
-0.3516845703125,-0.943359375,0.020263671875,-0.3662109076976776,1.8920897245407104,-0.1831054538488388
-0.3511962890625,-0.9404296875,0.0185546875,-0.30517578125,2.13623046875,0.1220703050494194
-0.3511962890625,-0.9378662109375,0.0172119140625,-0.3662109076976776,1.8310545682907104,0.30517578125
-0.354248046875,-0.941162109375,0.0179443359375,-0.3662109076976776,1.15966796875,0.0
-0.354736328125,-0.94189453125,0.0191650390625,-0.0610351525247097,0.2441406100988388,-0.7324218153953552
-0.353271484375,-0.9395751953125,0.01806640625,-0.0,0.0610351525247097,-0.7324218153953552
-0.35107421875,-0.9423828125,0.0184326171875,-0.30517578125,0.30517578125,-0.9155272841453552
-0.3515625,-0.9420166015625,0.0194091796875,-0.1220703050494194,-0.7324218153953552,-1.5258787870407104
-0.353759765625,-0.9410400390625,0.019287109375,-0.0,-1.0986328125,-1.7089842557907104
-0.35302734375,-0.9417724609375,0.0186767578125,-0.1831054538488388,-0.9765624403953552,-1.9531248807907104
-0.348876953125,-0.943603515625,0.01904296875,-0.3662109076976776,-1.3427733182907104,-2.0751953125
-0.34521484375,-0.944091796875,0.020263671875,-0.4272460639476776,-2.0751953125,-2.01416015625
-0.3421630859375,-0.9437255859375,0.021484375,-0.4882812201976776,-2.38037109375,-1.9531248807907104
-0.3355712890625,-0.951171875,0.0147705078125,-2.685546636581421,2.44140625,-1.6479490995407104
-0.339599609375,-0.9481201171875,0.0125732421875,-2.38037109375,2.624511480331421,-1.7089842557907104
-0.33837890625,-0.9443359375,0.011474609375,-1.5258787870407104,2.0751953125,-2.0751953125
-0.3360595703125,-0.9462890625,0.0096435546875,-0.8544921278953552,1.220703125,-2.01416015625
-0.335693359375,-0.9471435546875,0.00927734375,-0.2441406100988388,0.30517578125,-1.5869139432907104
-0.3316650390625,-0.94775390625,0.0096435546875,-0.1220703050494194,0.54931640625,-1.4648436307907104
-0.3280029296875,-0.950927734375,0.0081787109375,-0.54931640625,1.7089842557907104,-1.6479490995407104
-0.3291015625,-0.9503173828125,0.0068359375,-0.7324218153953552,1.7700194120407104,-1.6479490995407104
-0.3299560546875,-0.9461669921875,0.008056640625,-0.6713866591453552,0.4882812201976776,-1.3427733182907104
-0.329833984375,-0.944091796875,0.00830078125,-0.6103515625,-0.54931640625,-1.5258787870407104
-0.3297119140625,-0.944091796875,0.00732421875,-0.4272460639476776,-1.3427733182907104,-2.746581792831421
-0.337646484375,-0.9493408203125,0.0142822265625,0.2441406100988388,-5.187987804412842,-5.065917491912842
-0.32421875,-0.955810546875,0.0235595703125,0.30517578125,-7.324218273162842,-6.347655773162842
-0.302001953125,-0.960693359375,0.0279541015625,-0.1220703050494194,-6.286620616912842,-6.408690929412842
-0.2908935546875,-0.9664306640625,0.0211181640625,-0.9765624403953552,-1.220703125,-3.784179449081421
-0.2867431640625,-0.9705810546875,0.006591796875,-1.9531248807907104,5.126952648162842,0.54931640625
-0.284423828125,-0.9661865234375,-0.0064697265625,-2.13623046875,10.375975608825684,4.33349609375
-0.291748046875,-0.9573974609375,-0.012939453125,-1.220703125,12.145995140075684,6.103515148162842
-0.309326171875,-0.9532470703125,-0.010009765625,0.1220703050494194,8.056640625,5.859374523162842
-0.32666015625,-0.951904296875,0.001953125,1.15966796875,0.2441406100988388,4.2724609375
-0.3408203125,-0.947998046875,0.013671875,1.5258787870407104,-5.432128429412842,2.990722417831421
-0.328369140625,-0.9412841796875,0.0133056640625,0.1831054538488388,0.2441406100988388,4.638671875
-0.326904296875,-0.9412841796875,0.0045166015625,-0.3662109076976776,2.25830078125,4.2724609375
-0.334716796875,-0.9420166015625,-0.0013427734375,-0.3662109076976776,1.6479490995407104,3.051757574081421
-0.343017578125,-0.9442138671875,0.002685546875,0.0610351525247097,-0.30517578125,1.3427733182907104
-0.343505859375,-0.9461669921875,0.012451171875,0.1831054538488388,-1.15966796875,0.30517578125
-0.341552734375,-0.944091796875,0.017333984375,-0.1220703050494194,-0.0,0.1831054538488388
-0.338134765625,-0.947265625,0.006591796875,-0.7934569716453552,2.624511480331421,-1.5869139432907104
-0.336669921875,-0.9493408203125,0.008056640625,0.0610351525247097,0.8544921278953552,-2.01416015625
-0.334228515625,-0.9515380859375,0.006103515625,0.6103515625,0.4882812201976776,-2.0751953125
-0.3316650390625,-0.9520263671875,0.0009765625,0.2441406100988388,2.13623046875,-1.2817381620407104
-0.3287353515625,-0.9495849609375,-0.0009765625,-0.6713866591453552,3.967284917831421,-0.1220703050494194
-0.32666015625,-0.94921875,-0.0008544921875,-1.5869139432907104,4.69970703125,0.3662109076976776
-0.329345703125,-0.952880859375,-0.0023193359375,-1.9531248807907104,4.39453125,0.4272460639476776
-0.3348388671875,-0.951904296875,-0.003173828125,-1.7700194120407104,3.112792730331421,1.03759765625
-0.341064453125,-0.942626953125,0.0029296875,-0.4882812201976776,0.7324218153953552,2.25830078125
-0.3428955078125,-0.9415283203125,-0.001708984375,-0.0610351525247097,0.9155272841453552,1.8310545682907104
-0.342529296875,-0.9405517578125,-0.00830078125,0.30517578125,0.9155272841453552,0.9155272841453552
-0.341796875,-0.93896484375,-0.0069580078125,0.7324218153953552,-0.1220703050494194,-0.4272460639476776
-0.341064453125,-0.9422607421875,0.00048828125,0.6713866591453552,-1.5258787870407104,-1.9531248807907104
-0.341552734375,-0.94775390625,0.0035400390625,-0.2441406100988388,-1.7089842557907104,-3.112792730331421
-0.33935546875,-0.9495849609375,0.0025634765625,-1.5258787870407104,-0.3662109076976776,-2.929687261581421
-0.329833984375,-0.951416015625,0.0008544921875,-2.3193359375,1.15966796875,-1.8920897245407104
-0.322021484375,-0.953857421875,-0.0062255859375,-2.624511480331421,2.0751953125,-0.54931640625
-0.322021484375,-0.9527587890625,-0.014404296875,-2.3193359375,1.9531248807907104,0.7934569716453552
-0.3255615234375,-0.949462890625,-0.016357421875,-1.5258787870407104,0.6103515625,1.5258787870407104
-0.331298828125,-0.9486083984375,-0.012939453125,-0.6713866591453552,-1.2817381620407104,1.6479490995407104
-0.3375244140625,-0.9482421875,-0.0074462890625,-0.2441406100988388,-2.25830078125,1.8920897245407104
-0.33935546875,-0.9459228515625,-0.00244140625,-0.2441406100988388,-1.5258787870407104,2.38037109375
-0.33837890625,-0.944580078125,-0.0015869140625,-0.4272460639476776,-0.0610351525247097,2.3193359375
-0.3388671875,-0.9451904296875,-0.0057373046875,-0.4882812201976776,1.220703125,1.8310545682907104
-0.34130859375,-0.9444580078125,-0.01123046875,-0.3662109076976776,2.3193359375,1.2817381620407104
-0.3438720703125,-0.9425048828125,-0.0146484375,-0.1831054538488388,2.807616949081421,0.8544921278953552
-0.3375244140625,-0.9517822265625,-0.009033203125,-0.1220703050494194,0.9155272841453552,0.0610351525247097
-0.33349609375,-0.952880859375,-0.015380859375,-0.6713866591453552,1.7700194120407104,1.8310545682907104
-0.330322265625,-0.947998046875,-0.0189208984375,-0.6713866591453552,2.3193359375,3.784179449081421
-0.333984375,-0.9447021484375,-0.015869140625,-0.1831054538488388,2.0751953125,4.33349609375
-0.3433837890625,-0.946044921875,-0.0111083984375,0.2441406100988388,1.2817381620407104,3.967284917831421
-0.365478515625,-0.939453125,-0.0133056640625,0.4882812201976776,0.1831054538488388,4.5166015625
-0.3653564453125,-0.9364013671875,-0.0098876953125,0.6713866591453552,-0.7934569716453552,4.69970703125
-0.36474609375,-0.9305419921875,-0.0076904296875,0.9155272841453552,-0.9155272841453552,4.45556640625
-0.3682861328125,-0.92578125,-0.009765625,0.9155272841453552,-0.4882812201976776,3.417968511581421
-0.3717041015625,-0.9287109375,-0.0111083984375,0.7324218153953552,-0.6713866591453552,1.8920897245407104
-0.3721923828125,-0.932861328125,-0.009521484375,0.3662109076976776,-1.03759765625,0.7934569716453552
-0.36865234375,-0.93359375,-0.006103515625,0.2441406100988388,-0.9155272841453552,0.0
-0.3646240234375,-0.93408203125,-0.004638671875,0.2441406100988388,-0.0610351525247097,-0.7324218153953552
-0.3604736328125,-0.935302734375,-0.0057373046875,0.30517578125,0.8544921278953552,-1.6479490995407104
-0.3577880859375,-0.9361572265625,-0.0079345703125,0.4882812201976776,0.9765624403953552,-2.563476324081421
-0.358154296875,-0.9378662109375,-0.009033203125,0.6713866591453552,0.4882812201976776,-3.051757574081421
-0.3577880859375,-0.9393310546875,-0.007080078125,0.7934569716453552,-0.3662109076976776,-3.295898199081421
-0.3555908203125,-0.9388427734375,-0.0029296875,0.8544921278953552,-1.03759765625,-3.723144292831421
-0.3543701171875,-0.9395751953125,-0.0006103515625,0.6713866591453552,-0.7324218153953552,-4.150390625
-0.3529052734375,-0.9439697265625,-0.0010986328125,0.1220703050494194,-0.0,-4.5166015625
-0.32861328125,-0.94775390625,-0.01416015625,-2.0751953125,2.50244140625,1.4038084745407104
-0.3343505859375,-0.9444580078125,-0.0179443359375,-2.3193359375,2.44140625,2.01416015625
-0.3427734375,-0.9429931640625,-0.017333984375,-2.25830078125,1.4038084745407104,2.13623046875
-0.3543701171875,-0.9393310546875,-0.0174560546875,-2.44140625,0.4272460639476776,2.0751953125
-0.3565673828125,-0.93310546875,-0.0213623046875,-2.197265625,-0.0610351525247097,1.3427733182907104
-0.3575439453125,-0.930419921875,-0.022705078125,-1.4038084745407104,-1.3427733182907104,-0.4882812201976776
-0.3580322265625,-0.9349365234375,-0.0216064453125,-0.54931640625,-2.624511480331421,-2.624511480331421
-0.355224609375,-0.9412841796875,-0.019287109375,-0.0,-2.868652105331421,-3.967284917831421
-0.34521484375,-0.9429931640625,-0.0174560546875,0.3662109076976776,-2.13623046875,-4.2724609375
-0.3331298828125,-0.94189453125,-0.01708984375,0.7324218153953552,-0.6713866591453552,-3.845214605331421
-0.3270263671875,-0.9439697265625,-0.0181884765625,1.03759765625,0.9765624403953552,-3.417968511581421
-0.3270263671875,-0.94921875,-0.01904296875,1.4648436307907104,1.6479490995407104,-3.417968511581421
-0.3271484375,-0.9544677734375,-0.0166015625,2.01416015625,0.7324218153953552,-3.662109136581421
-0.3226318359375,-0.9578857421875,-0.0103759765625,2.563476324081421,-0.8544921278953552,-3.601073980331421
-0.3192138671875,-0.9576416015625,-0.0047607421875,2.685546636581421,-1.7089842557907104,-2.3193359375
-0.318603515625,-0.9561767578125,-0.0018310546875,2.38037109375,-1.5258787870407104,-0.1831054538488388
-0.3167724609375,-0.954345703125,-0.0013427734375,1.9531248807907104,-0.30517578125,1.7700194120407104
-0.3179931640625,-0.9493408203125,-0.003173828125,1.7089842557907104,1.0986328125,3.051757574081421
-0.337646484375,-0.9464111328125,-0.005859375,1.220703125,0.2441406100988388,2.50244140625
-0.34521484375,-0.9453125,-0.003173828125,0.8544921278953552,-1.5258787870407104,1.7089842557907104
-0.34716796875,-0.9388427734375,0.002197265625,0.9765624403953552,-3.356933355331421,0.6713866591453552
-0.3468017578125,-0.93603515625,0.003662109375,1.2817381620407104,-4.2724609375,-0.7934569716453552
-0.346435546875,-0.9407958984375,-0.0006103515625,0.7934569716453552,-2.0751953125,-2.01416015625
-0.3389892578125,-0.9471435546875,-0.0008544921875,-0.4882812201976776,1.5258787870407104,-2.624511480331421
-0.3245849609375,-0.9522705078125,0.006591796875,-1.5258787870407104,2.13623046875,-3.356933355331421
-0.31494140625,-0.9556884765625,0.01123046875,-1.7700194120407104,0.0610351525247097,-3.540038824081421
-0.3150634765625,-0.9561767578125,0.0037841796875,-1.4648436307907104,-0.0,-2.44140625
-0.3193359375,-0.9571533203125,-0.0107421875,-1.220703125,3.051757574081421,-0.7324218153953552
-0.3197021484375,-0.9559326171875,-0.0152587890625,-1.03759765625,4.5166015625,0.7324218153953552
-0.3201904296875,-0.9503173828125,-0.0042724609375,-0.6103515625,1.4648436307907104,1.4648436307907104
-0.3289794921875,-0.94921875,0.0069580078125,-0.6713866591453552,-2.197265625,1.2817381620407104
-0.3367919921875,-0.951171875,0.01025390625,-1.5258787870407104,-2.807616949081421,0.3662109076976776
-0.3328857421875,-0.950927734375,0.004150390625,-2.563476324081421,-0.30517578125,-0.9765624403953552
-0.3289794921875,-0.94580078125,-0.01513671875,-3.601073980331421,3.417968511581421,-1.9531248807907104
-0.3287353515625,-0.9344482421875,-0.0323486328125,-3.601073980331421,4.21142578125,-4.2724609375
-0.3211669921875,-0.9442138671875,-0.01708984375,-2.746581792831421,2.38037109375,-6.347655773162842
-0.314697265625,-0.9539794921875,-0.00927734375,-2.0751953125,2.0751953125,-7.751464366912842
-0.313232421875,-0.9549560546875,-0.01904296875,-1.8310545682907104,4.33349609375,-8.30078125
-0.308837890625,-0.9501953125,-0.03466796875,-1.7089842557907104,7.263183116912842,-8.85009765625
-0.2978515625,-0.952392578125,-0.0435791015625,-1.8920897245407104,7.812499523162842,-9.82666015625
-0.28466796875,-0.9610595703125,-0.041259765625,-2.25830078125,4.69970703125,-10.925292015075684
-0.273681640625,-0.964599609375,-0.02978515625,-2.0751953125,-0.6103515625,-12.207030296325684
-0.2579345703125,-0.9661865234375,-0.03955078125,-2.929687261581421,-2.13623046875,-12.023924827575684
-0.241943359375,-0.9691162109375,-0.044921875,-3.234863042831421,-0.4882812201976776,-12.268065452575684
-0.229248046875,-0.977783203125,-0.048095703125,-3.234863042831421,-0.1831054538488388,-13.000487327575684
-0.2230224609375,-0.9820556640625,-0.048095703125,-2.929687261581421,-0.30517578125,-13.000487327575684
-0.2103271484375,-0.9786376953125,-0.0296630859375,-0.54931640625,-1.220703125,-14.770506858825684
-0.1883544921875,-0.987548828125,-0.0272216796875,0.7324218153953552,1.15966796875,-16.845703125
-0.17236328125,-0.9937744140625,-0.0426025390625,0.7934569716453552,7.629394054412842,-17.2119140625
-0.1661376953125,-0.992431640625,-0.0577392578125,0.1831054538488388,11.108397483825684,-15.808104515075684
-0.160400390625,-0.992431640625,-0.055419921875,-0.0,8.60595703125,-14.221190452575684
-0.1522216796875,-0.994140625,-0.0421142578125,0.1220703050494194,4.8828125,-13.610838890075684
-0.14306640625,-0.9935302734375,-0.0299072265625,0.6103515625,3.112792730331421,-13.916014671325684
-0.13232421875,-0.9962158203125,-0.0244140625,1.4038084745407104,1.7700194120407104,-14.465331077575684
-0.1199951171875,-1.001953125,-0.0289306640625,2.13623046875,1.220703125,-14.038084983825684
-0.10986328125,-1.001708984375,-0.0423583984375,2.0751953125,4.45556640625,-12.329100608825684
-0.1015625,-0.996826171875,-0.056884765625,1.5258787870407104,9.82666015625,-10.925292015075684
-0.093017578125,-0.99609375,-0.0648193359375,0.9155272841453552,12.390135765075684,-10.925292015075684
-0.0853271484375,-1.002197265625,-0.061767578125,0.7324218153953552,9.82666015625,-11.596678733825684
-0.0789794921875,-1.00732421875,-0.05029296875,1.3427733182907104,3.784179449081421,-12.145995140075684
-0.073486328125,-1.005615234375,-0.0377197265625,2.38037109375,-2.197265625,-11.901854515075684
-0.069580078125,-0.9981689453125,-0.02978515625,3.173827886581421,-5.126952648162842,-11.047362327575684
-0.062744140625,-0.99365234375,-0.02685546875,3.234863042831421,-4.82177734375,-10.864256858825684
-0.0517578125,-1.0003662109375,-0.02490234375,2.563476324081421,-3.479003667831421,-11.779784202575684
-0.048095703125,-1.0076904296875,-0.020751953125,1.5258787870407104,-4.5166015625,-11.779784202575684
-0.046142578125,-1.0084228515625,-0.0184326171875,0.3662109076976776,-8.544921875,-10.681151390075684
-0.034423828125,-1.013671875,-0.021240234375,-1.2817381620407104,-9.82666015625,-10.009765625
-0.011962890625,-1.02099609375,-0.0281982421875,-2.990722417831421,-6.958007335662842,-9.27734375
0.0052490234375,-1.016357421875,-0.0443115234375,-4.21142578125,-2.197265625,-6.225585460662842
0.0032958984375,-1.001953125,-0.0643310546875,-4.94384765625,4.21142578125,-0.9765624403953552
0.002685546875,-0.9947509765625,-0.072998046875,-4.33349609375,9.33837890625,1.4038084745407104
0.005126953125,-1.001708984375,-0.066162109375,-2.50244140625,8.9111328125,-0.30517578125
-0.009521484375,-1.0135498046875,-0.0516357421875,-0.8544921278953552,2.38037109375,-1.6479490995407104
-0.024658203125,-1.01416015625,-0.035888671875,-0.2441406100988388,-5.859374523162842,-1.3427733182907104
-0.025634765625,-1.005859375,-0.0225830078125,-0.7324218153953552,-10.314940452575684,-0.8544921278953552
-0.021240234375,-0.9996337890625,-0.018310546875,-1.8920897245407104,-9.27734375,-0.9765624403953552
-0.012939453125,-0.998779296875,-0.028076171875,-2.990722417831421,-5.126952648162842,-1.6479490995407104
-0.004150390625,-1.0008544921875,-0.0489501953125,-3.173827886581421,0.2441406100988388,-2.624511480331421
-0.0037841796875,-1.00048828125,-0.06494140625,-2.50244140625,5.065917491912842,-3.662109136581421
-0.0096435546875,-1.0010986328125,-0.0662841796875,-1.7089842557907104,6.530761241912842,-4.7607421875
-0.0108642578125,-1.0040283203125,-0.0604248046875,-1.2817381620407104,4.5166015625,-5.859374523162842
-0.0029296875,-1.0052490234375,-0.0540771484375,-1.3427733182907104,2.38037109375,-6.225585460662842
0.00830078125,-1.0040283203125,-0.0548095703125,-1.4648436307907104,2.3193359375,-5.615233898162842
0.0150146484375,-1.000732421875,-0.06396484375,-1.2817381620407104,3.845214605331421,-4.39453125
0.01611328125,-1.000732421875,-0.07177734375,-0.7934569716453552,4.39453125,-3.845214605331421
0.0150146484375,-1.0037841796875,-0.0711669921875,-0.0,2.38037109375,-4.21142578125
0.01416015625,-1.0030517578125,-0.0633544921875,0.9155272841453552,-0.9155272841453552,-4.57763671875
0.012939453125,-0.9971923828125,-0.0545654296875,1.9531248807907104,-3.295898199081421,-4.94384765625
0.01513671875,-0.997314453125,-0.0479736328125,2.685546636581421,-3.417968511581421,-6.164550304412842
-0.3717041015625,-0.9287109375,-0.0111083984375,0.7324218153953552,-0.6713866591453552,1.8920897245407104
-0.3721923828125,-0.932861328125,-0.009521484375,0.3662109076976776,-1.03759765625,0.7934569716453552
-0.36865234375,-0.93359375,-0.006103515625,0.2441406100988388,-0.9155272841453552,0.0
-0.3646240234375,-0.93408203125,-0.004638671875,0.2441406100988388,-0.0610351525247097,-0.7324218153953552
-0.3604736328125,-0.935302734375,-0.0057373046875,0.30517578125,0.8544921278953552,-1.6479490995407104
-0.3577880859375,-0.9361572265625,-0.0079345703125,0.4882812201976776,0.9765624403953552,-2.563476324081421
-0.358154296875,-0.9378662109375,-0.009033203125,0.6713866591453552,0.4882812201976776,-3.051757574081421
-0.3577880859375,-0.9393310546875,-0.007080078125,0.7934569716453552,-0.3662109076976776,-3.295898199081421
-0.3555908203125,-0.9388427734375,-0.0029296875,0.8544921278953552,-1.03759765625,-3.723144292831421
-0.3543701171875,-0.9395751953125,-0.0006103515625,0.6713866591453552,-0.7324218153953552,-4.150390625
-0.3529052734375,-0.9439697265625,-0.0010986328125,0.1220703050494194,-0.0,-4.5166015625
-0.32861328125,-0.94775390625,-0.01416015625,-2.0751953125,2.50244140625,1.4038084745407104
-0.3343505859375,-0.9444580078125,-0.0179443359375,-2.3193359375,2.44140625,2.01416015625
-0.3427734375,-0.9429931640625,-0.017333984375,-2.25830078125,1.4038084745407104,2.13623046875
-0.3543701171875,-0.9393310546875,-0.0174560546875,-2.44140625,0.4272460639476776,2.0751953125
-0.3565673828125,-0.93310546875,-0.0213623046875,-2.197265625,-0.0610351525247097,1.3427733182907104
-0.3575439453125,-0.930419921875,-0.022705078125,-1.4038084745407104,-1.3427733182907104,-0.4882812201976776
-0.3580322265625,-0.9349365234375,-0.0216064453125,-0.54931640625,-2.624511480331421,-2.624511480331421
-0.355224609375,-0.9412841796875,-0.019287109375,-0.0,-2.868652105331421,-3.967284917831421
-0.34521484375,-0.9429931640625,-0.0174560546875,0.3662109076976776,-2.13623046875,-4.2724609375
-0.3331298828125,-0.94189453125,-0.01708984375,0.7324218153953552,-0.6713866591453552,-3.845214605331421
-0.3270263671875,-0.9439697265625,-0.0181884765625,1.03759765625,0.9765624403953552,-3.417968511581421
-0.3270263671875,-0.94921875,-0.01904296875,1.4648436307907104,1.6479490995407104,-3.417968511581421
-0.3271484375,-0.9544677734375,-0.0166015625,2.01416015625,0.7324218153953552,-3.662109136581421
-0.3226318359375,-0.9578857421875,-0.0103759765625,2.563476324081421,-0.8544921278953552,-3.601073980331421
-0.3192138671875,-0.9576416015625,-0.0047607421875,2.685546636581421,-1.7089842557907104,-2.3193359375
-0.318603515625,-0.9561767578125,-0.0018310546875,2.38037109375,-1.5258787870407104,-0.1831054538488388
-0.3167724609375,-0.954345703125,-0.0013427734375,1.9531248807907104,-0.30517578125,1.7700194120407104
-0.3179931640625,-0.9493408203125,-0.003173828125,1.7089842557907104,1.0986328125,3.051757574081421
-0.337646484375,-0.9464111328125,-0.005859375,1.220703125,0.2441406100988388,2.50244140625
-0.34521484375,-0.9453125,-0.003173828125,0.8544921278953552,-1.5258787870407104,1.7089842557907104
-0.34716796875,-0.9388427734375,0.002197265625,0.9765624403953552,-3.356933355331421,0.6713866591453552
-0.3468017578125,-0.93603515625,0.003662109375,1.2817381620407104,-4.2724609375,-0.7934569716453552
-0.346435546875,-0.9407958984375,-0.0006103515625,0.7934569716453552,-2.0751953125,-2.01416015625
-0.3389892578125,-0.9471435546875,-0.0008544921875,-0.4882812201976776,1.5258787870407104,-2.624511480331421
-0.3245849609375,-0.9522705078125,0.006591796875,-1.5258787870407104,2.13623046875,-3.356933355331421
-0.31494140625,-0.9556884765625,0.01123046875,-1.7700194120407104,0.0610351525247097,-3.540038824081421
-0.3150634765625,-0.9561767578125,0.0037841796875,-1.4648436307907104,-0.0,-2.44140625
-0.3193359375,-0.9571533203125,-0.0107421875,-1.220703125,3.051757574081421,-0.7324218153953552
-0.3197021484375,-0.9559326171875,-0.0152587890625,-1.03759765625,4.5166015625,0.7324218153953552
-0.3201904296875,-0.9503173828125,-0.0042724609375,-0.6103515625,1.4648436307907104,1.4648436307907104
-0.3289794921875,-0.94921875,0.0069580078125,-0.6713866591453552,-2.197265625,1.2817381620407104
-0.3367919921875,-0.951171875,0.01025390625,-1.5258787870407104,-2.807616949081421,0.3662109076976776
-0.3328857421875,-0.950927734375,0.004150390625,-2.563476324081421,-0.30517578125,-0.9765624403953552
-0.3289794921875,-0.94580078125,-0.01513671875,-3.601073980331421,3.417968511581421,-1.9531248807907104
-0.3287353515625,-0.9344482421875,-0.0323486328125,-3.601073980331421,4.21142578125,-4.2724609375
-0.3211669921875,-0.9442138671875,-0.01708984375,-2.746581792831421,2.38037109375,-6.347655773162842
-0.314697265625,-0.9539794921875,-0.00927734375,-2.0751953125,2.0751953125,-7.751464366912842
-0.313232421875,-0.9549560546875,-0.01904296875,-1.8310545682907104,4.33349609375,-8.30078125
-0.308837890625,-0.9501953125,-0.03466796875,-1.7089842557907104,7.263183116912842,-8.85009765625
-0.2978515625,-0.952392578125,-0.0435791015625,-1.8920897245407104,7.812499523162842,-9.82666015625
-0.28466796875,-0.9610595703125,-0.041259765625,-2.25830078125,4.69970703125,-10.925292015075684
-0.273681640625,-0.964599609375,-0.02978515625,-2.0751953125,-0.6103515625,-12.207030296325684
-0.2579345703125,-0.9661865234375,-0.03955078125,-2.929687261581421,-2.13623046875,-12.023924827575684
-0.241943359375,-0.9691162109375,-0.044921875,-3.234863042831421,-0.4882812201976776,-12.268065452575684
-0.229248046875,-0.977783203125,-0.048095703125,-3.234863042831421,-0.1831054538488388,-13.000487327575684
-0.2230224609375,-0.9820556640625,-0.048095703125,-2.929687261581421,-0.30517578125,-13.000487327575684
-0.2103271484375,-0.9786376953125,-0.0296630859375,-0.54931640625,-1.220703125,-14.770506858825684
-0.1883544921875,-0.987548828125,-0.0272216796875,0.7324218153953552,1.15966796875,-16.845703125
-0.17236328125,-0.9937744140625,-0.0426025390625,0.7934569716453552,7.629394054412842,-17.2119140625
-0.1661376953125,-0.992431640625,-0.0577392578125,0.1831054538488388,11.108397483825684,-15.808104515075684
-0.160400390625,-0.992431640625,-0.055419921875,-0.0,8.60595703125,-14.221190452575684
-0.1522216796875,-0.994140625,-0.0421142578125,0.1220703050494194,4.8828125,-13.610838890075684
-0.14306640625,-0.9935302734375,-0.0299072265625,0.6103515625,3.112792730331421,-13.916014671325684
-0.13232421875,-0.9962158203125,-0.0244140625,1.4038084745407104,1.7700194120407104,-14.465331077575684
-0.1199951171875,-1.001953125,-0.0289306640625,2.13623046875,1.220703125,-14.038084983825684
-0.10986328125,-1.001708984375,-0.0423583984375,2.0751953125,4.45556640625,-12.329100608825684
-0.1015625,-0.996826171875,-0.056884765625,1.5258787870407104,9.82666015625,-10.925292015075684
-0.093017578125,-0.99609375,-0.0648193359375,0.9155272841453552,12.390135765075684,-10.925292015075684
-0.0853271484375,-1.002197265625,-0.061767578125,0.7324218153953552,9.82666015625,-11.596678733825684
-0.0789794921875,-1.00732421875,-0.05029296875,1.3427733182907104,3.784179449081421,-12.145995140075684
-0.073486328125,-1.005615234375,-0.0377197265625,2.38037109375,-2.197265625,-11.901854515075684
-0.069580078125,-0.9981689453125,-0.02978515625,3.173827886581421,-5.126952648162842,-11.047362327575684
-0.062744140625,-0.99365234375,-0.02685546875,3.234863042831421,-4.82177734375,-10.864256858825684
-0.0517578125,-1.0003662109375,-0.02490234375,2.563476324081421,-3.479003667831421,-11.779784202575684
-0.048095703125,-1.0076904296875,-0.020751953125,1.5258787870407104,-4.5166015625,-11.779784202575684
-0.046142578125,-1.0084228515625,-0.0184326171875,0.3662109076976776,-8.544921875,-10.681151390075684
-0.034423828125,-1.013671875,-0.021240234375,-1.2817381620407104,-9.82666015625,-10.009765625
-0.011962890625,-1.02099609375,-0.0281982421875,-2.990722417831421,-6.958007335662842,-9.27734375
0.0052490234375,-1.016357421875,-0.0443115234375,-4.21142578125,-2.197265625,-6.225585460662842
0.0032958984375,-1.001953125,-0.0643310546875,-4.94384765625,4.21142578125,-0.9765624403953552
0.002685546875,-0.9947509765625,-0.072998046875,-4.33349609375,9.33837890625,1.4038084745407104
0.005126953125,-1.001708984375,-0.066162109375,-2.50244140625,8.9111328125,-0.30517578125
-0.009521484375,-1.0135498046875,-0.0516357421875,-0.8544921278953552,2.38037109375,-1.6479490995407104
-0.024658203125,-1.01416015625,-0.035888671875,-0.2441406100988388,-5.859374523162842,-1.3427733182907104
-0.025634765625,-1.005859375,-0.0225830078125,-0.7324218153953552,-10.314940452575684,-0.8544921278953552
-0.021240234375,-0.9996337890625,-0.018310546875,-1.8920897245407104,-9.27734375,-0.9765624403953552
-0.012939453125,-0.998779296875,-0.028076171875,-2.990722417831421,-5.126952648162842,-1.6479490995407104
-0.004150390625,-1.0008544921875,-0.0489501953125,-3.173827886581421,0.2441406100988388,-2.624511480331421
-0.0037841796875,-1.00048828125,-0.06494140625,-2.50244140625,5.065917491912842,-3.662109136581421
-0.0096435546875,-1.0010986328125,-0.0662841796875,-1.7089842557907104,6.530761241912842,-4.7607421875
-0.0108642578125,-1.0040283203125,-0.0604248046875,-1.2817381620407104,4.5166015625,-5.859374523162842
-0.0029296875,-1.0052490234375,-0.0540771484375,-1.3427733182907104,2.38037109375,-6.225585460662842
0.00830078125,-1.0040283203125,-0.0548095703125,-1.4648436307907104,2.3193359375,-5.615233898162842
0.0150146484375,-1.000732421875,-0.06396484375,-1.2817381620407104,3.845214605331421,-4.39453125
0.01611328125,-1.000732421875,-0.07177734375,-0.7934569716453552,4.39453125,-3.845214605331421
0.0150146484375,-1.0037841796875,-0.0711669921875,-0.0,2.38037109375,-4.21142578125
0.01416015625,-1.0030517578125,-0.0633544921875,0.9155272841453552,-0.9155272841453552,-4.57763671875
0.012939453125,-0.9971923828125,-0.0545654296875,1.9531248807907104,-3.295898199081421,-4.94384765625
0.01513671875,-0.997314453125,-0.0479736328125,2.685546636581421,-3.417968511581421,-6.164550304412842
0.0264892578125,-1.0062255859375,-0.04541015625,2.746581792831421,-2.44140625,-7.324218273162842
0.03955078125,-1.010498046875,-0.04833984375,2.0751953125,-1.8310545682907104,-7.019042491912842
0.044921875,-1.00634765625,-0.0528564453125,1.5258787870407104,-1.03759765625,-5.920409679412842
0.0489501953125,-1.0010986328125,-0.051513671875,1.5258787870407104,-0.0610351525247097,-5.371093273162842
0.0517578125,-0.9993896484375,-0.0477294921875,1.5869139432907104,0.1831054538488388,-5.187987804412842
0.0499267578125,-0.99951171875,-0.044677734375,1.5258787870407104,-0.3662109076976776,-5.0048828125
0.05078125,-1.0,-0.041015625,1.8920897245407104,-0.9765624403953552,-5.798339366912842
0.0574951171875,-1.0025634765625,-0.0396728515625,2.44140625,-0.7324218153953552,-7.263183116912842
0.065673828125,-1.0057373046875,-0.0404052734375,2.50244140625,0.1831054538488388,-7.934569835662842
0.07177734375,-1.006103515625,-0.0406494140625,2.3193359375,0.6713866591453552,-7.324218273162842
0.075927734375,-1.004150390625,-0.0406494140625,2.13623046875,0.6103515625,-6.164550304412842
0.0899658203125,-1.0001220703125,-0.033203125,1.8920897245407104,0.7324218153953552,-5.676269054412842
0.090576171875,-0.9998779296875,-0.031982421875,1.5869139432907104,0.7324218153953552,-6.164550304412842
0.0955810546875,-1.0,-0.0281982421875,1.6479490995407104,0.4272460639476776,-6.896972179412842
0.1026611328125,-1.0009765625,-0.0238037109375,1.8310545682907104,0.1831054538488388,-7.019042491912842
0.1080322265625,-1.002197265625,-0.0230712890625,1.7700194120407104,0.7324218153953552,-6.347655773162842
0.11279296875,-1.0020751953125,-0.025146484375,1.4648436307907104,1.7089842557907104,-5.493163585662842
0.116455078125,-1.0009765625,-0.028076171875,1.220703125,2.197265625,-4.7607421875
0.1182861328125,-0.9996337890625,-0.0296630859375,1.0986328125,2.197265625,-4.33349609375
0.1202392578125,-1.00048828125,-0.0286865234375,1.03759765625,2.197265625,-4.08935546875
0.1221923828125,-1.000244140625,-0.0257568359375,0.9765624403953552,2.0751953125,-3.662109136581421
0.1248779296875,-0.99853515625,-0.0223388671875,1.03759765625,1.6479490995407104,-3.234863042831421
0.128173828125,-0.998291015625,-0.019287109375,1.0986328125,1.2817381620407104,-2.807616949081421
0.129638671875,-0.9990234375,-0.0177001953125,0.9765624403953552,1.15966796875,-2.50244140625
0.13037109375,-0.9990234375,-0.018310546875,0.7324218153953552,1.4038084745407104,-2.0751953125
0.1298828125,-0.996826171875,-0.020263671875,0.54931640625,1.8920897245407104,-1.7700194120407104
0.1319580078125,-0.9957275390625,-0.020263671875,0.6713866591453552,2.3193359375,-1.8310545682907104
0.1353759765625,-0.997314453125,-0.0184326171875,0.9155272841453552,2.3193359375,-1.8920897245407104
0.1373291015625,-0.998779296875,-0.0167236328125,0.9765624403953552,1.8920897245407104,-1.5869139432907104
0.139404296875,-0.999267578125,-0.015380859375,0.9765624403953552,1.220703125,-1.03759765625
0.138671875,-0.99853515625,-0.0155029296875,0.8544921278953552,0.6713866591453552,-0.4272460639476776
0.135009765625,-0.997802734375,-0.017333984375,0.4882812201976776,1.03759765625,0.1220703050494194
0.1319580078125,-0.9976806640625,-0.0174560546875,0.1220703050494194,1.8310545682907104,0.4272460639476776
0.1329345703125,-0.996826171875,-0.0147705078125,-0.1831054538488388,2.0751953125,0.6103515625
0.1353759765625,-0.99609375,-0.0120849609375,-0.30517578125,1.8310545682907104,0.6103515625
0.13623046875,-0.996337890625,-0.0103759765625,-0.3662109076976776,1.2817381620407104,0.54931640625
0.13525390625,-0.9974365234375,-0.0113525390625,-0.3662109076976776,0.7934569716453552,0.4272460639476776
0.132568359375,-0.99755859375,-0.013916015625,-0.4272460639476776,0.54931640625,0.4272460639476776
0.132080078125,-0.9976806640625,-0.01806640625,-0.7934569716453552,1.3427733182907104,0.6713866591453552
0.13330078125,-0.9970703125,-0.0198974609375,-0.9765624403953552,1.8920897245407104,0.7934569716453552
0.13232421875,-0.996337890625,-0.0194091796875,-0.7934569716453552,1.8310545682907104,0.8544921278953552
0.1318359375,-0.996826171875,-0.017333984375,-0.6713866591453552,1.5869139432907104,0.6713866591453552
0.1317138671875,-0.9974365234375,-0.0167236328125,-0.7324218153953552,1.7089842557907104,0.54931640625
0.1298828125,-0.9976806640625,-0.017333984375,-0.7324218153953552,1.6479490995407104,0.7324218153953552
0.12890625,-0.9979248046875,-0.01708984375,-0.6713866591453552,1.4648436307907104,0.7324218153953552
0.1297607421875,-0.9984130859375,-0.016845703125,-0.54931640625,1.6479490995407104,0.6103515625
0.12939453125,-0.9981689453125,-0.01708984375,-0.4882812201976776,1.8310545682907104,0.7934569716453552
0.1280517578125,-0.9967041015625,-0.0177001953125,-0.4272460639476776,1.4038084745407104,0.9155272841453552
0.1280517578125,-0.9964599609375,-0.019287109375,-0.3662109076976776,1.15966796875,0.7324218153953552
0.1248779296875,-0.99853515625,-0.021240234375,-0.9765624403953552,0.7324218153953552,0.7324218153953552
0.126220703125,-0.996337890625,-0.021484375,-0.9155272841453552,0.1831054538488388,0.7934569716453552
0.127685546875,-0.994384765625,-0.0206298828125,-0.4882812201976776,0.0610351525247097,0.7324218153953552
0.1278076171875,-0.99658203125,-0.0185546875,-0.1220703050494194,0.0610351525247097,0.3662109076976776
0.1251220703125,-0.99951171875,-0.017822265625,-0.1220703050494194,-0.54931640625,0.1220703050494194
0.12255859375,-0.9986572265625,-0.0186767578125,-0.2441406100988388,-1.4038084745407104,0.0610351525247097
0.12158203125,-0.9969482421875,-0.0201416015625,-0.4882812201976776,-1.4648436307907104,-0.1220703050494194
0.121337890625,-0.997802734375,-0.0224609375,-0.7324218153953552,-0.8544921278953552,-0.4882812201976776
0.1243896484375,-0.9981689453125,-0.0238037109375,-0.4272460639476776,-2.746581792831421,-1.7089842557907104
0.1270751953125,-0.996826171875,-0.0228271484375,-0.1831054538488388,-3.906249761581421,-2.01416015625
0.1292724609375,-0.9957275390625,-0.023193359375,-0.1220703050494194,-3.601073980331421,-2.197265625
0.132080078125,-0.9957275390625,-0.023193359375,-0.0,-2.44140625,-2.44140625
0.134521484375,-0.997314453125,-0.0228271484375,0.1220703050494194,-1.5258787870407104,-2.44140625
0.135009765625,-0.9984130859375,-0.0234375,-0.0,-1.2817381620407104,-2.0751953125
0.135986328125,-0.9984130859375,-0.0234375,-0.1220703050494194,-1.220703125,-1.6479490995407104
0.1376953125,-0.9979248046875,-0.0230712890625,-0.1831054538488388,-0.8544921278953552,-1.15966796875
0.1375732421875,-0.9974365234375,-0.024169921875,-0.3662109076976776,-0.1220703050494194,-0.4882812201976776
0.1385498046875,-0.99609375,-0.025634765625,-0.6103515625,0.7324218153953552,0.0
0.1405029296875,-0.9952392578125,-0.026611328125,-0.7934569716453552,0.9155272841453552,0.0
0.14111328125,-0.9954833984375,-0.0279541015625,-0.7324218153953552,0.4882812201976776,-0.2441406100988388
0.1402587890625,-0.995361328125,-0.0286865234375,-0.4882812201976776,-0.0,-0.3662109076976776
0.1387939453125,-0.9957275390625,-0.0269775390625,0.0610351525247097,-0.3662109076976776,-0.54931640625
0.138671875,-0.995849609375,-0.025146484375,0.4882812201976776,-0.7934569716453552,-0.54931640625
0.1387939453125,-0.995361328125,-0.0257568359375,0.6103515625,-1.0986328125,-0.4882812201976776
0.139892578125,-0.995361328125,-0.0216064453125,0.7934569716453552,-0.6713866591453552,-0.0610351525247097
0.1417236328125,-0.99462890625,-0.0211181640625,0.6103515625,-0.54931640625,-0.1220703050494194
0.1414794921875,-0.9942626953125,-0.0211181640625,0.6713866591453552,-0.30517578125,0.0610351525247097
0.1392822265625,-0.9945068359375,-0.0203857421875,0.8544921278953552,0.0610351525247097,0.2441406100988388
0.137939453125,-0.99560546875,-0.0198974609375,0.9765624403953552,0.3662109076976776,0.1220703050494194
0.1387939453125,-0.9964599609375,-0.0203857421875,0.9765624403953552,0.1831054538488388,-0.2441406100988388
0.14013671875,-0.99658203125,-0.0208740234375,0.9155272841453552,-0.0610351525247097,-0.30517578125
0.140625,-0.9967041015625,-0.020263671875,0.7934569716453552,0.0610351525247097,0.0
0.140869140625,-0.9974365234375,-0.0184326171875,0.7324218153953552,0.30517578125,0.3662109076976776
0.1396484375,-0.9970703125,-0.0169677734375,0.6103515625,0.4272460639476776,0.6713866591453552
0.136962890625,-0.9957275390625,-0.016845703125,0.4882812201976776,0.3662109076976776,0.7934569716453552
0.1376953125,-0.9957275390625,-0.015625,0.4272460639476776,0.30517578125,0.4882812201976776
0.1400146484375,-0.9967041015625,-0.014892578125,0.30517578125,0.54931640625,0.30517578125
0.1343994140625,-0.997802734375,-0.0162353515625,-0.54931640625,1.5258787870407104,1.03759765625
0.1363525390625,-0.9969482421875,-0.0150146484375,-0.6713866591453552,1.0986328125,0.9155272841453552
0.13818359375,-0.9962158203125,-0.0155029296875,-0.54931640625,0.54931640625,0.9155272841453552
0.1380615234375,-0.997314453125,-0.017822265625,-0.3662109076976776,0.4272460639476776,0.9765624403953552
0.1361083984375,-0.999267578125,-0.0206298828125,-0.2441406100988388,0.4272460639476776,1.2817381620407104
0.132080078125,-0.9990234375,-0.0223388671875,-0.30517578125,0.30517578125,1.7700194120407104
0.12890625,-0.9974365234375,-0.0213623046875,-0.2441406100988388,0.4272460639476776,2.13623046875
0.12890625,-0.9976806640625,-0.01953125,-0.3662109076976776,0.9155272841453552,2.13623046875
0.12890625,-0.9979248046875,-0.0185546875,-0.4272460639476776,1.220703125,2.197265625
0.126708984375,-0.9969482421875,-0.017333984375,-0.4272460639476776,0.9765624403953552,2.25830078125
0.12353515625,-0.99658203125,-0.01513671875,-0.2441406100988388,0.4882812201976776,2.0751953125
0.121826171875,-0.998291015625,-0.01416015625,-0.0,0.4272460639476776,1.7089842557907104
0.1219482421875,-0.9993896484375,-0.016357421875,0.1220703050494194,1.03759765625,1.2817381620407104
0.122314453125,-0.9990234375,-0.0194091796875,0.1220703050494194,1.5258787870407104,0.9765624403953552
0.0264892578125,-1.0062255859375,-0.04541015625,2.746581792831421,-2.44140625,-7.324218273162842
0.03955078125,-1.010498046875,-0.04833984375,2.0751953125,-1.8310545682907104,-7.019042491912842
0.044921875,-1.00634765625,-0.0528564453125,1.5258787870407104,-1.03759765625,-5.920409679412842
0.0489501953125,-1.0010986328125,-0.051513671875,1.5258787870407104,-0.0610351525247097,-5.371093273162842
0.0517578125,-0.9993896484375,-0.0477294921875,1.5869139432907104,0.1831054538488388,-5.187987804412842
0.0499267578125,-0.99951171875,-0.044677734375,1.5258787870407104,-0.3662109076976776,-5.0048828125
0.05078125,-1.0,-0.041015625,1.8920897245407104,-0.9765624403953552,-5.798339366912842
0.0574951171875,-1.0025634765625,-0.0396728515625,2.44140625,-0.7324218153953552,-7.263183116912842
0.065673828125,-1.0057373046875,-0.0404052734375,2.50244140625,0.1831054538488388,-7.934569835662842
0.07177734375,-1.006103515625,-0.0406494140625,2.3193359375,0.6713866591453552,-7.324218273162842
0.075927734375,-1.004150390625,-0.0406494140625,2.13623046875,0.6103515625,-6.164550304412842
0.0899658203125,-1.0001220703125,-0.033203125,1.8920897245407104,0.7324218153953552,-5.676269054412842
0.090576171875,-0.9998779296875,-0.031982421875,1.5869139432907104,0.7324218153953552,-6.164550304412842
0.0955810546875,-1.0,-0.0281982421875,1.6479490995407104,0.4272460639476776,-6.896972179412842
0.1026611328125,-1.0009765625,-0.0238037109375,1.8310545682907104,0.1831054538488388,-7.019042491912842
0.1080322265625,-1.002197265625,-0.0230712890625,1.7700194120407104,0.7324218153953552,-6.347655773162842
0.11279296875,-1.0020751953125,-0.025146484375,1.4648436307907104,1.7089842557907104,-5.493163585662842
0.116455078125,-1.0009765625,-0.028076171875,1.220703125,2.197265625,-4.7607421875
0.1182861328125,-0.9996337890625,-0.0296630859375,1.0986328125,2.197265625,-4.33349609375
0.1202392578125,-1.00048828125,-0.0286865234375,1.03759765625,2.197265625,-4.08935546875
0.1221923828125,-1.000244140625,-0.0257568359375,0.9765624403953552,2.0751953125,-3.662109136581421
0.1248779296875,-0.99853515625,-0.0223388671875,1.03759765625,1.6479490995407104,-3.234863042831421
0.128173828125,-0.998291015625,-0.019287109375,1.0986328125,1.2817381620407104,-2.807616949081421
0.129638671875,-0.9990234375,-0.0177001953125,0.9765624403953552,1.15966796875,-2.50244140625
0.13037109375,-0.9990234375,-0.018310546875,0.7324218153953552,1.4038084745407104,-2.0751953125
0.1298828125,-0.996826171875,-0.020263671875,0.54931640625,1.8920897245407104,-1.7700194120407104
0.1319580078125,-0.9957275390625,-0.020263671875,0.6713866591453552,2.3193359375,-1.8310545682907104
0.1353759765625,-0.997314453125,-0.0184326171875,0.9155272841453552,2.3193359375,-1.8920897245407104
0.1373291015625,-0.998779296875,-0.0167236328125,0.9765624403953552,1.8920897245407104,-1.5869139432907104
0.139404296875,-0.999267578125,-0.015380859375,0.9765624403953552,1.220703125,-1.03759765625
0.138671875,-0.99853515625,-0.0155029296875,0.8544921278953552,0.6713866591453552,-0.4272460639476776
0.135009765625,-0.997802734375,-0.017333984375,0.4882812201976776,1.03759765625,0.1220703050494194
0.1319580078125,-0.9976806640625,-0.0174560546875,0.1220703050494194,1.8310545682907104,0.4272460639476776
0.1329345703125,-0.996826171875,-0.0147705078125,-0.1831054538488388,2.0751953125,0.6103515625
0.1353759765625,-0.99609375,-0.0120849609375,-0.30517578125,1.8310545682907104,0.6103515625
0.13623046875,-0.996337890625,-0.0103759765625,-0.3662109076976776,1.2817381620407104,0.54931640625
0.13525390625,-0.9974365234375,-0.0113525390625,-0.3662109076976776,0.7934569716453552,0.4272460639476776
0.132568359375,-0.99755859375,-0.013916015625,-0.4272460639476776,0.54931640625,0.4272460639476776
0.132080078125,-0.9976806640625,-0.01806640625,-0.7934569716453552,1.3427733182907104,0.6713866591453552
0.13330078125,-0.9970703125,-0.0198974609375,-0.9765624403953552,1.8920897245407104,0.7934569716453552
0.13232421875,-0.996337890625,-0.0194091796875,-0.7934569716453552,1.8310545682907104,0.8544921278953552
0.1318359375,-0.996826171875,-0.017333984375,-0.6713866591453552,1.5869139432907104,0.6713866591453552
0.1317138671875,-0.9974365234375,-0.0167236328125,-0.7324218153953552,1.7089842557907104,0.54931640625
0.1298828125,-0.9976806640625,-0.017333984375,-0.7324218153953552,1.6479490995407104,0.7324218153953552
0.12890625,-0.9979248046875,-0.01708984375,-0.6713866591453552,1.4648436307907104,0.7324218153953552
0.1297607421875,-0.9984130859375,-0.016845703125,-0.54931640625,1.6479490995407104,0.6103515625
0.12939453125,-0.9981689453125,-0.01708984375,-0.4882812201976776,1.8310545682907104,0.7934569716453552
0.1280517578125,-0.9967041015625,-0.0177001953125,-0.4272460639476776,1.4038084745407104,0.9155272841453552
0.1280517578125,-0.9964599609375,-0.019287109375,-0.3662109076976776,1.15966796875,0.7324218153953552
0.1248779296875,-0.99853515625,-0.021240234375,-0.9765624403953552,0.7324218153953552,0.7324218153953552
0.126220703125,-0.996337890625,-0.021484375,-0.9155272841453552,0.1831054538488388,0.7934569716453552
0.127685546875,-0.994384765625,-0.0206298828125,-0.4882812201976776,0.0610351525247097,0.7324218153953552
0.1278076171875,-0.99658203125,-0.0185546875,-0.1220703050494194,0.0610351525247097,0.3662109076976776
0.1251220703125,-0.99951171875,-0.017822265625,-0.1220703050494194,-0.54931640625,0.1220703050494194
0.12255859375,-0.9986572265625,-0.0186767578125,-0.2441406100988388,-1.4038084745407104,0.0610351525247097
0.12158203125,-0.9969482421875,-0.0201416015625,-0.4882812201976776,-1.4648436307907104,-0.1220703050494194
0.121337890625,-0.997802734375,-0.0224609375,-0.7324218153953552,-0.8544921278953552,-0.4882812201976776
0.1243896484375,-0.9981689453125,-0.0238037109375,-0.4272460639476776,-2.746581792831421,-1.7089842557907104
0.1270751953125,-0.996826171875,-0.0228271484375,-0.1831054538488388,-3.906249761581421,-2.01416015625
0.1292724609375,-0.9957275390625,-0.023193359375,-0.1220703050494194,-3.601073980331421,-2.197265625
0.132080078125,-0.9957275390625,-0.023193359375,-0.0,-2.44140625,-2.44140625
0.134521484375,-0.997314453125,-0.0228271484375,0.1220703050494194,-1.5258787870407104,-2.44140625
0.135009765625,-0.9984130859375,-0.0234375,-0.0,-1.2817381620407104,-2.0751953125
0.135986328125,-0.9984130859375,-0.0234375,-0.1220703050494194,-1.220703125,-1.6479490995407104
0.1376953125,-0.9979248046875,-0.0230712890625,-0.1831054538488388,-0.8544921278953552,-1.15966796875
0.1375732421875,-0.9974365234375,-0.024169921875,-0.3662109076976776,-0.1220703050494194,-0.4882812201976776
0.1385498046875,-0.99609375,-0.025634765625,-0.6103515625,0.7324218153953552,0.0
0.1405029296875,-0.9952392578125,-0.026611328125,-0.7934569716453552,0.9155272841453552,0.0
0.14111328125,-0.9954833984375,-0.0279541015625,-0.7324218153953552,0.4882812201976776,-0.2441406100988388
0.1402587890625,-0.995361328125,-0.0286865234375,-0.4882812201976776,-0.0,-0.3662109076976776
0.1387939453125,-0.9957275390625,-0.0269775390625,0.0610351525247097,-0.3662109076976776,-0.54931640625
0.138671875,-0.995849609375,-0.025146484375,0.4882812201976776,-0.7934569716453552,-0.54931640625
0.1387939453125,-0.995361328125,-0.0257568359375,0.6103515625,-1.0986328125,-0.4882812201976776
0.139892578125,-0.995361328125,-0.0216064453125,0.7934569716453552,-0.6713866591453552,-0.0610351525247097
0.1417236328125,-0.99462890625,-0.0211181640625,0.6103515625,-0.54931640625,-0.1220703050494194
0.1414794921875,-0.9942626953125,-0.0211181640625,0.6713866591453552,-0.30517578125,0.0610351525247097
0.1392822265625,-0.9945068359375,-0.0203857421875,0.8544921278953552,0.0610351525247097,0.2441406100988388
0.137939453125,-0.99560546875,-0.0198974609375,0.9765624403953552,0.3662109076976776,0.1220703050494194
0.1387939453125,-0.9964599609375,-0.0203857421875,0.9765624403953552,0.1831054538488388,-0.2441406100988388
0.14013671875,-0.99658203125,-0.0208740234375,0.9155272841453552,-0.0610351525247097,-0.30517578125
0.140625,-0.9967041015625,-0.020263671875,0.7934569716453552,0.0610351525247097,0.0
0.140869140625,-0.9974365234375,-0.0184326171875,0.7324218153953552,0.30517578125,0.3662109076976776
0.1396484375,-0.9970703125,-0.0169677734375,0.6103515625,0.4272460639476776,0.6713866591453552
0.136962890625,-0.9957275390625,-0.016845703125,0.4882812201976776,0.3662109076976776,0.7934569716453552
0.1376953125,-0.9957275390625,-0.015625,0.4272460639476776,0.30517578125,0.4882812201976776
0.1400146484375,-0.9967041015625,-0.014892578125,0.30517578125,0.54931640625,0.30517578125
0.1343994140625,-0.997802734375,-0.0162353515625,-0.54931640625,1.5258787870407104,1.03759765625
0.1363525390625,-0.9969482421875,-0.0150146484375,-0.6713866591453552,1.0986328125,0.9155272841453552
0.13818359375,-0.9962158203125,-0.0155029296875,-0.54931640625,0.54931640625,0.9155272841453552
0.1380615234375,-0.997314453125,-0.017822265625,-0.3662109076976776,0.4272460639476776,0.9765624403953552
0.1361083984375,-0.999267578125,-0.0206298828125,-0.2441406100988388,0.4272460639476776,1.2817381620407104
0.132080078125,-0.9990234375,-0.0223388671875,-0.30517578125,0.30517578125,1.7700194120407104
0.12890625,-0.9974365234375,-0.0213623046875,-0.2441406100988388,0.4272460639476776,2.13623046875
0.12890625,-0.9976806640625,-0.01953125,-0.3662109076976776,0.9155272841453552,2.13623046875
0.12890625,-0.9979248046875,-0.0185546875,-0.4272460639476776,1.220703125,2.197265625
0.126708984375,-0.9969482421875,-0.017333984375,-0.4272460639476776,0.9765624403953552,2.25830078125
0.12353515625,-0.99658203125,-0.01513671875,-0.2441406100988388,0.4882812201976776,2.0751953125
0.121826171875,-0.998291015625,-0.01416015625,-0.0,0.4272460639476776,1.7089842557907104
0.1219482421875,-0.9993896484375,-0.016357421875,0.1220703050494194,1.03759765625,1.2817381620407104
0.122314453125,-0.9990234375,-0.0194091796875,0.1220703050494194,1.5258787870407104,0.9765624403953552
0.121826171875,-0.9981689453125,-0.0208740234375,0.2441406100988388,1.5869139432907104,0.7324218153953552
0.121337890625,-0.9976806640625,-0.0196533203125,0.4882812201976776,1.0986328125,0.54931640625
0.1212158203125,-0.998046875,-0.017578125,0.6103515625,0.54931640625,0.6103515625
0.12158203125,-0.99853515625,-0.016845703125,0.54931640625,0.6103515625,0.6103515625
0.122314453125,-0.9986572265625,-0.015625,0.4882812201976776,0.8544921278953552,0.54931640625
0.1199951171875,-1.0001220703125,-0.0125732421875,-0.1220703050494194,1.5258787870407104,0.6713866591453552
0.114990234375,-1.00048828125,-0.01611328125,-0.3662109076976776,1.7089842557907104,1.6479490995407104
0.11328125,-1.0009765625,-0.0162353515625,-0.3662109076976776,1.5258787870407104,1.8920897245407104
0.111083984375,-0.9996337890625,-0.015625,-0.30517578125,0.7324218153953552,2.13623046875
0.10986328125,-0.9991455078125,-0.014404296875,-0.2441406100988388,0.3662109076976776,2.25830078125
0.1094970703125,-1.0,-0.01416015625,-0.2441406100988388,0.7934569716453552,2.197265625
0.1075439453125,-1.0003662109375,-0.01513671875,-0.2441406100988388,1.220703125,1.9531248807907104
0.1043701171875,-1.0,-0.0133056640625,0.2441406100988388,1.03759765625,1.4038084745407104
0.1043701171875,-1.0006103515625,-0.01318359375,0.3662109076976776,1.03759765625,1.4648436307907104
0.1041259765625,-1.0001220703125,-0.013427734375,0.4272460639476776,1.15966796875,1.5258787870407104
0.103271484375,-1.0003662109375,-0.0137939453125,0.4882812201976776,1.2817381620407104,1.4038084745407104
0.1021728515625,-1.001708984375,-0.0137939453125,0.54931640625,1.2817381620407104,1.15966796875
0.100341796875,-1.002197265625,-0.012939453125,0.4882812201976776,1.2817381620407104,1.15966796875
0.099853515625,-1.0020751953125,-0.011474609375,0.2441406100988388,1.3427733182907104,1.220703125
0.100830078125,-1.0013427734375,-0.0106201171875,-0.1831054538488388,1.4038084745407104,1.15966796875
0.1005859375,-1.000244140625,-0.011474609375,-0.3662109076976776,1.15966796875,1.15966796875
0.0999755859375,-0.9990234375,-0.0118408203125,0.0610351525247097,0.6713866591453552,1.03759765625
0.0987548828125,-0.9989013671875,-0.011474609375,0.6103515625,0.4272460639476776,0.9155272841453552
0.0950927734375,-0.9986572265625,-0.005126953125,0.8544921278953552,0.1220703050494194,-1.0986328125
0.09521484375,-0.9986572265625,-0.0050048828125,0.7934569716453552,-0.0610351525247097,-1.8310545682907104
0.0947265625,-1.000244140625,-0.0035400390625,0.9155272841453552,-0.7934569716453552,-2.624511480331421
0.0982666015625,-1.002197265625,-0.001220703125,1.15966796875,-1.7700194120407104,-3.601073980331421
0.1044921875,-1.00244140625,-0.001953125,1.3427733182907104,-2.746581792831421,-4.21142578125
0.1107177734375,-1.0018310546875,-0.0042724609375,1.3427733182907104,-3.295898199081421,-4.150390625
0.1142578125,-1.001220703125,-0.0072021484375,1.220703125,-3.051757574081421,-3.540038824081421
0.11474609375,-1.0001220703125,-0.0084228515625,1.0986328125,-2.563476324081421,-2.807616949081421
0.1156005859375,-0.9993896484375,-0.006103515625,1.0986328125,-2.13623046875,-2.50244140625
0.1175537109375,-1.0003662109375,-0.00244140625,0.9765624403953552,-1.9531248807907104,-2.624511480331421
0.120849609375,-1.0015869140625,0.0015869140625,0.8544921278953552,-2.197265625,-2.746581792831421
0.12353515625,-1.0003662109375,0.0037841796875,0.9155272841453552,-2.50244140625,-2.746581792831421
0.124267578125,-0.9989013671875,0.0029296875,0.9765624403953552,-2.50244140625,-2.3193359375
0.12353515625,-0.9996337890625,0.0003662109375,0.9765624403953552,-2.197265625,-1.7700194120407104
0.124755859375,-1.0008544921875,-0.001708984375,0.9155272841453552,-1.7700194120407104,-1.220703125
0.1278076171875,-0.99951171875,-0.0018310546875,0.8544921278953552,-1.4648436307907104,-0.7324218153953552
0.1282958984375,-0.9970703125,-0.0003662109375,0.6713866591453552,-1.5258787870407104,-0.2441406100988388
0.126953125,-0.9976806640625,0.0018310546875,0.3662109076976776,-1.5869139432907104,-0.1220703050494194
0.12548828125,-0.9993896484375,0.00341796875,0.1831054538488388,-1.4038084745407104,-0.3662109076976776
0.1260986328125,-0.99951171875,0.0037841796875,0.1220703050494194,-1.15966796875,-0.4882812201976776
0.1268310546875,-0.9986572265625,0.0032958984375,-0.0,-1.0986328125,-0.0610351525247097
0.1282958984375,-0.9984130859375,0.00341796875,-0.2441406100988388,-0.7934569716453552,0.6103515625
0.1295166015625,-0.9996337890625,0.003662109375,-0.7324218153953552,0.0610351525247097,1.220703125
0.128173828125,-0.9996337890625,0.002197265625,-1.2817381620407104,0.7934569716453552,1.8310545682907104
0.12060546875,-0.99951171875,-0.0045166015625,-0.7324218153953552,0.4882812201976776,3.295898199081421
0.1162109375,-1.002197265625,-0.006103515625,-0.4882812201976776,0.1220703050494194,3.601073980331421
0.1129150390625,-1.002685546875,-0.0062255859375,-0.54931640625,-0.54931640625,3.723144292831421
0.107421875,-1.0,-0.005126953125,-0.7324218153953552,-1.15966796875,3.967284917831421
0.1004638671875,-0.9986572265625,-0.00341796875,-0.9155272841453552,-0.7324218153953552,4.0283203125
0.0977783203125,-1.0001220703125,-0.001220703125,-0.9155272841453552,0.4882812201976776,3.479003667831421
0.0992431640625,-1.00048828125,0.0003662109375,-0.9155272841453552,1.3427733182907104,2.563476324081421
0.09765625,-0.9970703125,-0.0009765625,-1.03759765625,1.220703125,1.220703125
0.096435546875,-0.9986572265625,-0.002685546875,-1.15966796875,1.6479490995407104,0.30517578125
0.10205078125,-1.005126953125,-0.004638671875,-1.5258787870407104,2.563476324081421,-0.4882812201976776
0.109130859375,-1.0084228515625,-0.0091552734375,-1.9531248807907104,2.3193359375,-0.3662109076976776
0.1103515625,-1.0023193359375,-0.015380859375,-1.6479490995407104,0.6713866591453552,0.7324218153953552
0.1029052734375,-0.996826171875,-0.018798828125,-0.54931640625,-0.1831054538488388,1.9531248807907104
0.09912109375,-1.00048828125,-0.0179443359375,0.1831054538488388,0.8544921278953552,2.624511480331421
0.10009765625,-1.0067138671875,-0.0181884765625,0.0610351525247097,1.9531248807907104,2.868652105331421
0.0814208984375,-0.99755859375,-0.0003662109375,-0.0,-2.13623046875,3.540038824081421
0.078857421875,-0.9996337890625,0.0010986328125,0.0610351525247097,-1.2817381620407104,2.990722417831421
0.0819091796875,-1.00146484375,-0.0042724609375,0.0610351525247097,0.0610351525247097,2.01416015625
0.0845947265625,-1.0028076171875,-0.0096435546875,0.0610351525247097,0.6103515625,1.3427733182907104
0.0833740234375,-1.00390625,-0.0101318359375,-0.0610351525247097,0.7324218153953552,1.3427733182907104
0.081787109375,-1.0030517578125,-0.0091552734375,-0.30517578125,0.7934569716453552,1.4038084745407104
0.0804443359375,-1.0008544921875,-0.0089111328125,-0.4272460639476776,0.8544921278953552,1.15966796875
0.080078125,-1.000732421875,-0.0096435546875,-0.4882812201976776,1.03759765625,0.7324218153953552
0.0821533203125,-1.002197265625,-0.0106201171875,-0.54931640625,1.4038084745407104,0.3662109076976776
0.084228515625,-1.003173828125,-0.010498046875,-0.54931640625,1.4648436307907104,0.1831054538488388
0.0831298828125,-1.003662109375,-0.0098876953125,-0.6103515625,1.3427733182907104,0.3662109076976776
0.079833984375,-1.0035400390625,-0.0096435546875,-0.8544921278953552,1.03759765625,0.54931640625
0.0843505859375,-1.0018310546875,-0.014404296875,-0.30517578125,1.4648436307907104,0.4272460639476776
0.081787109375,-1.0042724609375,-0.0169677734375,-0.2441406100988388,1.3427733182907104,0.9155272841453552
0.079345703125,-1.0048828125,-0.01513671875,-0.0610351525247097,0.6103515625,1.03759765625
0.0782470703125,-1.003173828125,-0.0115966796875,-0.0610351525247097,0.0610351525247097,0.9155272841453552
0.077392578125,-1.002685546875,-0.009033203125,-0.2441406100988388,0.0610351525247097,0.7934569716453552
0.0765380859375,-1.002197265625,-0.0086669921875,-0.30517578125,0.54931640625,0.7324218153953552
0.0767822265625,-1.0020751953125,-0.0093994140625,-0.2441406100988388,0.9765624403953552,0.54931640625
0.0777587890625,-1.0029296875,-0.010498046875,-0.1220703050494194,1.15966796875,0.3662109076976776
0.0771484375,-1.0035400390625,-0.0115966796875,-0.1831054538488388,1.5258787870407104,0.4272460639476776
0.07666015625,-1.004638671875,-0.0123291015625,-0.7324218153953552,1.6479490995407104,0.54931640625
0.078369140625,-1.0029296875,-0.0128173828125,-0.6103515625,0.9765624403953552,0.4272460639476776
0.079345703125,-1.0018310546875,-0.01220703125,-0.0610351525247097,0.54931640625,0.2441406100988388
0.078125,-1.004150390625,-0.0137939453125,0.2441406100988388,0.7324218153953552,0.30517578125
0.0772705078125,-1.0068359375,-0.017333984375,0.1831054538488388,0.9765624403953552,0.7324218153953552
0.0767822265625,-1.00634765625,-0.018310546875,0.1220703050494194,0.7934569716453552,1.5869139432907104
0.0731201171875,-1.0023193359375,-0.01513671875,0.30517578125,0.0610351525247097,2.197265625
0.067138671875,-0.999267578125,-0.0089111328125,0.4882812201976776,-0.9155272841453552,2.01416015625
0.067138671875,-1.0010986328125,-0.004150390625,0.2441406100988388,-1.03759765625,0.2441406100988388
0.0697021484375,-1.0015869140625,-0.0079345703125,0.2441406100988388,-0.3662109076976776,-0.54931640625
0.0687255859375,-1.00439453125,-0.0111083984375,0.4272460639476776,0.1220703050494194,-1.0986328125
0.0689697265625,-1.0067138671875,-0.0130615234375,0.6103515625,0.30517578125,-1.4648436307907104
0.077392578125,-1.0030517578125,-0.0107421875,0.2441406100988388,-1.03759765625,-1.4648436307907104
0.0787353515625,-1.0042724609375,-0.0087890625,-0.3662109076976776,-1.3427733182907104,-1.0986328125
0.0802001953125,-1.0037841796875,-0.0087890625,-0.7324218153953552,-1.220703125,-0.9765624403953552
0.0789794921875,-1.000732421875,-0.0098876953125,-0.54931640625,-1.3427733182907104,-1.03759765625
0.075927734375,-1.0015869140625,-0.0103759765625,-0.1831054538488388,-1.6479490995407104,-1.220703125
0.121826171875,-0.9981689453125,-0.0208740234375,0.2441406100988388,1.5869139432907104,0.7324218153953552
0.121337890625,-0.9976806640625,-0.0196533203125,0.4882812201976776,1.0986328125,0.54931640625
0.1212158203125,-0.998046875,-0.017578125,0.6103515625,0.54931640625,0.6103515625
0.12158203125,-0.99853515625,-0.016845703125,0.54931640625,0.6103515625,0.6103515625
0.122314453125,-0.9986572265625,-0.015625,0.4882812201976776,0.8544921278953552,0.54931640625
0.1199951171875,-1.0001220703125,-0.0125732421875,-0.1220703050494194,1.5258787870407104,0.6713866591453552
0.114990234375,-1.00048828125,-0.01611328125,-0.3662109076976776,1.7089842557907104,1.6479490995407104
0.11328125,-1.0009765625,-0.0162353515625,-0.3662109076976776,1.5258787870407104,1.8920897245407104
0.111083984375,-0.9996337890625,-0.015625,-0.30517578125,0.7324218153953552,2.13623046875
0.10986328125,-0.9991455078125,-0.014404296875,-0.2441406100988388,0.3662109076976776,2.25830078125
0.1094970703125,-1.0,-0.01416015625,-0.2441406100988388,0.7934569716453552,2.197265625
0.1075439453125,-1.0003662109375,-0.01513671875,-0.2441406100988388,1.220703125,1.9531248807907104
0.1043701171875,-1.0,-0.0133056640625,0.2441406100988388,1.03759765625,1.4038084745407104
0.1043701171875,-1.0006103515625,-0.01318359375,0.3662109076976776,1.03759765625,1.4648436307907104
0.1041259765625,-1.0001220703125,-0.013427734375,0.4272460639476776,1.15966796875,1.5258787870407104
0.103271484375,-1.0003662109375,-0.0137939453125,0.4882812201976776,1.2817381620407104,1.4038084745407104
0.1021728515625,-1.001708984375,-0.0137939453125,0.54931640625,1.2817381620407104,1.15966796875
0.100341796875,-1.002197265625,-0.012939453125,0.4882812201976776,1.2817381620407104,1.15966796875
0.099853515625,-1.0020751953125,-0.011474609375,0.2441406100988388,1.3427733182907104,1.220703125
0.100830078125,-1.0013427734375,-0.0106201171875,-0.1831054538488388,1.4038084745407104,1.15966796875
0.1005859375,-1.000244140625,-0.011474609375,-0.3662109076976776,1.15966796875,1.15966796875
0.0999755859375,-0.9990234375,-0.0118408203125,0.0610351525247097,0.6713866591453552,1.03759765625
0.0987548828125,-0.9989013671875,-0.011474609375,0.6103515625,0.4272460639476776,0.9155272841453552
0.0950927734375,-0.9986572265625,-0.005126953125,0.8544921278953552,0.1220703050494194,-1.0986328125
0.09521484375,-0.9986572265625,-0.0050048828125,0.7934569716453552,-0.0610351525247097,-1.8310545682907104
0.0947265625,-1.000244140625,-0.0035400390625,0.9155272841453552,-0.7934569716453552,-2.624511480331421
0.0982666015625,-1.002197265625,-0.001220703125,1.15966796875,-1.7700194120407104,-3.601073980331421
0.1044921875,-1.00244140625,-0.001953125,1.3427733182907104,-2.746581792831421,-4.21142578125
0.1107177734375,-1.0018310546875,-0.0042724609375,1.3427733182907104,-3.295898199081421,-4.150390625
0.1142578125,-1.001220703125,-0.0072021484375,1.220703125,-3.051757574081421,-3.540038824081421
0.11474609375,-1.0001220703125,-0.0084228515625,1.0986328125,-2.563476324081421,-2.807616949081421
0.1156005859375,-0.9993896484375,-0.006103515625,1.0986328125,-2.13623046875,-2.50244140625
0.1175537109375,-1.0003662109375,-0.00244140625,0.9765624403953552,-1.9531248807907104,-2.624511480331421
0.120849609375,-1.0015869140625,0.0015869140625,0.8544921278953552,-2.197265625,-2.746581792831421
0.12353515625,-1.0003662109375,0.0037841796875,0.9155272841453552,-2.50244140625,-2.746581792831421
0.124267578125,-0.9989013671875,0.0029296875,0.9765624403953552,-2.50244140625,-2.3193359375
0.12353515625,-0.9996337890625,0.0003662109375,0.9765624403953552,-2.197265625,-1.7700194120407104
0.124755859375,-1.0008544921875,-0.001708984375,0.9155272841453552,-1.7700194120407104,-1.220703125
0.1278076171875,-0.99951171875,-0.0018310546875,0.8544921278953552,-1.4648436307907104,-0.7324218153953552
0.1282958984375,-0.9970703125,-0.0003662109375,0.6713866591453552,-1.5258787870407104,-0.2441406100988388
0.126953125,-0.9976806640625,0.0018310546875,0.3662109076976776,-1.5869139432907104,-0.1220703050494194
0.12548828125,-0.9993896484375,0.00341796875,0.1831054538488388,-1.4038084745407104,-0.3662109076976776
0.1260986328125,-0.99951171875,0.0037841796875,0.1220703050494194,-1.15966796875,-0.4882812201976776
0.1268310546875,-0.9986572265625,0.0032958984375,-0.0,-1.0986328125,-0.0610351525247097
0.1282958984375,-0.9984130859375,0.00341796875,-0.2441406100988388,-0.7934569716453552,0.6103515625
0.1295166015625,-0.9996337890625,0.003662109375,-0.7324218153953552,0.0610351525247097,1.220703125
0.128173828125,-0.9996337890625,0.002197265625,-1.2817381620407104,0.7934569716453552,1.8310545682907104
0.12060546875,-0.99951171875,-0.0045166015625,-0.7324218153953552,0.4882812201976776,3.295898199081421
0.1162109375,-1.002197265625,-0.006103515625,-0.4882812201976776,0.1220703050494194,3.601073980331421
0.1129150390625,-1.002685546875,-0.0062255859375,-0.54931640625,-0.54931640625,3.723144292831421
0.107421875,-1.0,-0.005126953125,-0.7324218153953552,-1.15966796875,3.967284917831421
0.1004638671875,-0.9986572265625,-0.00341796875,-0.9155272841453552,-0.7324218153953552,4.0283203125
0.0977783203125,-1.0001220703125,-0.001220703125,-0.9155272841453552,0.4882812201976776,3.479003667831421
0.0992431640625,-1.00048828125,0.0003662109375,-0.9155272841453552,1.3427733182907104,2.563476324081421
0.09765625,-0.9970703125,-0.0009765625,-1.03759765625,1.220703125,1.220703125
0.096435546875,-0.9986572265625,-0.002685546875,-1.15966796875,1.6479490995407104,0.30517578125
0.10205078125,-1.005126953125,-0.004638671875,-1.5258787870407104,2.563476324081421,-0.4882812201976776
0.109130859375,-1.0084228515625,-0.0091552734375,-1.9531248807907104,2.3193359375,-0.3662109076976776
0.1103515625,-1.0023193359375,-0.015380859375,-1.6479490995407104,0.6713866591453552,0.7324218153953552
0.1029052734375,-0.996826171875,-0.018798828125,-0.54931640625,-0.1831054538488388,1.9531248807907104
0.09912109375,-1.00048828125,-0.0179443359375,0.1831054538488388,0.8544921278953552,2.624511480331421
0.10009765625,-1.0067138671875,-0.0181884765625,0.0610351525247097,1.9531248807907104,2.868652105331421
0.0814208984375,-0.99755859375,-0.0003662109375,-0.0,-2.13623046875,3.540038824081421
0.078857421875,-0.9996337890625,0.0010986328125,0.0610351525247097,-1.2817381620407104,2.990722417831421
0.0819091796875,-1.00146484375,-0.0042724609375,0.0610351525247097,0.0610351525247097,2.01416015625
0.0845947265625,-1.0028076171875,-0.0096435546875,0.0610351525247097,0.6103515625,1.3427733182907104
0.0833740234375,-1.00390625,-0.0101318359375,-0.0610351525247097,0.7324218153953552,1.3427733182907104
0.081787109375,-1.0030517578125,-0.0091552734375,-0.30517578125,0.7934569716453552,1.4038084745407104
0.0804443359375,-1.0008544921875,-0.0089111328125,-0.4272460639476776,0.8544921278953552,1.15966796875
0.080078125,-1.000732421875,-0.0096435546875,-0.4882812201976776,1.03759765625,0.7324218153953552
0.0821533203125,-1.002197265625,-0.0106201171875,-0.54931640625,1.4038084745407104,0.3662109076976776
0.084228515625,-1.003173828125,-0.010498046875,-0.54931640625,1.4648436307907104,0.1831054538488388
0.0831298828125,-1.003662109375,-0.0098876953125,-0.6103515625,1.3427733182907104,0.3662109076976776
0.079833984375,-1.0035400390625,-0.0096435546875,-0.8544921278953552,1.03759765625,0.54931640625
0.0843505859375,-1.0018310546875,-0.014404296875,-0.30517578125,1.4648436307907104,0.4272460639476776
0.081787109375,-1.0042724609375,-0.0169677734375,-0.2441406100988388,1.3427733182907104,0.9155272841453552
0.079345703125,-1.0048828125,-0.01513671875,-0.0610351525247097,0.6103515625,1.03759765625
0.0782470703125,-1.003173828125,-0.0115966796875,-0.0610351525247097,0.0610351525247097,0.9155272841453552
0.077392578125,-1.002685546875,-0.009033203125,-0.2441406100988388,0.0610351525247097,0.7934569716453552
0.0765380859375,-1.002197265625,-0.0086669921875,-0.30517578125,0.54931640625,0.7324218153953552
0.0767822265625,-1.0020751953125,-0.0093994140625,-0.2441406100988388,0.9765624403953552,0.54931640625
0.0777587890625,-1.0029296875,-0.010498046875,-0.1220703050494194,1.15966796875,0.3662109076976776
0.0771484375,-1.0035400390625,-0.0115966796875,-0.1831054538488388,1.5258787870407104,0.4272460639476776
0.07666015625,-1.004638671875,-0.0123291015625,-0.7324218153953552,1.6479490995407104,0.54931640625
0.078369140625,-1.0029296875,-0.0128173828125,-0.6103515625,0.9765624403953552,0.4272460639476776
0.079345703125,-1.0018310546875,-0.01220703125,-0.0610351525247097,0.54931640625,0.2441406100988388
0.078125,-1.004150390625,-0.0137939453125,0.2441406100988388,0.7324218153953552,0.30517578125
0.0772705078125,-1.0068359375,-0.017333984375,0.1831054538488388,0.9765624403953552,0.7324218153953552
0.0767822265625,-1.00634765625,-0.018310546875,0.1220703050494194,0.7934569716453552,1.5869139432907104
0.0731201171875,-1.0023193359375,-0.01513671875,0.30517578125,0.0610351525247097,2.197265625
0.067138671875,-0.999267578125,-0.0089111328125,0.4882812201976776,-0.9155272841453552,2.01416015625
0.067138671875,-1.0010986328125,-0.004150390625,0.2441406100988388,-1.03759765625,0.2441406100988388
0.0697021484375,-1.0015869140625,-0.0079345703125,0.2441406100988388,-0.3662109076976776,-0.54931640625
0.0687255859375,-1.00439453125,-0.0111083984375,0.4272460639476776,0.1220703050494194,-1.0986328125
0.0689697265625,-1.0067138671875,-0.0130615234375,0.6103515625,0.30517578125,-1.4648436307907104
0.077392578125,-1.0030517578125,-0.0107421875,0.2441406100988388,-1.03759765625,-1.4648436307907104
0.0787353515625,-1.0042724609375,-0.0087890625,-0.3662109076976776,-1.3427733182907104,-1.0986328125
0.0802001953125,-1.0037841796875,-0.0087890625,-0.7324218153953552,-1.220703125,-0.9765624403953552
0.0789794921875,-1.000732421875,-0.0098876953125,-0.54931640625,-1.3427733182907104,-1.03759765625
0.075927734375,-1.0015869140625,-0.0103759765625,-0.1831054538488388,-1.6479490995407104,-1.220703125
0.0767822265625,-1.0045166015625,-0.0111083984375,-0.0610351525247097,-2.01416015625,-1.4648436307907104
0.079345703125,-1.0040283203125,-0.012451171875,-0.0610351525247097,-2.50244140625,-1.6479490995407104
0.0814208984375,-1.001953125,-0.0135498046875,-0.1220703050494194,-2.807616949081421,-1.8310545682907104
0.086181640625,-1.0025634765625,-0.012451171875,-0.1831054538488388,-2.990722417831421,-1.9531248807907104
0.089111328125,-1.0035400390625,-0.010009765625,-0.2441406100988388,-2.685546636581421,-1.5869139432907104
0.086181640625,-1.00244140625,-0.0091552734375,-0.3662109076976776,-1.8920897245407104,-0.9155272841453552
0.08544921875,-1.001953125,-0.009033203125,-0.4272460639476776,-1.3427733182907104,-0.7324218153953552
0.088134765625,-1.002197265625,-0.0106201171875,-0.3662109076976776,-0.8544921278953552,-0.7324218153953552
0.0877685546875,-1.0018310546875,-0.0135498046875,-0.30517578125,-0.3662109076976776,-0.3662109076976776
0.0841064453125,-1.0023193359375,-0.0152587890625,-0.1831054538488388,-0.1220703050494194,-0.0610351525247097
0.0821533203125,-1.002685546875,-0.0147705078125,-0.0,-0.4882812201976776,-0.0610351525247097
0.08447265625,-1.001220703125,-0.0126953125,0.1220703050494194,-1.03759765625,-0.1831054538488388
0.0889892578125,-1.00048828125,-0.0113525390625,0.1220703050494194,-1.15966796875,-0.1831054538488388
0.0914306640625,-1.0013427734375,-0.0113525390625,-0.1220703050494194,-0.8544921278953552,-0.0610351525247097
0.085693359375,-1.001953125,-0.0128173828125,-0.0,0.6103515625,0.1220703050494194
0.08642578125,-1.001708984375,-0.01318359375,-0.0610351525247097,0.4882812201976776,-0.0610351525247097
0.0853271484375,-1.001708984375,-0.0130615234375,-0.1220703050494194,0.4272460639476776,-0.0610351525247097
0.08642578125,-1.0003662109375,-0.0123291015625,-0.9155272841453552,0.8544921278953552,0.2441406100988388
0.0865478515625,-1.0008544921875,-0.014892578125,-0.6713866591453552,0.7934569716453552,0.2441406100988388
0.0892333984375,-1.0040283203125,-0.0184326171875,-0.4272460639476776,1.03759765625,-0.0610351525247097
0.0888671875,-1.00537109375,-0.0201416015625,-0.30517578125,0.7934569716453552,0.1831054538488388
0.0794677734375,-1.00244140625,-0.014892578125,-0.1831054538488388,-0.4882812201976776,1.4038084745407104
0.079833984375,-1.0009765625,-0.0118408203125,-0.1831054538488388,-0.1220703050494194,1.4038084745407104
0.081298828125,-1.00048828125,-0.011474609375,-0.1831054538488388,0.54931640625,1.03759765625
0.0819091796875,-1.002197265625,-0.0123291015625,-0.1831054538488388,0.9765624403953552,0.54931640625
0.0804443359375,-1.0032958984375,-0.0135498046875,-0.2441406100988388,0.7324218153953552,0.2441406100988388
0.0791015625,-1.0025634765625,-0.0152587890625,-0.1831054538488388,0.3662109076976776,0.1220703050494194
0.0806884765625,-1.0025634765625,-0.016357421875,-0.1831054538488388,0.54931640625,-0.1220703050494194
0.083251953125,-1.0032958984375,-0.0174560546875,-0.2441406100988388,0.9765624403953552,-0.2441406100988388
0.0799560546875,-1.003173828125,-0.012939453125,-0.6713866591453552,0.7934569716453552,0.1220703050494194
0.0816650390625,-1.00390625,-0.012939453125,-0.9155272841453552,1.220703125,-0.0610351525247097
0.083251953125,-1.0029296875,-0.015380859375,-0.9155272841453552,1.5258787870407104,0.0
0.08251953125,-1.0028076171875,-0.0177001953125,-0.4882812201976776,1.3427733182907104,0.2441406100988388
0.079833984375,-1.0032958984375,-0.022216796875,0.1220703050494194,0.3662109076976776,0.6713866591453552
0.080810546875,-1.00341796875,-0.0216064453125,0.1831054538488388,0.1831054538488388,0.8544921278953552
0.0814208984375,-1.0029296875,-0.018310546875,0.2441406100988388,0.1220703050494194,1.03759765625
0.075439453125,-1.002685546875,-0.0108642578125,0.2441406100988388,0.9155272841453552,0.7934569716453552
0.0777587890625,-1.0030517578125,-0.0125732421875,0.2441406100988388,1.03759765625,0.54931640625
0.0784912109375,-1.0032958984375,-0.01513671875,0.1831054538488388,1.0986328125,0.4272460639476776
0.0777587890625,-1.004638671875,-0.0166015625,-0.0,1.3427733182907104,0.2441406100988388
0.07763671875,-1.0048828125,-0.017333984375,-0.30517578125,1.3427733182907104,0.30517578125
0.0771484375,-1.0029296875,-0.0172119140625,-0.4882812201976776,1.03759765625,0.6103515625
0.076904296875,-1.002197265625,-0.0166015625,-0.4882812201976776,0.9155272841453552,0.9155272841453552
0.0767822265625,-1.0029296875,-0.0172119140625,-0.4272460639476776,0.9765624403953552,1.0986328125
0.0745849609375,-1.0032958984375,-0.01806640625,-0.3662109076976776,0.8544921278953552,1.220703125
0.07177734375,-1.0032958984375,-0.0169677734375,-0.2441406100988388,0.6103515625,1.0986328125
0.0701904296875,-1.00341796875,-0.0157470703125,-0.1831054538488388,0.54931640625,0.9155272841453552
0.071044921875,-1.003662109375,-0.0150146484375,0.2441406100988388,0.7324218153953552,0.1831054538488388
0.070556640625,-1.0037841796875,-0.015625,0.2441406100988388,0.6713866591453552,0.0610351525247097
0.0711669921875,-1.0040283203125,-0.0162353515625,0.1220703050494194,0.7324218153953552,0.0
0.0728759765625,-1.0042724609375,-0.0159912109375,0.1220703050494194,0.7324218153953552,-0.0610351525247097
0.0732421875,-1.0028076171875,-0.01513671875,0.1831054538488388,0.6103515625,0.1220703050494194
0.071533203125,-1.0018310546875,-0.0147705078125,0.0610351525247097,0.4272460639476776,0.3662109076976776
0.0701904296875,-1.0032958984375,-0.01513671875,-0.1220703050494194,0.54931640625,0.4882812201976776
0.0704345703125,-1.003662109375,-0.0145263671875,-0.2441406100988388,0.6103515625,0.4882812201976776
0.0706787109375,-1.0032958984375,-0.0147705078125,-0.30517578125,0.4882812201976776,0.6103515625
0.070068359375,-1.0042724609375,-0.0155029296875,-0.30517578125,0.3662109076976776,0.7934569716453552
0.066650390625,-1.0028076171875,-0.0159912109375,-0.30517578125,-0.3662109076976776,0.9155272841453552
0.0660400390625,-1.0029296875,-0.015869140625,-0.3662109076976776,-0.4272460639476776,0.6103515625
0.06640625,-1.004638671875,-0.0159912109375,-0.6103515625,-0.2441406100988388,0.3662109076976776
0.06640625,-1.00439453125,-0.0167236328125,-0.8544921278953552,-0.4882812201976776,0.2441406100988388
0.070068359375,-1.0089111328125,-0.0189208984375,-0.7324218153953552,-2.868652105331421,0.0
0.0565185546875,-1.0068359375,-0.0286865234375,-3.356933355331421,-1.220703125,5.187987804412842
0.0567626953125,-1.008544921875,-0.0330810546875,-3.723144292831421,-1.03759765625,5.737304210662842
0.05517578125,-1.009765625,-0.0352783203125,-4.0283203125,-1.7700194120407104,6.774901866912842
0.0384521484375,-1.0089111328125,-0.042236328125,-5.310058116912842,-3.540038824081421,11.352538108825684
0.029052734375,-1.0074462890625,-0.0501708984375,-5.798339366912842,-2.563476324081421,13.427733421325684
0.0213623046875,-1.00634765625,-0.0540771484375,-5.554198741912842,-1.9531248807907104,14.282225608825684
0.0115966796875,-1.008544921875,-0.05517578125,-4.8828125,-2.38037109375,14.648436546325684
-0.000244140625,-1.009521484375,-0.0555419921875,-4.0283203125,-2.807616949081421,15.319823265075684
-0.023193359375,-1.010498046875,-0.0560302734375,-2.746581792831421,-0.54931640625,17.9443359375
-0.0306396484375,-1.009765625,-0.0609130859375,-2.807616949081421,1.03759765625,20.690916061401367
-0.0435791015625,-1.009033203125,-0.0689697265625,-2.990722417831421,2.746581792831421,23.681638717651367
-0.06298828125,-1.0115966796875,-0.07568359375,-2.807616949081421,4.08935546875,26.123044967651367
-0.0858154296875,-1.0078125,-0.076416015625,-1.7700194120407104,3.784179449081421,28.259275436401367
-0.113525390625,-0.9954833984375,-0.0743408203125,-0.1831054538488388,2.685546636581421,30.212400436401367
-0.148193359375,-0.985107421875,-0.0726318359375,1.3427733182907104,1.6479490995407104,31.555173873901367
-0.1817626953125,-0.9764404296875,-0.0692138671875,2.746581792831421,1.03759765625,31.738279342651367
-0.20703125,-0.97265625,-0.064453125,3.967284917831421,1.4648436307907104,31.616209030151367
-0.3182373046875,-0.93359375,-0.040283203125,1.6479490995407104,-2.868652105331421,19.4091796875
-0.32861328125,-0.93798828125,-0.0350341796875,0.7324218153953552,-3.845214605331421,14.770506858825684
-0.333251953125,-0.9376220703125,-0.0335693359375,-0.7324218153953552,-3.540038824081421,11.352538108825684
-0.3370361328125,-0.9290771484375,-0.0369873046875,-1.5258787870407104,-2.746581792831421,7.995604991912842
-0.3363037109375,-0.9285888671875,-0.0377197265625,-1.2817381620407104,-2.44140625,3.295898199081421
-0.3289794921875,-0.938720703125,-0.0369873046875,-1.0986328125,-1.6479490995407104,-1.4038084745407104
-0.3199462890625,-0.958984375,-0.0484619140625,-2.990722417831421,3.234863042831421,-4.7607421875
-0.309814453125,-0.9595947265625,-0.0419921875,-2.38037109375,2.44140625,-4.21142578125
-0.2943115234375,-0.9532470703125,-0.041259765625,-1.8310545682907104,3.295898199081421,-3.540038824081421
-0.278076171875,-0.95361328125,-0.0516357421875,-1.7700194120407104,6.408690929412842,-3.662109136581421
-0.2762451171875,-0.9615478515625,-0.0711669921875,-2.25830078125,10.009765625,-4.150390625
-0.2955322265625,-0.969970703125,-0.0845947265625,-2.44140625,9.82666015625,-3.540038824081421
-0.3104248046875,-0.9752197265625,-0.0787353515625,-1.220703125,3.662109136581421,-1.9531248807907104
-0.303955078125,-0.96630859375,-0.064208984375,0.1831054538488388,-2.868652105331421,-0.30517578125
-0.2802734375,-0.9517822265625,-0.0601806640625,0.1220703050494194,-3.845214605331421,0.7934569716453552
-0.261962890625,-0.9508056640625,-0.0718994140625,-1.15966796875,-0.2441406100988388,0.6713866591453552
-0.2740478515625,-0.9600830078125,-0.082763671875,-2.01416015625,2.0751953125,-0.1831054538488388
-0.2926025390625,-0.939697265625,-0.0430908203125,0.9155272841453552,-2.563476324081421,4.39453125
-0.273681640625,-0.946044921875,-0.0672607421875,-0.9155272841453552,6.286620616912842,3.662109136581421
-0.286865234375,-0.9591064453125,-0.087158203125,-1.7089842557907104,9.1552734375,2.0751953125
-0.3201904296875,-0.9649658203125,-0.0806884765625,-0.1831054538488388,2.25830078125,1.03759765625
0.0767822265625,-1.0045166015625,-0.0111083984375,-0.0610351525247097,-2.01416015625,-1.4648436307907104
0.079345703125,-1.0040283203125,-0.012451171875,-0.0610351525247097,-2.50244140625,-1.6479490995407104
0.0814208984375,-1.001953125,-0.0135498046875,-0.1220703050494194,-2.807616949081421,-1.8310545682907104
0.086181640625,-1.0025634765625,-0.012451171875,-0.1831054538488388,-2.990722417831421,-1.9531248807907104
0.089111328125,-1.0035400390625,-0.010009765625,-0.2441406100988388,-2.685546636581421,-1.5869139432907104
0.086181640625,-1.00244140625,-0.0091552734375,-0.3662109076976776,-1.8920897245407104,-0.9155272841453552
0.08544921875,-1.001953125,-0.009033203125,-0.4272460639476776,-1.3427733182907104,-0.7324218153953552
0.088134765625,-1.002197265625,-0.0106201171875,-0.3662109076976776,-0.8544921278953552,-0.7324218153953552
0.0877685546875,-1.0018310546875,-0.0135498046875,-0.30517578125,-0.3662109076976776,-0.3662109076976776
0.0841064453125,-1.0023193359375,-0.0152587890625,-0.1831054538488388,-0.1220703050494194,-0.0610351525247097
0.0821533203125,-1.002685546875,-0.0147705078125,-0.0,-0.4882812201976776,-0.0610351525247097
0.08447265625,-1.001220703125,-0.0126953125,0.1220703050494194,-1.03759765625,-0.1831054538488388
0.0889892578125,-1.00048828125,-0.0113525390625,0.1220703050494194,-1.15966796875,-0.1831054538488388
0.0914306640625,-1.0013427734375,-0.0113525390625,-0.1220703050494194,-0.8544921278953552,-0.0610351525247097
0.085693359375,-1.001953125,-0.0128173828125,-0.0,0.6103515625,0.1220703050494194
0.08642578125,-1.001708984375,-0.01318359375,-0.0610351525247097,0.4882812201976776,-0.0610351525247097
0.0853271484375,-1.001708984375,-0.0130615234375,-0.1220703050494194,0.4272460639476776,-0.0610351525247097
0.08642578125,-1.0003662109375,-0.0123291015625,-0.9155272841453552,0.8544921278953552,0.2441406100988388
0.0865478515625,-1.0008544921875,-0.014892578125,-0.6713866591453552,0.7934569716453552,0.2441406100988388
0.0892333984375,-1.0040283203125,-0.0184326171875,-0.4272460639476776,1.03759765625,-0.0610351525247097
0.0888671875,-1.00537109375,-0.0201416015625,-0.30517578125,0.7934569716453552,0.1831054538488388
0.0794677734375,-1.00244140625,-0.014892578125,-0.1831054538488388,-0.4882812201976776,1.4038084745407104
0.079833984375,-1.0009765625,-0.0118408203125,-0.1831054538488388,-0.1220703050494194,1.4038084745407104
0.081298828125,-1.00048828125,-0.011474609375,-0.1831054538488388,0.54931640625,1.03759765625
0.0819091796875,-1.002197265625,-0.0123291015625,-0.1831054538488388,0.9765624403953552,0.54931640625
0.0804443359375,-1.0032958984375,-0.0135498046875,-0.2441406100988388,0.7324218153953552,0.2441406100988388
0.0791015625,-1.0025634765625,-0.0152587890625,-0.1831054538488388,0.3662109076976776,0.1220703050494194
0.0806884765625,-1.0025634765625,-0.016357421875,-0.1831054538488388,0.54931640625,-0.1220703050494194
0.083251953125,-1.0032958984375,-0.0174560546875,-0.2441406100988388,0.9765624403953552,-0.2441406100988388
0.0799560546875,-1.003173828125,-0.012939453125,-0.6713866591453552,0.7934569716453552,0.1220703050494194
0.0816650390625,-1.00390625,-0.012939453125,-0.9155272841453552,1.220703125,-0.0610351525247097
0.083251953125,-1.0029296875,-0.015380859375,-0.9155272841453552,1.5258787870407104,0.0
0.08251953125,-1.0028076171875,-0.0177001953125,-0.4882812201976776,1.3427733182907104,0.2441406100988388
0.079833984375,-1.0032958984375,-0.022216796875,0.1220703050494194,0.3662109076976776,0.6713866591453552
0.080810546875,-1.00341796875,-0.0216064453125,0.1831054538488388,0.1831054538488388,0.8544921278953552
0.0814208984375,-1.0029296875,-0.018310546875,0.2441406100988388,0.1220703050494194,1.03759765625
0.075439453125,-1.002685546875,-0.0108642578125,0.2441406100988388,0.9155272841453552,0.7934569716453552
0.0777587890625,-1.0030517578125,-0.0125732421875,0.2441406100988388,1.03759765625,0.54931640625
0.0784912109375,-1.0032958984375,-0.01513671875,0.1831054538488388,1.0986328125,0.4272460639476776
0.0777587890625,-1.004638671875,-0.0166015625,-0.0,1.3427733182907104,0.2441406100988388
0.07763671875,-1.0048828125,-0.017333984375,-0.30517578125,1.3427733182907104,0.30517578125
0.0771484375,-1.0029296875,-0.0172119140625,-0.4882812201976776,1.03759765625,0.6103515625
0.076904296875,-1.002197265625,-0.0166015625,-0.4882812201976776,0.9155272841453552,0.9155272841453552
0.0767822265625,-1.0029296875,-0.0172119140625,-0.4272460639476776,0.9765624403953552,1.0986328125
0.0745849609375,-1.0032958984375,-0.01806640625,-0.3662109076976776,0.8544921278953552,1.220703125
0.07177734375,-1.0032958984375,-0.0169677734375,-0.2441406100988388,0.6103515625,1.0986328125
0.0701904296875,-1.00341796875,-0.0157470703125,-0.1831054538488388,0.54931640625,0.9155272841453552
0.071044921875,-1.003662109375,-0.0150146484375,0.2441406100988388,0.7324218153953552,0.1831054538488388
0.070556640625,-1.0037841796875,-0.015625,0.2441406100988388,0.6713866591453552,0.0610351525247097
0.0711669921875,-1.0040283203125,-0.0162353515625,0.1220703050494194,0.7324218153953552,0.0
0.0728759765625,-1.0042724609375,-0.0159912109375,0.1220703050494194,0.7324218153953552,-0.0610351525247097
0.0732421875,-1.0028076171875,-0.01513671875,0.1831054538488388,0.6103515625,0.1220703050494194
0.071533203125,-1.0018310546875,-0.0147705078125,0.0610351525247097,0.4272460639476776,0.3662109076976776
0.0701904296875,-1.0032958984375,-0.01513671875,-0.1220703050494194,0.54931640625,0.4882812201976776
0.0704345703125,-1.003662109375,-0.0145263671875,-0.2441406100988388,0.6103515625,0.4882812201976776
0.0706787109375,-1.0032958984375,-0.0147705078125,-0.30517578125,0.4882812201976776,0.6103515625
0.070068359375,-1.0042724609375,-0.0155029296875,-0.30517578125,0.3662109076976776,0.7934569716453552
0.066650390625,-1.0028076171875,-0.0159912109375,-0.30517578125,-0.3662109076976776,0.9155272841453552
0.0660400390625,-1.0029296875,-0.015869140625,-0.3662109076976776,-0.4272460639476776,0.6103515625
0.06640625,-1.004638671875,-0.0159912109375,-0.6103515625,-0.2441406100988388,0.3662109076976776
0.06640625,-1.00439453125,-0.0167236328125,-0.8544921278953552,-0.4882812201976776,0.2441406100988388
0.070068359375,-1.0089111328125,-0.0189208984375,-0.7324218153953552,-2.868652105331421,0.0
0.0565185546875,-1.0068359375,-0.0286865234375,-3.356933355331421,-1.220703125,5.187987804412842
0.0567626953125,-1.008544921875,-0.0330810546875,-3.723144292831421,-1.03759765625,5.737304210662842
0.05517578125,-1.009765625,-0.0352783203125,-4.0283203125,-1.7700194120407104,6.774901866912842
0.0384521484375,-1.0089111328125,-0.042236328125,-5.310058116912842,-3.540038824081421,11.352538108825684
0.029052734375,-1.0074462890625,-0.0501708984375,-5.798339366912842,-2.563476324081421,13.427733421325684
0.0213623046875,-1.00634765625,-0.0540771484375,-5.554198741912842,-1.9531248807907104,14.282225608825684
0.0115966796875,-1.008544921875,-0.05517578125,-4.8828125,-2.38037109375,14.648436546325684
-0.000244140625,-1.009521484375,-0.0555419921875,-4.0283203125,-2.807616949081421,15.319823265075684
-0.023193359375,-1.010498046875,-0.0560302734375,-2.746581792831421,-0.54931640625,17.9443359375
-0.0306396484375,-1.009765625,-0.0609130859375,-2.807616949081421,1.03759765625,20.690916061401367
-0.0435791015625,-1.009033203125,-0.0689697265625,-2.990722417831421,2.746581792831421,23.681638717651367
-0.06298828125,-1.0115966796875,-0.07568359375,-2.807616949081421,4.08935546875,26.123044967651367
-0.0858154296875,-1.0078125,-0.076416015625,-1.7700194120407104,3.784179449081421,28.259275436401367
-0.113525390625,-0.9954833984375,-0.0743408203125,-0.1831054538488388,2.685546636581421,30.212400436401367
-0.148193359375,-0.985107421875,-0.0726318359375,1.3427733182907104,1.6479490995407104,31.555173873901367
-0.1817626953125,-0.9764404296875,-0.0692138671875,2.746581792831421,1.03759765625,31.738279342651367
-0.20703125,-0.97265625,-0.064453125,3.967284917831421,1.4648436307907104,31.616209030151367
-0.3182373046875,-0.93359375,-0.040283203125,1.6479490995407104,-2.868652105331421,19.4091796875
-0.32861328125,-0.93798828125,-0.0350341796875,0.7324218153953552,-3.845214605331421,14.770506858825684
-0.333251953125,-0.9376220703125,-0.0335693359375,-0.7324218153953552,-3.540038824081421,11.352538108825684
-0.3370361328125,-0.9290771484375,-0.0369873046875,-1.5258787870407104,-2.746581792831421,7.995604991912842
-0.3363037109375,-0.9285888671875,-0.0377197265625,-1.2817381620407104,-2.44140625,3.295898199081421
-0.3289794921875,-0.938720703125,-0.0369873046875,-1.0986328125,-1.6479490995407104,-1.4038084745407104
-0.3199462890625,-0.958984375,-0.0484619140625,-2.990722417831421,3.234863042831421,-4.7607421875
-0.309814453125,-0.9595947265625,-0.0419921875,-2.38037109375,2.44140625,-4.21142578125
-0.2943115234375,-0.9532470703125,-0.041259765625,-1.8310545682907104,3.295898199081421,-3.540038824081421
-0.278076171875,-0.95361328125,-0.0516357421875,-1.7700194120407104,6.408690929412842,-3.662109136581421
-0.2762451171875,-0.9615478515625,-0.0711669921875,-2.25830078125,10.009765625,-4.150390625
-0.2955322265625,-0.969970703125,-0.0845947265625,-2.44140625,9.82666015625,-3.540038824081421
-0.3104248046875,-0.9752197265625,-0.0787353515625,-1.220703125,3.662109136581421,-1.9531248807907104
-0.303955078125,-0.96630859375,-0.064208984375,0.1831054538488388,-2.868652105331421,-0.30517578125
-0.2802734375,-0.9517822265625,-0.0601806640625,0.1220703050494194,-3.845214605331421,0.7934569716453552
-0.261962890625,-0.9508056640625,-0.0718994140625,-1.15966796875,-0.2441406100988388,0.6713866591453552
-0.2740478515625,-0.9600830078125,-0.082763671875,-2.01416015625,2.0751953125,-0.1831054538488388
-0.2926025390625,-0.939697265625,-0.0430908203125,0.9155272841453552,-2.563476324081421,4.39453125
-0.273681640625,-0.946044921875,-0.0672607421875,-0.9155272841453552,6.286620616912842,3.662109136581421
-0.286865234375,-0.9591064453125,-0.087158203125,-1.7089842557907104,9.1552734375,2.0751953125
-0.3201904296875,-0.9649658203125,-0.0806884765625,-0.1831054538488388,2.25830078125,1.03759765625
-0.340087890625,-0.9613037109375,-0.055419921875,2.197265625,-7.019042491912842,1.220703125
-0.329345703125,-0.9453125,-0.03857421875,2.807616949081421,-8.6669921875,2.746581792831421
-0.3004150390625,-0.935546875,-0.0474853515625,1.15966796875,-1.4648436307907104,3.723144292831421
-0.283203125,-0.9453125,-0.0712890625,-0.9765624403953552,7.568358898162842,2.38037109375
-0.323974609375,-0.966064453125,-0.0687255859375,0.6713866591453552,0.3662109076976776,-1.5258787870407104
-0.33984375,-0.9560546875,-0.0478515625,2.624511480331421,-7.934569835662842,-0.8544921278953552
-0.3251953125,-0.9398193359375,-0.03759765625,2.44140625,-7.812499523162842,0.6103515625
-0.29638671875,-0.9405517578125,-0.0496826171875,0.2441406100988388,0.1831054538488388,0.7934569716453552
-0.2855224609375,-0.9566650390625,-0.0718994140625,-1.5869139432907104,7.629394054412842,-0.54931640625
-0.30419921875,-0.9649658203125,-0.0760498046875,-1.0986328125,5.615233898162842,-2.0751953125
-0.337646484375,-0.9530029296875,-0.031982421875,2.0751953125,-8.60595703125,-0.54931640625
-0.3128662109375,-0.9471435546875,-0.0302734375,0.9765624403953552,-3.784179449081421,1.5869139432907104
-0.282958984375,-0.9473876953125,-0.0546875,-1.3427733182907104,6.469726085662842,2.44140625
-0.27978515625,-0.9544677734375,-0.0799560546875,-2.38037109375,10.864256858825684,0.6713866591453552
-0.3076171875,-0.96533203125,-0.0810546875,-1.03759765625,4.57763671875,-1.9531248807907104
-0.3349609375,-0.9661865234375,-0.0596923828125,1.03759765625,-5.676269054412842,-2.0751953125
-0.3311767578125,-0.951416015625,-0.0404052734375,1.4038084745407104,-9.3994140625,0.1220703050494194
-0.30419921875,-0.9412841796875,-0.044921875,-0.3662109076976776,-3.601073980331421,1.7700194120407104
-0.288818359375,-0.956298828125,-0.0777587890625,-2.563476324081421,6.225585460662842,-1.2817381620407104
-0.317138671875,-0.966552734375,-0.06640625,-0.54931640625,-0.2441406100988388,-2.44140625
-0.333740234375,-0.964111328125,-0.044921875,1.7089842557907104,-7.873534679412842,-1.5869139432907104
-0.3211669921875,-0.94775390625,-0.036865234375,2.13623046875,-8.36181640625,0.0
-0.294189453125,-0.9390869140625,-0.0511474609375,0.7324218153953552,-1.2817381620407104,0.4272460639476776
-0.2808837890625,-0.9478759765625,-0.071533203125,-0.54931640625,5.676269054412842,-1.03759765625
-0.2947998046875,-0.9639892578125,-0.074951171875,0.0610351525247097,5.187987804412842,-3.173827886581421
-0.3194580078125,-0.9720458984375,-0.05615234375,2.25830078125,-2.746581792831421,-3.723144292831421
-0.325927734375,-0.9583740234375,-0.031494140625,4.21142578125,-10.375975608825684,-2.38037109375
-0.3089599609375,-0.9365234375,-0.0235595703125,3.967284917831421,-10.620116233825684,-1.15966796875
-0.283203125,-0.930908203125,-0.0352783203125,2.25830078125,-5.065917491912842,-3.295898199081421
-0.26953125,-0.942138671875,-0.0484619140625,1.8920897245407104,-1.03759765625,-9.82666015625
-0.279541015625,-0.9561767578125,-0.04833984375,3.295898199081421,-1.8310545682907104,-16.41845703125
-0.294677734375,-0.9647216796875,-0.0318603515625,5.554198741912842,-6.347655773162842,-19.83642578125
-0.2713623046875,-0.9609375,-0.0048828125,4.82177734375,-9.46044921875,-21.301267623901367
-0.162841796875,-0.986083984375,-0.006591796875,-0.4272460639476776,-1.5869139432907104,-28.259275436401367
-0.1522216796875,-0.981689453125,-0.0130615234375,-0.30517578125,-2.807616949081421,-32.2265625
-0.1314697265625,-0.97998046875,-0.0234375,-1.15966796875,-1.220703125,-36.1328125
-0.101318359375,-0.986572265625,-0.0294189453125,-2.0751953125,1.6479490995407104,-40.283199310302734
-0.0723876953125,-0.9996337890625,-0.0328369140625,-2.868652105331421,3.601073980331421,-42.541500091552734
-0.0538330078125,-0.999267578125,-0.034423828125,-3.051757574081421,4.08935546875,-42.663570404052734
-0.025146484375,-0.9915771484375,-0.0257568359375,-3.173827886581421,4.08935546875,-44.921871185302734
0.0240478515625,-0.99951171875,-0.0228271484375,-4.2724609375,5.126952648162842,-48.583980560302734
0.064453125,-1.0074462890625,-0.0345458984375,-4.638671875,4.8828125,-48.522945404052734
0.094970703125,-1.0054931640625,-0.0380859375,-2.25830078125,2.3193359375,-46.936031341552734
0.12939453125,-1.0025634765625,-0.0325927734375,0.6713866591453552,2.38037109375,-46.264644622802734
0.1597900390625,-0.9964599609375,-0.0355224609375,2.25830078125,5.798339366912842,-44.494625091552734
0.1920166015625,-0.986328125,-0.0380859375,4.150390625,8.60595703125,-42.968746185302734
0.22705078125,-0.976806640625,-0.0274658203125,7.202147960662842,7.934569835662842,-42.724605560302734
0.2625732421875,-0.96337890625,-0.0113525390625,9.8876953125,4.33349609375,-42.785640716552734
0.297119140625,-0.9554443359375,-0.005859375,9.521484375,1.220703125,-42.297359466552734
0.3358154296875,-0.9559326171875,-0.0084228515625,6.225585460662842,0.6103515625,-42.785640716552734
0.3717041015625,-0.95751953125,-0.011962890625,2.685546636581421,2.01416015625,-42.602535247802734
0.38330078125,-0.958251953125,-0.0155029296875,-0.1831054538488388,4.21142578125,-37.04833984375
0.3858642578125,-0.944091796875,-0.0101318359375,-0.7324218153953552,6.469726085662842,-28.930662155151367
0.3997802734375,-0.9215087890625,-0.00048828125,0.9765624403953552,7.873534679412842,-24.658201217651367
0.422607421875,-0.9061279296875,0.00634765625,1.8920897245407104,6.103515148162842,-25.817869186401367
0.4437255859375,-0.8995361328125,0.011474609375,0.3662109076976776,1.8920897245407104,-27.709959030151367
0.460205078125,-0.9039306640625,0.0059814453125,-3.540038824081421,-0.9155272841453552,-25.878904342651367
0.4730224609375,-0.9073486328125,-0.0052490234375,-6.286620616912842,-0.9765624403953552,-22.216794967651367
0.4810791015625,-0.9000244140625,-0.0103759765625,-4.82177734375,0.1220703050494194,-19.8974609375
0.4886474609375,-0.8865966796875,-0.0089111328125,-1.4648436307907104,1.03759765625,-19.83642578125
0.5013427734375,-0.878662109375,-0.0032958984375,1.220703125,1.4648436307907104,-20.568845748901367
0.5172119140625,-0.873046875,0.002197265625,2.44140625,1.7089842557907104,-19.1650390625
0.5263671875,-0.86474609375,0.004638671875,2.197265625,2.3193359375,-15.624999046325684
0.5277099609375,-0.8656005859375,-0.000244140625,0.6103515625,2.990722417831421,-11.474608421325684
0.5399169921875,-0.8543701171875,0.0045166015625,1.3427733182907104,1.5869139432907104,-12.329100608825684
0.552734375,-0.84765625,0.0078125,1.220703125,-0.54931640625,-11.718749046325684
0.5565185546875,-0.8448486328125,0.0054931640625,-0.1831054538488388,-1.5258787870407104,-9.09423828125
0.5567626953125,-0.8441162109375,-0.0018310546875,-1.8310545682907104,0.8544921278953552,-6.103515148162842
0.5625,-0.8414306640625,0.0006103515625,-0.4272460639476776,1.03759765625,-5.798339366912842
0.5667724609375,-0.8365478515625,0.00439453125,0.9155272841453552,0.6103515625,-5.249022960662842
0.5657958984375,-0.8349609375,0.0009765625,0.1831054538488388,0.30517578125,-4.21142578125
0.5689697265625,-0.8338623046875,0.001220703125,0.1831054538488388,0.7324218153953552,-2.38037109375
0.571533203125,-0.83056640625,0.0042724609375,1.3427733182907104,0.1831054538488388,-2.197265625
0.5740966796875,-0.826904296875,0.007568359375,1.5869139432907104,0.2441406100988388,-1.9531248807907104
0.574951171875,-0.8271484375,0.005615234375,0.6103515625,0.4882812201976776,-1.220703125
0.5740966796875,-0.828125,0.0032958984375,-0.1831054538488388,0.4272460639476776,-0.4272460639476776
0.57275390625,-0.829345703125,0.004150390625,-0.4272460639476776,0.4882812201976776,-0.2441406100988388
0.5718994140625,-0.830322265625,0.004150390625,-0.6713866591453552,0.9765624403953552,-0.4882812201976776
0.571533203125,-0.830322265625,0.00244140625,-0.8544921278953552,1.0986328125,-0.4882812201976776
0.5723876953125,-0.830078125,0.0018310546875,-0.3662109076976776,0.4882812201976776,-0.2441406100988388
0.5743408203125,-0.829833984375,0.002197265625,0.4272460639476776,-0.2441406100988388,0.1831054538488388
0.5738525390625,-0.828369140625,0.00341796875,1.0986328125,-0.6713866591453552,0.6713866591453552
0.5726318359375,-0.8270263671875,0.005859375,1.4038084745407104,-0.54931640625,0.9765624403953552
0.5731201171875,-0.8271484375,0.0072021484375,0.9155272841453552,-0.0610351525247097,0.6713866591453552
0.5706787109375,-0.826904296875,0.0089111328125,0.1220703050494194,0.4882812201976776,0.0610351525247097
0.5787353515625,-0.8270263671875,0.0030517578125,-0.9155272841453552,-0.6713866591453552,-1.220703125
0.5758056640625,-0.8284912109375,0.0009765625,-0.0610351525247097,-0.30517578125,-0.0610351525247097
0.577392578125,-0.826416015625,0.0006103515625,-0.2441406100988388,-0.30517578125,-0.4272460639476776
0.5782470703125,-0.8251953125,0.0003662109375,-0.4272460639476776,-0.1831054538488388,-0.4272460639476776
0.57763671875,-0.8251953125,0.0003662109375,-0.4272460639476776,0.1831054538488388,-0.3662109076976776
0.5758056640625,-0.8260498046875,-0.000732421875,-0.3662109076976776,0.4882812201976776,-0.1220703050494194
0.5758056640625,-0.827392578125,-0.001708984375,-0.1831054538488388,0.3662109076976776,-0.1220703050494194
0.5770263671875,-0.827392578125,-0.0009765625,0.1220703050494194,-0.0,-0.1831054538488388
0.5770263671875,-0.826171875,-0.0008544921875,0.1220703050494194,-0.30517578125,-0.30517578125
0.5767822265625,-0.825439453125,-0.0015869140625,-0.0,-0.2441406100988388,-0.4272460639476776
0.5791015625,-0.8245849609375,-0.0009765625,0.0610351525247097,-0.0610351525247097,-0.6103515625
0.579833984375,-0.823486328125,0.000732421875,0.2441406100988388,-0.0610351525247097,-0.30517578125
0.5760498046875,-0.82470703125,0.00048828125,0.3662109076976776,-0.0610351525247097,-0.0610351525247097
0.574951171875,-0.82666015625,-0.000244140625,0.3662109076976776,-0.0,-0.54931640625
0.576416015625,-0.8253173828125,0.0,0.4272460639476776,-0.0,-1.2817381620407104
-0.340087890625,-0.9613037109375,-0.055419921875,2.197265625,-7.019042491912842,1.220703125
-0.329345703125,-0.9453125,-0.03857421875,2.807616949081421,-8.6669921875,2.746581792831421
-0.3004150390625,-0.935546875,-0.0474853515625,1.15966796875,-1.4648436307907104,3.723144292831421
-0.283203125,-0.9453125,-0.0712890625,-0.9765624403953552,7.568358898162842,2.38037109375
-0.323974609375,-0.966064453125,-0.0687255859375,0.6713866591453552,0.3662109076976776,-1.5258787870407104
-0.33984375,-0.9560546875,-0.0478515625,2.624511480331421,-7.934569835662842,-0.8544921278953552
-0.3251953125,-0.9398193359375,-0.03759765625,2.44140625,-7.812499523162842,0.6103515625
-0.29638671875,-0.9405517578125,-0.0496826171875,0.2441406100988388,0.1831054538488388,0.7934569716453552
-0.2855224609375,-0.9566650390625,-0.0718994140625,-1.5869139432907104,7.629394054412842,-0.54931640625
-0.30419921875,-0.9649658203125,-0.0760498046875,-1.0986328125,5.615233898162842,-2.0751953125
-0.337646484375,-0.9530029296875,-0.031982421875,2.0751953125,-8.60595703125,-0.54931640625
-0.3128662109375,-0.9471435546875,-0.0302734375,0.9765624403953552,-3.784179449081421,1.5869139432907104
-0.282958984375,-0.9473876953125,-0.0546875,-1.3427733182907104,6.469726085662842,2.44140625
-0.27978515625,-0.9544677734375,-0.0799560546875,-2.38037109375,10.864256858825684,0.6713866591453552
-0.3076171875,-0.96533203125,-0.0810546875,-1.03759765625,4.57763671875,-1.9531248807907104
-0.3349609375,-0.9661865234375,-0.0596923828125,1.03759765625,-5.676269054412842,-2.0751953125
-0.3311767578125,-0.951416015625,-0.0404052734375,1.4038084745407104,-9.3994140625,0.1220703050494194
-0.30419921875,-0.9412841796875,-0.044921875,-0.3662109076976776,-3.601073980331421,1.7700194120407104
-0.288818359375,-0.956298828125,-0.0777587890625,-2.563476324081421,6.225585460662842,-1.2817381620407104
-0.317138671875,-0.966552734375,-0.06640625,-0.54931640625,-0.2441406100988388,-2.44140625
-0.333740234375,-0.964111328125,-0.044921875,1.7089842557907104,-7.873534679412842,-1.5869139432907104
-0.3211669921875,-0.94775390625,-0.036865234375,2.13623046875,-8.36181640625,0.0
-0.294189453125,-0.9390869140625,-0.0511474609375,0.7324218153953552,-1.2817381620407104,0.4272460639476776
-0.2808837890625,-0.9478759765625,-0.071533203125,-0.54931640625,5.676269054412842,-1.03759765625
-0.2947998046875,-0.9639892578125,-0.074951171875,0.0610351525247097,5.187987804412842,-3.173827886581421
-0.3194580078125,-0.9720458984375,-0.05615234375,2.25830078125,-2.746581792831421,-3.723144292831421
-0.325927734375,-0.9583740234375,-0.031494140625,4.21142578125,-10.375975608825684,-2.38037109375
-0.3089599609375,-0.9365234375,-0.0235595703125,3.967284917831421,-10.620116233825684,-1.15966796875
-0.283203125,-0.930908203125,-0.0352783203125,2.25830078125,-5.065917491912842,-3.295898199081421
-0.26953125,-0.942138671875,-0.0484619140625,1.8920897245407104,-1.03759765625,-9.82666015625
-0.279541015625,-0.9561767578125,-0.04833984375,3.295898199081421,-1.8310545682907104,-16.41845703125
-0.294677734375,-0.9647216796875,-0.0318603515625,5.554198741912842,-6.347655773162842,-19.83642578125
-0.2713623046875,-0.9609375,-0.0048828125,4.82177734375,-9.46044921875,-21.301267623901367
-0.162841796875,-0.986083984375,-0.006591796875,-0.4272460639476776,-1.5869139432907104,-28.259275436401367
-0.1522216796875,-0.981689453125,-0.0130615234375,-0.30517578125,-2.807616949081421,-32.2265625
-0.1314697265625,-0.97998046875,-0.0234375,-1.15966796875,-1.220703125,-36.1328125
-0.101318359375,-0.986572265625,-0.0294189453125,-2.0751953125,1.6479490995407104,-40.283199310302734
-0.0723876953125,-0.9996337890625,-0.0328369140625,-2.868652105331421,3.601073980331421,-42.541500091552734
-0.0538330078125,-0.999267578125,-0.034423828125,-3.051757574081421,4.08935546875,-42.663570404052734
-0.025146484375,-0.9915771484375,-0.0257568359375,-3.173827886581421,4.08935546875,-44.921871185302734
0.0240478515625,-0.99951171875,-0.0228271484375,-4.2724609375,5.126952648162842,-48.583980560302734
0.064453125,-1.0074462890625,-0.0345458984375,-4.638671875,4.8828125,-48.522945404052734
0.094970703125,-1.0054931640625,-0.0380859375,-2.25830078125,2.3193359375,-46.936031341552734
0.12939453125,-1.0025634765625,-0.0325927734375,0.6713866591453552,2.38037109375,-46.264644622802734
0.1597900390625,-0.9964599609375,-0.0355224609375,2.25830078125,5.798339366912842,-44.494625091552734
0.1920166015625,-0.986328125,-0.0380859375,4.150390625,8.60595703125,-42.968746185302734
0.22705078125,-0.976806640625,-0.0274658203125,7.202147960662842,7.934569835662842,-42.724605560302734
0.2625732421875,-0.96337890625,-0.0113525390625,9.8876953125,4.33349609375,-42.785640716552734
0.297119140625,-0.9554443359375,-0.005859375,9.521484375,1.220703125,-42.297359466552734
0.3358154296875,-0.9559326171875,-0.0084228515625,6.225585460662842,0.6103515625,-42.785640716552734
0.3717041015625,-0.95751953125,-0.011962890625,2.685546636581421,2.01416015625,-42.602535247802734
0.38330078125,-0.958251953125,-0.0155029296875,-0.1831054538488388,4.21142578125,-37.04833984375
0.3858642578125,-0.944091796875,-0.0101318359375,-0.7324218153953552,6.469726085662842,-28.930662155151367
0.3997802734375,-0.9215087890625,-0.00048828125,0.9765624403953552,7.873534679412842,-24.658201217651367
0.422607421875,-0.9061279296875,0.00634765625,1.8920897245407104,6.103515148162842,-25.817869186401367
0.4437255859375,-0.8995361328125,0.011474609375,0.3662109076976776,1.8920897245407104,-27.709959030151367
0.460205078125,-0.9039306640625,0.0059814453125,-3.540038824081421,-0.9155272841453552,-25.878904342651367
0.4730224609375,-0.9073486328125,-0.0052490234375,-6.286620616912842,-0.9765624403953552,-22.216794967651367
0.4810791015625,-0.9000244140625,-0.0103759765625,-4.82177734375,0.1220703050494194,-19.8974609375
0.4886474609375,-0.8865966796875,-0.0089111328125,-1.4648436307907104,1.03759765625,-19.83642578125
0.5013427734375,-0.878662109375,-0.0032958984375,1.220703125,1.4648436307907104,-20.568845748901367
0.5172119140625,-0.873046875,0.002197265625,2.44140625,1.7089842557907104,-19.1650390625
0.5263671875,-0.86474609375,0.004638671875,2.197265625,2.3193359375,-15.624999046325684
0.5277099609375,-0.8656005859375,-0.000244140625,0.6103515625,2.990722417831421,-11.474608421325684
0.5399169921875,-0.8543701171875,0.0045166015625,1.3427733182907104,1.5869139432907104,-12.329100608825684
0.552734375,-0.84765625,0.0078125,1.220703125,-0.54931640625,-11.718749046325684
0.5565185546875,-0.8448486328125,0.0054931640625,-0.1831054538488388,-1.5258787870407104,-9.09423828125
0.5567626953125,-0.8441162109375,-0.0018310546875,-1.8310545682907104,0.8544921278953552,-6.103515148162842
0.5625,-0.8414306640625,0.0006103515625,-0.4272460639476776,1.03759765625,-5.798339366912842
0.5667724609375,-0.8365478515625,0.00439453125,0.9155272841453552,0.6103515625,-5.249022960662842
0.5657958984375,-0.8349609375,0.0009765625,0.1831054538488388,0.30517578125,-4.21142578125
0.5689697265625,-0.8338623046875,0.001220703125,0.1831054538488388,0.7324218153953552,-2.38037109375
0.571533203125,-0.83056640625,0.0042724609375,1.3427733182907104,0.1831054538488388,-2.197265625
0.5740966796875,-0.826904296875,0.007568359375,1.5869139432907104,0.2441406100988388,-1.9531248807907104
0.574951171875,-0.8271484375,0.005615234375,0.6103515625,0.4882812201976776,-1.220703125
0.5740966796875,-0.828125,0.0032958984375,-0.1831054538488388,0.4272460639476776,-0.4272460639476776
0.57275390625,-0.829345703125,0.004150390625,-0.4272460639476776,0.4882812201976776,-0.2441406100988388
0.5718994140625,-0.830322265625,0.004150390625,-0.6713866591453552,0.9765624403953552,-0.4882812201976776
0.571533203125,-0.830322265625,0.00244140625,-0.8544921278953552,1.0986328125,-0.4882812201976776
0.5723876953125,-0.830078125,0.0018310546875,-0.3662109076976776,0.4882812201976776,-0.2441406100988388
0.5743408203125,-0.829833984375,0.002197265625,0.4272460639476776,-0.2441406100988388,0.1831054538488388
0.5738525390625,-0.828369140625,0.00341796875,1.0986328125,-0.6713866591453552,0.6713866591453552
0.5726318359375,-0.8270263671875,0.005859375,1.4038084745407104,-0.54931640625,0.9765624403953552
0.5731201171875,-0.8271484375,0.0072021484375,0.9155272841453552,-0.0610351525247097,0.6713866591453552
0.5706787109375,-0.826904296875,0.0089111328125,0.1220703050494194,0.4882812201976776,0.0610351525247097
0.5787353515625,-0.8270263671875,0.0030517578125,-0.9155272841453552,-0.6713866591453552,-1.220703125
0.5758056640625,-0.8284912109375,0.0009765625,-0.0610351525247097,-0.30517578125,-0.0610351525247097
0.577392578125,-0.826416015625,0.0006103515625,-0.2441406100988388,-0.30517578125,-0.4272460639476776
0.5782470703125,-0.8251953125,0.0003662109375,-0.4272460639476776,-0.1831054538488388,-0.4272460639476776
0.57763671875,-0.8251953125,0.0003662109375,-0.4272460639476776,0.1831054538488388,-0.3662109076976776
0.5758056640625,-0.8260498046875,-0.000732421875,-0.3662109076976776,0.4882812201976776,-0.1220703050494194
0.5758056640625,-0.827392578125,-0.001708984375,-0.1831054538488388,0.3662109076976776,-0.1220703050494194
0.5770263671875,-0.827392578125,-0.0009765625,0.1220703050494194,-0.0,-0.1831054538488388
0.5770263671875,-0.826171875,-0.0008544921875,0.1220703050494194,-0.30517578125,-0.30517578125
0.5767822265625,-0.825439453125,-0.0015869140625,-0.0,-0.2441406100988388,-0.4272460639476776
0.5791015625,-0.8245849609375,-0.0009765625,0.0610351525247097,-0.0610351525247097,-0.6103515625
0.579833984375,-0.823486328125,0.000732421875,0.2441406100988388,-0.0610351525247097,-0.30517578125
0.5760498046875,-0.82470703125,0.00048828125,0.3662109076976776,-0.0610351525247097,-0.0610351525247097
0.574951171875,-0.82666015625,-0.000244140625,0.3662109076976776,-0.0,-0.54931640625
0.576416015625,-0.8253173828125,0.0,0.4272460639476776,-0.0,-1.2817381620407104
0.5789794921875,-0.8233642578125,0.00048828125,0.4272460639476776,-0.1220703050494194,-1.6479490995407104
0.583740234375,-0.8214111328125,0.0003662109375,0.6103515625,-0.6713866591453552,-1.7089842557907104
0.58447265625,-0.822509765625,0.000732421875,0.8544921278953552,-0.9155272841453552,-1.7089842557907104
0.5850830078125,-0.8212890625,0.0003662109375,0.9155272841453552,-0.7934569716453552,-1.8310545682907104
0.586181640625,-0.818115234375,0.0,0.9155272841453552,-0.4272460639476776,-2.13623046875
0.587646484375,-0.81591796875,0.0009765625,0.7934569716453552,-0.30517578125,-2.38037109375
0.5906982421875,-0.81494140625,0.001953125,0.4882812201976776,-0.1831054538488388,-2.563476324081421
0.5933837890625,-0.81591796875,0.00146484375,0.1831054538488388,-0.1220703050494194,-2.38037109375
0.593994140625,-0.81689453125,0.0010986328125,0.1831054538488388,-0.1831054538488388,-1.6479490995407104
0.5966796875,-0.81396484375,0.0028076171875,0.1220703050494194,0.1831054538488388,-0.4272460639476776
0.594970703125,-0.814208984375,0.001953125,-0.1220703050494194,0.4272460639476776,-0.0610351525247097
0.5933837890625,-0.8153076171875,0.000732421875,-0.1220703050494194,0.6103515625,0.2441406100988388
0.59326171875,-0.8145751953125,0.0009765625,0.0610351525247097,0.6713866591453552,0.54931640625
0.593017578125,-0.813720703125,0.002197265625,0.1831054538488388,0.4882812201976776,0.9155272841453552
0.5928955078125,-0.815185546875,0.003173828125,0.1220703050494194,0.1831054538488388,0.9765624403953552
0.592529296875,-0.8173828125,0.002685546875,-0.0,-0.0610351525247097,1.03759765625
0.591064453125,-0.8173828125,0.001953125,-0.1220703050494194,-0.30517578125,1.3427733182907104
0.587158203125,-0.818359375,0.0009765625,-0.30517578125,0.54931640625,1.4648436307907104
0.5814208984375,-0.8216552734375,0.0028076171875,-0.0610351525247097,0.8544921278953552,1.4648436307907104
0.5806884765625,-0.8231201171875,0.0025634765625,-0.0,1.03759765625,1.03759765625
0.5810546875,-0.822509765625,0.003173828125,-0.0,1.220703125,0.7324218153953552
0.5828857421875,-0.82080078125,0.004150390625,0.0610351525247097,1.0986328125,0.6713866591453552
0.58349609375,-0.8211669921875,0.0050048828125,0.1220703050494194,0.9765624403953552,0.7324218153953552
0.58154296875,-0.823486328125,0.0052490234375,0.1220703050494194,1.03759765625,0.8544921278953552
0.579345703125,-0.8245849609375,0.0057373046875,0.1831054538488388,1.03759765625,0.9765624403953552
0.5784912109375,-0.8238525390625,0.0068359375,0.30517578125,1.0986328125,0.8544921278953552
0.5797119140625,-0.8233642578125,0.0074462890625,0.2441406100988388,1.15966796875,0.6713866591453552
0.58056640625,-0.82373046875,0.008056640625,0.0610351525247097,1.03759765625,0.54931640625
0.5794677734375,-0.82421875,0.0089111328125,-0.1220703050494194,0.9765624403953552,0.6713866591453552
0.578369140625,-0.8245849609375,0.009033203125,-0.2441406100988388,0.9765624403953552,0.7934569716453552
0.5791015625,-0.82470703125,0.008056640625,-0.3662109076976776,0.9765624403953552,0.6713866591453552
0.577392578125,-0.826171875,0.005615234375,-0.54931640625,0.6713866591453552,0.6713866591453552
0.578857421875,-0.826416015625,0.006103515625,-0.3662109076976776,0.6713866591453552,0.6103515625
0.5806884765625,-0.825439453125,0.006591796875,-0.2441406100988388,0.54931640625,0.7934569716453552
0.578369140625,-0.824951171875,0.00732421875,-0.1831054538488388,0.4882812201976776,1.2817381620407104
0.5740966796875,-0.826416015625,0.0079345703125,-0.2441406100988388,0.7324218153953552,1.5869139432907104
0.571533203125,-0.82861328125,0.0079345703125,-0.3662109076976776,1.0986328125,1.4648436307907104
0.5706787109375,-0.8291015625,0.0084228515625,-0.2441406100988388,1.0986328125,1.15966796875
0.5714111328125,-0.8284912109375,0.0087890625,0.0610351525247097,0.8544921278953552,0.7934569716453552
0.5736083984375,-0.8277587890625,0.0089111328125,0.1220703050494194,0.6103515625,0.0
0.574462890625,-0.828125,0.0089111328125,0.1220703050494194,0.6713866591453552,-0.2441406100988388
0.576171875,-0.828369140625,0.009521484375,0.1831054538488388,0.7934569716453552,-0.30517578125
0.576416015625,-0.82763671875,0.010498046875,0.2441406100988388,0.7934569716453552,0.0610351525247097
0.57275390625,-0.8265380859375,0.0118408203125,0.1831054538488388,0.6103515625,0.54931640625
0.570556640625,-0.8275146484375,0.0128173828125,0.1220703050494194,0.3662109076976776,0.3662109076976776
0.5732421875,-0.8299560546875,0.0128173828125,0.2441406100988388,0.6103515625,-0.6713866591453552
0.5750732421875,-0.8280029296875,0.012451171875,0.1220703050494194,0.7324218153953552,-0.6103515625
0.57568359375,-0.825927734375,0.01171875,-0.0610351525247097,0.6713866591453552,-0.4272460639476776
0.576416015625,-0.825927734375,0.01123046875,-0.0,0.54931640625,-0.3662109076976776
0.577880859375,-0.826416015625,0.01220703125,0.1831054538488388,0.4272460639476776,-0.3662109076976776
0.5780029296875,-0.826416015625,0.0137939453125,0.2441406100988388,0.30517578125,-0.0610351525247097
0.5753173828125,-0.8270263671875,0.013671875,-0.0610351525247097,0.1220703050494194,0.4272460639476776
0.5728759765625,-0.8284912109375,0.0126953125,-0.3662109076976776,0.1220703050494194,0.54931640625
0.572998046875,-0.8287353515625,0.0115966796875,-0.3662109076976776,0.3662109076976776,0.3662109076976776
0.5745849609375,-0.8267822265625,0.011474609375,-0.1220703050494194,0.4272460639476776,0.2441406100988388
0.5760498046875,-0.825927734375,0.0123291015625,0.1220703050494194,0.2441406100988388,0.1220703050494194
0.575439453125,-0.8271484375,0.01318359375,0.0610351525247097,0.1220703050494194,0.0610351525247097
0.5748291015625,-0.8284912109375,0.013671875,-0.0,0.0610351525247097,0.0610351525247097
0.5740966796875,-0.8284912109375,0.0137939453125,-0.0610351525247097,-0.1220703050494194,0.1220703050494194
0.5731201171875,-0.8280029296875,0.013427734375,-0.0,-0.1831054538488388,0.1220703050494194
0.5732421875,-0.82763671875,0.0125732421875,0.0610351525247097,-0.1831054538488388,-0.1220703050494194
0.57470703125,-0.8272705078125,0.011474609375,0.3662109076976776,-0.54931640625,-0.9155272841453552
0.576416015625,-0.826904296875,0.0115966796875,0.54931640625,-0.6713866591453552,-1.15966796875
0.576416015625,-0.8255615234375,0.01220703125,0.6103515625,-0.6713866591453552,-1.3427733182907104
0.57763671875,-0.8248291015625,0.0133056640625,0.7324218153953552,-0.6103515625,-1.7089842557907104
0.5810546875,-0.8248291015625,0.0140380859375,0.7324218153953552,-0.6103515625,-2.197265625
0.58251953125,-0.8240966796875,0.013916015625,0.54931640625,-0.9155272841453552,-2.197265625
0.5826416015625,-0.822998046875,0.0135498046875,0.30517578125,-0.9765624403953552,-2.01416015625
0.5850830078125,-0.8212890625,0.013427734375,0.2441406100988388,-0.6713866591453552,-2.0751953125
0.5880126953125,-0.81982421875,0.012939453125,0.30517578125,-0.4272460639476776,-1.8920897245407104
0.5867919921875,-0.8199462890625,0.01171875,0.3662109076976776,-0.4882812201976776,-0.9765624403953552
0.5836181640625,-0.822509765625,0.010498046875,0.1831054538488388,-0.30517578125,-0.3662109076976776
0.5845947265625,-0.8201904296875,0.010986328125,0.2441406100988388,-0.3662109076976776,-0.6713866591453552
0.5860595703125,-0.81787109375,0.0120849609375,0.3662109076976776,-0.4272460639476776,-0.9765624403953552
0.5867919921875,-0.8175048828125,0.012939453125,0.6103515625,-0.4882812201976776,-1.220703125
0.589111328125,-0.81787109375,0.013671875,0.7324218153953552,-0.4882812201976776,-1.4648436307907104
0.592041015625,-0.8177490234375,0.013916015625,0.6713866591453552,-0.4272460639476776,-1.3427733182907104
0.5909423828125,-0.8177490234375,0.0126953125,0.4272460639476776,-0.4272460639476776,-0.7324218153953552
0.589111328125,-0.81787109375,0.011474609375,0.30517578125,-0.3662109076976776,-0.3662109076976776
0.5902099609375,-0.8173828125,0.0111083984375,0.30517578125,-0.30517578125,-0.30517578125
0.5919189453125,-0.81640625,0.01171875,0.2441406100988388,-0.30517578125,-0.1831054538488388
0.5921630859375,-0.8160400390625,0.012939453125,-0.0,-0.1831054538488388,0.0610351525247097
0.5911865234375,-0.817138671875,0.013427734375,-0.1831054538488388,0.2441406100988388,0.3662109076976776
0.5888671875,-0.818359375,0.0123291015625,-0.30517578125,0.8544921278953552,0.7324218153953552
0.5865478515625,-0.818359375,0.0115966796875,-0.2441406100988388,0.7934569716453552,0.8544921278953552
0.5870361328125,-0.8177490234375,0.011962890625,0.0610351525247097,0.0610351525247097,0.4882812201976776
0.590087890625,-0.8175048828125,0.0123291015625,0.2441406100988388,-0.4272460639476776,0.0610351525247097
0.591552734375,-0.817138671875,0.01220703125,0.1831054538488388,-0.30517578125,0.1831054538488388
0.5882568359375,-0.8172607421875,0.011962890625,-0.0,0.1220703050494194,0.7324218153953552
0.584228515625,-0.8189697265625,0.01171875,-0.1831054538488388,0.1831054538488388,0.7934569716453552
0.58447265625,-0.8199462890625,0.0123291015625,-0.2441406100988388,0.1220703050494194,0.4272460639476776
0.5865478515625,-0.818603515625,0.0130615234375,-0.0610351525247097,0.0610351525247097,0.2441406100988388
0.5867919921875,-0.819580078125,0.0120849609375,-0.0,0.1220703050494194,0.3662109076976776
0.585693359375,-0.819580078125,0.0120849609375,-0.0610351525247097,0.2441406100988388,0.3662109076976776
0.5850830078125,-0.8197021484375,0.0125732421875,-0.0610351525247097,0.2441406100988388,0.3662109076976776
0.5860595703125,-0.81982421875,0.012451171875,-0.0,0.2441406100988388,0.1831054538488388
0.586669921875,-0.819091796875,0.0118408203125,-0.0,0.30517578125,0.1831054538488388
0.5855712890625,-0.818603515625,0.0120849609375,-0.0610351525247097,0.1831054538488388,0.30517578125
0.58544921875,-0.81884765625,0.0126953125,-0.1220703050494194,0.1220703050494194,0.4272460639476776
0.586181640625,-0.8194580078125,0.013427734375,-0.1831054538488388,0.1831054538488388,0.30517578125
0.5789794921875,-0.8233642578125,0.00048828125,0.4272460639476776,-0.1220703050494194,-1.6479490995407104
0.583740234375,-0.8214111328125,0.0003662109375,0.6103515625,-0.6713866591453552,-1.7089842557907104
0.58447265625,-0.822509765625,0.000732421875,0.8544921278953552,-0.9155272841453552,-1.7089842557907104
0.5850830078125,-0.8212890625,0.0003662109375,0.9155272841453552,-0.7934569716453552,-1.8310545682907104
0.586181640625,-0.818115234375,0.0,0.9155272841453552,-0.4272460639476776,-2.13623046875
0.587646484375,-0.81591796875,0.0009765625,0.7934569716453552,-0.30517578125,-2.38037109375
0.5906982421875,-0.81494140625,0.001953125,0.4882812201976776,-0.1831054538488388,-2.563476324081421
0.5933837890625,-0.81591796875,0.00146484375,0.1831054538488388,-0.1220703050494194,-2.38037109375
0.593994140625,-0.81689453125,0.0010986328125,0.1831054538488388,-0.1831054538488388,-1.6479490995407104
0.5966796875,-0.81396484375,0.0028076171875,0.1220703050494194,0.1831054538488388,-0.4272460639476776
0.594970703125,-0.814208984375,0.001953125,-0.1220703050494194,0.4272460639476776,-0.0610351525247097
0.5933837890625,-0.8153076171875,0.000732421875,-0.1220703050494194,0.6103515625,0.2441406100988388
0.59326171875,-0.8145751953125,0.0009765625,0.0610351525247097,0.6713866591453552,0.54931640625
0.593017578125,-0.813720703125,0.002197265625,0.1831054538488388,0.4882812201976776,0.9155272841453552
0.5928955078125,-0.815185546875,0.003173828125,0.1220703050494194,0.1831054538488388,0.9765624403953552
0.592529296875,-0.8173828125,0.002685546875,-0.0,-0.0610351525247097,1.03759765625
0.591064453125,-0.8173828125,0.001953125,-0.1220703050494194,-0.30517578125,1.3427733182907104
0.587158203125,-0.818359375,0.0009765625,-0.30517578125,0.54931640625,1.4648436307907104
0.5814208984375,-0.8216552734375,0.0028076171875,-0.0610351525247097,0.8544921278953552,1.4648436307907104
0.5806884765625,-0.8231201171875,0.0025634765625,-0.0,1.03759765625,1.03759765625
0.5810546875,-0.822509765625,0.003173828125,-0.0,1.220703125,0.7324218153953552
0.5828857421875,-0.82080078125,0.004150390625,0.0610351525247097,1.0986328125,0.6713866591453552
0.58349609375,-0.8211669921875,0.0050048828125,0.1220703050494194,0.9765624403953552,0.7324218153953552
0.58154296875,-0.823486328125,0.0052490234375,0.1220703050494194,1.03759765625,0.8544921278953552
0.579345703125,-0.8245849609375,0.0057373046875,0.1831054538488388,1.03759765625,0.9765624403953552
0.5784912109375,-0.8238525390625,0.0068359375,0.30517578125,1.0986328125,0.8544921278953552
0.5797119140625,-0.8233642578125,0.0074462890625,0.2441406100988388,1.15966796875,0.6713866591453552
0.58056640625,-0.82373046875,0.008056640625,0.0610351525247097,1.03759765625,0.54931640625
0.5794677734375,-0.82421875,0.0089111328125,-0.1220703050494194,0.9765624403953552,0.6713866591453552
0.578369140625,-0.8245849609375,0.009033203125,-0.2441406100988388,0.9765624403953552,0.7934569716453552
0.5791015625,-0.82470703125,0.008056640625,-0.3662109076976776,0.9765624403953552,0.6713866591453552
0.577392578125,-0.826171875,0.005615234375,-0.54931640625,0.6713866591453552,0.6713866591453552
0.578857421875,-0.826416015625,0.006103515625,-0.3662109076976776,0.6713866591453552,0.6103515625
0.5806884765625,-0.825439453125,0.006591796875,-0.2441406100988388,0.54931640625,0.7934569716453552
0.578369140625,-0.824951171875,0.00732421875,-0.1831054538488388,0.4882812201976776,1.2817381620407104
0.5740966796875,-0.826416015625,0.0079345703125,-0.2441406100988388,0.7324218153953552,1.5869139432907104
0.571533203125,-0.82861328125,0.0079345703125,-0.3662109076976776,1.0986328125,1.4648436307907104
0.5706787109375,-0.8291015625,0.0084228515625,-0.2441406100988388,1.0986328125,1.15966796875
0.5714111328125,-0.8284912109375,0.0087890625,0.0610351525247097,0.8544921278953552,0.7934569716453552
0.5736083984375,-0.8277587890625,0.0089111328125,0.1220703050494194,0.6103515625,0.0
0.574462890625,-0.828125,0.0089111328125,0.1220703050494194,0.6713866591453552,-0.2441406100988388
0.576171875,-0.828369140625,0.009521484375,0.1831054538488388,0.7934569716453552,-0.30517578125
0.576416015625,-0.82763671875,0.010498046875,0.2441406100988388,0.7934569716453552,0.0610351525247097
0.57275390625,-0.8265380859375,0.0118408203125,0.1831054538488388,0.6103515625,0.54931640625
0.570556640625,-0.8275146484375,0.0128173828125,0.1220703050494194,0.3662109076976776,0.3662109076976776
0.5732421875,-0.8299560546875,0.0128173828125,0.2441406100988388,0.6103515625,-0.6713866591453552
0.5750732421875,-0.8280029296875,0.012451171875,0.1220703050494194,0.7324218153953552,-0.6103515625
0.57568359375,-0.825927734375,0.01171875,-0.0610351525247097,0.6713866591453552,-0.4272460639476776
0.576416015625,-0.825927734375,0.01123046875,-0.0,0.54931640625,-0.3662109076976776
0.577880859375,-0.826416015625,0.01220703125,0.1831054538488388,0.4272460639476776,-0.3662109076976776
0.5780029296875,-0.826416015625,0.0137939453125,0.2441406100988388,0.30517578125,-0.0610351525247097
0.5753173828125,-0.8270263671875,0.013671875,-0.0610351525247097,0.1220703050494194,0.4272460639476776
0.5728759765625,-0.8284912109375,0.0126953125,-0.3662109076976776,0.1220703050494194,0.54931640625
0.572998046875,-0.8287353515625,0.0115966796875,-0.3662109076976776,0.3662109076976776,0.3662109076976776
0.5745849609375,-0.8267822265625,0.011474609375,-0.1220703050494194,0.4272460639476776,0.2441406100988388
0.5760498046875,-0.825927734375,0.0123291015625,0.1220703050494194,0.2441406100988388,0.1220703050494194
0.575439453125,-0.8271484375,0.01318359375,0.0610351525247097,0.1220703050494194,0.0610351525247097
0.5748291015625,-0.8284912109375,0.013671875,-0.0,0.0610351525247097,0.0610351525247097
0.5740966796875,-0.8284912109375,0.0137939453125,-0.0610351525247097,-0.1220703050494194,0.1220703050494194
0.5731201171875,-0.8280029296875,0.013427734375,-0.0,-0.1831054538488388,0.1220703050494194
0.5732421875,-0.82763671875,0.0125732421875,0.0610351525247097,-0.1831054538488388,-0.1220703050494194
0.57470703125,-0.8272705078125,0.011474609375,0.3662109076976776,-0.54931640625,-0.9155272841453552
0.576416015625,-0.826904296875,0.0115966796875,0.54931640625,-0.6713866591453552,-1.15966796875
0.576416015625,-0.8255615234375,0.01220703125,0.6103515625,-0.6713866591453552,-1.3427733182907104
0.57763671875,-0.8248291015625,0.0133056640625,0.7324218153953552,-0.6103515625,-1.7089842557907104
0.5810546875,-0.8248291015625,0.0140380859375,0.7324218153953552,-0.6103515625,-2.197265625
0.58251953125,-0.8240966796875,0.013916015625,0.54931640625,-0.9155272841453552,-2.197265625
0.5826416015625,-0.822998046875,0.0135498046875,0.30517578125,-0.9765624403953552,-2.01416015625
0.5850830078125,-0.8212890625,0.013427734375,0.2441406100988388,-0.6713866591453552,-2.0751953125
0.5880126953125,-0.81982421875,0.012939453125,0.30517578125,-0.4272460639476776,-1.8920897245407104
0.5867919921875,-0.8199462890625,0.01171875,0.3662109076976776,-0.4882812201976776,-0.9765624403953552
0.5836181640625,-0.822509765625,0.010498046875,0.1831054538488388,-0.30517578125,-0.3662109076976776
0.5845947265625,-0.8201904296875,0.010986328125,0.2441406100988388,-0.3662109076976776,-0.6713866591453552
0.5860595703125,-0.81787109375,0.0120849609375,0.3662109076976776,-0.4272460639476776,-0.9765624403953552
0.5867919921875,-0.8175048828125,0.012939453125,0.6103515625,-0.4882812201976776,-1.220703125
0.589111328125,-0.81787109375,0.013671875,0.7324218153953552,-0.4882812201976776,-1.4648436307907104
0.592041015625,-0.8177490234375,0.013916015625,0.6713866591453552,-0.4272460639476776,-1.3427733182907104
0.5909423828125,-0.8177490234375,0.0126953125,0.4272460639476776,-0.4272460639476776,-0.7324218153953552
0.589111328125,-0.81787109375,0.011474609375,0.30517578125,-0.3662109076976776,-0.3662109076976776
0.5902099609375,-0.8173828125,0.0111083984375,0.30517578125,-0.30517578125,-0.30517578125
0.5919189453125,-0.81640625,0.01171875,0.2441406100988388,-0.30517578125,-0.1831054538488388
0.5921630859375,-0.8160400390625,0.012939453125,-0.0,-0.1831054538488388,0.0610351525247097
0.5911865234375,-0.817138671875,0.013427734375,-0.1831054538488388,0.2441406100988388,0.3662109076976776
0.5888671875,-0.818359375,0.0123291015625,-0.30517578125,0.8544921278953552,0.7324218153953552
0.5865478515625,-0.818359375,0.0115966796875,-0.2441406100988388,0.7934569716453552,0.8544921278953552
0.5870361328125,-0.8177490234375,0.011962890625,0.0610351525247097,0.0610351525247097,0.4882812201976776
0.590087890625,-0.8175048828125,0.0123291015625,0.2441406100988388,-0.4272460639476776,0.0610351525247097
0.591552734375,-0.817138671875,0.01220703125,0.1831054538488388,-0.30517578125,0.1831054538488388
0.5882568359375,-0.8172607421875,0.011962890625,-0.0,0.1220703050494194,0.7324218153953552
0.584228515625,-0.8189697265625,0.01171875,-0.1831054538488388,0.1831054538488388,0.7934569716453552
0.58447265625,-0.8199462890625,0.0123291015625,-0.2441406100988388,0.1220703050494194,0.4272460639476776
0.5865478515625,-0.818603515625,0.0130615234375,-0.0610351525247097,0.0610351525247097,0.2441406100988388
0.5867919921875,-0.819580078125,0.0120849609375,-0.0,0.1220703050494194,0.3662109076976776
0.585693359375,-0.819580078125,0.0120849609375,-0.0610351525247097,0.2441406100988388,0.3662109076976776
0.5850830078125,-0.8197021484375,0.0125732421875,-0.0610351525247097,0.2441406100988388,0.3662109076976776
0.5860595703125,-0.81982421875,0.012451171875,-0.0,0.2441406100988388,0.1831054538488388
0.586669921875,-0.819091796875,0.0118408203125,-0.0,0.30517578125,0.1831054538488388
0.5855712890625,-0.818603515625,0.0120849609375,-0.0610351525247097,0.1831054538488388,0.30517578125
0.58544921875,-0.81884765625,0.0126953125,-0.1220703050494194,0.1220703050494194,0.4272460639476776
0.586181640625,-0.8194580078125,0.013427734375,-0.1831054538488388,0.1831054538488388,0.30517578125
0.5860595703125,-0.820556640625,0.013671875,-0.1831054538488388,0.1831054538488388,0.1220703050494194
0.5855712890625,-0.82080078125,0.0133056640625,-0.1220703050494194,0.1831054538488388,0.1220703050494194
0.58447265625,-0.8204345703125,0.01318359375,-0.0610351525247097,0.1220703050494194,0.2441406100988388
0.5848388671875,-0.820556640625,0.0125732421875,-0.0,-0.0,0.1831054538488388
0.588134765625,-0.8197021484375,0.0120849609375,0.0610351525247097,-0.0,0.1220703050494194
0.5877685546875,-0.8187255859375,0.0125732421875,0.0610351525247097,0.1831054538488388,0.4272460639476776
0.5836181640625,-0.820068359375,0.012451171875,-0.0610351525247097,0.4272460639476776,0.9155272841453552
0.58251953125,-0.8223876953125,0.0120849609375,-0.1831054538488388,0.6713866591453552,0.9155272841453552
0.583251953125,-0.82177734375,0.0123291015625,-0.2441406100988388,0.6103515625,0.7324218153953552
0.583740234375,-0.81982421875,0.012939453125,-0.2441406100988388,0.3662109076976776,0.6103515625
0.5836181640625,-0.8201904296875,0.013427734375,-0.2441406100988388,0.2441406100988388,0.54931640625
0.5831298828125,-0.82177734375,0.01318359375,-0.2441406100988388,0.1831054538488388,0.54931640625
0.5816650390625,-0.822265625,0.0120849609375,-0.1831054538488388,0.1831054538488388,0.7934569716453552
0.5810546875,-0.8226318359375,0.0120849609375,-0.2441406100988388,0.2441406100988388,0.7934569716453552
0.58154296875,-0.8228759765625,0.011962890625,-0.1831054538488388,0.4272460639476776,0.6103515625
0.5814208984375,-0.822998046875,0.0111083984375,-0.2441406100988388,0.54931640625,0.6103515625
0.5806884765625,-0.822998046875,0.010986328125,-0.30517578125,0.4882812201976776,0.6713866591453552
0.579345703125,-0.8232421875,0.0120849609375,-0.2441406100988388,0.3662109076976776,0.6103515625
0.579345703125,-0.82373046875,0.012451171875,-0.1831054538488388,0.2441406100988388,0.4272460639476776
0.5810546875,-0.82373046875,0.0126953125,-0.0610351525247097,0.4272460639476776,0.1831054538488388
0.580078125,-0.8238525390625,0.0135498046875,0.0610351525247097,0.4272460639476776,0.30517578125
0.580810546875,-0.823486328125,0.013427734375,-0.0,0.3662109076976776,0.3662109076976776
0.580810546875,-0.823486328125,0.0133056640625,-0.1831054538488388,0.4272460639476776,0.7934569716453552
0.57666015625,-0.8253173828125,0.012451171875,-0.30517578125,0.6103515625,1.0986328125
0.5755615234375,-0.8258056640625,0.0128173828125,-0.30517578125,0.7934569716453552,0.8544921278953552
0.5782470703125,-0.8243408203125,0.0155029296875,-0.0,0.4882812201976776,0.4272460639476776
0.57861328125,-0.8253173828125,0.01513671875,-0.0610351525247097,0.4272460639476776,0.3662109076976776
0.57861328125,-0.8262939453125,0.0142822265625,-0.1220703050494194,0.3662109076976776,0.54931640625
0.5780029296875,-0.8262939453125,0.0140380859375,-0.1220703050494194,0.4272460639476776,0.7324218153953552
0.57666015625,-0.8262939453125,0.013916015625,-0.1220703050494194,0.54931640625,0.7934569716453552
0.57568359375,-0.8267822265625,0.01416015625,-0.2441406100988388,0.4882812201976776,0.7324218153953552
0.5750732421875,-0.8271484375,0.0140380859375,-0.30517578125,0.4272460639476776,0.4882812201976776
0.5753173828125,-0.8265380859375,0.0137939453125,-0.2441406100988388,0.4882812201976776,0.3662109076976776
0.5767822265625,-0.827392578125,0.0150146484375,-0.0610351525247097,0.4882812201976776,0.30517578125
0.5755615234375,-0.827392578125,0.01513671875,-0.1220703050494194,0.54931640625,0.4882812201976776
0.57421875,-0.8280029296875,0.0147705078125,-0.2441406100988388,0.6103515625,0.6713866591453552
0.5738525390625,-0.828857421875,0.0150146484375,-0.2441406100988388,0.7324218153953552,0.3662109076976776
0.5748291015625,-0.82763671875,0.015625,-0.1220703050494194,0.8544921278953552,0.2441406100988388
0.574462890625,-0.826171875,0.01611328125,-0.1220703050494194,0.8544921278953552,0.30517578125
0.57421875,-0.826416015625,0.015625,-0.1831054538488388,1.220703125,0.30517578125
0.574951171875,-0.827880859375,0.01513671875,-0.2441406100988388,1.5869139432907104,0.1831054538488388
0.5748291015625,-0.828369140625,0.0155029296875,-0.3662109076976776,1.0986328125,0.2441406100988388
0.573486328125,-0.8284912109375,0.015869140625,-0.54931640625,0.2441406100988388,0.54931640625
0.5726318359375,-0.8287353515625,0.0155029296875,-0.54931640625,-0.0610351525247097,0.6103515625
0.572998046875,-0.82861328125,0.01513671875,-0.3662109076976776,0.1220703050494194,0.3662109076976776
0.5728759765625,-0.828369140625,0.0157470703125,-0.1220703050494194,0.3662109076976776,0.1831054538488388
0.5723876953125,-0.8282470703125,0.0162353515625,0.1220703050494194,0.4882812201976776,0.1831054538488388
0.573486328125,-0.828369140625,0.0157470703125,0.2441406100988388,0.54931640625,0.0610351525247097
0.574462890625,-0.8284912109375,0.01611328125,0.2441406100988388,0.6103515625,0.0
0.5740966796875,-0.8287353515625,0.0172119140625,0.2441406100988388,0.6103515625,0.0610351525247097
0.5728759765625,-0.8287353515625,0.0177001953125,0.1220703050494194,0.4882812201976776,0.1220703050494194
0.5736083984375,-0.8284912109375,0.0177001953125,-0.0610351525247097,0.2441406100988388,0.0610351525247097
0.5709228515625,-0.828857421875,0.018310546875,-0.0,-0.7324218153953552,0.3662109076976776
0.5718994140625,-0.8282470703125,0.0174560546875,0.0610351525247097,-0.9765624403953552,0.0610351525247097
0.57568359375,-0.827392578125,0.0172119140625,0.1831054538488388,-0.7934569716453552,-0.3662109076976776
0.576171875,-0.826904296875,0.0169677734375,0.2441406100988388,-0.2441406100988388,-0.30517578125
0.5703125,-0.8287353515625,0.0159912109375,0.1831054538488388,0.1831054538488388,-0.0610351525247097
0.567626953125,-0.8316650390625,0.015625,0.1831054538488388,0.30517578125,-0.4272460639476776
0.572021484375,-0.8306884765625,0.0152587890625,0.2441406100988388,-0.2441406100988388,-1.0986328125
0.576171875,-0.826171875,0.014892578125,0.30517578125,-1.0986328125,-1.15966796875
0.5780029296875,-0.8232421875,0.015380859375,0.30517578125,-1.4038084745407104,-0.9765624403953552
0.57861328125,-0.82373046875,0.0157470703125,0.2441406100988388,-0.8544921278953552,-1.03759765625
0.5775146484375,-0.826171875,0.0157470703125,0.1220703050494194,-0.1831054538488388,-1.220703125
0.576171875,-0.82763671875,0.016357421875,0.1831054538488388,0.0610351525247097,-1.0986328125
0.5782470703125,-0.824951171875,0.015380859375,0.30517578125,-0.6103515625,-0.9155272841453552
0.5802001953125,-0.8231201171875,0.0150146484375,0.1831054538488388,-0.7934569716453552,-0.9155272841453552
0.5814208984375,-0.8223876953125,0.0152587890625,0.1220703050494194,-0.7324218153953552,-0.9155272841453552
0.5811767578125,-0.8226318359375,0.0150146484375,0.1831054538488388,-0.3662109076976776,-0.9155272841453552
0.581787109375,-0.8233642578125,0.01513671875,0.30517578125,0.1220703050494194,-0.9155272841453552
0.582275390625,-0.8238525390625,0.0157470703125,0.4272460639476776,0.6103515625,-0.8544921278953552
0.5809326171875,-0.823974609375,0.0162353515625,0.4272460639476776,0.9765624403953552,-0.4882812201976776
0.5848388671875,-0.8218994140625,0.01708984375,0.2441406100988388,0.54931640625,0.0
0.5819091796875,-0.8218994140625,0.0177001953125,-0.0610351525247097,0.30517578125,0.6103515625
0.5809326171875,-0.8214111328125,0.018310546875,-0.1220703050494194,0.3662109076976776,0.3662109076976776
0.5810546875,-0.82177734375,0.0174560546875,-0.0610351525247097,0.2441406100988388,0.3662109076976776
0.5804443359375,-0.823486328125,0.0167236328125,-0.0610351525247097,0.0610351525247097,0.30517578125
0.5797119140625,-0.8248291015625,0.0164794921875,-0.1220703050494194,0.0610351525247097,0.30517578125
0.57958984375,-0.824951171875,0.0167236328125,-0.0610351525247097,0.0610351525247097,0.30517578125
0.580078125,-0.8245849609375,0.01708984375,-0.0,-0.0,0.2441406100988388
0.5806884765625,-0.82421875,0.0172119140625,0.0610351525247097,-0.0610351525247097,0.1831054538488388
0.580322265625,-0.8232421875,0.016845703125,0.0610351525247097,-0.0610351525247097,0.2441406100988388
0.579833984375,-0.8231201171875,0.0172119140625,0.0610351525247097,-0.0,0.2441406100988388
0.5797119140625,-0.82421875,0.0177001953125,0.1220703050494194,-0.0,0.0610351525247097
0.58056640625,-0.82470703125,0.017578125,0.1831054538488388,-0.0610351525247097,-0.0610351525247097
0.581298828125,-0.823974609375,0.0172119140625,0.1831054538488388,-0.0,0.0610351525247097
0.580810546875,-0.8238525390625,0.0169677734375,0.1220703050494194,0.0610351525247097,0.2441406100988388
0.580810546875,-0.8240966796875,0.0169677734375,0.0610351525247097,0.1220703050494194,0.2441406100988388
0.5821533203125,-0.823486328125,0.017578125,0.0610351525247097,0.30517578125,0.3662109076976776
0.5770263671875,-0.8267822265625,0.018310546875,-0.2441406100988388,0.1831054538488388,0.9765624403953552
0.57763671875,-0.824951171875,0.018798828125,-0.30517578125,0.1831054538488388,0.8544921278953552
0.578369140625,-0.823974609375,0.01904296875,-0.3662109076976776,0.1831054538488388,0.7934569716453552
0.577880859375,-0.825439453125,0.0184326171875,-0.4272460639476776,0.1831054538488388,0.7324218153953552
0.5762939453125,-0.8272705078125,0.0172119140625,-0.4882812201976776,0.1831054538488388,0.7324218153953552
0.5750732421875,-0.8280029296875,0.0162353515625,-0.4882812201976776,0.1831054538488388,0.6713866591453552
0.574951171875,-0.8275146484375,0.015869140625,-0.3662109076976776,0.1220703050494194,0.6103515625
0.575927734375,-0.8267822265625,0.0150146484375,-0.30517578125,0.2441406100988388,0.4882812201976776
0.5767822265625,-0.8265380859375,0.014404296875,-0.2441406100988388,0.30517578125,0.3662109076976776
0.576416015625,-0.82666015625,0.0152587890625,-0.1831054538488388,0.3662109076976776,0.4272460639476776
0.5753173828125,-0.8272705078125,0.0166015625,-0.1220703050494194,0.3662109076976776,0.54931640625
0.5745849609375,-0.8280029296875,0.0177001953125,-0.1220703050494194,0.30517578125,0.6103515625
0.5860595703125,-0.820556640625,0.013671875,-0.1831054538488388,0.1831054538488388,0.1220703050494194
0.5855712890625,-0.82080078125,0.0133056640625,-0.1220703050494194,0.1831054538488388,0.1220703050494194
0.58447265625,-0.8204345703125,0.01318359375,-0.0610351525247097,0.1220703050494194,0.2441406100988388
0.5848388671875,-0.820556640625,0.0125732421875,-0.0,-0.0,0.1831054538488388
0.588134765625,-0.8197021484375,0.0120849609375,0.0610351525247097,-0.0,0.1220703050494194
0.5877685546875,-0.8187255859375,0.0125732421875,0.0610351525247097,0.1831054538488388,0.4272460639476776
0.5836181640625,-0.820068359375,0.012451171875,-0.0610351525247097,0.4272460639476776,0.9155272841453552
0.58251953125,-0.8223876953125,0.0120849609375,-0.1831054538488388,0.6713866591453552,0.9155272841453552
0.583251953125,-0.82177734375,0.0123291015625,-0.2441406100988388,0.6103515625,0.7324218153953552
0.583740234375,-0.81982421875,0.012939453125,-0.2441406100988388,0.3662109076976776,0.6103515625
0.5836181640625,-0.8201904296875,0.013427734375,-0.2441406100988388,0.2441406100988388,0.54931640625
0.5831298828125,-0.82177734375,0.01318359375,-0.2441406100988388,0.1831054538488388,0.54931640625
0.5816650390625,-0.822265625,0.0120849609375,-0.1831054538488388,0.1831054538488388,0.7934569716453552
0.5810546875,-0.8226318359375,0.0120849609375,-0.2441406100988388,0.2441406100988388,0.7934569716453552
0.58154296875,-0.8228759765625,0.011962890625,-0.1831054538488388,0.4272460639476776,0.6103515625
0.5814208984375,-0.822998046875,0.0111083984375,-0.2441406100988388,0.54931640625,0.6103515625
0.5806884765625,-0.822998046875,0.010986328125,-0.30517578125,0.4882812201976776,0.6713866591453552
0.579345703125,-0.8232421875,0.0120849609375,-0.2441406100988388,0.3662109076976776,0.6103515625
0.579345703125,-0.82373046875,0.012451171875,-0.1831054538488388,0.2441406100988388,0.4272460639476776
0.5810546875,-0.82373046875,0.0126953125,-0.0610351525247097,0.4272460639476776,0.1831054538488388
0.580078125,-0.8238525390625,0.0135498046875,0.0610351525247097,0.4272460639476776,0.30517578125
0.580810546875,-0.823486328125,0.013427734375,-0.0,0.3662109076976776,0.3662109076976776
0.580810546875,-0.823486328125,0.0133056640625,-0.1831054538488388,0.4272460639476776,0.7934569716453552
0.57666015625,-0.8253173828125,0.012451171875,-0.30517578125,0.6103515625,1.0986328125
0.5755615234375,-0.8258056640625,0.0128173828125,-0.30517578125,0.7934569716453552,0.8544921278953552
0.5782470703125,-0.8243408203125,0.0155029296875,-0.0,0.4882812201976776,0.4272460639476776
0.57861328125,-0.8253173828125,0.01513671875,-0.0610351525247097,0.4272460639476776,0.3662109076976776
0.57861328125,-0.8262939453125,0.0142822265625,-0.1220703050494194,0.3662109076976776,0.54931640625
0.5780029296875,-0.8262939453125,0.0140380859375,-0.1220703050494194,0.4272460639476776,0.7324218153953552
0.57666015625,-0.8262939453125,0.013916015625,-0.1220703050494194,0.54931640625,0.7934569716453552
0.57568359375,-0.8267822265625,0.01416015625,-0.2441406100988388,0.4882812201976776,0.7324218153953552
0.5750732421875,-0.8271484375,0.0140380859375,-0.30517578125,0.4272460639476776,0.4882812201976776
0.5753173828125,-0.8265380859375,0.0137939453125,-0.2441406100988388,0.4882812201976776,0.3662109076976776
0.5767822265625,-0.827392578125,0.0150146484375,-0.0610351525247097,0.4882812201976776,0.30517578125
0.5755615234375,-0.827392578125,0.01513671875,-0.1220703050494194,0.54931640625,0.4882812201976776
0.57421875,-0.8280029296875,0.0147705078125,-0.2441406100988388,0.6103515625,0.6713866591453552
0.5738525390625,-0.828857421875,0.0150146484375,-0.2441406100988388,0.7324218153953552,0.3662109076976776
0.5748291015625,-0.82763671875,0.015625,-0.1220703050494194,0.8544921278953552,0.2441406100988388
0.574462890625,-0.826171875,0.01611328125,-0.1220703050494194,0.8544921278953552,0.30517578125
0.57421875,-0.826416015625,0.015625,-0.1831054538488388,1.220703125,0.30517578125
0.574951171875,-0.827880859375,0.01513671875,-0.2441406100988388,1.5869139432907104,0.1831054538488388
0.5748291015625,-0.828369140625,0.0155029296875,-0.3662109076976776,1.0986328125,0.2441406100988388
0.573486328125,-0.8284912109375,0.015869140625,-0.54931640625,0.2441406100988388,0.54931640625
0.5726318359375,-0.8287353515625,0.0155029296875,-0.54931640625,-0.0610351525247097,0.6103515625
0.572998046875,-0.82861328125,0.01513671875,-0.3662109076976776,0.1220703050494194,0.3662109076976776
0.5728759765625,-0.828369140625,0.0157470703125,-0.1220703050494194,0.3662109076976776,0.1831054538488388
0.5723876953125,-0.8282470703125,0.0162353515625,0.1220703050494194,0.4882812201976776,0.1831054538488388
0.573486328125,-0.828369140625,0.0157470703125,0.2441406100988388,0.54931640625,0.0610351525247097
0.574462890625,-0.8284912109375,0.01611328125,0.2441406100988388,0.6103515625,0.0
0.5740966796875,-0.8287353515625,0.0172119140625,0.2441406100988388,0.6103515625,0.0610351525247097
0.5728759765625,-0.8287353515625,0.0177001953125,0.1220703050494194,0.4882812201976776,0.1220703050494194
0.5736083984375,-0.8284912109375,0.0177001953125,-0.0610351525247097,0.2441406100988388,0.0610351525247097
0.5709228515625,-0.828857421875,0.018310546875,-0.0,-0.7324218153953552,0.3662109076976776
0.5718994140625,-0.8282470703125,0.0174560546875,0.0610351525247097,-0.9765624403953552,0.0610351525247097
0.57568359375,-0.827392578125,0.0172119140625,0.1831054538488388,-0.7934569716453552,-0.3662109076976776
0.576171875,-0.826904296875,0.0169677734375,0.2441406100988388,-0.2441406100988388,-0.30517578125
0.5703125,-0.8287353515625,0.0159912109375,0.1831054538488388,0.1831054538488388,-0.0610351525247097
0.567626953125,-0.8316650390625,0.015625,0.1831054538488388,0.30517578125,-0.4272460639476776
0.572021484375,-0.8306884765625,0.0152587890625,0.2441406100988388,-0.2441406100988388,-1.0986328125
0.576171875,-0.826171875,0.014892578125,0.30517578125,-1.0986328125,-1.15966796875
0.5780029296875,-0.8232421875,0.015380859375,0.30517578125,-1.4038084745407104,-0.9765624403953552
0.57861328125,-0.82373046875,0.0157470703125,0.2441406100988388,-0.8544921278953552,-1.03759765625
0.5775146484375,-0.826171875,0.0157470703125,0.1220703050494194,-0.1831054538488388,-1.220703125
0.576171875,-0.82763671875,0.016357421875,0.1831054538488388,0.0610351525247097,-1.0986328125
0.5782470703125,-0.824951171875,0.015380859375,0.30517578125,-0.6103515625,-0.9155272841453552
0.5802001953125,-0.8231201171875,0.0150146484375,0.1831054538488388,-0.7934569716453552,-0.9155272841453552
0.5814208984375,-0.8223876953125,0.0152587890625,0.1220703050494194,-0.7324218153953552,-0.9155272841453552
0.5811767578125,-0.8226318359375,0.0150146484375,0.1831054538488388,-0.3662109076976776,-0.9155272841453552
0.581787109375,-0.8233642578125,0.01513671875,0.30517578125,0.1220703050494194,-0.9155272841453552
0.582275390625,-0.8238525390625,0.0157470703125,0.4272460639476776,0.6103515625,-0.8544921278953552
0.5809326171875,-0.823974609375,0.0162353515625,0.4272460639476776,0.9765624403953552,-0.4882812201976776
0.5848388671875,-0.8218994140625,0.01708984375,0.2441406100988388,0.54931640625,0.0
0.5819091796875,-0.8218994140625,0.0177001953125,-0.0610351525247097,0.30517578125,0.6103515625
0.5809326171875,-0.8214111328125,0.018310546875,-0.1220703050494194,0.3662109076976776,0.3662109076976776
0.5810546875,-0.82177734375,0.0174560546875,-0.0610351525247097,0.2441406100988388,0.3662109076976776
0.5804443359375,-0.823486328125,0.0167236328125,-0.0610351525247097,0.0610351525247097,0.30517578125
0.5797119140625,-0.8248291015625,0.0164794921875,-0.1220703050494194,0.0610351525247097,0.30517578125
0.57958984375,-0.824951171875,0.0167236328125,-0.0610351525247097,0.0610351525247097,0.30517578125
0.580078125,-0.8245849609375,0.01708984375,-0.0,-0.0,0.2441406100988388
0.5806884765625,-0.82421875,0.0172119140625,0.0610351525247097,-0.0610351525247097,0.1831054538488388
0.580322265625,-0.8232421875,0.016845703125,0.0610351525247097,-0.0610351525247097,0.2441406100988388
0.579833984375,-0.8231201171875,0.0172119140625,0.0610351525247097,-0.0,0.2441406100988388
0.5797119140625,-0.82421875,0.0177001953125,0.1220703050494194,-0.0,0.0610351525247097
0.58056640625,-0.82470703125,0.017578125,0.1831054538488388,-0.0610351525247097,-0.0610351525247097
0.581298828125,-0.823974609375,0.0172119140625,0.1831054538488388,-0.0,0.0610351525247097
0.580810546875,-0.8238525390625,0.0169677734375,0.1220703050494194,0.0610351525247097,0.2441406100988388
0.580810546875,-0.8240966796875,0.0169677734375,0.0610351525247097,0.1220703050494194,0.2441406100988388
0.5821533203125,-0.823486328125,0.017578125,0.0610351525247097,0.30517578125,0.3662109076976776
0.5770263671875,-0.8267822265625,0.018310546875,-0.2441406100988388,0.1831054538488388,0.9765624403953552
0.57763671875,-0.824951171875,0.018798828125,-0.30517578125,0.1831054538488388,0.8544921278953552
0.578369140625,-0.823974609375,0.01904296875,-0.3662109076976776,0.1831054538488388,0.7934569716453552
0.577880859375,-0.825439453125,0.0184326171875,-0.4272460639476776,0.1831054538488388,0.7324218153953552
0.5762939453125,-0.8272705078125,0.0172119140625,-0.4882812201976776,0.1831054538488388,0.7324218153953552
0.5750732421875,-0.8280029296875,0.0162353515625,-0.4882812201976776,0.1831054538488388,0.6713866591453552
0.574951171875,-0.8275146484375,0.015869140625,-0.3662109076976776,0.1220703050494194,0.6103515625
0.575927734375,-0.8267822265625,0.0150146484375,-0.30517578125,0.2441406100988388,0.4882812201976776
0.5767822265625,-0.8265380859375,0.014404296875,-0.2441406100988388,0.30517578125,0.3662109076976776
0.576416015625,-0.82666015625,0.0152587890625,-0.1831054538488388,0.3662109076976776,0.4272460639476776
0.5753173828125,-0.8272705078125,0.0166015625,-0.1220703050494194,0.3662109076976776,0.54931640625
0.5745849609375,-0.8280029296875,0.0177001953125,-0.1220703050494194,0.30517578125,0.6103515625
0.5748291015625,-0.8280029296875,0.0177001953125,-0.1220703050494194,0.30517578125,0.6713866591453552
0.570068359375,-0.8299560546875,0.01806640625,-0.30517578125,0.9765624403953552,1.220703125
0.569580078125,-0.8294677734375,0.01904296875,-0.30517578125,1.03759765625,1.220703125
0.5701904296875,-0.8304443359375,0.01953125,-0.4272460639476776,0.8544921278953552,1.03759765625
0.571533203125,-0.83203125,0.018310546875,-0.6713866591453552,0.6103515625,0.7324218153953552
0.570068359375,-0.831787109375,0.016845703125,-0.8544921278953552,0.30517578125,0.7934569716453552
0.5667724609375,-0.832275390625,0.014892578125,0.0610351525247097,0.1220703050494194,0.7934569716453552
0.5665283203125,-0.8331298828125,0.0152587890625,0.0610351525247097,0.4272460639476776,0.6713866591453552
0.5662841796875,-0.8341064453125,0.016357421875,0.1220703050494194,0.6103515625,0.4272460639476776
0.5662841796875,-0.8341064453125,0.01806640625,0.2441406100988388,0.6713866591453552,0.30517578125
0.566650390625,-0.833740234375,0.0198974609375,0.30517578125,0.54931640625,0.3662109076976776
0.566162109375,-0.8341064453125,0.02099609375,0.2441406100988388,0.4882812201976776,0.4272460639476776
0.56640625,-0.833984375,0.0208740234375,0.30517578125,0.54931640625,0.30517578125
0.5679931640625,-0.8333740234375,0.020263671875,0.4882812201976776,0.6713866591453552,0.1831054538488388
0.567626953125,-0.8330078125,0.01953125,0.54931640625,0.6713866591453552,0.4272460639476776
0.5660400390625,-0.834228515625,0.018798828125,0.4272460639476776,0.54931640625,0.7324218153953552
0.5653076171875,-0.8349609375,0.018798828125,0.30517578125,0.54931640625,0.9155272841453552
0.5648193359375,-0.833740234375,0.0205078125,0.2441406100988388,0.54931640625,1.03759765625
0.5638427734375,-0.8338623046875,0.0223388671875,0.2441406100988388,0.54931640625,0.9765624403953552
0.562744140625,-0.8358154296875,0.02294921875,0.1220703050494194,0.4882812201976776,0.7324218153953552
0.5621337890625,-0.8377685546875,0.023193359375,-0.0610351525247097,0.4272460639476776,0.4882812201976776
0.5625,-0.8375244140625,0.02392578125,-0.1831054538488388,0.30517578125,0.54931640625
0.562255859375,-0.8358154296875,0.0235595703125,-0.30517578125,0.1831054538488388,0.7324218153953552
0.56201171875,-0.8345947265625,0.0218505859375,-0.4272460639476776,0.1831054538488388,0.7324218153953552
0.560546875,-0.83642578125,0.0205078125,-0.4272460639476776,-0.0,0.3662109076976776
0.558349609375,-0.8375244140625,0.0205078125,-0.4272460639476776,-0.30517578125,0.1831054538488388
0.5576171875,-0.838134765625,0.0186767578125,-0.30517578125,-0.4882812201976776,-0.1831054538488388
0.5592041015625,-0.838134765625,0.0172119140625,-0.0,-0.7324218153953552,-0.6103515625
0.5615234375,-0.836181640625,0.0177001953125,0.54931640625,-0.8544921278953552,-0.8544921278953552
0.5626220703125,-0.833984375,0.0196533203125,0.9155272841453552,-0.7324218153953552,-1.03759765625
0.565185546875,-0.8338623046875,0.021240234375,0.8544921278953552,-0.7324218153953552,-1.3427733182907104
0.569580078125,-0.833984375,0.021484375,0.6713866591453552,-0.8544921278953552,-1.5869139432907104
0.5693359375,-0.8333740234375,0.022216796875,0.4882812201976776,-0.6103515625,-1.0986328125
0.5645751953125,-0.833984375,0.0223388671875,0.30517578125,-0.1220703050494194,-0.3662109076976776
0.5628662109375,-0.8349609375,0.0211181640625,0.1220703050494194,-0.0,-0.1220703050494194
0.56396484375,-0.83349609375,0.019287109375,0.1831054538488388,-0.30517578125,-0.30517578125
0.5660400390625,-0.831298828125,0.0185546875,0.4272460639476776,-0.7324218153953552,-0.4882812201976776
0.5682373046875,-0.8309326171875,0.020263671875,0.6713866591453552,-0.9155272841453552,-0.6713866591453552
0.5699462890625,-0.8319091796875,0.0218505859375,0.54931640625,-0.8544921278953552,-0.7324218153953552
0.5699462890625,-0.83203125,0.021728515625,0.1220703050494194,-0.7934569716453552,-0.54931640625
0.5675048828125,-0.8316650390625,0.0211181640625,-0.1831054538488388,-0.4882812201976776,-0.30517578125
0.5657958984375,-0.83251953125,0.0205078125,-0.1831054538488388,0.1220703050494194,-0.2441406100988388
0.56640625,-0.8328857421875,0.01953125,-0.0,0.4272460639476776,-0.4882812201976776
0.5677490234375,-0.832275390625,0.0185546875,0.1831054538488388,0.1220703050494194,-0.6103515625
0.571044921875,-0.8309326171875,0.0196533203125,-0.0,-0.0,-0.1831054538488388
0.57080078125,-0.83154296875,0.019287109375,-0.0,0.0610351525247097,-0.0610351525247097
0.5721435546875,-0.8302001953125,0.0198974609375,0.0610351525247097,0.2441406100988388,0.0
0.571044921875,-0.8297119140625,0.019287109375,-0.0,0.4882812201976776,0.1831054538488388
0.5689697265625,-0.8314208984375,0.01806640625,-0.1220703050494194,0.54931640625,0.30517578125
0.5693359375,-0.8323974609375,0.0189208984375,-0.1220703050494194,0.6103515625,0.2441406100988388
0.5697021484375,-0.83056640625,0.0206298828125,-0.0610351525247097,0.54931640625,0.3662109076976776
0.5699462890625,-0.8284912109375,0.0216064453125,-0.0,0.4272460639476776,0.4882812201976776
0.56982421875,-0.8291015625,0.02197265625,-0.0,0.3662109076976776,0.2441406100988388
0.5693359375,-0.8311767578125,0.0216064453125,-0.0,0.3662109076976776,0.0610351525247097
0.5684814453125,-0.8321533203125,0.0206298828125,-0.0610351525247097,0.30517578125,0.0
0.5684814453125,-0.831787109375,0.020263671875,-0.0,0.30517578125,-0.0610351525247097
0.570556640625,-0.8311767578125,0.020263671875,0.0610351525247097,0.2441406100988388,-0.1220703050494194
0.5714111328125,-0.8302001953125,0.0196533203125,-0.0,0.1831054538488388,-0.0610351525247097
0.569580078125,-0.8299560546875,0.0194091796875,-0.1831054538488388,0.1220703050494194,0.0
0.56884765625,-0.8309326171875,0.0205078125,-0.30517578125,0.30517578125,-0.0610351525247097
0.569580078125,-0.8314208984375,0.021484375,-0.30517578125,0.3662109076976776,-0.1220703050494194
0.5703125,-0.8310546875,0.0213623046875,-0.1831054538488388,0.2441406100988388,-0.1220703050494194
0.5703125,-0.8314208984375,0.019287109375,-0.1831054538488388,0.2441406100988388,0.8544921278953552
0.5673828125,-0.8328857421875,0.01904296875,-0.30517578125,0.54931640625,0.9765624403953552
0.566650390625,-0.8321533203125,0.0198974609375,-0.1831054538488388,0.7934569716453552,0.7934569716453552
0.5670166015625,-0.8309326171875,0.021240234375,-0.0,0.6103515625,0.6103515625
0.5687255859375,-0.8330078125,0.0213623046875,0.1831054538488388,0.2441406100988388,0.30517578125
0.567138671875,-0.8326416015625,0.0213623046875,0.1831054538488388,0.30517578125,0.4882812201976776
0.5667724609375,-0.8326416015625,0.021240234375,0.1220703050494194,0.30517578125,0.3662109076976776
0.56787109375,-0.832275390625,0.021484375,-0.0,0.2441406100988388,0.1831054538488388
0.568115234375,-0.83251953125,0.0224609375,-0.2441406100988388,0.3662109076976776,0.3662109076976776
0.567626953125,-0.8330078125,0.0223388671875,-0.3662109076976776,0.3662109076976776,0.4272460639476776
0.566162109375,-0.8333740234375,0.0213623046875,-0.4272460639476776,0.2441406100988388,0.4272460639476776
0.5657958984375,-0.833740234375,0.0206298828125,-0.3662109076976776,0.30517578125,0.30517578125
0.5670166015625,-0.833740234375,0.0206298828125,-0.1831054538488388,0.54931640625,0.0610351525247097
0.5672607421875,-0.83349609375,0.020751953125,-0.0610351525247097,0.4882812201976776,0.1220703050494194
0.566650390625,-0.8333740234375,0.0201416015625,-0.1220703050494194,0.2441406100988388,0.30517578125
0.568359375,-0.8326416015625,0.020751953125,-0.1831054538488388,0.1220703050494194,0.3662109076976776
0.5693359375,-0.832275390625,0.021728515625,-0.1831054538488388,0.3662109076976776,0.4882812201976776
0.5662841796875,-0.83349609375,0.02197265625,-0.30517578125,0.54931640625,0.8544921278953552
0.56298828125,-0.83544921875,0.0211181640625,-0.4272460639476776,0.6713866591453552,1.03759765625
0.5623779296875,-0.8355712890625,0.0205078125,-0.3662109076976776,0.8544921278953552,0.9155272841453552
0.563720703125,-0.833984375,0.0205078125,-0.2441406100988388,0.7324218153953552,0.7934569716453552
0.564208984375,-0.8336181640625,0.0203857421875,-0.0610351525247097,0.4272460639476776,0.6713866591453552
0.563720703125,-0.8348388671875,0.0205078125,-0.0610351525247097,0.2441406100988388,0.4882812201976776
0.5631103515625,-0.8360595703125,0.0213623046875,-0.0610351525247097,0.3662109076976776,0.30517578125
0.5618896484375,-0.8363037109375,0.0223388671875,-0.1220703050494194,0.6103515625,0.2441406100988388
0.5615234375,-0.83642578125,0.022216796875,-0.1831054538488388,0.7934569716453552,0.1831054538488388
0.5626220703125,-0.83642578125,0.0218505859375,-0.2441406100988388,0.7934569716453552,0.0610351525247097
0.563232421875,-0.8358154296875,0.021484375,-0.30517578125,0.7324218153953552,-0.1220703050494194
0.5640869140625,-0.8348388671875,0.0213623046875,-0.1220703050494194,0.7324218153953552,-0.2441406100988388
0.5645751953125,-0.8338623046875,0.021484375,0.1831054538488388,0.7934569716453552,-0.1220703050494194
0.564697265625,-0.8336181640625,0.0225830078125,0.3662109076976776,0.7324218153953552,0.2441406100988388
0.5640869140625,-0.8365478515625,0.0242919921875,-0.0610351525247097,0.6103515625,0.7934569716453552
0.5621337890625,-0.837646484375,0.0255126953125,-0.1831054538488388,0.7934569716453552,0.7934569716453552
0.560302734375,-0.8382568359375,0.0260009765625,-0.1831054538488388,0.8544921278953552,0.7934569716453552
0.56005859375,-0.83837890625,0.025146484375,-0.1831054538488388,0.6103515625,0.6103515625
0.56201171875,-0.8367919921875,0.02392578125,-0.1831054538488388,0.4272460639476776,0.30517578125
0.563720703125,-0.834716796875,0.0235595703125,-0.1831054538488388,0.3662109076976776,0.2441406100988388
0.5595703125,-0.8369140625,0.024169921875,-0.7324218153953552,0.4272460639476776,0.8544921278953552
0.5748291015625,-0.8280029296875,0.0177001953125,-0.1220703050494194,0.30517578125,0.6713866591453552
0.570068359375,-0.8299560546875,0.01806640625,-0.30517578125,0.9765624403953552,1.220703125
0.569580078125,-0.8294677734375,0.01904296875,-0.30517578125,1.03759765625,1.220703125
0.5701904296875,-0.8304443359375,0.01953125,-0.4272460639476776,0.8544921278953552,1.03759765625
0.571533203125,-0.83203125,0.018310546875,-0.6713866591453552,0.6103515625,0.7324218153953552
0.570068359375,-0.831787109375,0.016845703125,-0.8544921278953552,0.30517578125,0.7934569716453552
0.5667724609375,-0.832275390625,0.014892578125,0.0610351525247097,0.1220703050494194,0.7934569716453552
0.5665283203125,-0.8331298828125,0.0152587890625,0.0610351525247097,0.4272460639476776,0.6713866591453552
0.5662841796875,-0.8341064453125,0.016357421875,0.1220703050494194,0.6103515625,0.4272460639476776
0.5662841796875,-0.8341064453125,0.01806640625,0.2441406100988388,0.6713866591453552,0.30517578125
0.566650390625,-0.833740234375,0.0198974609375,0.30517578125,0.54931640625,0.3662109076976776
0.566162109375,-0.8341064453125,0.02099609375,0.2441406100988388,0.4882812201976776,0.4272460639476776
0.56640625,-0.833984375,0.0208740234375,0.30517578125,0.54931640625,0.30517578125
0.5679931640625,-0.8333740234375,0.020263671875,0.4882812201976776,0.6713866591453552,0.1831054538488388
0.567626953125,-0.8330078125,0.01953125,0.54931640625,0.6713866591453552,0.4272460639476776
0.5660400390625,-0.834228515625,0.018798828125,0.4272460639476776,0.54931640625,0.7324218153953552
0.5653076171875,-0.8349609375,0.018798828125,0.30517578125,0.54931640625,0.9155272841453552
0.5648193359375,-0.833740234375,0.0205078125,0.2441406100988388,0.54931640625,1.03759765625
0.5638427734375,-0.8338623046875,0.0223388671875,0.2441406100988388,0.54931640625,0.9765624403953552
0.562744140625,-0.8358154296875,0.02294921875,0.1220703050494194,0.4882812201976776,0.7324218153953552
0.5621337890625,-0.8377685546875,0.023193359375,-0.0610351525247097,0.4272460639476776,0.4882812201976776
0.5625,-0.8375244140625,0.02392578125,-0.1831054538488388,0.30517578125,0.54931640625
0.562255859375,-0.8358154296875,0.0235595703125,-0.30517578125,0.1831054538488388,0.7324218153953552
0.56201171875,-0.8345947265625,0.0218505859375,-0.4272460639476776,0.1831054538488388,0.7324218153953552
0.560546875,-0.83642578125,0.0205078125,-0.4272460639476776,-0.0,0.3662109076976776
0.558349609375,-0.8375244140625,0.0205078125,-0.4272460639476776,-0.30517578125,0.1831054538488388
0.5576171875,-0.838134765625,0.0186767578125,-0.30517578125,-0.4882812201976776,-0.1831054538488388
0.5592041015625,-0.838134765625,0.0172119140625,-0.0,-0.7324218153953552,-0.6103515625
0.5615234375,-0.836181640625,0.0177001953125,0.54931640625,-0.8544921278953552,-0.8544921278953552
0.5626220703125,-0.833984375,0.0196533203125,0.9155272841453552,-0.7324218153953552,-1.03759765625
0.565185546875,-0.8338623046875,0.021240234375,0.8544921278953552,-0.7324218153953552,-1.3427733182907104
0.569580078125,-0.833984375,0.021484375,0.6713866591453552,-0.8544921278953552,-1.5869139432907104
0.5693359375,-0.8333740234375,0.022216796875,0.4882812201976776,-0.6103515625,-1.0986328125
0.5645751953125,-0.833984375,0.0223388671875,0.30517578125,-0.1220703050494194,-0.3662109076976776
0.5628662109375,-0.8349609375,0.0211181640625,0.1220703050494194,-0.0,-0.1220703050494194
0.56396484375,-0.83349609375,0.019287109375,0.1831054538488388,-0.30517578125,-0.30517578125
0.5660400390625,-0.831298828125,0.0185546875,0.4272460639476776,-0.7324218153953552,-0.4882812201976776
0.5682373046875,-0.8309326171875,0.020263671875,0.6713866591453552,-0.9155272841453552,-0.6713866591453552
0.5699462890625,-0.8319091796875,0.0218505859375,0.54931640625,-0.8544921278953552,-0.7324218153953552
0.5699462890625,-0.83203125,0.021728515625,0.1220703050494194,-0.7934569716453552,-0.54931640625
0.5675048828125,-0.8316650390625,0.0211181640625,-0.1831054538488388,-0.4882812201976776,-0.30517578125
0.5657958984375,-0.83251953125,0.0205078125,-0.1831054538488388,0.1220703050494194,-0.2441406100988388
0.56640625,-0.8328857421875,0.01953125,-0.0,0.4272460639476776,-0.4882812201976776
0.5677490234375,-0.832275390625,0.0185546875,0.1831054538488388,0.1220703050494194,-0.6103515625
0.571044921875,-0.8309326171875,0.0196533203125,-0.0,-0.0,-0.1831054538488388
0.57080078125,-0.83154296875,0.019287109375,-0.0,0.0610351525247097,-0.0610351525247097
0.5721435546875,-0.8302001953125,0.0198974609375,0.0610351525247097,0.2441406100988388,0.0
0.571044921875,-0.8297119140625,0.019287109375,-0.0,0.4882812201976776,0.1831054538488388
0.5689697265625,-0.8314208984375,0.01806640625,-0.1220703050494194,0.54931640625,0.30517578125
0.5693359375,-0.8323974609375,0.0189208984375,-0.1220703050494194,0.6103515625,0.2441406100988388
0.5697021484375,-0.83056640625,0.0206298828125,-0.0610351525247097,0.54931640625,0.3662109076976776
0.5699462890625,-0.8284912109375,0.0216064453125,-0.0,0.4272460639476776,0.4882812201976776
0.56982421875,-0.8291015625,0.02197265625,-0.0,0.3662109076976776,0.2441406100988388
0.5693359375,-0.8311767578125,0.0216064453125,-0.0,0.3662109076976776,0.0610351525247097
0.5684814453125,-0.8321533203125,0.0206298828125,-0.0610351525247097,0.30517578125,0.0
0.5684814453125,-0.831787109375,0.020263671875,-0.0,0.30517578125,-0.0610351525247097
0.570556640625,-0.8311767578125,0.020263671875,0.0610351525247097,0.2441406100988388,-0.1220703050494194
0.5714111328125,-0.8302001953125,0.0196533203125,-0.0,0.1831054538488388,-0.0610351525247097
0.569580078125,-0.8299560546875,0.0194091796875,-0.1831054538488388,0.1220703050494194,0.0
0.56884765625,-0.8309326171875,0.0205078125,-0.30517578125,0.30517578125,-0.0610351525247097
0.569580078125,-0.8314208984375,0.021484375,-0.30517578125,0.3662109076976776,-0.1220703050494194
0.5703125,-0.8310546875,0.0213623046875,-0.1831054538488388,0.2441406100988388,-0.1220703050494194
0.5703125,-0.8314208984375,0.019287109375,-0.1831054538488388,0.2441406100988388,0.8544921278953552
0.5673828125,-0.8328857421875,0.01904296875,-0.30517578125,0.54931640625,0.9765624403953552
0.566650390625,-0.8321533203125,0.0198974609375,-0.1831054538488388,0.7934569716453552,0.7934569716453552
0.5670166015625,-0.8309326171875,0.021240234375,-0.0,0.6103515625,0.6103515625
0.5687255859375,-0.8330078125,0.0213623046875,0.1831054538488388,0.2441406100988388,0.30517578125
0.567138671875,-0.8326416015625,0.0213623046875,0.1831054538488388,0.30517578125,0.4882812201976776
0.5667724609375,-0.8326416015625,0.021240234375,0.1220703050494194,0.30517578125,0.3662109076976776
0.56787109375,-0.832275390625,0.021484375,-0.0,0.2441406100988388,0.1831054538488388
0.568115234375,-0.83251953125,0.0224609375,-0.2441406100988388,0.3662109076976776,0.3662109076976776
0.567626953125,-0.8330078125,0.0223388671875,-0.3662109076976776,0.3662109076976776,0.4272460639476776
0.566162109375,-0.8333740234375,0.0213623046875,-0.4272460639476776,0.2441406100988388,0.4272460639476776
0.5657958984375,-0.833740234375,0.0206298828125,-0.3662109076976776,0.30517578125,0.30517578125
0.5670166015625,-0.833740234375,0.0206298828125,-0.1831054538488388,0.54931640625,0.0610351525247097
0.5672607421875,-0.83349609375,0.020751953125,-0.0610351525247097,0.4882812201976776,0.1220703050494194
0.566650390625,-0.8333740234375,0.0201416015625,-0.1220703050494194,0.2441406100988388,0.30517578125
0.568359375,-0.8326416015625,0.020751953125,-0.1831054538488388,0.1220703050494194,0.3662109076976776
0.5693359375,-0.832275390625,0.021728515625,-0.1831054538488388,0.3662109076976776,0.4882812201976776
0.5662841796875,-0.83349609375,0.02197265625,-0.30517578125,0.54931640625,0.8544921278953552
0.56298828125,-0.83544921875,0.0211181640625,-0.4272460639476776,0.6713866591453552,1.03759765625
0.5623779296875,-0.8355712890625,0.0205078125,-0.3662109076976776,0.8544921278953552,0.9155272841453552
0.563720703125,-0.833984375,0.0205078125,-0.2441406100988388,0.7324218153953552,0.7934569716453552
0.564208984375,-0.8336181640625,0.0203857421875,-0.0610351525247097,0.4272460639476776,0.6713866591453552
0.563720703125,-0.8348388671875,0.0205078125,-0.0610351525247097,0.2441406100988388,0.4882812201976776
0.5631103515625,-0.8360595703125,0.0213623046875,-0.0610351525247097,0.3662109076976776,0.30517578125
0.5618896484375,-0.8363037109375,0.0223388671875,-0.1220703050494194,0.6103515625,0.2441406100988388
0.5615234375,-0.83642578125,0.022216796875,-0.1831054538488388,0.7934569716453552,0.1831054538488388
0.5626220703125,-0.83642578125,0.0218505859375,-0.2441406100988388,0.7934569716453552,0.0610351525247097
0.563232421875,-0.8358154296875,0.021484375,-0.30517578125,0.7324218153953552,-0.1220703050494194
0.5640869140625,-0.8348388671875,0.0213623046875,-0.1220703050494194,0.7324218153953552,-0.2441406100988388
0.5645751953125,-0.8338623046875,0.021484375,0.1831054538488388,0.7934569716453552,-0.1220703050494194
0.564697265625,-0.8336181640625,0.0225830078125,0.3662109076976776,0.7324218153953552,0.2441406100988388
0.5640869140625,-0.8365478515625,0.0242919921875,-0.0610351525247097,0.6103515625,0.7934569716453552
0.5621337890625,-0.837646484375,0.0255126953125,-0.1831054538488388,0.7934569716453552,0.7934569716453552
0.560302734375,-0.8382568359375,0.0260009765625,-0.1831054538488388,0.8544921278953552,0.7934569716453552
0.56005859375,-0.83837890625,0.025146484375,-0.1831054538488388,0.6103515625,0.6103515625
0.56201171875,-0.8367919921875,0.02392578125,-0.1831054538488388,0.4272460639476776,0.30517578125
0.563720703125,-0.834716796875,0.0235595703125,-0.1831054538488388,0.3662109076976776,0.2441406100988388
0.5595703125,-0.8369140625,0.024169921875,-0.7324218153953552,0.4272460639476776,0.8544921278953552
0.558349609375,-0.8369140625,0.0247802734375,-0.7324218153953552,0.2441406100988388,0.9155272841453552
0.5579833984375,-0.8380126953125,0.024658203125,-0.6103515625,0.1220703050494194,0.8544921278953552
0.557373046875,-0.839111328125,0.0233154296875,-0.4882812201976776,0.1220703050494194,0.7934569716453552
0.556884765625,-0.8385009765625,0.0203857421875,-0.0,-0.1831054538488388,0.0610351525247097
0.5589599609375,-0.8387451171875,0.0208740234375,0.0610351525247097,-0.1220703050494194,-0.4882812201976776
0.55908203125,-0.8385009765625,0.0220947265625,0.1220703050494194,-0.30517578125,-0.7324218153953552
0.55859375,-0.8380126953125,0.022705078125,0.1220703050494194,-0.4882812201976776,-0.7934569716453552
0.559814453125,-0.83740234375,0.0223388671875,0.1831054538488388,-0.6103515625,-0.9155272841453552
0.560546875,-0.8367919921875,0.021728515625,0.30517578125,-0.6103515625,-1.03759765625
0.5606689453125,-0.835693359375,0.021240234375,0.54931640625,-0.54931640625,-1.03759765625
0.56201171875,-0.8348388671875,0.02099609375,0.7934569716453552,-0.4882812201976776,-1.220703125
0.5689697265625,-0.833740234375,0.0233154296875,0.6103515625,0.2441406100988388,-2.44140625
0.570556640625,-0.8330078125,0.0260009765625,0.54931640625,0.4272460639476776,-1.8310545682907104
0.568603515625,-0.8328857421875,0.02685546875,0.3662109076976776,0.1220703050494194,-0.7324218153953552
0.5657958984375,-0.833740234375,0.0247802734375,0.0610351525247097,-0.2441406100988388,-0.0610351525247097
0.5650634765625,-0.8330078125,0.0230712890625,-0.0610351525247097,-0.4272460639476776,-0.0610351525247097
0.56640625,-0.830322265625,0.022216796875,0.1220703050494194,-0.30517578125,-0.4272460639476776
0.5703125,-0.8291015625,0.0224609375,0.30517578125,-0.1220703050494194,-0.9155272841453552
0.57275390625,-0.830078125,0.0235595703125,0.2441406100988388,-0.1831054538488388,-1.220703125
0.5712890625,-0.8311767578125,0.0238037109375,0.1220703050494194,-0.4882812201976776,-0.9155272841453552
0.5693359375,-0.831787109375,0.02392578125,-0.0610351525247097,-0.54931640625,-0.3662109076976776
0.568603515625,-0.8319091796875,0.0234375,-0.1220703050494194,-0.30517578125,-0.1220703050494194
0.5697021484375,-0.8316650390625,0.0223388671875,-0.0610351525247097,-0.0610351525247097,-0.2441406100988388
0.571533203125,-0.8306884765625,0.021484375,-0.0,-0.0,-0.3662109076976776
0.57275390625,-0.8294677734375,0.021240234375,0.1831054538488388,-0.30517578125,-0.4272460639476776
0.5732421875,-0.828857421875,0.0225830078125,0.1831054538488388,-0.54931640625,-0.0610351525247097
0.5712890625,-0.8292236328125,0.022705078125,0.1220703050494194,-0.2441406100988388,0.1220703050494194
0.570556640625,-0.82958984375,0.0224609375,0.0610351525247097,0.2441406100988388,0.0
0.5721435546875,-0.83056640625,0.02197265625,0.0610351525247097,0.6103515625,-0.3662109076976776
0.57373046875,-0.83056640625,0.0223388671875,0.1220703050494194,0.54931640625,-0.30517578125
0.574951171875,-0.8289794921875,0.0230712890625,0.1831054538488388,0.30517578125,0.30517578125
0.574462890625,-0.828125,0.02294921875,0.1831054538488388,0.30517578125,1.03759765625
0.5704345703125,-0.830322265625,0.0223388671875,0.0610351525247097,0.30517578125,1.4038084745407104
0.5677490234375,-0.8331298828125,0.0230712890625,-0.1220703050494194,0.3662109076976776,1.220703125
0.5670166015625,-0.833740234375,0.0238037109375,-0.0,0.30517578125,0.54931640625
0.566162109375,-0.8333740234375,0.02392578125,-0.1831054538488388,0.1831054538488388,0.6103515625
0.56591796875,-0.8330078125,0.0242919921875,-0.30517578125,0.1220703050494194,0.6713866591453552
0.566162109375,-0.83349609375,0.0244140625,-0.3662109076976776,0.1831054538488388,0.54931640625
0.566162109375,-0.8333740234375,0.0242919921875,-0.4272460639476776,0.4272460639476776,0.3662109076976776
0.566162109375,-0.8333740234375,0.02392578125,-0.4272460639476776,0.4882812201976776,0.3662109076976776
0.5660400390625,-0.834716796875,0.025390625,-0.0610351525247097,0.30517578125,0.9155272841453552
0.56591796875,-0.835205078125,0.0255126953125,-0.0610351525247097,0.3662109076976776,1.2817381620407104
0.5633544921875,-0.8359375,0.0245361328125,-0.1831054538488388,0.4882812201976776,1.6479490995407104
0.559814453125,-0.837890625,0.023193359375,-0.2441406100988388,0.54931640625,1.7700194120407104
0.5582275390625,-0.83837890625,0.023193359375,-0.2441406100988388,0.4882812201976776,1.5869139432907104
0.5589599609375,-0.8367919921875,0.02392578125,-0.1831054538488388,0.30517578125,1.3427733182907104
0.5606689453125,-0.8360595703125,0.0247802734375,-0.2441406100988388,0.1220703050494194,1.0986328125
0.5601806640625,-0.8372802734375,0.025390625,-0.3662109076976776,0.1220703050494194,1.0986328125
0.5576171875,-0.839111328125,0.024658203125,-0.4882812201976776,0.2441406100988388,1.0986328125
0.5560302734375,-0.8399658203125,0.0240478515625,-0.4882812201976776,0.4882812201976776,0.9765624403953552
0.5565185546875,-0.8402099609375,0.0230712890625,-0.2441406100988388,0.6713866591453552,0.7324218153953552
0.558349609375,-0.8394775390625,0.021728515625,0.0610351525247097,0.54931640625,0.4882812201976776
0.5589599609375,-0.8380126953125,0.0218505859375,0.30517578125,0.3662109076976776,0.6713866591453552
0.5595703125,-0.8380126953125,0.024169921875,0.4272460639476776,0.3662109076976776,0.9155272841453552
0.5560302734375,-0.8416748046875,0.02783203125,-0.1831054538488388,0.4272460639476776,1.4648436307907104
0.5531005859375,-0.84326171875,0.0294189453125,-0.4272460639476776,0.6713866591453552,1.7700194120407104
0.5526123046875,-0.8438720703125,0.027587890625,-0.6103515625,0.6713866591453552,2.01416015625
0.5518798828125,-0.8441162109375,0.0223388671875,-0.54931640625,0.6103515625,2.0751953125
0.5496826171875,-0.843505859375,0.018310546875,-0.1220703050494194,0.7324218153953552,2.01416015625
0.5509033203125,-0.8421630859375,0.0205078125,0.3662109076976776,0.9765624403953552,1.7700194120407104
0.5538330078125,-0.841796875,0.0255126953125,0.4882812201976776,0.9765624403953552,1.7089842557907104
0.5526123046875,-0.843994140625,0.0274658203125,-0.1220703050494194,0.6713866591453552,2.197265625
0.546142578125,-0.8477783203125,0.028564453125,-0.8544921278953552,0.6103515625,2.868652105331421
0.5369873046875,-0.8505859375,0.02978515625,-1.15966796875,0.7324218153953552,3.234863042831421
0.5325927734375,-0.8524169921875,0.028076171875,-0.7934569716453552,0.9155272841453552,3.051757574081421
0.536865234375,-0.8516845703125,0.0250244140625,-0.1220703050494194,1.2817381620407104,2.44140625
0.543212890625,-0.849609375,0.0233154296875,0.30517578125,1.7700194120407104,1.9531248807907104
0.544677734375,-0.8485107421875,0.024169921875,0.0610351525247097,1.9531248807907104,2.197265625
0.5234375,-0.862548828125,0.028076171875,-1.8310545682907104,-0.0,3.601073980331421
0.5208740234375,-0.8624267578125,0.02294921875,-1.7089842557907104,0.1831054538488388,3.479003667831421
0.522705078125,-0.8582763671875,0.018310546875,-1.2817381620407104,0.3662109076976776,2.807616949081421
0.526611328125,-0.8551025390625,0.01708984375,-0.7324218153953552,0.3662109076976776,1.7700194120407104
0.531005859375,-0.85546875,0.0191650390625,-0.4882812201976776,0.2441406100988388,0.7324218153953552
0.5308837890625,-0.8577880859375,0.02197265625,-0.7324218153953552,0.0610351525247097,0.4882812201976776
0.5244140625,-0.86083984375,0.0235595703125,-1.03759765625,-0.1220703050494194,1.0986328125
0.517333984375,-0.864990234375,0.0225830078125,-0.8544921278953552,0.3662109076976776,1.15966796875
0.52587890625,-0.8582763671875,0.01708984375,0.1831054538488388,-0.1220703050494194,-0.1220703050494194
0.5296630859375,-0.8582763671875,0.0172119140625,0.1831054538488388,-0.6103515625,-0.1831054538488388
0.52978515625,-0.85888671875,0.0172119140625,0.1220703050494194,-0.9765624403953552,0.2441406100988388
0.522705078125,-0.86328125,0.0205078125,0.3662109076976776,-0.30517578125,1.4038084745407104
0.5198974609375,-0.8656005859375,0.0228271484375,0.54931640625,-0.2441406100988388,1.7089842557907104
0.518310546875,-0.8658447265625,0.02294921875,0.54931640625,-0.7324218153953552,2.13623046875
0.5191650390625,-0.86474609375,0.021484375,0.30517578125,-1.4648436307907104,2.624511480331421
0.5198974609375,-0.8638916015625,0.0198974609375,0.1220703050494194,-1.7700194120407104,3.112792730331421
0.5177001953125,-0.864501953125,0.017822265625,0.0610351525247097,-1.8920897245407104,3.601073980331421
0.514404296875,-0.8663330078125,0.0157470703125,-0.0,-2.01416015625,3.784179449081421
0.5123291015625,-0.8681640625,0.0150146484375,0.1220703050494194,-2.3193359375,3.540038824081421
0.5093994140625,-0.870849609375,0.0152587890625,0.30517578125,-2.44140625,3.417968511581421
0.4986572265625,-0.8795166015625,0.01318359375,-1.4038084745407104,-1.7700194120407104,8.056640625
0.49169921875,-0.87744140625,0.0091552734375,-1.4038084745407104,-1.5869139432907104,8.7890625
0.4833984375,-0.87939453125,0.0047607421875,-1.03759765625,-1.3427733182907104,8.6669921875
0.4835205078125,-0.8841552734375,0.00439453125,-0.3662109076976776,-1.5869139432907104,7.629394054412842
0.48583984375,-0.890625,0.0042724609375,-0.2441406100988388,-2.01416015625,7.324218273162842
0.4801025390625,-0.89599609375,0.00390625,-0.8544921278953552,-2.38037109375,9.033203125
0.4677734375,-0.899658203125,0.0045166015625,-1.4648436307907104,-2.38037109375,11.962889671325684
0.45654296875,-0.903564453125,0.00439453125,-1.9531248807907104,-1.9531248807907104,14.831542015075684
0.4464111328125,-0.906005859375,0.0035400390625,-2.3193359375,-1.3427733182907104,17.02880859375
0.43603515625,-0.90869140625,0.0020751953125,-2.746581792831421,-1.0986328125,18.5546875
0.42578125,-0.9166259765625,-0.0025634765625,-3.723144292831421,-0.8544921278953552,19.8974609375
0.410400390625,-0.9246826171875,-0.009521484375,-4.94384765625,-0.4882812201976776,21.606443405151367
0.558349609375,-0.8369140625,0.0247802734375,-0.7324218153953552,0.2441406100988388,0.9155272841453552
0.5579833984375,-0.8380126953125,0.024658203125,-0.6103515625,0.1220703050494194,0.8544921278953552
0.557373046875,-0.839111328125,0.0233154296875,-0.4882812201976776,0.1220703050494194,0.7934569716453552
0.556884765625,-0.8385009765625,0.0203857421875,-0.0,-0.1831054538488388,0.0610351525247097
0.5589599609375,-0.8387451171875,0.0208740234375,0.0610351525247097,-0.1220703050494194,-0.4882812201976776
0.55908203125,-0.8385009765625,0.0220947265625,0.1220703050494194,-0.30517578125,-0.7324218153953552
0.55859375,-0.8380126953125,0.022705078125,0.1220703050494194,-0.4882812201976776,-0.7934569716453552
0.559814453125,-0.83740234375,0.0223388671875,0.1831054538488388,-0.6103515625,-0.9155272841453552
0.560546875,-0.8367919921875,0.021728515625,0.30517578125,-0.6103515625,-1.03759765625
0.5606689453125,-0.835693359375,0.021240234375,0.54931640625,-0.54931640625,-1.03759765625
0.56201171875,-0.8348388671875,0.02099609375,0.7934569716453552,-0.4882812201976776,-1.220703125
0.5689697265625,-0.833740234375,0.0233154296875,0.6103515625,0.2441406100988388,-2.44140625
0.570556640625,-0.8330078125,0.0260009765625,0.54931640625,0.4272460639476776,-1.8310545682907104
0.568603515625,-0.8328857421875,0.02685546875,0.3662109076976776,0.1220703050494194,-0.7324218153953552
0.5657958984375,-0.833740234375,0.0247802734375,0.0610351525247097,-0.2441406100988388,-0.0610351525247097
0.5650634765625,-0.8330078125,0.0230712890625,-0.0610351525247097,-0.4272460639476776,-0.0610351525247097
0.56640625,-0.830322265625,0.022216796875,0.1220703050494194,-0.30517578125,-0.4272460639476776
0.5703125,-0.8291015625,0.0224609375,0.30517578125,-0.1220703050494194,-0.9155272841453552
0.57275390625,-0.830078125,0.0235595703125,0.2441406100988388,-0.1831054538488388,-1.220703125
0.5712890625,-0.8311767578125,0.0238037109375,0.1220703050494194,-0.4882812201976776,-0.9155272841453552
0.5693359375,-0.831787109375,0.02392578125,-0.0610351525247097,-0.54931640625,-0.3662109076976776
0.568603515625,-0.8319091796875,0.0234375,-0.1220703050494194,-0.30517578125,-0.1220703050494194
0.5697021484375,-0.8316650390625,0.0223388671875,-0.0610351525247097,-0.0610351525247097,-0.2441406100988388
0.571533203125,-0.8306884765625,0.021484375,-0.0,-0.0,-0.3662109076976776
0.57275390625,-0.8294677734375,0.021240234375,0.1831054538488388,-0.30517578125,-0.4272460639476776
0.5732421875,-0.828857421875,0.0225830078125,0.1831054538488388,-0.54931640625,-0.0610351525247097
0.5712890625,-0.8292236328125,0.022705078125,0.1220703050494194,-0.2441406100988388,0.1220703050494194
0.570556640625,-0.82958984375,0.0224609375,0.0610351525247097,0.2441406100988388,0.0
0.5721435546875,-0.83056640625,0.02197265625,0.0610351525247097,0.6103515625,-0.3662109076976776
0.57373046875,-0.83056640625,0.0223388671875,0.1220703050494194,0.54931640625,-0.30517578125
0.574951171875,-0.8289794921875,0.0230712890625,0.1831054538488388,0.30517578125,0.30517578125
0.574462890625,-0.828125,0.02294921875,0.1831054538488388,0.30517578125,1.03759765625
0.5704345703125,-0.830322265625,0.0223388671875,0.0610351525247097,0.30517578125,1.4038084745407104
0.5677490234375,-0.8331298828125,0.0230712890625,-0.1220703050494194,0.3662109076976776,1.220703125
0.5670166015625,-0.833740234375,0.0238037109375,-0.0,0.30517578125,0.54931640625
0.566162109375,-0.8333740234375,0.02392578125,-0.1831054538488388,0.1831054538488388,0.6103515625
0.56591796875,-0.8330078125,0.0242919921875,-0.30517578125,0.1220703050494194,0.6713866591453552
0.566162109375,-0.83349609375,0.0244140625,-0.3662109076976776,0.1831054538488388,0.54931640625
0.566162109375,-0.8333740234375,0.0242919921875,-0.4272460639476776,0.4272460639476776,0.3662109076976776
0.566162109375,-0.8333740234375,0.02392578125,-0.4272460639476776,0.4882812201976776,0.3662109076976776
0.5660400390625,-0.834716796875,0.025390625,-0.0610351525247097,0.30517578125,0.9155272841453552
0.56591796875,-0.835205078125,0.0255126953125,-0.0610351525247097,0.3662109076976776,1.2817381620407104
0.5633544921875,-0.8359375,0.0245361328125,-0.1831054538488388,0.4882812201976776,1.6479490995407104
0.559814453125,-0.837890625,0.023193359375,-0.2441406100988388,0.54931640625,1.7700194120407104
0.5582275390625,-0.83837890625,0.023193359375,-0.2441406100988388,0.4882812201976776,1.5869139432907104
0.5589599609375,-0.8367919921875,0.02392578125,-0.1831054538488388,0.30517578125,1.3427733182907104
0.5606689453125,-0.8360595703125,0.0247802734375,-0.2441406100988388,0.1220703050494194,1.0986328125
0.5601806640625,-0.8372802734375,0.025390625,-0.3662109076976776,0.1220703050494194,1.0986328125
0.5576171875,-0.839111328125,0.024658203125,-0.4882812201976776,0.2441406100988388,1.0986328125
0.5560302734375,-0.8399658203125,0.0240478515625,-0.4882812201976776,0.4882812201976776,0.9765624403953552
0.5565185546875,-0.8402099609375,0.0230712890625,-0.2441406100988388,0.6713866591453552,0.7324218153953552
0.558349609375,-0.8394775390625,0.021728515625,0.0610351525247097,0.54931640625,0.4882812201976776
0.5589599609375,-0.8380126953125,0.0218505859375,0.30517578125,0.3662109076976776,0.6713866591453552
0.5595703125,-0.8380126953125,0.024169921875,0.4272460639476776,0.3662109076976776,0.9155272841453552
0.5560302734375,-0.8416748046875,0.02783203125,-0.1831054538488388,0.4272460639476776,1.4648436307907104
0.5531005859375,-0.84326171875,0.0294189453125,-0.4272460639476776,0.6713866591453552,1.7700194120407104
0.5526123046875,-0.8438720703125,0.027587890625,-0.6103515625,0.6713866591453552,2.01416015625
0.5518798828125,-0.8441162109375,0.0223388671875,-0.54931640625,0.6103515625,2.0751953125
0.5496826171875,-0.843505859375,0.018310546875,-0.1220703050494194,0.7324218153953552,2.01416015625
0.5509033203125,-0.8421630859375,0.0205078125,0.3662109076976776,0.9765624403953552,1.7700194120407104
0.5538330078125,-0.841796875,0.0255126953125,0.4882812201976776,0.9765624403953552,1.7089842557907104
0.5526123046875,-0.843994140625,0.0274658203125,-0.1220703050494194,0.6713866591453552,2.197265625
0.546142578125,-0.8477783203125,0.028564453125,-0.8544921278953552,0.6103515625,2.868652105331421
0.5369873046875,-0.8505859375,0.02978515625,-1.15966796875,0.7324218153953552,3.234863042831421
0.5325927734375,-0.8524169921875,0.028076171875,-0.7934569716453552,0.9155272841453552,3.051757574081421
0.536865234375,-0.8516845703125,0.0250244140625,-0.1220703050494194,1.2817381620407104,2.44140625
0.543212890625,-0.849609375,0.0233154296875,0.30517578125,1.7700194120407104,1.9531248807907104
0.544677734375,-0.8485107421875,0.024169921875,0.0610351525247097,1.9531248807907104,2.197265625
0.5234375,-0.862548828125,0.028076171875,-1.8310545682907104,-0.0,3.601073980331421
0.5208740234375,-0.8624267578125,0.02294921875,-1.7089842557907104,0.1831054538488388,3.479003667831421
0.522705078125,-0.8582763671875,0.018310546875,-1.2817381620407104,0.3662109076976776,2.807616949081421
0.526611328125,-0.8551025390625,0.01708984375,-0.7324218153953552,0.3662109076976776,1.7700194120407104
0.531005859375,-0.85546875,0.0191650390625,-0.4882812201976776,0.2441406100988388,0.7324218153953552
0.5308837890625,-0.8577880859375,0.02197265625,-0.7324218153953552,0.0610351525247097,0.4882812201976776
0.5244140625,-0.86083984375,0.0235595703125,-1.03759765625,-0.1220703050494194,1.0986328125
0.517333984375,-0.864990234375,0.0225830078125,-0.8544921278953552,0.3662109076976776,1.15966796875
0.52587890625,-0.8582763671875,0.01708984375,0.1831054538488388,-0.1220703050494194,-0.1220703050494194
0.5296630859375,-0.8582763671875,0.0172119140625,0.1831054538488388,-0.6103515625,-0.1831054538488388
0.52978515625,-0.85888671875,0.0172119140625,0.1220703050494194,-0.9765624403953552,0.2441406100988388
0.522705078125,-0.86328125,0.0205078125,0.3662109076976776,-0.30517578125,1.4038084745407104
0.5198974609375,-0.8656005859375,0.0228271484375,0.54931640625,-0.2441406100988388,1.7089842557907104
0.518310546875,-0.8658447265625,0.02294921875,0.54931640625,-0.7324218153953552,2.13623046875
0.5191650390625,-0.86474609375,0.021484375,0.30517578125,-1.4648436307907104,2.624511480331421
0.5198974609375,-0.8638916015625,0.0198974609375,0.1220703050494194,-1.7700194120407104,3.112792730331421
0.5177001953125,-0.864501953125,0.017822265625,0.0610351525247097,-1.8920897245407104,3.601073980331421
0.514404296875,-0.8663330078125,0.0157470703125,-0.0,-2.01416015625,3.784179449081421
0.5123291015625,-0.8681640625,0.0150146484375,0.1220703050494194,-2.3193359375,3.540038824081421
0.5093994140625,-0.870849609375,0.0152587890625,0.30517578125,-2.44140625,3.417968511581421
0.4986572265625,-0.8795166015625,0.01318359375,-1.4038084745407104,-1.7700194120407104,8.056640625
0.49169921875,-0.87744140625,0.0091552734375,-1.4038084745407104,-1.5869139432907104,8.7890625
0.4833984375,-0.87939453125,0.0047607421875,-1.03759765625,-1.3427733182907104,8.6669921875
0.4835205078125,-0.8841552734375,0.00439453125,-0.3662109076976776,-1.5869139432907104,7.629394054412842
0.48583984375,-0.890625,0.0042724609375,-0.2441406100988388,-2.01416015625,7.324218273162842
0.4801025390625,-0.89599609375,0.00390625,-0.8544921278953552,-2.38037109375,9.033203125
0.4677734375,-0.899658203125,0.0045166015625,-1.4648436307907104,-2.38037109375,11.962889671325684
0.45654296875,-0.903564453125,0.00439453125,-1.9531248807907104,-1.9531248807907104,14.831542015075684
0.4464111328125,-0.906005859375,0.0035400390625,-2.3193359375,-1.3427733182907104,17.02880859375
0.43603515625,-0.90869140625,0.0020751953125,-2.746581792831421,-1.0986328125,18.5546875
0.42578125,-0.9166259765625,-0.0025634765625,-3.723144292831421,-0.8544921278953552,19.8974609375
0.410400390625,-0.9246826171875,-0.009521484375,-4.94384765625,-0.4882812201976776,21.606443405151367
0.39306640625,-0.929443359375,-0.0115966796875,-5.249022960662842,-0.54931640625,23.193357467651367
0.3765869140625,-0.93603515625,-0.010009765625,-5.065917491912842,-1.03759765625,24.414060592651367
0.3585205078125,-0.94482421875,-0.01220703125,-5.676269054412842,-1.3427733182907104,25.756834030151367
0.3394775390625,-0.94921875,-0.0205078125,-6.835937023162842,-0.7934569716453552,26.367185592651367
0.32373046875,-0.9527587890625,-0.032470703125,-7.507323741912842,-0.0610351525247097,25.573728561401367
0.3125,-0.9609375,-0.042724609375,-7.507323741912842,-0.6103515625,24.291990280151367
0.2562255859375,-0.9677734375,-0.0460205078125,-7.019042491912842,-4.7607421875,23.620603561401367
0.2330322265625,-0.974609375,-0.054443359375,-8.60595703125,-2.929687261581421,24.353025436401367
0.216552734375,-0.982177734375,-0.0672607421875,-9.70458984375,-0.7324218153953552,24.780271530151367
0.2064208984375,-0.9859619140625,-0.075927734375,-8.60595703125,-0.7934569716453552,24.902341842651367
0.189208984375,-0.9844970703125,-0.0771484375,-6.347655773162842,-2.685546636581421,25.939939498901367
0.163330078125,-0.9835205078125,-0.07763671875,-5.187987804412842,-4.21142578125,27.832029342651367
0.140869140625,-0.987548828125,-0.08203125,-5.371093273162842,-4.45556640625,28.564451217651367
0.120361328125,-0.9901123046875,-0.0892333984375,-5.615233898162842,-4.0283203125,27.587888717651367
0.1036376953125,-0.989013671875,-0.0926513671875,-4.82177734375,-3.417968511581421,25.024412155151367
0.095703125,-0.9921875,-0.09033203125,-3.784179449081421,-3.295898199081421,21.850584030151367
0.04248046875,-0.995849609375,-0.09521484375,-2.50244140625,-4.7607421875,14.648436546325684
0.0340576171875,-0.9971923828125,-0.096923828125,-2.50244140625,-3.967284917831421,14.099120140075684
0.024169921875,-0.9970703125,-0.100830078125,-2.807616949081421,-2.38037109375,13.732909202575684
0.0142822265625,-0.9976806640625,-0.10498046875,-3.540038824081421,-0.6103515625,13.061522483825684
0.00830078125,-0.999267578125,-0.110107421875,-4.21142578125,0.8544921278953552,12.695311546325684
0.001953125,-0.9974365234375,-0.114990234375,-3.967284917831421,1.2817381620407104,13.122557640075684
-0.006103515625,-0.992919921875,-0.115478515625,-2.868652105331421,0.8544921278953552,13.122557640075684
-0.01513671875,-0.9940185546875,-0.115478515625,-2.25830078125,0.6713866591453552,12.207030296325684
-0.0235595703125,-0.9981689453125,-0.1192626953125,-2.685546636581421,0.7324218153953552,11.779784202575684
-0.02978515625,-0.9998779296875,-0.1240234375,-3.051757574081421,0.30517578125,12.023924827575684
-0.03955078125,-0.9969482421875,-0.1258544921875,-2.685546636581421,-0.6713866591453552,12.451170921325684
-0.052001953125,-0.9937744140625,-0.1234130859375,-1.9531248807907104,-1.6479490995407104,12.512206077575684
-0.0614013671875,-0.9942626953125,-0.12158203125,-1.4038084745407104,-2.01416015625,12.329100608825684
-0.0712890625,-0.992919921875,-0.122802734375,-1.15966796875,-1.4038084745407104,12.084959983825684
-0.0792236328125,-0.994140625,-0.1253662109375,-0.7324218153953552,-0.6103515625,10.437010765075684
-0.0853271484375,-0.9925537109375,-0.12646484375,-0.6713866591453552,-0.4882812201976776,10.314940452575684
-0.093017578125,-0.988525390625,-0.12548828125,-0.0,-0.3662109076976776,10.009765625
-0.099609375,-0.9896240234375,-0.123779296875,0.6103515625,-0.1831054538488388,9.09423828125
-0.107421875,-0.991943359375,-0.1253662109375,0.7934569716453552,-0.0610351525247097,8.48388671875
-0.114013671875,-0.9921875,-0.125,0.9155272841453552,-0.4882812201976776,8.11767578125
-0.116943359375,-0.9908447265625,-0.119873046875,0.9155272841453552,-1.2817381620407104,7.873534679412842
-0.12158203125,-0.989990234375,-0.1165771484375,0.6103515625,-1.4038084745407104,7.812499523162842
-0.1259765625,-0.9896240234375,-0.1168212890625,0.3662109076976776,-0.8544921278953552,8.056640625
-0.1336669921875,-0.987060546875,-0.11767578125,0.4272460639476776,-0.0,8.30078125
-0.1483154296875,-0.987548828125,-0.1265869140625,0.1220703050494194,0.3662109076976776,7.751464366912842
-0.1571044921875,-0.9849853515625,-0.121337890625,-0.1831054538488388,-0.7324218153953552,8.1787109375
-0.161376953125,-0.9835205078125,-0.1138916015625,-0.7324218153953552,-0.9765624403953552,8.97216796875
-0.166748046875,-0.98388671875,-0.11376953125,-1.15966796875,-0.7324218153953552,9.1552734375
-0.189697265625,-0.9744873046875,-0.126708984375,-1.5258787870407104,0.4272460639476776,7.263183116912842
-0.190185546875,-0.976318359375,-0.12939453125,-1.7700194120407104,0.4882812201976776,6.347655773162842
-0.1956787109375,-0.9766845703125,-0.1319580078125,-1.7700194120407104,0.30517578125,5.554198741912842
-0.1988525390625,-0.9727783203125,-0.129150390625,-1.3427733182907104,-0.1220703050494194,5.065917491912842
-0.1988525390625,-0.9716796875,-0.126708984375,-0.9765624403953552,-0.1831054538488388,4.69970703125
-0.2008056640625,-0.9736328125,-0.1287841796875,-0.9155272841453552,0.2441406100988388,4.39453125
-0.203369140625,-0.9737548828125,-0.1300048828125,-0.6713866591453552,0.4882812201976776,4.21142578125
-0.205322265625,-0.9739990234375,-0.12939453125,-0.3662109076976776,0.30517578125,3.845214605331421
-0.2083740234375,-0.97412109375,-0.130126953125,-0.1220703050494194,-0.2441406100988388,3.234863042831421
-0.21337890625,-0.9715576171875,-0.1270751953125,0.54931640625,-1.7700194120407104,1.7089842557907104
-0.2138671875,-0.9716796875,-0.1241455078125,0.6103515625,-1.8310545682907104,1.5869139432907104
-0.21435546875,-0.9742431640625,-0.12451171875,0.4272460639476776,-1.3427733182907104,1.7089842557907104
-0.2147216796875,-0.97412109375,-0.12548828125,0.3662109076976776,-0.7934569716453552,1.8920897245407104
-0.2144775390625,-0.9710693359375,-0.12255859375,0.6713866591453552,-0.6713866591453552,1.5869139432907104
-0.216064453125,-0.9739990234375,-0.123779296875,0.4882812201976776,-0.4272460639476776,1.4038084745407104
-0.2198486328125,-0.9735107421875,-0.1248779296875,0.4272460639476776,-0.4272460639476776,1.220703125
-0.2225341796875,-0.970458984375,-0.1239013671875,0.54931640625,-0.6103515625,0.9765624403953552
-0.2213134765625,-0.9708251953125,-0.1224365234375,0.6103515625,-0.4882812201976776,0.7324218153953552
-0.218017578125,-0.971923828125,-0.120849609375,0.4882812201976776,-0.1220703050494194,0.54931640625
-0.2171630859375,-0.9722900390625,-0.1207275390625,0.4272460639476776,0.0610351525247097,0.4882812201976776
-0.221435546875,-0.972412109375,-0.1190185546875,0.4272460639476776,-0.6103515625,0.0610351525247097
-0.2203369140625,-0.9725341796875,-0.118896484375,0.30517578125,-0.30517578125,0.1220703050494194
-0.2203369140625,-0.9716796875,-0.1192626953125,0.30517578125,-0.1831054538488388,0.0610351525247097
-0.2193603515625,-0.970703125,-0.1185302734375,0.3662109076976776,-0.1220703050494194,-0.2441406100988388
-0.218017578125,-0.9715576171875,-0.117919921875,0.4272460639476776,0.0610351525247097,-0.4272460639476776
-0.2177734375,-0.973388671875,-0.119140625,0.3662109076976776,0.3662109076976776,-0.54931640625
-0.21826171875,-0.974365234375,-0.119384765625,0.30517578125,0.30517578125,-0.54931640625
-0.2186279296875,-0.973388671875,-0.1173095703125,0.2441406100988388,0.0610351525247097,-0.3662109076976776
-0.2171630859375,-0.9722900390625,-0.115478515625,0.1831054538488388,-0.0610351525247097,0.0
-0.21533203125,-0.9730224609375,-0.1162109375,0.1831054538488388,0.1220703050494194,0.1831054538488388
-0.2154541015625,-0.9744873046875,-0.1182861328125,0.1831054538488388,0.3662109076976776,0.1831054538488388
-0.21728515625,-0.9737548828125,-0.1202392578125,0.2441406100988388,0.2441406100988388,0.2441406100988388
-0.2203369140625,-0.972900390625,-0.1212158203125,0.3662109076976776,-0.4272460639476776,0.3662109076976776
-0.2205810546875,-0.973876953125,-0.1187744140625,0.3662109076976776,-1.5258787870407104,0.4272460639476776
-0.21826171875,-0.9725341796875,-0.1146240234375,0.2441406100988388,-2.197265625,0.6713866591453552
-0.217529296875,-0.9716796875,-0.113037109375,0.2441406100988388,-1.7700194120407104,0.8544921278953552
-0.2176513671875,-0.9739990234375,-0.11328125,0.30517578125,-0.9155272841453552,0.9155272841453552
-0.2198486328125,-0.97509765625,-0.1129150390625,0.30517578125,-0.54931640625,1.03759765625
-0.2242431640625,-0.97412109375,-0.1121826171875,0.30517578125,-0.3662109076976776,1.0986328125
-0.226806640625,-0.9730224609375,-0.112548828125,-0.0,-0.0,1.4038084745407104
-0.2271728515625,-0.971435546875,-0.11376953125,-0.30517578125,0.4882812201976776,1.7700194120407104
-0.223876953125,-0.972412109375,-0.113525390625,-0.4882812201976776,0.7324218153953552,1.5258787870407104
-0.227294921875,-0.9703369140625,-0.115478515625,-0.7324218153953552,0.9155272841453552,1.8920897245407104
-0.2327880859375,-0.9691162109375,-0.1182861328125,-0.9765624403953552,1.0986328125,2.13623046875
-0.2349853515625,-0.9710693359375,-0.119140625,-0.9155272841453552,0.9155272841453552,1.8310545682907104
-0.235107421875,-0.969970703125,-0.11767578125,-0.7324218153953552,0.4882812201976776,1.7089842557907104
-0.234130859375,-0.9686279296875,-0.11669921875,-0.6713866591453552,0.30517578125,1.7700194120407104
-0.233154296875,-0.9698486328125,-0.11767578125,-0.6713866591453552,0.3662109076976776,1.7700194120407104
-0.234375,-0.9693603515625,-0.119384765625,-0.7934569716453552,0.4272460639476776,1.7089842557907104
-0.240234375,-0.9678955078125,-0.119140625,-1.03759765625,0.0610351525247097,1.4648436307907104
-0.2406005859375,-0.9683837890625,-0.119140625,-1.03759765625,0.3662109076976776,1.3427733182907104
-0.2401123046875,-0.9674072265625,-0.121826171875,-1.15966796875,0.7324218153953552,1.5258787870407104
-0.2401123046875,-0.96630859375,-0.1240234375,-0.9765624403953552,0.7324218153953552,1.4648436307907104
-0.2410888671875,-0.967529296875,-0.1243896484375,-0.6713866591453552,0.6103515625,0.9765624403953552
-0.2425537109375,-0.968017578125,-0.123779296875,-0.4272460639476776,0.4882812201976776,0.6103515625
-0.2431640625,-0.9659423828125,-0.12353515625,-0.3662109076976776,0.3662109076976776,0.6713866591453552
