0.8564453125,-0.9110107421875,0.1417236328125,-23.620603561401367,9.94873046875,10.620116233825684
0.9398193359375,-0.8140869140625,0.146484375,-15.197752952575684,12.451170921325684,-44.189449310302734
1.0821533203125,-0.9908447265625,-0.06884765625,-22.338865280151367,85.99852752685547,-107.42186737060547
0.6787109375,-0.9066162109375,-0.25146484375,-7.934569835662842,115.84471893310547,6.958007335662842
0.661865234375,-0.789794921875,-0.24560546875,16.2353515625,48.583980560302734,87.64647674560547
0.70654296875,-0.7550048828125,-0.1031494140625,43.701168060302734,-44.921871185302734,113.09813690185547
0.675537109375,-0.71435546875,0.1337890625,65.5517578125,-126.40380096435547,97.59520721435547
0.57177734375,-0.5816650390625,0.281005859375,63.720699310302734,-151.2451171875,60.546871185302734
0.4410400390625,-0.4246826171875,0.259521484375,45.166011810302734,-114.25780487060547,22.460935592651367
0.348876953125,-0.3218994140625,0.1612548828125,29.296873092651367,-66.22314453125,0.9765624403953552
0.3350830078125,-0.3118896484375,0.0809326171875,20.507810592651367,-42.297359466552734,-6.896972179412842
0.3955078125,-0.42822265625,0.0224609375,18.4326171875,-31.249998092651367,-16.6015625
0.567626953125,-0.6976318359375,-0.00244140625,26.855466842651367,-29.663084030151367,-33.63037109375
0.8408203125,-1.03662109375,0.048095703125,33.75244140625,-43.762203216552734,-41.625972747802734
1.091796875,-1.3050537109375,0.2030029296875,23.620603561401367,-66.89453125,-19.1650390625
1.1114501953125,-1.3621826171875,0.330078125,6.103515148162842,-75.68359375,-2.929687261581421
0.5811767578125,-0.8809814453125,0.092041015625,-19.775390625,-26.550291061401367,-51.330562591552734
0.4930419921875,-0.70166015625,-0.1015625,-14.770506858825684,-4.82177734375,-28.198240280151367
0.6070556640625,-0.6634521484375,-0.30029296875,25.695798873901367,-19.287109375,20.202634811401367
0.8040771484375,-0.681884765625,-0.49267578125,85.14403533935547,-93.07860565185547,68.05419921875
0.81591796875,-0.6134033203125,-0.558349609375,120.23925018310547,-186.52342224121094,88.01268768310547
0.4996337890625,-0.4990234375,-0.211181640625,100.34178924560547,-180.96922302246094,-21.728513717651367
0.521484375,-0.5712890625,-0.058837890625,99.30419158935547,-151.0009765625,-58.654781341552734
0.5556640625,-0.6048583984375,0.0150146484375,95.15380096435547,-131.9580078125,-30.212400436401367
0.57470703125,-0.6275634765625,0.0069580078125,81.05467987060547,-99.36522674560547,10.620116233825684
0.565673828125,-0.6588134765625,-0.0328369140625,71.59423828125,-68.90869140625,23.986814498901367
0.522216796875,-0.6917724609375,-0.0540771484375,74.64599609375,-66.58935546875,17.88330078125
0.514892578125,-0.728759765625,-0.0787353515625,76.66015625,-73.6083984375,11.352538108825684
0.57763671875,-0.7489013671875,-0.1243896484375,63.415523529052734,-63.415523529052734,12.084959983825684
0.639404296875,-0.7410888671875,-0.14208984375,40.954586029052734,-43.151851654052734,18.24951171875
0.6527099609375,-0.746337890625,-0.1146240234375,28.625486373901367,-32.2265625,14.526366233825684
0.6719970703125,-0.81494140625,-0.07275390625,38.57421875,-43.457027435302734,-10.498045921325684
0.6492919921875,-0.8287353515625,-0.0093994140625,63.598628997802734,-80.26123046875,-35.400390625
0.5712890625,-0.76318359375,0.1082763671875,88.13475799560547,-125.48827362060547,-35.58349609375
0.5462646484375,-0.7474365234375,0.2567138671875,100.03661346435547,-150.5126953125,-29.907224655151367
0.5684814453125,-0.7960205078125,0.387939453125,89.41649627685547,-133.6669921875,-33.5693359375
0.54833984375,-0.908203125,0.4644775390625,56.823726654052734,-75.0732421875,-33.38623046875
0.4986572265625,-0.9447021484375,0.377685546875,22.888181686401367,-4.2724609375,-20.751951217651367
0.5242919921875,-0.888427734375,0.1761474609375,8.85009765625,33.69140625,-5.432128429412842
0.5477294921875,-0.8704833984375,0.077392578125,16.357421875,19.8974609375,5.859374523162842
0.4927978515625,-0.8763427734375,0.15087890625,34.60693359375,-22.766111373901367,21.911619186401367
0.4801025390625,-0.8585205078125,0.284912109375,51.330562591552734,-58.044429779052734,30.029294967651367
0.5447998046875,-0.802978515625,0.282958984375,52.734371185302734,-51.879878997802734,22.338865280151367
0.58251953125,-0.729736328125,0.0980224609375,34.72900390625,-3.723144292831421,17.76123046875
0.651123046875,-0.716064453125,-0.0811767578125,19.53125,25.817869186401367,19.71435546875
0.726318359375,-0.7818603515625,-0.099365234375,36.2548828125,-19.83642578125,15.197752952575684
0.6226806640625,-0.8897705078125,0.03369140625,68.115234375,-94.05516815185547,11.291502952575684
0.4947509765625,-0.982177734375,0.1473388671875,72.3876953125,-107.91014862060547,11.779784202575684
0.4979248046875,-0.95556640625,0.1632080078125,53.039546966552734,-70.98388671875,11.047362327575684
0.48193359375,-0.8551025390625,0.169189453125,37.59765625,-38.39111328125,16.7236328125
0.404541015625,-0.7716064453125,0.1534423828125,30.700681686401367,-17.08984375,28.625486373901367
0.3192138671875,-0.692138671875,0.1097412109375,28.198240280151367,-3.051757574081421,37.78076171875
0.2421875,-0.614501953125,0.110107421875,28.747556686401367,-6.774901866912842,43.457027435302734
0.2137451171875,-0.567626953125,0.1392822265625,28.076169967651367,-19.4091796875,43.762203216552734
0.268798828125,-0.5845947265625,0.106689453125,19.4091796875,-11.413573265075684,34.66796875
0.342529296875,-0.7196044921875,0.0030517578125,7.934569835662842,14.709471702575684,19.47021484375
0.3416748046875,-0.79541015625,-0.0811767578125,4.21142578125,22.583005905151367,12.268065452575684
0.2454833984375,-0.65185546875,-0.0455322265625,9.521484375,-7.385253429412842,13.183592796325684
0.109619140625,-0.3818359375,0.0784912109375,19.53125,-54.687496185302734,21.789548873901367
0.2540283203125,-0.3416748046875,0.232177734375,27.954099655151367,-86.30370330810547,30.517576217651367
1.1519775390625,-1.1868896484375,0.5084228515625,23.254392623901367,-72.69287109375,-30.944822311401367
1.649169921875,-2.037109375,0.679443359375,-1.5258787870407104,-17.7001953125,-128.662109375
1.195068359375,-1.729248046875,0.3974609375,-37.29248046875,44.189449310302734,-107.23876190185547
0.7757568359375,-1.0457763671875,-0.020751953125,-54.199214935302734,79.1015625,-1.0986328125
0.465087890625,-0.7611083984375,-0.064208984375,-20.507810592651367,31.921384811401367,61.401363372802734
0.2210693359375,-0.730224609375,0.236328125,34.66796875,-75.5615234375,76.5380859375
0.1800537109375,-0.668701171875,0.4962158203125,51.757808685302734,-129.8828125,66.71142578125
0.280029296875,-0.5863037109375,0.5501708984375,29.235837936401367,-94.90966033935547,42.785640716552734
0.2757568359375,-0.565185546875,0.49267578125,-1.7700194120407104,-17.39501953125,28.686521530151367
0.1917724609375,-0.56787109375,0.4217529296875,-26.916501998901367,55.114742279052734,27.465818405151367
0.24755859375,-0.3331298828125,0.19775390625,-61.157222747802734,91.12548065185547,11.596678733825684
0.2291259765625,-0.111328125,-0.0064697265625,-73.79150390625,98.08348846435547,26.123044967651367
0.3226318359375,-0.134033203125,-0.1962890625,-67.626953125,123.29100799560547,53.222652435302734
1.3575439453125,-1.10205078125,-0.3280029296875,-30.883787155151367,130.0048828125,-17.08984375
2.0313720703125,-2.3341064453125,-0.339599609375,24.719236373901367,85.87645721435547,-205.13914489746094
1.0601806640625,-2.2076416015625,-0.0828857421875,85.32714080810547,-25.024412155151367,-199.95115661621094
0.135009765625,-1.239013671875,0.335205078125,115.53954315185547,-154.296875,5.920409679412842
0.1822509765625,-0.7200927734375,0.4854736328125,79.04052734375,-161.31590270996094,58.044429779052734
0.4180908203125,-0.5780029296875,0.2747802734375,16.845703125,-44.494625091552734,-3.906249761581421
0.2720947265625,-0.419677734375,0.0440673828125,-19.34814453125,38.57421875,7.690429210662842
0.061279296875,-0.2724609375,-0.06298828125,-31.372068405151367,47.119136810302734,63.232418060302734
0.00439453125,-0.130615234375,-0.1036376953125,-38.6962890625,45.410152435302734,91.30858612060547
0.369873046875,-0.29150390625,-0.0211181640625,-0.9155272841453552,8.1787109375,67.07763671875
1.3646240234375,-1.3721923828125,0.2508544921875,37.2314453125,-33.5693359375,-85.51024627685547
2.1251220703125,-2.0284423828125,0.6103515625,78.43017578125,-92.83446502685547,-338.3788757324219
1.744140625,-1.4002685546875,0.5989990234375,99.79247283935547,-115.41747283935547,-360.4736022949219
1.0809326171875,-0.5877685546875,0.2825927734375,43.029781341552734,-36.62109375,-119.26268768310547
0.753173828125,-0.34521484375,0.0029296875,-52.001949310302734,57.495113372802734,77.81982421875
0.5850830078125,-0.5194091796875,-0.0611572265625,-65.24658203125,55.786128997802734,135.986328125
0.43994140625,-0.5765380859375,0.108154296875,15.014647483825684,-28.564451217651367,141.845703125
0.3768310546875,-0.52197265625,0.388427734375,93.44481658935547,-93.68895721435547,152.4658203125
0.3624267578125,-0.5240478515625,0.6270751953125,116.27196502685547,-87.70751190185547,170.41014099121094
0.2508544921875,-0.5145263671875,0.7337646484375,95.52001190185547,-28.198240280151367,201.90428161621094
0.0687255859375,-0.38525390625,0.5999755859375,45.166011810302734,57.678218841552734,214.84373474121094
0.0029296875,-0.2120361328125,0.2342529296875,-13.793944358825684,137.63427734375,150.32958984375
0.3509521484375,-0.375,-0.15087890625,-50.781246185302734,177.42918395996094,0.9765624403953552
1.515625,-2.1700439453125,-0.116943359375,-69.15283203125,37.04833984375,-289.97802734375
0.9920654296875,-1.882568359375,0.25146484375,-43.640132904052734,-6.164550304412842,-157.65380859375
0.5400390625,-1.3746337890625,0.4786376953125,22.644041061401367,-39.306640625,12.878417015075684
0.36865234375,-0.873291015625,0.45654296875,62.499996185302734,-51.147457122802734,60.852046966552734
0.433837890625,-0.6910400390625,0.35791015625,35.2783203125,5.065917491912842,-5.859374523162842
0.484619140625,-0.518798828125,0.2091064453125,-7.629394054412842,65.4296875,-54.321285247802734
0.46240234375,-0.362060546875,0.098388671875,-28.137205123901367,65.24658203125,-21.972654342651367
0.66650390625,-0.506103515625,0.017822265625,-51.391597747802734,64.51416015625,31.249998092651367
0.9027099609375,-1.007568359375,-0.0289306640625,-85.32714080810547,125.42723846435547,67.626953125
0.7098388671875,-1.3585205078125,0.0020751953125,-109.19188690185547,217.89549255371094,119.01854705810547
0.2750244140625,-1.2083740234375,0.181640625,-103.63768768310547,241.39402770996094,200.62254333496094
-0.0877685546875,-0.9127197265625,0.341064453125,-65.85693359375,154.4189453125,236.93846130371094
-0.1416015625,-0.72607421875,0.2740478515625,-19.04296875,42.724605560302734,171.14256286621094
0.0225830078125,-0.6959228515625,0.1329345703125,11.413573265075684,9.58251953125,61.828609466552734
0.0679931640625,-0.78955078125,0.092041015625,15.075682640075684,59.143062591552734,-11.718749046325684
0.0576171875,-0.9501953125,0.191162109375,2.685546636581421,82.94676971435547,-40.588375091552734
0.0784912109375,-1.0606689453125,0.3106689453125,-7.873534679412842,46.142574310302734,-45.471187591552734
0.1370849609375,-1.0430908203125,0.32958984375,-6.835937023162842,29.846189498901367,-41.870113372802734
0.1314697265625,-1.010986328125,0.2265625,-1.3427733182907104,85.20507049560547,-44.006343841552734
0.045654296875,-1.033203125,0.1240234375,-0.9155272841453552,156.73828125,-42.907711029052734
0.005615234375,-1.0274658203125,0.133544921875,-1.15966796875,168.64012145996094,-21.728513717651367
-0.0074462890625,-0.9940185546875,0.21142578125,2.38037109375,134.521484375,7.507323741912842
-0.0228271484375,-0.9486083984375,0.261962890625,6.652831554412842,113.76952362060547,23.498533248901367
-0.0372314453125,-0.8927001953125,0.2918701171875,9.58251953125,119.99510955810547,16.17431640625
-0.0068359375,-0.884765625,0.322509765625,8.7890625,130.859375,-11.596678733825684
0.09716796875,-0.928466796875,0.306884765625,2.563476324081421,134.27734375,-45.654293060302734
0.2259521484375,-0.993408203125,0.2412109375,-7.141112804412842,129.0283203125,-68.17626953125
0.327392578125,-1.102783203125,0.172119140625,-17.4560546875,124.45067596435547,-66.71142578125
0.3798828125,-1.1968994140625,0.050048828125,-22.583005905151367,140.0146484375,-49.438472747802734
0.267578125,-1.1751708984375,-0.1865234375,-23.071287155151367,187.56101989746094,-39.1845703125
0.0203857421875,-1.0992431640625,-0.3828125,-24.780271530151367,230.59080505371094,-30.517576217651367
-0.082275390625,-1.1123046875,-0.363525390625,-25.085447311401367,188.17137145996094,-18.24951171875
-0.0281982421875,-1.1090087890625,-0.2042236328125,-16.357421875,54.992671966552734,-14.953612327575684
-0.0118408203125,-0.92236328125,-0.053466796875,-2.990722417831421,-54.077144622802734,-19.04296875
-0.0338134765625,-0.7135009765625,0.0615234375,-8.30078125,-65.00244140625,-46.264644622802734
0.045166015625,-0.718505859375,0.102294921875,-32.53173828125,8.97216796875,-133.7890625
0.4854736328125,-0.9237060546875,0.0233154296875,-50.476070404052734,112.67089080810547,-262.20703125
0.961669921875,-0.915771484375,-0.0933837890625,-56.640621185302734,136.77978515625,-319.3359375
0.9273681640625,-0.63134765625,-0.14599609375,-53.161617279052734,67.626953125,-242.67576599121094
0.6085205078125,-0.430419921875,-0.15478515625,-45.837398529052734,5.065917491912842,-118.59130096435547
0.399658203125,-0.4056396484375,-0.1746826171875,-46.386714935302734,-14.587401390075684,-41.870113372802734
0.443359375,-0.493896484375,-0.1661376953125,-50.598140716552734,-14.465331077575684,-16.6015625
0.7633056640625,-0.689453125,-0.0501708984375,-42.785640716552734,-10.314940452575684,-14.038084983825684
1.235595703125,-0.9566650390625,0.15234375,-17.27294921875,-9.82666015625,-21.484373092651367
1.740478515625,-1.1031494140625,0.2559814453125,16.845703125,-12.451170921325684,-52.124019622802734
1.0972900390625,-0.5872802734375,-0.2939453125,3.540038824081421,53.039546966552734,-192.07762145996094
0.6732177734375,-0.4735107421875,-0.435302734375,-34.3017578125,126.40380096435547,-19.8974609375
0.7034912109375,-0.606689453125,-0.3831787109375,-82.21434783935547,159.1796875,248.84031677246094
0.7802734375,-0.7308349609375,-0.1934814453125,-93.32274627685547,85.87645721435547,373.6571960449219
0.513916015625,-0.50146484375,0.248779296875,28.808591842651367,-161.80418395996094,74.3408203125
0.459228515625,-0.4375,0.31884765625,29.907224655151367,-122.25341033935547,-38.57421875
0.49365234375,-0.5003662109375,0.236328125,-7.934569835662842,0.2441406100988388,-54.992671966552734
0.5274658203125,-0.5888671875,0.098876953125,-39.36767578125,95.21483612060547,-41.076656341552734
0.541748046875,-0.6488037109375,0.0244140625,-40.710445404052734,109.13085174560547,-10.803221702575684
0.5621337890625,-0.6953125,0.0172119140625,-21.118162155151367,74.951171875,26.794431686401367
0.636474609375,-0.7872314453125,0.025634765625,-5.859374523162842,51.208492279052734,38.02490234375
0.760498046875,-0.9378662109375,0.0303955078125,-7.934569835662842,47.790523529052734,9.94873046875
0.9176025390625,-1.1397705078125,0.034423828125,-19.47021484375,41.748043060302734,-29.602048873901367
1.0103759765625,-1.2569580078125,0.037109375,-32.1044921875,32.958984375,-46.264644622802734
1.014892578125,-1.2275390625,0.022216796875,-48.217769622802734,42.053218841552734,-40.405269622802734
0.9425048828125,-1.0888671875,-0.0189208984375,-67.07763671875,64.02587890625,-35.7666015625
0.724609375,-0.8101806640625,-0.090087890625,-68.54248046875,72.1435546875,-13.854979515075684
0.578857421875,-0.599609375,-0.16796875,-38.330078125,48.095699310302734,42.541500091552734
0.6663818359375,-0.564453125,-0.262451171875,9.6435546875,-2.38037109375,87.40233612060547
0.783447265625,-0.5255126953125,-0.3504638671875,63.293453216552734,-82.70262908935547,96.31346893310547
0.685791015625,-0.3822021484375,-0.33154296875,114.56298065185547,-191.10105895996094,80.99364471435547
0.2689208984375,-0.2276611328125,-0.1021728515625,95.03173065185547,-209.35057067871094,-27.954099655151367
0.3231201171875,-0.334228515625,0.0181884765625,54.016109466552734,-114.50194549560547,-80.50536346435547
0.549560546875,-0.517822265625,0.17529296875,29.663084030151367,-44.067378997802734,-105.71288299560547
0.7196044921875,-0.9742431640625,0.4818115234375,26.000974655151367,-29.846189498901367,-115.29540252685547
0.65966796875,-1.2113037109375,0.5474853515625,17.15087890625,-22.521970748901367,-92.10204315185547
0.6494140625,-1.0401611328125,0.2503662109375,-22.033689498901367,2.197265625,-33.63037109375
0.88330078125,-0.98193359375,0.0247802734375,-55.175777435302734,9.33837890625,4.0283203125
1.1824951171875,-1.031005859375,-0.1490478515625,-54.931636810302734,9.82666015625,-19.71435546875
1.1497802734375,-0.9825439453125,-0.233154296875,-39.794921875,46.264644622802734,-72.3876953125
0.87646484375,-0.7679443359375,-0.1910400390625,-5.065917491912842,104.00389862060547,-57.556148529052734
0.78662109375,-0.5767822265625,-0.1260986328125,19.04296875,118.89647674560547,19.1650390625
0.7947998046875,-0.4892578125,0.0308837890625,12.451170921325684,74.21875,81.78710174560547
0.8037109375,-0.488037109375,0.2484130859375,1.8920897245407104,30.273435592651367,114.92919158935547
0.7542724609375,-0.501708984375,0.33154296875,-24.230955123901367,44.921871185302734,102.23387908935547
0.6513671875,-0.523681640625,0.2635498046875,-72.08251953125,95.33690643310547,34.11865234375
0.5599365234375,-0.5439453125,0.1539306640625,-108.70360565185547,125.91551971435547,-39.4287109375
0.4833984375,-0.529541015625,0.08203125,-105.52977752685547,107.42186737060547,-63.110347747802734
0.43359375,-0.4747314453125,0.0762939453125,-78.0029296875,56.457515716552734,-37.9638671875
0.4288330078125,-0.4224853515625,0.075927734375,-57.006832122802734,30.334470748901367,-14.343260765075684
0.4757080078125,-0.4327392578125,0.0821533203125,-49.011226654052734,42.053218841552734,-25.207517623901367
0.5850830078125,-0.5069580078125,0.1478271484375,-39.36767578125,42.114253997802734,-36.19384765625
0.80029296875,-0.677734375,0.25244140625,-24.353025436401367,16.4794921875,-22.094724655151367
1.0733642578125,-0.9508056640625,0.2794189453125,-18.12744140625,2.01416015625,-30.883787155151367
1.346435546875,-1.2099609375,0.2161865234375,-15.319823265075684,-14.953612327575684,-113.70848846435547
1.4781494140625,-1.2159423828125,0.154296875,4.08935546875,-55.114742279052734,-208.31297302246094
1.2952880859375,-0.923828125,0.06103515625,21.606443405151367,-68.115234375,-206.17674255371094
0.998046875,-0.595703125,-0.0628662109375,13.427733421325684,-35.46142578125,-109.49706268310547
0.9095458984375,-0.4014892578125,-0.2266845703125,7.568358898162842,-2.807616949081421,17.9443359375
0.994384765625,-0.333251953125,-0.4735107421875,44.738765716552734,-12.023924827575684,152.28271484375
0.9337158203125,-0.2813720703125,-0.635498046875,115.78368377685547,-85.57128143310547,266.05224609375
0.62255859375,-0.191650390625,-0.57421875,158.0810546875,-175.10984802246094,285.82763671875
0.297607421875,-0.142578125,-0.4329833984375,138.5498046875,-192.93211364746094,188.84275817871094
0.2099609375,-0.193603515625,-0.3497314453125,97.16796112060547,-142.27294921875,33.50830078125
0.39892578125,-0.32470703125,-0.306396484375,78.30810546875,-92.34618377685547,-108.64257049560547
0.745849609375,-0.48046875,-0.254150390625,82.94676971435547,-71.1669921875,-178.22264099121094
1.061279296875,-0.595458984375,-0.1221923828125,96.49657440185547,-65.85693359375,-164.48973083496094
1.168212890625,-0.635009765625,0.0926513671875,106.62841033935547,-63.964839935302734,-110.53466033935547
0.98193359375,-0.6094970703125,0.246337890625,108.70360565185547,-69.03076171875,-40.649410247802734
0.6925048828125,-0.55615234375,0.2720947265625,122.07030487060547,-89.84374237060547,31.249998092651367
0.5789794921875,-0.4847412109375,0.1917724609375,135.986328125,-95.94725799560547,55.725093841552734
0.709716796875,-0.439453125,0.05126953125,116.21092987060547,-59.631343841552734,24.169919967651367
0.9794921875,-0.4713134765625,-0.043701171875,86.73094940185547,-25.085447311401367,-12.390135765075684
1.122802734375,-0.500244140625,-0.0816650390625,86.91405487060547,-33.26416015625,-11.840819358825684
1.0052490234375,-0.451416015625,-0.087158203125,113.03710174560547,-73.8525390625,26.184080123901367
0.8360595703125,-0.3634033203125,-0.008544921875,142.39501953125,-124.63378143310547,53.405757904052734
0.8143310546875,-0.336181640625,0.115966796875,152.89306640625,-152.099609375,33.8134765625
0.9134521484375,-0.3922119140625,0.215576171875,138.85498046875,-138.7939453125,-8.7890625
0.9490966796875,-0.4390869140625,0.26708984375,127.31932830810547,-116.88231658935547,-34.60693359375
0.827880859375,-0.5516357421875,0.2069091796875,119.99510955810547,-96.43553924560547,-31.860349655151367
0.703857421875,-0.826904296875,0.0709228515625,88.80614471435547,-52.246089935302734,-13.732909202575684
0.7069091796875,-0.9371337890625,0.01171875,68.4814453125,-22.338865280151367,7.141112804412842
0.74609375,-0.8270263671875,0.066650390625,99.24315643310547,-47.302242279052734,25.085447311401367
0.705322265625,-0.7449951171875,0.1256103515625,134.1552734375,-79.04052734375,36.68212890625
0.6402587890625,-0.6895751953125,0.104736328125,128.11279296875,-75.98876953125,38.6962890625
0.6070556640625,-0.658935546875,0.0584716796875,103.08837127685547,-58.776851654052734,35.15625
0.5963134765625,-0.617431640625,0.0389404296875,85.81542205810547,-49.987789154052734,36.9873046875
0.6263427734375,-0.5045166015625,0.016357421875,71.47216796875,-43.518062591552734,37.353515625
0.7315673828125,-0.4267578125,0.01025390625,54.931636810302734,-35.7666015625,12.207030296325684
0.771728515625,-0.5225830078125,0.073974609375,44.433589935302734,-36.31591796875,-34.66796875
0.8038330078125,-0.6251220703125,0.275634765625,69.64111328125,-69.39697265625,-59.631343841552734
0.93994140625,-0.6983642578125,0.578857421875,128.47900390625,-123.10790252685547,-60.729976654052734
0.981689453125,-0.73583984375,0.64599609375,126.15966033935547,-110.77880096435547,-53.649898529052734
0.930908203125,-0.6680908203125,0.404052734375,39.48974609375,-22.521970748901367,-29.296873092651367
0.8592529296875,-0.5555419921875,0.1893310546875,-30.029294967651367,39.306640625,5.615233898162842
0.7056884765625,-0.41552734375,0.0828857421875,-39.1845703125,35.21728515625,35.33935546875
0.484375,-0.387939453125,-0.0003662109375,-27.526853561401367,11.291502952575684,40.649410247802734
0.342041015625,-0.536376953125,0.0030517578125,-17.822265625,-7.385253429412842,19.287109375
0.4573974609375,-0.6787109375,0.1573486328125,4.8828125,-28.869626998901367,-5.249022960662842
0.837646484375,-0.5240478515625,0.31689453125,63.049312591552734,-43.457027435302734,39.6728515625
0.6217041015625,-0.3272705078125,0.1737060546875,20.507810592651367,-4.82177734375,89.66063690185547
0.3349609375,-0.201171875,0.0928955078125,-40.10009765625,31.921384811401367,114.99022674560547
0.14794921875,-0.1070556640625,0.0194091796875,-75.927734375,58.166500091552734,115.41747283935547
0.583740234375,-0.3052978515625,-0.068359375,-87.70751190185547,87.28026580810547,85.26610565185547
1.883056640625,-0.830078125,-0.1661376953125,-64.8193359375,104.98046112060547,-129.5166015625
2.4459228515625,-1.2587890625,-0.124755859375,13.610838890075684,54.687496185302734,-429.4433288574219
1.64208984375,-1.12060546875,0.1226806640625,129.39453125,-50.415035247802734,-330.4443054199219
0.5455322265625,-0.3670654296875,0.3739013671875,85.81542205810547,-42.480464935302734,223.20555114746094
0.5609130859375,-0.5172119140625,0.254150390625,8.11767578125,30.578611373901367,126.03759002685547
0.632080078125,-0.5496826171875,0.01416015625,-21.850584030151367,64.3310546875,16.17431640625
0.544921875,-0.44482421875,-0.2078857421875,-33.14208984375,66.162109375,11.169432640075684
0.3739013671875,-0.370849609375,-0.2596435546875,-27.099607467651367,45.776363372802734,74.89013671875
0.2703857421875,-0.380615234375,-0.1484375,-4.2724609375,12.756346702575684,120.54442596435547
0.22802734375,-0.3948974609375,0.008056640625,30.883787155151367,-24.902341842651367,105.95702362060547
0.2923583984375,-0.3223876953125,0.14208984375,79.4677734375,-67.7490234375,61.096187591552734
0.7005615234375,-0.437744140625,0.273681640625,115.96678924560547,-86.66991424560547,4.150390625
1.5142822265625,-0.7010498046875,0.5137939453125,118.22509002685547,-70.49560546875,-119.93407440185547
2.0948486328125,-0.73876953125,0.60888671875,84.28954315185547,-53.710933685302734,-268.98193359375
1.88330078125,-0.6678466796875,0.3546142578125,-6.225585460662842,-28.503416061401367,-295.0439453125
1.2261962890625,-0.50048828125,0.15478515625,-92.52928924560547,1.2817381620407104,-157.77587890625
0.7666015625,-0.2769775390625,0.194580078125,-99.06005096435547,13.305663108825684,30.761716842651367
0.642333984375,-0.2760009765625,0.2525634765625,-59.509273529052734,21.545408248901367,148.8037109375
0.5533447265625,-0.42724609375,0.2603759765625,-21.789548873901367,25.207517623901367,165.46629333496094
0.431884765625,-0.4593505859375,0.3162841796875,7.080077648162842,11.474608421325684,116.51610565185547
0.387451171875,-0.35986328125,0.3831787109375,25.268552780151367,-5.310058116912842,91.30858612060547
0.3284912109375,-0.0828857421875,0.152587890625,-8.30078125,26.428220748901367,139.95361328125
0.315673828125,-0.09228515625,-0.0972900390625,-45.593257904052734,41.992183685302734,115.96678924560547
0.6168212890625,-0.6925048828125,-0.1654052734375,-68.42041015625,38.2080078125,108.27635955810547
1.4307861328125,-1.7037353515625,-0.0194091796875,-91.49169158935547,68.54248046875,11.474608421325684
1.80712890625,-2.113525390625,0.140869140625,-94.29930877685547,121.58202362060547,-149.23095703125
1.268310546875,-1.71728515625,0.1981201171875,-41.931148529052734,96.55760955810547,-117.79784393310547
0.5806884765625,-1.0050048828125,0.1700439453125,24.658201217651367,-0.0610351525247097,63.415523529052734
0.174072265625,-0.3245849609375,0.1512451171875,31.188962936401367,-47.119136810302734,211.97508239746094
0.1417236328125,-0.4454345703125,0.081298828125,-11.474608421325684,56.579586029052734,170.89842224121094
0.11865234375,-0.6700439453125,-0.1575927734375,-39.85595703125,138.61083984375,87.09716033935547
0.0614013671875,-0.7164306640625,-0.18408203125,-26.916501998901367,41.503902435302734,56.640621185302734
-0.110107421875,-0.650634765625,-0.13525390625,-21.667478561401367,-74.15771484375,67.626953125
-0.1802978515625,-0.65869140625,0.1441650390625,-21.728513717651367,-158.99658203125,103.82079315185547
-0.032958984375,-1.194580078125,0.418212890625,-13.122557640075684,-155.70068359375,104.06493377685547
0.36181640625,-1.947998046875,0.578857421875,3.479003667831421,-87.95165252685547,58.288570404052734
0.40771484375,-2.0609130859375,0.321533203125,18.12744140625,-4.2724609375,26.062009811401367
0.0037841796875,-1.5833740234375,-0.2095947265625,10.192870140075684,43.273921966552734,37.29248046875
-0.2919921875,-1.2135009765625,-0.317138671875,-11.901854515075684,17.15087890625,44.982906341552734
-0.3218994140625,-1.0794677734375,0.0499267578125,-18.06640625,-43.945308685302734,28.747556686401367
-0.24072265625,-0.948486328125,0.4228515625,-11.840819358825684,-78.857421875,15.747069358825684
-0.19189453125,-0.770751953125,0.5184326171875,-12.695311546325684,-66.10107421875,12.939452171325684
-0.18310546875,-0.7059326171875,0.3734130859375,-20.874021530151367,-23.986814498901367,8.85009765625
-0.1407470703125,-0.8543701171875,0.2208251953125,-24.414060592651367,18.4326171875,-10.437010765075684
-0.1173095703125,-1.0576171875,0.1480712890625,-15.258788108825684,42.724605560302734,-34.97314453125
-0.126953125,-1.0943603515625,0.1153564453125,2.25830078125,47.973628997802734,-41.015621185302734
-0.099609375,-0.968994140625,0.1278076171875,17.27294921875,46.813961029052734,-30.822751998901367
-0.0294189453125,-0.8653564453125,0.1524658203125,25.573728561401367,47.180171966552734,-26.428220748901367
0.027587890625,-0.9141845703125,0.1357421875,27.832029342651367,54.016109466552734,-37.353515625
0.076171875,-1.0611572265625,0.13232421875,23.559568405151367,68.115234375,-44.738765716552734
0.088134765625,-1.122802734375,0.113525390625,16.4794921875,81.54296112060547,-35.2783203125
0.0498046875,-1.0379638671875,0.066650390625,12.329100608825684,87.28026580810547,-20.385740280151367
0.018798828125,-0.9466552734375,0.0430908203125,8.23974609375,84.96092987060547,-14.343260765075684
0.0072021484375,-0.962646484375,0.0528564453125,2.01416015625,79.58984375,-29.296873092651367
0.03076171875,-1.0198974609375,0.0880126953125,-1.3427733182907104,82.09227752685547,-51.635738372802734
0.1474609375,-0.98388671875,0.139404296875,-3.051757574081421,119.75096893310547,-55.297847747802734
0.16455078125,-0.982666015625,0.0992431640625,-12.878417015075684,130.37109375,-41.015621185302734
0.1219482421875,-0.9925537109375,0.050048828125,-23.864744186401367,121.70409393310547,-14.099120140075684
0.1011962890625,-0.978515625,0.0360107421875,-28.442380905151367,104.18700408935547,10.803221702575684
0.09375,-0.9932861328125,0.054443359375,-27.099607467651367,97.83934783935547,10.864256858825684
0.1236572265625,-1.0264892578125,0.104248046875,-22.705076217651367,107.29979705810547,-5.249022960662842
0.2161865234375,-0.9700927734375,0.06201171875,-23.437498092651367,127.56346893310547,-10.986327171325684
0.2705078125,-0.869140625,-0.079345703125,-34.36279296875,145.3857421875,-4.5166015625
0.2698974609375,-0.9207763671875,-0.1297607421875,-39.1845703125,145.08056640625,-2.868652105331421
0.2047119140625,-1.0572509765625,-0.029052734375,-23.376462936401367,140.93017578125,-8.4228515625
0.060546875,-1.04052734375,0.095458984375,-1.7700194120407104,151.4892578125,0.0610351525247097
-0.0616455078125,-0.95947265625,0.1092529296875,5.0048828125,159.97314453125,11.413573265075684
-0.0360107421875,-0.9678955078125,0.03564453125,-6.958007335662842,140.56396484375,-4.08935546875
0.0963134765625,-1.059814453125,-0.0003662109375,-21.057126998901367,108.58153533935547,-44.067378997802734
0.19384765625,-1.117919921875,0.019287109375,-17.15087890625,105.46874237060547,-86.12059783935547
0.264404296875,-0.9534912109375,0.1865234375,-10.131834983825684,119.56786346435547,-64.02587890625
0.3173828125,-0.888916015625,0.2757568359375,-13.977049827575684,100.28075408935547,-38.818359375
0.3856201171875,-0.9263916015625,0.234130859375,-19.1650390625,98.57176971435547,-65.4296875
0.467529296875,-0.9368896484375,0.126220703125,-34.0576171875,117.98094940185547,-88.62303924560547
0.5078125,-0.861572265625,0.100830078125,-40.466304779052734,111.14501190185547,-63.110347747802734
0.5030517578125,-0.8216552734375,0.1632080078125,-29.479978561401367,74.8291015625,-27.343748092651367
0.5526123046875,-0.8292236328125,0.2059326171875,-23.193357467651367,57.983394622802734,-22.644041061401367
0.6031494140625,-0.8443603515625,0.1558837890625,-35.94970703125,76.0498046875,-43.945308685302734
0.6094970703125,-0.8314208984375,-0.0096435546875,-54.138179779052734,115.66161346435547,-58.593746185302734
0.65966796875,-0.8580322265625,-0.214111328125,-60.424800872802734,142.15087890625,-57.800289154052734
0.6812744140625,-0.973388671875,-0.35107421875,-44.738765716552734,113.95262908935547,-48.522945404052734
0.55859375,-0.9739990234375,-0.30419921875,-12.573241233825684,31.494138717651367,-24.169919967651367
0.438720703125,-0.84033203125,-0.1134033203125,7.812499523162842,-44.982906341552734,-2.0751953125
0.43505859375,-0.780029296875,0.0064697265625,-0.30517578125,-53.649898529052734,-2.197265625
0.4739990234375,-0.8594970703125,0.0289306640625,-18.1884765625,-17.63916015625,-9.58251953125
0.5361328125,-0.9642333984375,0.0362548828125,-21.179197311401367,-2.990722417831421,-18.1884765625
0.607421875,-0.943359375,0.02978515625,-9.521484375,-21.667478561401367,-26.855466842651367
0.6112060546875,-0.8231201171875,0.0048828125,1.9531248807907104,-42.419429779052734,-31.616209030151367
0.5469970703125,-0.6932373046875,-0.0411376953125,4.21142578125,-40.161128997802734,-29.479978561401367
0.4718017578125,-0.6295166015625,-0.0775146484375,-2.44140625,-17.7001953125,-17.578125
0.41845703125,-0.6116943359375,-0.076171875,-10.742186546325684,4.5166015625,-3.051757574081421
0.3973388671875,-0.62451171875,-0.068359375,-13.671874046325684,16.357421875,2.0751953125
0.4296875,-0.7001953125,-0.0982666015625,-14.831542015075684,19.71435546875,-2.563476324081421
0.511474609375,-0.810302734375,-0.1170654296875,-17.4560546875,14.282225608825684,-6.103515148162842
0.674560546875,-1.022705078125,-0.0203857421875,-13.183592796325684,1.4648436307907104,-14.099120140075684
1.1080322265625,-1.364013671875,0.1170654296875,1.4038084745407104,-18.00537109375,-60.058589935302734
1.3883056640625,-1.4193115234375,0.0557861328125,20.996091842651367,-40.954586029052734,-141.845703125
1.1732177734375,-1.000244140625,-0.197509765625,22.583005905151367,-48.889156341552734,-154.78515625
0.8983154296875,-0.5462646484375,-0.2847900390625,6.530761241912842,-37.9638671875,-95.58104705810547
0.7716064453125,-0.3787841796875,-0.1480712890625,-3.662109136581421,11.718749046325684,-44.921871185302734
0.8109130859375,-0.4488525390625,-0.072998046875,-19.34814453125,116.88231658935547,19.10400390625
0.887939453125,-0.56787109375,-0.037841796875,-46.203609466552734,176.20848083496094,103.21044158935547
0.8206787109375,-0.600830078125,0.0594482421875,-42.297359466552734,103.33251190185547,153.3203125
0.6590576171875,-0.5653076171875,0.1396484375,2.807616949081421,-15.197752952575684,139.09912109375
0.527587890625,-0.515625,0.174072265625,29.052732467651367,-68.05419921875,87.28026580810547
0.4697265625,-0.4844970703125,0.1923828125,4.33349609375,-37.2314453125,37.59765625
0.4407958984375,-0.466552734375,0.1888427734375,-41.809078216552734,32.71484375,13.244627952575684
0.4349365234375,-0.48291015625,0.1583251953125,-70.12939453125,82.45848846435547,8.11767578125
0.4884033203125,-0.5762939453125,0.1175537109375,-71.2890625,90.69823455810547,1.6479490995407104
0.5743408203125,-0.7181396484375,0.067626953125,-58.410640716552734,77.81982421875,-19.287109375
0.671630859375,-0.8653564453125,0.0458984375,-42.236324310302734,57.983394622802734,-48.767086029052734
0.7947998046875,-1.00927734375,0.092529296875,-28.503416061401367,27.526853561401367,-57.434078216552734
0.94873046875,-1.1883544921875,0.15673828125,-26.184080123901367,6.042479991912842,-35.94970703125
1.0255126953125,-1.3253173828125,0.1641845703125,-35.5224609375,10.314940452575684,-10.009765625
0.9398193359375,-1.283447265625,0.1153564453125,-43.945308685302734,18.310546875,9.09423828125
0.7744140625,-1.0831298828125,0.0540771484375,-39.97802734375,13.366698265075684,20.01953125
0.587890625,-0.7882080078125,-0.024169921875,-26.794431686401367,18.12744140625,29.418943405151367
0.5096435546875,-0.5706787109375,-0.10791015625,-15.563963890075684,41.931148529052734,50.598140716552734
0.6832275390625,-0.5623779296875,-0.226806640625,-0.4272460639476776,45.776363372802734,69.7021484375
0.893310546875,-0.585693359375,-0.3695068359375,37.29248046875,-14.465331077575684,79.1015625
0.6412353515625,-0.3736572265625,-0.3145751953125,104.00389862060547,-179.87059020996094,29.663084030151367
0.4273681640625,-0.3369140625,-0.135986328125,89.53856658935547,-162.96385192871094,-41.992183685302734
0.335205078125,-0.4471435546875,0.040771484375,62.499996185302734,-107.78807830810547,-103.88182830810547
0.355224609375,-0.6910400390625,0.1881103515625,33.38623046875,-52.185054779052734,-127.44139862060547
0.44482421875,-0.8939208984375,0.2198486328125,14.465331077575684,-27.832029342651367,-110.65673065185547
0.54736328125,-0.8236083984375,0.0665283203125,3.540038824081421,-37.59765625,-62.377925872802734
0.564208984375,-0.676025390625,-0.0751953125,-6.591796398162842,-45.410152435302734,-8.4228515625
0.6339111328125,-0.802490234375,-0.002197265625,-5.981444835662842,-33.3251953125,19.34814453125
0.982421875,-1.084716796875,0.14501953125,17.15087890625,-18.12744140625,4.08935546875
1.40625,-1.2303466796875,0.0828857421875,41.992183685302734,-10.681151390075684,-42.907711029052734
1.2518310546875,-1.0572509765625,-0.082763671875,37.9638671875,-5.0048828125,-79.04052734375
0.7667236328125,-0.7373046875,-0.093505859375,31.799314498901367,16.66259765625,-46.386714935302734
0.6676025390625,-0.569580078125,-0.101318359375,29.418943405151367,76.47705078125,20.324705123901367
0.73876953125,-0.5382080078125,-0.100830078125,18.00537109375,104.49217987060547,57.067867279052734
0.7393798828125,-0.5869140625,0.0306396484375,23.620603561401367,45.288082122802734,78.30810546875
0.70849609375,-0.63232421875,0.1827392578125,29.907224655151367,-11.291502952575684,98.02245330810547
0.64599609375,-0.5782470703125,0.29443359375,6.042479991912842,-11.230467796325684,110.96190643310547
0.5745849609375,-0.4749755859375,0.3314208984375,-46.447750091552734,41.198726654052734,94.36034393310547
0.505615234375,-0.40869140625,0.2572021484375,-101.07421112060547,124.87792205810547,42.419429779052734
0.4608154296875,-0.4227294921875,0.143310546875,-121.58202362060547,170.04393005371094,-13.549803733825684
0.48681640625,-0.51953125,0.0760498046875,-102.23387908935547,140.0146484375,-51.086421966552734
0.565185546875,-0.6595458984375,0.0479736328125,-66.46728515625,77.5146484375,-68.17626953125
0.6395263671875,-0.792236328125,0.0391845703125,-36.865234375,35.64453125,-68.84765625
0.7320556640625,-0.9241943359375,0.0772705078125,-16.41845703125,8.4228515625,-57.189937591552734
0.870849609375,-1.09375,0.1552734375,4.8828125,-33.50830078125,-40.466304779052734
0.948486328125,-1.2061767578125,0.190185546875,25.390623092651367,-77.57568359375,-35.58349609375
0.8841552734375,-1.1610107421875,0.1400146484375,28.198240280151367,-84.41161346435547,-37.41455078125
0.7755126953125,-1.0413818359375,0.0369873046875,9.58251953125,-45.104976654052734,-31.372068405151367
0.659912109375,-0.8658447265625,-0.0860595703125,-11.657713890075684,11.962889671325684,-9.94873046875
0.620361328125,-0.68896484375,-0.217529296875,-17.333984375,39.12353515625,32.77587890625
0.77587890625,-0.6226806640625,-0.4017333984375,7.751464366912842,-7.751464366912842,75.0732421875
0.8878173828125,-0.545166015625,-0.57080078125,63.110347747802734,-132.75146484375,102.23387908935547
0.716552734375,-0.3809814453125,-0.5714111328125,104.49217987060547,-245.23924255371094,105.65184783935547
0.47900390625,-0.3001708984375,-0.46826171875,93.62792205810547,-215.39305114746094,60.791011810302734
0.4560546875,-0.4248046875,-0.384765625,61.584468841552734,-90.57616424560547,-23.437498092651367
0.5806884765625,-0.628662109375,-0.2794189453125,54.931636810302734,-24.536130905151367,-84.47264862060547
0.684326171875,-0.77197265625,-0.111572265625,67.19970703125,-35.70556640625,-77.392578125
0.679443359375,-0.82177734375,0.025146484375,63.720699310302734,-51.086421966552734,-26.916501998901367
0.5491943359375,-0.7913818359375,0.0728759765625,40.893550872802734,-48.278804779052734,16.9677734375
0.392333984375,-0.7557373046875,0.084228515625,32.5927734375,-54.687496185302734,31.799314498901367
0.3846435546875,-0.78564453125,0.049072265625,50.537105560302734,-71.1669921875,23.132322311401367
0.5089111328125,-0.8121337890625,-0.0489501953125,69.4580078125,-73.54736328125,15.502928733825684
0.6114501953125,-0.7681884765625,-0.1043701171875,77.392578125,-77.392578125,31.616209030151367
0.6873779296875,-0.73828125,-0.0703125,83.25194549560547,-107.11669158935547,56.579586029052734
0.7471923828125,-0.747802734375,-0.041748046875,84.47264862060547,-130.4931640625,65.61279296875
0.7669677734375,-0.7591552734375,-0.07861328125,75.5615234375,-122.98583221435547,54.382320404052734
0.739013671875,-0.7735595703125,-0.1002197265625,66.58935546875,-113.40331268310547,27.587888717651367
0.6680908203125,-0.769287109375,-0.0296630859375,67.93212890625,-128.23486328125,3.906249761581421
0.6007080078125,-0.74462890625,0.09716796875,76.171875,-157.53173828125,-2.44140625
0.576416015625,-0.7427978515625,0.1834716796875,79.89501953125,-173.52293395996094,-1.7089842557907104
0.5933837890625,-0.771728515625,0.189697265625,73.2421875,-161.37693786621094,-3.967284917831421
0.6522216796875,-0.840087890625,0.17333984375,61.706539154052734,-135.43701171875,-8.60595703125
0.692626953125,-0.88818359375,0.1956787109375,52.490230560302734,-115.84471893310547,-12.817381858825684
0.617431640625,-0.8321533203125,0.2315673828125,47.424312591552734,-106.32323455810547,-15.808104515075684
0.495849609375,-0.7735595703125,0.1842041015625,42.175289154052734,-94.84862518310547,-23.132322311401367
0.4193115234375,-0.8546142578125,0.00390625,23.742673873901367,-54.626461029052734,-30.029294967651367
0.423828125,-0.9444580078125,-0.1795654296875,-3.112792730331421,-2.746581792831421,-14.648436546325684
0.5225830078125,-0.9171142578125,-0.19677734375,-6.042479991912842,-2.0751953125,5.0048828125
0.5684814453125,-0.8594970703125,-0.0693359375,24.230955123901367,-57.678218841552734,3.234863042831421
0.5140380859375,-0.850341796875,0.0775146484375,57.739253997802734,-110.53466033935547,-1.9531248807907104
0.46630859375,-0.87353515625,0.122314453125,67.44384765625,-113.34227752685547,-1.8920897245407104
0.4620361328125,-0.892333984375,0.027587890625,50.476070404052734,-66.46728515625,-2.13623046875
0.4691162109375,-0.9124755859375,-0.0902099609375,26.428220748901367,-17.02880859375,0.3662109076976776
0.4525146484375,-0.923583984375,-0.1209716796875,18.310546875,-8.11767578125,6.347655773162842
0.417724609375,-0.9224853515625,-0.0863037109375,26.245115280151367,-29.113767623901367,11.169432640075684
0.3831787109375,-0.916015625,-0.066650390625,35.0341796875,-42.480464935302734,14.404295921325684
0.3643798828125,-0.893310546875,-0.0853271484375,37.109375,-36.56005859375,17.63916015625
0.4049072265625,-0.8837890625,-0.099365234375,37.4755859375,-30.456541061401367,16.357421875
0.4736328125,-0.87841796875,-0.0733642578125,41.687007904052734,-36.865234375,7.873534679412842
0.4775390625,-0.859375,0.0152587890625,50.292964935302734,-54.321285247802734,-0.9765624403953552
0.4283447265625,-0.8466796875,0.1396484375,59.448238372802734,-73.73046875,-7.446288585662842
0.4296875,-0.83154296875,0.171875,58.593746185302734,-69.4580078125,-15.624999046325684
0.4884033203125,-0.8428955078125,0.087158203125,44.799800872802734,-36.7431640625,-23.864744186401367
0.53125,-0.864501953125,0.043212890625,31.799314498901367,-14.892577171325684,-24.902341842651367
0.565673828125,-0.833740234375,0.100830078125,29.724119186401367,-24.780271530151367,-20.385740280151367
0.5859375,-0.757080078125,0.161376953125,30.761716842651367,-39.55078125,-16.7236328125
0.5850830078125,-0.7313232421875,0.163330078125,25.146482467651367,-34.912109375,-17.76123046875
0.5811767578125,-0.814453125,0.1505126953125,15.686034202575684,-17.578125,-21.057126998901367
0.5565185546875,-0.916015625,0.2034912109375,11.535643577575684,-9.58251953125,-17.51708984375
0.5279541015625,-0.922607421875,0.3203125,16.6015625,-21.911619186401367,-6.347655773162842
0.5203857421875,-0.8399658203125,0.3778076171875,18.06640625,-28.076169967651367,3.967284917831421
0.5137939453125,-0.7764892578125,0.2908935546875,6.469726085662842,-6.225585460662842,4.8828125
0.4705810546875,-0.8095703125,0.1246337890625,-8.1787109375,24.108884811401367,-2.624511480331421
0.410888671875,-0.8681640625,0.0458984375,-11.901854515075684,32.2265625,-6.591796398162842
0.382080078125,-0.8697509765625,0.119140625,-3.173827886581421,10.437010765075684,0.7934569716453552
0.392333984375,-0.80419921875,0.2193603515625,5.432128429412842,-14.709471702575684,15.930174827575684
0.40771484375,-0.7369384765625,0.240966796875,4.08935546875,-18.98193359375,28.503416061401367
0.3917236328125,-0.7535400390625,0.205078125,-3.723144292831421,-6.896972179412842,31.677244186401367
0.397216796875,-0.7728271484375,0.15673828125,-10.742186546325684,1.7089842557907104,29.418943405151367
0.388916015625,-0.7344970703125,0.13671875,-14.221190452575684,-1.03759765625,27.770994186401367
0.3275146484375,-0.599365234375,0.160888671875,-13.305663108825684,-14.099120140075684,30.578611373901367
0.2506103515625,-0.3338623046875,0.14990234375,-11.779784202575684,-26.977537155151367,31.372068405151367
0.14111328125,-0.0860595703125,0.041259765625,-13.000487327575684,-18.00537109375,19.59228515625
0.1141357421875,-0.0159912109375,-0.123291015625,-21.667478561401367,16.05224609375,2.563476324081421
0.9053955078125,-0.7982177734375,-0.2718505859375,-30.883787155151367,45.532222747802734,-39.1845703125
1.105224609375,-2.047119140625,0.18310546875,45.349117279052734,-41.748043060302734,-86.24266815185547
0.6502685546875,-1.47216796875,0.397705078125,53.894039154052734,-81.17675018310547,-20.690916061401367
0.4373779296875,-1.12939453125,0.341552734375,21.911619186401367,-46.508785247802734,-1.7089842557907104
0.233642578125,-0.6966552734375,0.19091796875,-5.0048828125,-8.9111328125,29.357908248901367
0.06201171875,-0.212158203125,0.0445556640625,-13.122557640075684,11.962889671325684,78.91845703125
0.0289306640625,0.0635986328125,-0.0206298828125,-16.9677734375,32.470703125,112.67089080810547
0.091064453125,0.0830078125,-0.02001953125,-21.057126998901367,41.503902435302734,138.671875
0.5068359375,-0.283203125,-0.0166015625,-15.747069358825684,53.466793060302734,120.91063690185547
1.3931884765625,-1.3922119140625,0.2056884765625,-4.45556640625,92.95653533935547,-67.07763671875
1.5125732421875,-2.1392822265625,0.439208984375,-24.291990280151367,147.39990234375,-210.08299255371094
0.51025390625,-1.87646484375,0.3572998046875,-58.715816497802734,139.34326171875,-82.94676971435547
-0.050048828125,-1.1953125,0.2435302734375,-46.752925872802734,31.982419967651367,55.297847747802734
0.1964111328125,-0.411376953125,0.2294921875,11.901854515075684,-84.59471893310547,38.330078125
0.3685302734375,-0.02685546875,0.137939453125,62.744136810302734,-103.08837127685547,-8.97216796875
0.283935546875,0.01904296875,0.005615234375,43.945308685302734,-22.216794967651367,-5.065917491912842
0.2725830078125,-0.0513916015625,-0.01953125,-33.447265625,92.28514862060547,22.705076217651367
0.53466796875,-0.6580810546875,0.00146484375,-88.31786346435547,163.63523864746094,38.26904296875
0.92529296875,-1.8643798828125,-0.0177001953125,-80.93260955810547,137.02392578125,-8.056640625
1.21630859375,-2.4580078125,0.043701171875,-36.31591796875,59.326168060302734,-82.45848846435547
1.0133056640625,-1.85986328125,0.086669921875,-2.38037109375,-10.925292015075684,-52.062984466552734
0.32763671875,-0.7877197265625,-0.025634765625,5.676269054412842,-48.339839935302734,72.509765625
-0.16552734375,0.0308837890625,-0.045654296875,15.197752952575684,-41.076656341552734,133.97216796875
-0.2685546875,0.3797607421875,0.090087890625,18.4326171875,-6.408690929412842,102.05077362060547
-0.1383056640625,0.30615234375,0.1434326171875,-6.591796398162842,36.19384765625,72.8759765625
0.2724609375,-0.3388671875,0.1480712890625,-50.415035247802734,66.5283203125,62.438961029052734
0.795166015625,-1.9000244140625,0.3175048828125,-76.0498046875,75.5615234375,7.995604991912842
1.0098876953125,-3.02197265625,0.3583984375,-62.866207122802734,97.10692596435547,-67.93212890625
0.7589111328125,-2.425048828125,0.0908203125,-43.701168060302734,121.27684783935547,-48.706050872802734
0.341796875,-1.2301025390625,-0.1561279296875,-36.19384765625,105.59081268310547,35.400390625
0.127685546875,-0.528564453125,-0.11181640625,-28.381345748901367,45.715328216552734,75.62255859375
0.113525390625,-0.5364990234375,0.0814208984375,-10.375975608825684,-20.263669967651367,61.523433685302734
0.2027587890625,-0.8880615234375,0.1893310546875,28.808591842651367,-47.607418060302734,8.23974609375
0.3851318359375,-1.1131591796875,0.231689453125,57.922359466552734,-36.376953125,-34.1796875
0.46240234375,-1.1162109375,0.190673828125,37.353515625,2.563476324081421,-21.789548873901367
0.3707275390625,-0.9490966796875,0.0517578125,-1.4648436307907104,37.65869140625,27.526853561401367
0.2530517578125,-0.823486328125,-0.031494140625,-6.652831554412842,33.0810546875,48.217769622802734
0.243896484375,-0.8092041015625,-0.0313720703125,18.12744140625,16.29638671875,2.197265625
0.3367919921875,-0.878173828125,0.06787109375,41.137691497802734,9.1552734375,-56.274410247802734
0.42578125,-0.97998046875,0.2335205078125,37.109375,1.8310545682907104,-64.208984375
0.43603515625,-1.0001220703125,0.2591552734375,-9.1552734375,10.742186546325684,0.4882812201976776
0.22900390625,-0.9588623046875,0.1485595703125,-68.4814453125,43.518062591552734,108.70360565185547
0.0286865234375,-0.9053955078125,0.026123046875,-89.59960174560547,80.01708984375,159.48486328125
0.033447265625,-0.8843994140625,-0.1083984375,-63.720699310302734,116.88231658935547,120.17821502685547
0.07275390625,-0.9205322265625,-0.225830078125,-23.315427780151367,143.24951171875,56.396480560302734
0.0189208984375,-0.9957275390625,-0.228515625,-1.4648436307907104,140.56396484375,25.085447311401367
-0.0540771484375,-1.02685546875,-0.140625,2.624511480331421,125.06102752685547,31.188962936401367
-0.05224609375,-0.977294921875,-0.0521240234375,7.873534679412842,114.37987518310547,33.99658203125
-0.002685546875,-0.8975830078125,-0.029052734375,14.160155296325684,116.94335174560547,14.892577171325684
0.107421875,-0.8863525390625,-0.05810546875,11.474608421325684,133.11767578125,-13.671874046325684
0.2071533203125,-0.96923828125,-0.067626953125,-1.4038084745407104,151.67236328125,-45.776363372802734
0.2188720703125,-1.0946044921875,-0.01513671875,-16.05224609375,157.28759765625,-70.1904296875
0.185791015625,-1.1287841796875,0.0330810546875,-22.216794967651367,144.95849609375,-77.57568359375
0.1351318359375,-1.054931640625,0.0523681640625,-22.155759811401367,120.84960174560547,-76.59912109375
0.1390380859375,-0.9959716796875,0.076416015625,-23.986814498901367,102.78319549560547,-70.61767578125
0.1832275390625,-0.974609375,0.065185546875,-27.404783248901367,102.23387908935547,-59.997554779052734
0.2113037109375,-0.9554443359375,0.027587890625,-28.564451217651367,107.78807830810547,-39.55078125
0.2069091796875,-0.9405517578125,-0.0089111328125,-32.3486328125,113.46434783935547,-13.244627952575684
0.1907958984375,-0.96044921875,-0.05908203125,-40.283199310302734,115.60057830810547,7.263183116912842
0.1900634765625,-0.9969482421875,-0.0706787109375,-45.776363372802734,105.95702362060547,24.963376998901367
0.20361328125,-1.0167236328125,0.000732421875,-44.555660247802734,83.00780487060547,28.747556686401367
0.224365234375,-1.0303955078125,0.0703125,-39.85595703125,58.715816497802734,13.488768577575684
0.2467041015625,-1.037109375,0.09521484375,-38.4521484375,43.334957122802734,7.873534679412842
0.3760986328125,-1.0799560546875,0.037841796875,-35.33935546875,39.85595703125,24.047849655151367
0.5010986328125,-1.11865234375,-0.13427734375,-21.667478561401367,50.598140716552734,35.82763671875
0.382080078125,-1.059326171875,-0.37890625,-7.080077648162842,72.20458984375,29.602048873901367
0.13330078125,-0.998046875,-0.5614013671875,-5.676269054412842,82.27538299560547,23.193357467651367
0.034423828125,-1.05224609375,-0.52099609375,-13.122557640075684,61.096187591552734,14.953612327575684
0.04052734375,-1.0538330078125,-0.3546142578125,-17.7001953125,39.12353515625,8.30078125
0.0421142578125,-0.8907470703125,-0.221923828125,-16.78466796875,37.90283203125,20.935056686401367
0.10986328125,-0.7789306640625,-0.1219482421875,-12.756346702575684,38.57421875,37.53662109375
0.153076171875,-0.7763671875,-0.1119384765625,-6.286620616912842,43.579097747802734,40.588375091552734
0.0467529296875,-0.9132080078125,-0.259521484375,-8.97216796875,66.95556640625,38.75732421875
-0.0509033203125,-1.341064453125,-0.39013671875,-24.841306686401367,78.7353515625,37.59765625
-0.0087890625,-1.79248046875,-0.3555908203125,-31.127927780151367,57.434078216552734,19.8974609375
-0.0009765625,-1.69482421875,-0.2890625,-10.314940452575684,28.686521530151367,-15.136717796325684
-0.0950927734375,-1.022216796875,-0.33154296875,26.306150436401367,5.432128429412842,-49.377437591552734
0.52001953125,-0.189208984375,-0.2191162109375,49.621578216552734,-43.762203216552734,-77.20947265625
0.7393798828125,-0.563232421875,-0.1727294921875,5.249022960662842,1.8920897245407104,-31.860349655151367
0.5244140625,-1.0787353515625,-0.2518310546875,-24.169919967651367,45.532222747802734,-8.97216796875
0.3173828125,-1.374755859375,-0.3134765625,-17.08984375,29.235837936401367,-22.094724655151367
0.34326171875,-1.538818359375,-0.34716796875,-5.798339366912842,-5.554198741912842,-18.6767578125
0.5386962890625,-1.919677734375,-0.3060302734375,-18.798828125,-26.184080123901367,1.3427733182907104
0.630126953125,-2.1058349609375,-0.1846923828125,-44.616695404052734,-24.169919967651367,20.080564498901367
0.44384765625,-1.53662109375,-0.1729736328125,-43.945308685302734,19.53125,35.58349609375
0.141357421875,-0.4766845703125,-0.234130859375,-12.023924827575684,65.185546875,56.762691497802734
0.0654296875,0.4312744140625,-0.2181396484375,24.963376998901367,46.752925872802734,81.05467987060547
0.057861328125,0.636962890625,-0.1273193359375,43.212886810302734,-20.202634811401367,65.185546875
0.076171875,0.180419921875,-0.0233154296875,37.841796875,-84.71678924560547,6.225585460662842
0.3607177734375,-0.485595703125,-0.0167236328125,22.033689498901367,-105.16356658935547,-14.587401390075684
0.5279541015625,-1.173828125,-0.206787109375,-2.3193359375,-56.396480560302734,10.498045921325684
0.430908203125,-1.8973388671875,-0.5859375,-27.832029342651367,31.555173873901367,-3.906249761581421
0.353759765625,-2.3837890625,-0.7281494140625,-28.137205123901367,61.218257904052734,-19.34814453125
0.3409423828125,-2.328369140625,-0.3863525390625,3.601073980331421,-11.962889671325684,13.366698265075684
0.181640625,-1.642333984375,-0.030029296875,43.273921966552734,-79.77294921875,20.446775436401367
-0.0609130859375,-0.5191650390625,0.0142822265625,70.49560546875,-70.3125,0.6103515625
-0.150146484375,0.391357421875,-0.100341796875,77.0263671875,-29.296873092651367,5.615233898162842
0.0328369140625,0.59716796875,-0.1129150390625,64.51416015625,-4.33349609375,19.34814453125
0.34130859375,0.0101318359375,-0.035400390625,41.870113372802734,3.601073980331421,-1.0986328125
0.482666015625,-1.0584716796875,-0.0731201171875,10.864256858825684,24.597166061401367,-41.687007904052734
0.4620361328125,-1.7860107421875,-0.2283935546875,-14.160155296325684,45.288082122802734,-47.546382904052734
0.37939453125,-1.678466796875,-0.337646484375,-14.526366233825684,26.367185592651367,-15.624999046325684
0.3062744140625,-0.81884765625,-0.13525390625,8.056640625,-67.138671875,-3.723144292831421
0.2772216796875,-0.66845703125,0.068115234375,10.375975608825684,-77.08740234375,-17.63916015625
0.2022705078125,-0.588134765625,0.162353515625,7.690429210662842,-58.288570404052734,-19.8974609375
0.158203125,-0.5411376953125,0.1522216796875,5.249022960662842,-29.907224655151367,-21.118162155151367
0.191162109375,-0.5518798828125,0.1021728515625,8.72802734375,-4.69970703125,-27.038572311401367
0.2496337890625,-0.6495361328125,0.02392578125,14.770506858825684,19.22607421875,-31.555173873901367
0.30126953125,-0.8582763671875,-0.0888671875,13.732909202575684,35.2783203125,-23.620603561401367
0.3363037109375,-1.198486328125,-0.193115234375,5.798339366912842,20.568845748901367,-14.099120140075684
0.3890380859375,-1.61865234375,-0.2216796875,0.4882812201976776,-36.07177734375,-30.883787155151367
0.4952392578125,-1.819580078125,-0.173583984375,4.45556640625,-108.21532440185547,-57.983394622802734
0.583984375,-1.576904296875,-0.1055908203125,11.779784202575684,-153.80859375,-50.537105560302734
0.598388671875,-1.13427734375,-0.0703125,13.366698265075684,-161.49900817871094,-13.000487327575684
0.50634765625,-0.785400390625,-0.135498046875,12.939452171325684,-145.5078125,13.549803733825684
0.38427734375,-0.5914306640625,-0.2685546875,20.141599655151367,-126.77001190185547,15.136717796325684
0.3297119140625,-0.5594482421875,-0.350830078125,32.04345703125,-118.59130096435547,3.112792730331421
0.3314208984375,-0.6387939453125,-0.3258056640625,39.1845703125,-122.98583221435547,-11.230467796325684
0.3284912109375,-0.7376708984375,-0.2379150390625,39.55078125,-138.12255859375,-18.798828125
0.270263671875,-0.8065185546875,-0.1956787109375,36.68212890625,-148.62060546875,-17.822265625
0.2218017578125,-0.8277587890625,-0.2166748046875,34.36279296875,-147.52197265625,-9.27734375
0.2237548828125,-0.80712890625,-0.25830078125,32.958984375,-141.11328125,4.638671875
0.2283935546875,-0.8062744140625,-0.2904052734375,31.005857467651367,-132.4462890625,14.770506858825684
0.2117919921875,-0.8798828125,-0.2880859375,28.381345748901367,-125.85448455810547,13.671874046325684
0.21142578125,-0.9556884765625,-0.2489013671875,26.733396530151367,-123.22997283935547,9.70458984375
0.222412109375,-0.9482421875,-0.2049560546875,28.991697311401367,-122.74169158935547,11.718749046325684
0.2095947265625,-0.909423828125,-0.2198486328125,40.710445404052734,-104.18700408935547,11.230467796325684
0.2236328125,-0.9000244140625,-0.22119140625,42.175289154052734,-85.87645721435547,15.075682640075684
0.2305908203125,-0.873779296875,-0.165771484375,37.17041015625,-70.49560546875,29.602048873901367
0.169189453125,-0.8948974609375,-0.0635986328125,31.921384811401367,-69.2138671875,27.832029342651367
0.043212890625,-0.95654296875,0.0228271484375,33.5693359375,-79.52880859375,-1.5258787870407104
-0.035400390625,-0.987548828125,0.060546875,37.353515625,-86.18163299560547,-21.911619186401367
-0.0185546875,-0.9879150390625,0.08935546875,36.19384765625,-84.89989471435547,-16.54052734375
0.027099609375,-1.008544921875,0.1318359375,29.235837936401367,-75.62255859375,-9.8876953125
0.058349609375,-1.0460205078125,0.1695556640625,19.4091796875,-58.044429779052734,-15.136717796325684
0.047119140625,-1.0546875,0.1673583984375,11.962889671325684,-38.75732421875,-22.521970748901367
0.0023193359375,-1.0384521484375,0.115478515625,8.544921875,-21.545408248901367,-19.04296875
-0.03515625,-1.0037841796875,0.0518798828125,7.568358898162842,-11.596678733825684,-5.493163585662842
-0.046142578125,-0.9642333984375,0.0166015625,7.751464366912842,-16.11328125,4.94384765625
0.0029296875,-0.95751953125,0.0364990234375,9.1552734375,-34.48486328125,1.8310545682907104
0.0723876953125,-1.00537109375,0.0809326171875,13.488768577575684,-52.978511810302734,-13.610838890075684
0.135009765625,-1.05810546875,0.10205078125,20.629880905151367,-59.448238372802734,-21.423337936401367
0.1842041015625,-1.0567626953125,0.0987548828125,25.085447311401367,-57.373043060302734,-15.930174827575684
0.198486328125,-1.021240234375,0.084716796875,23.010251998901367,-57.250972747802734,-15.563963890075684
0.2384033203125,-0.976806640625,0.0526123046875,16.78466796875,-57.189937591552734,-20.629880905151367
0.308837890625,-0.922607421875,-0.0018310546875,13.549803733825684,-51.513668060302734,-28.198240280151367
0.3575439453125,-0.837890625,-0.0379638671875,15.319823265075684,-46.264644622802734,-47.119136810302734
0.40673828125,-0.8021240234375,-0.0330810546875,17.9443359375,-50.598140716552734,-72.998046875
0.4637451171875,-0.8734130859375,-0.0228271484375,18.6767578125,-57.373043060302734,-75.37841796875
0.4581298828125,-0.98681640625,-0.0311279296875,15.380858421325684,-49.011226654052734,-41.809078216552734
0.348388671875,-1.0709228515625,-0.0167236328125,13.549803733825684,-41.259761810302734,-4.0283203125
0.22314453125,-1.0509033203125,0.0496826171875,20.446775436401367,-60.668941497802734,18.4326171875
0.20263671875,-0.9591064453125,0.130615234375,29.357908248901367,-86.79198455810547,22.827146530151367
0.265625,-0.89208984375,0.1546630859375,27.038572311401367,-79.345703125,14.526366233825684
0.33642578125,-0.87646484375,0.0743408203125,12.756346702575684,-34.85107421875,6.896972179412842
0.387451171875,-0.88330078125,-0.052001953125,-2.990722417831421,11.779784202575684,-0.1831054538488388
0.4080810546875,-0.89501953125,-0.0972900390625,-7.690429210662842,19.1650390625,-11.047362327575684
0.35595703125,-0.9368896484375,-0.013671875,2.3193359375,-17.4560546875,-17.88330078125
0.2637939453125,-0.9827880859375,0.1226806640625,16.2353515625,-58.471675872802734,-9.33837890625
0.2164306640625,-0.982666015625,0.205810546875,21.240232467651367,-64.94140625,3.112792730331421
0.22607421875,-0.935546875,0.1824951171875,15.380858421325684,-33.38623046875,4.638671875
0.247314453125,-0.865966796875,0.0867919921875,5.920409679412842,9.1552734375,0.0
0.245849609375,-0.796875,0.0274658203125,1.220703125,30.883787155151367,-2.197265625
0.221435546875,-0.736572265625,0.0452880859375,2.25830078125,26.000974655151367,-1.9531248807907104
0.185302734375,-0.6737060546875,0.0653076171875,1.8920897245407104,21.240232467651367,-0.4272460639476776
0.1744384765625,-0.676513671875,0.0408935546875,-2.807616949081421,31.249998092651367,0.0
0.203857421875,-0.810791015625,-0.056884765625,-7.751464366912842,48.095699310302734,-7.202147960662842
0.1483154296875,-0.7010498046875,-0.080810546875,-9.82666015625,47.912593841552734,-3.601073980331421
0.093505859375,-0.481689453125,-0.09033203125,-15.441893577575684,50.903316497802734,3.601073980331421
0.2391357421875,-0.5606689453125,-0.1007080078125,-13.061522483825684,39.12353515625,-7.934569835662842
0.841796875,-1.2447509765625,-0.0667724609375,2.990722417831421,6.591796398162842,-63.171382904052734
1.2518310546875,-1.737060546875,0.0877685546875,12.084959983825684,-33.99658203125,-98.93798065185547
0.9654541015625,-1.6571044921875,0.392578125,7.629394054412842,-75.8056640625,-36.43798828125
0.5587158203125,-1.2933349609375,0.5755615234375,2.01416015625,-84.28954315185547,45.288082122802734
0.4049072265625,-0.8624267578125,0.4267578125,-6.408690929412842,-41.320796966552734,42.846675872802734
0.3538818359375,-0.9083251953125,-0.0010986328125,-29.541013717651367,33.935546875,-33.5693359375
0.3245849609375,-0.846923828125,0.073486328125,-17.08984375,16.90673828125,-4.94384765625
0.3143310546875,-0.806884765625,0.22021484375,7.690429210662842,-18.85986328125,21.118162155151367
0.3203125,-0.8668212890625,0.2037353515625,9.27734375,-11.047362327575684,25.207517623901367
0.2923583984375,-0.927001953125,0.1817626953125,-3.906249761581421,15.319823265075684,27.587888717651367
0.2276611328125,-0.9371337890625,0.3043212890625,-7.873534679412842,13.549803733825684,37.65869140625
0.2137451171875,-0.843505859375,0.3887939453125,-10.131834983825684,10.986327171325684,46.020503997802734
0.263671875,-0.6214599609375,0.27392578125,-20.01953125,39.306640625,44.189449310302734
0.2978515625,-0.3431396484375,0.041015625,-26.794431686401367,79.833984375,33.3251953125
0.2467041015625,-0.126953125,-0.144287109375,-19.71435546875,98.02245330810547,18.310546875
0.39599609375,-0.3192138671875,-0.23681640625,-3.723144292831421,86.60887908935547,-4.150390625
1.085693359375,-1.242431640625,-0.304931640625,8.85009765625,62.316890716552734,-71.1669921875
1.2791748046875,-1.9654541015625,-0.3441162109375,16.7236328125,32.5927734375,-119.20165252685547
0.735595703125,-1.8304443359375,0.0150146484375,31.494138717651367,-22.521970748901367,-40.405269622802734
0.2686767578125,-1.37890625,0.2496337890625,38.818359375,-62.072750091552734,75.86669921875
-0.029541015625,-0.9893798828125,0.018798828125,26.550291061401367,-47.302242279052734,114.37987518310547
0.026123046875,-0.728759765625,0.011962890625,30.883787155151367,-59.387203216552734,12.756346702575684
0.1219482421875,-0.5333251953125,0.11962890625,31.921384811401367,-66.83349609375,-8.544921875
0.17431640625,-0.239501953125,0.1448974609375,13.366698265075684,-38.9404296875,18.24951171875
0.2293701171875,0.004638671875,0.1126708984375,-18.798828125,13.427733421325684,52.124019622802734
0.3209228515625,-0.0194091796875,0.025146484375,-51.330562591552734,60.424800872802734,71.71630859375
0.1024169921875,-0.8392333984375,-0.0452880859375,-72.6318359375,71.83837890625,89.05028533935547
-0.3233642578125,-2.246826171875,0.107177734375,-60.913082122802734,28.503416061401367,107.23876190185547
-0.116943359375,-1.8824462890625,0.1270751953125,31.738279342651367,-7.873534679412842,44.677730560302734
-0.013671875,-0.7301025390625,0.0167236328125,12.878417015075684,10.620116233825684,54.748531341552734
-0.1409912109375,-0.066162109375,0.0098876953125,-13.854979515075684,-7.324218273162842,75.3173828125
-0.199462890625,-0.1119384765625,0.1993408203125,-8.23974609375,-66.22314453125,55.358882904052734
-0.012451171875,-0.3089599609375,0.2777099609375,21.057126998901367,-71.22802734375,16.2353515625
0.3162841796875,-0.2813720703125,0.1590576171875,45.166011810302734,-8.11767578125,-17.578125
0.4844970703125,-0.5855712890625,-0.0162353515625,28.747556686401367,56.579586029052734,-47.058101654052734
0.3494873046875,-1.74853515625,-0.1639404296875,-26.550291061401367,90.94237518310547,-69.3359375
0.3216552734375,-2.8175048828125,-0.13623046875,-68.603515625,84.83885955810547,-96.25243377685547
0.279052734375,-2.677978515625,-0.124755859375,-56.945796966552734,60.302730560302734,-83.31298065185547
-0.0413818359375,-1.7135009765625,-0.2113037109375,-0.8544921278953552,42.297359466552734,-4.94384765625
-0.175048828125,-0.883544921875,-0.0999755859375,46.813961029052734,41.625972747802734,43.212886810302734
-0.0980224609375,-0.6844482421875,0.1180419921875,50.048824310302734,81.23778533935547,12.756346702575684
0.006591796875,-0.7313232421875,0.2288818359375,26.428220748901367,115.17333221435547,-16.2353515625
0.1705322265625,-0.7235107421875,0.2071533203125,-0.54931640625,96.00829315185547,12.878417015075684
0.2757568359375,-0.8131103515625,0.0947265625,-18.61572265625,78.67431640625,28.625486373901367
0.225341796875,-1.0059814453125,-0.024169921875,-20.690916061401367,97.83934783935547,-16.845703125
0.1656494140625,-1.1033935546875,-0.0531005859375,-13.793944358825684,122.61962127685547,-60.668941497802734
0.22509765625,-1.012939453125,0.06201171875,-10.559081077575684,120.42235565185547,-48.828121185302734
0.272216796875,-0.86767578125,0.142333984375,-6.103515148162842,106.81151580810547,-10.681151390075684
0.251220703125,-0.8131103515625,0.1405029296875,0.54931640625,103.14940643310547,-6.591796398162842
0.240966796875,-0.908935546875,0.1646728515625,-3.784179449081421,109.19188690185547,-47.485347747802734
0.2880859375,-1.0155029296875,0.1630859375,-21.118162155151367,131.9580078125,-78.55224609375
0.386474609375,-0.951416015625,0.0889892578125,-33.0810546875,159.24072265625,-56.823726654052734
0.410888671875,-0.86181640625,-0.0111083984375,-23.864744186401367,164.12351989746094,-31.066892623901367
0.2957763671875,-0.9259033203125,-0.0303955078125,-2.807616949081421,133.1787109375,-59.936519622802734
0.2269287109375,-1.0084228515625,0.0972900390625,1.5869139432907104,81.29882049560547,-107.11669158935547
0.3438720703125,-1.0072021484375,0.267822265625,-20.202634811401367,47.363277435302734,-124.45067596435547
0.5068359375,-0.9920654296875,0.34765625,-45.043941497802734,51.086421966552734,-110.22948455810547
0.5592041015625,-0.9605712890625,0.3072509765625,-55.419918060302734,78.79638671875,-72.3876953125
0.5283203125,-0.8997802734375,0.2489013671875,-52.551265716552734,95.76415252685547,-30.822751998901367
0.538818359375,-0.8419189453125,0.244384765625,-44.921871185302734,88.07372283935547,-5.981444835662842
0.623779296875,-0.8126220703125,0.2197265625,-39.24560546875,82.39745330810547,6.835937023162842
0.646240234375,-0.76611328125,0.122314453125,-35.888671875,91.30858612060547,16.9677734375
0.4962158203125,-0.65771484375,0.0455322265625,-37.90283203125,96.61864471435547,19.10400390625
0.3282470703125,-0.6104736328125,0.0218505859375,-51.208492279052734,104.37010955810547,16.11328125
0.468994140625,-0.89306640625,-0.01953125,-70.1904296875,140.31982421875,-24.719236373901367
0.775390625,-1.183837890625,-0.0528564453125,-78.7353515625,166.93113708496094,-96.67967987060547
0.75634765625,-1.1376953125,-0.03125,-70.49560546875,135.55908203125,-91.55272674560547
0.4990234375,-0.90869140625,0.0374755859375,-57.312007904052734,80.44432830810547,-12.817381858825684
0.3153076171875,-0.671875,0.0888671875,-47.119136810302734,52.612300872802734,45.898433685302734
0.3253173828125,-0.65283203125,0.0634765625,-39.85595703125,59.326168060302734,46.142574310302734
0.481689453125,-0.7744140625,0.0064697265625,-35.888671875,76.2939453125,9.46044921875
0.5870361328125,-0.7935791015625,-0.00146484375,-31.311033248901367,70.6787109375,-12.939452171325684
0.61474609375,-0.716796875,0.0516357421875,-29.785154342651367,48.522945404052734,-14.831542015075684
0.6519775390625,-0.69921875,0.08447265625,-44.860836029052734,55.541988372802734,-19.04296875
0.6937255859375,-0.7755126953125,0.033447265625,-69.3359375,95.64208221435547,-33.447265625
0.6904296875,-0.8702392578125,-0.028564453125,-72.509765625,107.97118377685547,-49.560543060302734
0.6380615234375,-0.928955078125,-0.001708984375,-44.982906341552734,57.067867279052734,-56.396480560302734
0.45947265625,-1.032958984375,0.0797119140625,-9.8876953125,-19.53125,-45.410152435302734
0.2618408203125,-1.0283203125,0.203369140625,15.563963890075684,-83.80126190185547,0.30517578125
0.273681640625,-0.8782958984375,0.3297119140625,24.902341842651367,-103.69872283935547,41.625972747802734
0.5606689453125,-0.9012451171875,0.3123779296875,11.352538108825684,-41.931148529052734,27.099607467651367
0.805908203125,-0.9462890625,0.1162109375,-22.766111373901367,67.19970703125,-13.000487327575684
0.752197265625,-0.80615234375,-0.1365966796875,-51.208492279052734,126.34276580810547,-22.338865280151367
0.6529541015625,-0.6776123046875,-0.2796630859375,-40.893550872802734,84.35057830810547,-1.9531248807907104
0.665771484375,-0.6717529296875,-0.2550048828125,-0.4882812201976776,-6.164550304412842,5.371093273162842
0.7410888671875,-0.732177734375,-0.1031494140625,33.5693359375,-76.5380859375,-4.82177734375
0.739013671875,-0.9398193359375,0.101318359375,43.457027435302734,-102.29491424560547,-24.291990280151367
0.7384033203125,-1.279052734375,0.2108154296875,26.672361373901367,-91.79686737060547,-51.086421966552734
0.7908935546875,-1.1241455078125,0.09765625,-5.798339366912842,-87.34130096435547,-69.27490234375
0.64892578125,-0.5450439453125,-0.074462890625,-20.080564498901367,-81.48192596435547,-56.884761810302734
0.3935546875,-0.3009033203125,-0.169189453125,-15.869139671325684,-42.846675872802734,-18.06640625
0.2630615234375,-0.3973388671875,-0.224853515625,-20.751951217651367,-4.7607421875,14.099120140075684
0.2430419921875,-0.5545654296875,-0.22216796875,-30.517576217651367,7.995604991912842,31.249998092651367
0.30615234375,-0.66796875,-0.2205810546875,-29.785154342651367,9.765625,32.16552734375
0.4822998046875,-0.8057861328125,-0.2518310546875,-18.310546875,7.141112804412842,4.57763671875
0.7891845703125,-1.0499267578125,-0.2623291015625,-3.662109136581421,-3.112792730331421,-39.306640625
1.353271484375,-1.2864990234375,-0.2696533203125,20.080564498901367,-25.878904342651367,-88.92821502685547
1.514892578125,-1.2557373046875,-0.2962646484375,64.94140625,-69.9462890625,-176.33055114746094
0.8858642578125,-0.7828369140625,-0.2509765625,98.32762908935547,-103.63768768310547,-193.17625427246094
0.5479736328125,-0.2152099609375,-0.2242431640625,92.40721893310547,-105.52977752685547,-100.83007049560547
0.8111572265625,-0.1221923828125,-0.2310791015625,70.9228515625,-81.05467987060547,-107.72704315185547
0.98486328125,-0.3055419921875,-0.1875,57.556148529052734,-2.38037109375,-163.26902770996094
0.992919921875,-0.447021484375,-0.1439208984375,59.204097747802734,103.39354705810547,-100.64696502685547
1.010009765625,-0.5655517578125,-0.093994140625,48.156734466552734,150.93994140625,38.51318359375
0.9989013671875,-0.6199951171875,0.04150390625,3.295898199081421,110.71776580810547,177.42918395996094
0.93359375,-0.5999755859375,0.2506103515625,-43.395992279052734,53.649898529052734,258.85009765625
0.8037109375,-0.5224609375,0.3758544921875,-74.27978515625,64.51416015625,239.07469177246094
0.663818359375,-0.4366455078125,0.349365234375,-106.99462127685547,143.4326171875,141.29638671875
0.53369140625,-0.3499755859375,0.2283935546875,-130.06591796875,216.61375427246094,54.748531341552734
0.4454345703125,-0.2899169921875,0.1385498046875,-116.33300018310547,202.57566833496094,15.258788108825684
0.4495849609375,-0.3238525390625,0.1275634765625,-76.72119140625,112.60985565185547,-10.009765625
0.5262451171875,-0.4442138671875,0.1124267578125,-43.090816497802734,35.33935546875,-33.99658203125
0.64111328125,-0.610595703125,0.0438232421875,-25.085447311401367,3.051757574081421,-48.767086029052734
0.8375244140625,-0.844482421875,-0.0311279296875,-12.268065452575684,-19.10400390625,-52.490230560302734
1.0819091796875,-1.136474609375,-0.0609130859375,-2.01416015625,-41.137691497802734,-45.349117279052734
1.2406005859375,-1.378173828125,-0.03662109375,-8.85009765625,-40.527339935302734,-33.5693359375
1.2242431640625,-1.44189453125,-0.0023193359375,-41.931148529052734,-11.718749046325684,-31.188962936401367
0.9827880859375,-1.2291259765625,0.0137939453125,-74.52392578125,12.939452171325684,-40.161128997802734
0.6461181640625,-0.8568115234375,-0.02880859375,-71.2890625,9.765625,-29.541013717651367
0.5054931640625,-0.5953369140625,-0.1627197265625,-37.4755859375,-10.314940452575684,13.427733421325684
0.819580078125,-0.4769287109375,-0.46630859375,69.2138671875,-159.1796875,99.48729705810547
0.4334716796875,-0.2716064453125,-0.314453125,115.90575408935547,-231.62840270996094,50.598140716552734
0.353271484375,-0.332275390625,-0.2562255859375,75.8056640625,-109.61913299560547,-35.70556640625
0.408935546875,-0.4410400390625,-0.2392578125,30.944822311401367,8.11767578125,-94.17723846435547
0.49267578125,-0.535888671875,-0.1591796875,10.375975608825684,35.94970703125,-100.52489471435547
0.5885009765625,-0.8922119140625,0.070556640625,14.892577171325684,-6.286620616912842,-91.24755096435547
0.5977783203125,-1.067626953125,0.1895751953125,9.33837890625,-51.757808685302734,-63.110347747802734
0.473876953125,-0.6551513671875,-0.071533203125,-20.996091842651367,-58.471675872802734,-9.21630859375
0.40625,-0.4210205078125,-0.396728515625,-48.034664154052734,-10.986327171325684,29.296873092651367
0.550048828125,-0.7642822265625,-0.4046630859375,-44.006343841552734,43.090816497802734,27.343748092651367
0.9605712890625,-1.210693359375,-0.262451171875,-4.82177734375,38.02490234375,-11.291502952575684
1.199951171875,-1.24169921875,-0.272216796875,42.968746185302734,-26.367185592651367,-84.28954315185547
0.853759765625,-0.889404296875,-0.315673828125,69.580078125,-65.00244140625,-128.35693359375
0.6019287109375,-0.6357421875,-0.265869140625,88.62303924560547,-26.672361373901367,-102.96630096435547
0.82958984375,-0.7001953125,-0.1595458984375,91.36962127685547,54.138179779052734,-60.974117279052734
0.9912109375,-0.760986328125,-0.014892578125,52.429195404052734,112.54882049560547,5.126952648162842
0.8857421875,-0.684814453125,0.092041015625,6.774901866912842,98.75487518310547,79.40673828125
0.723388671875,-0.603515625,0.092529296875,-25.268552780151367,68.4814453125,103.88182830810547
0.6346435546875,-0.549072265625,0.0753173828125,-48.034664154052734,64.0869140625,95.15380096435547
0.6165771484375,-0.5062255859375,0.1251220703125,-58.044429779052734,62.499996185302734,89.05028533935547
0.60986328125,-0.468017578125,0.1685791015625,-68.17626953125,77.63671875,84.77782440185547
0.5887451171875,-0.4378662109375,0.150634765625,-83.80126190185547,117.12645721435547,70.49560546875
0.57080078125,-0.439697265625,0.123046875,-90.39305877685547,138.00048828125,45.776363372802734
0.5638427734375,-0.4927978515625,0.1060791015625,-77.57568359375,116.51610565185547,9.46044921875
0.57373046875,-0.5892333984375,0.0787353515625,-51.025386810302734,69.15283203125,-29.418943405151367
0.646484375,-0.74853515625,0.0377197265625,-22.766111373901367,15.258788108825684,-50.476070404052734
0.8314208984375,-1.020263671875,-0.0078125,3.112792730331421,-30.700681686401367,-59.265132904052734
1.013916015625,-1.2708740234375,-0.0291748046875,22.277830123901367,-61.279293060302734,-64.697265625
1.054443359375,-1.3377685546875,-0.0341796875,25.634763717651367,-69.7021484375,-64.27001953125
0.9678955078125,-1.2401123046875,-0.03515625,9.521484375,-49.987789154052734,-56.396480560302734
0.7791748046875,-0.99365234375,-0.071533203125,-8.6669921875,-19.47021484375,-37.17041015625
0.593017578125,-0.698974609375,-0.13720703125,-7.385253429412842,-5.798339366912842,-13.732909202575684
0.564208984375,-0.53955078125,-0.2078857421875,13.732909202575684,-22.216794967651367,10.620116233825684
0.6455078125,-0.4879150390625,-0.32470703125,47.912593841552734,-66.71142578125,50.598140716552734
0.676513671875,-0.431640625,-0.419677734375,86.24266815185547,-142.4560546875,93.01757049560547
0.579345703125,-0.3641357421875,-0.4189453125,113.52538299560547,-218.62791442871094,91.00341033935547
0.427978515625,-0.33447265625,-0.383056640625,116.45507049560547,-216.61375427246094,32.89794921875
0.3939208984375,-0.4129638671875,-0.3900146484375,94.29930877685547,-123.29100799560547,-48.889156341552734
0.5089111328125,-0.5947265625,-0.40869140625,68.78662109375,-23.742673873901367,-112.30467987060547
0.6619873046875,-0.7921142578125,-0.3265380859375,66.650390625,1.7700194120407104,-126.95311737060547
0.7447509765625,-0.917724609375,-0.1337890625,82.39745330810547,-34.912109375,-90.02684783935547
0.636962890625,-0.936767578125,0.0601806640625,82.70262908935547,-67.626953125,-19.04296875
0.4185791015625,-0.8673095703125,0.121826171875,62.622066497802734,-62.561031341552734,52.551265716552734
0.365478515625,-0.7376708984375,-0.006591796875,57.373043060302734,-45.471187591552734,87.76854705810547
0.4813232421875,-0.6107177734375,-0.1669921875,76.11083984375,-49.743648529052734,76.7822265625
0.6121826171875,-0.568603515625,-0.193359375,99.18212127685547,-84.16747283935547,55.847164154052734
0.728759765625,-0.631103515625,-0.111328125,112.12157440185547,-130.2490234375,53.833003997802734
0.7969970703125,-0.7156982421875,-0.02587890625,103.14940643310547,-147.3388671875,59.326168060302734
0.8251953125,-0.7791748046875,0.014404296875,76.171875,-125.97655487060547,51.696773529052734
0.8314208984375,-0.8436279296875,0.045654296875,51.208492279052734,-97.10692596435547,23.193357467651367
0.7730712890625,-0.85693359375,0.102783203125,46.752925872802734,-97.90038299560547,-1.6479490995407104
0.6558837890625,-0.778076171875,0.164794921875,56.762691497802734,-124.63378143310547,-4.57763671875
0.5574951171875,-0.706787109375,0.2049560546875,60.729976654052734,-137.0849609375,-3.723144292831421
0.562255859375,-0.7586669921875,0.228271484375,55.541988372802734,-119.38475799560547,-15.624999046325684
0.6085205078125,-0.8734130859375,0.2320556640625,52.490230560302734,-95.94725799560547,-28.076169967651367
0.587158203125,-0.941650390625,0.165283203125,56.823726654052734,-85.02196502685547,-28.259275436401367
0.5068359375,-0.953125,0.0045166015625,62.011714935302734,-72.1435546875,-25.634763717651367
0.429443359375,-0.8529052734375,-0.158935546875,57.312007904052734,-53.100582122802734,-16.357421875
0.4620361328125,-0.721435546875,-0.238037109375,44.738765716552734,-46.447750091552734,-3.662109136581421
0.59521484375,-0.727783203125,-0.22314453125,43.823238372802734,-66.71142578125,-9.09423828125
0.627197265625,-0.8052978515625,-0.134521484375,58.715816497802734,-104.24803924560547,-14.038084983825684
0.554443359375,-0.8634033203125,-0.003173828125,71.533203125,-131.53076171875,-2.44140625
0.5087890625,-0.914306640625,0.104736328125,72.93701171875,-131.53076171875,6.225585460662842
0.478515625,-0.9307861328125,0.090576171875,64.02587890625,-103.08837127685547,3.540038824081421
0.4635009765625,-0.895751953125,-0.02392578125,51.147457122802734,-65.0634765625,-3.845214605331421
0.4468994140625,-0.85205078125,-0.1185302734375,43.518062591552734,-44.128414154052734,-5.126952648162842
0.4476318359375,-0.8375244140625,-0.1378173828125,43.579097747802734,-43.395992279052734,2.25830078125
0.5087890625,-0.834228515625,-0.0694580078125,50.964351654052734,-55.541988372802734,3.967284917831421
0.5435791015625,-0.787841796875,0.0318603515625,58.654781341552734,-71.77734375,-4.69970703125
0.5406494140625,-0.76806640625,0.0880126953125,54.931636810302734,-73.6083984375,-12.390135765075684
0.5767822265625,-0.7923583984375,0.0877685546875,41.320796966552734,-56.701656341552734,-14.221190452575684
0.5926513671875,-0.7242431640625,0.0733642578125,26.611326217651367,-34.423828125,-9.82666015625
0.559814453125,-0.6077880859375,0.0921630859375,18.61572265625,-28.259275436401367,-6.652831554412842
0.5780029296875,-0.6751708984375,0.133544921875,16.05224609375,-33.69140625,-18.798828125
0.65673828125,-0.8548583984375,0.1715087890625,12.695311546325684,-29.296873092651367,-34.11865234375
0.7264404296875,-0.9068603515625,0.2039794921875,7.019042491912842,-16.6015625,-25.878904342651367
0.72412109375,-0.8878173828125,0.2320556640625,2.50244140625,-8.11767578125,-7.263183116912842
0.6512451171875,-0.883056640625,0.1861572265625,-1.3427733182907104,-3.051757574081421,-1.0986328125
0.5799560546875,-0.8741455078125,0.051025390625,-8.30078125,6.225585460662842,-1.03759765625
0.5235595703125,-0.834716796875,-0.0233154296875,-9.033203125,-0.54931640625,9.21630859375
0.396484375,-0.6466064453125,0.15625,-11.047362327575684,-67.0166015625,101.44042205810547
0.301025390625,-0.6778564453125,0.1204833984375,-25.451658248901367,-40.893550872802734,133.056640625
0.198486328125,-0.6776123046875,0.104736328125,-24.597166061401367,-0.3662109076976776,132.87353515625
0.1724853515625,-0.5494384765625,0.0667724609375,-7.751464366912842,23.193357467651367,108.52050018310547
0.3421630859375,-0.3533935546875,-0.002685546875,12.084959983825684,30.517576217651367,64.88037109375
0.5516357421875,-0.34716796875,-0.103759765625,4.638671875,49.194332122802734,43.823238372802734
0.2855224609375,-1.9332275390625,-0.7178955078125,-83.86229705810547,89.41649627685547,124.63378143310547
-0.100830078125,-2.2469482421875,-0.6644287109375,-98.93798065185547,-18.85986328125,158.69140625
-0.472412109375,-1.6624755859375,-0.52734375,-60.485836029052734,-108.64257049560547,149.169921875
-0.5196533203125,-1.0692138671875,-0.3626708984375,-3.540038824081421,-94.54344940185547,100.95214080810547
-0.263916015625,-0.7947998046875,-0.1021728515625,21.789548873901367,-40.161128997802734,57.434078216552734
-0.0921630859375,-0.671875,0.0064697265625,22.583005905151367,-9.033203125,19.83642578125
-0.1466064453125,-0.5567626953125,-0.107177734375,15.991209983825684,-0.30517578125,-9.6435546875
-0.218505859375,-0.5079345703125,-0.2392578125,8.11767578125,-0.54931640625,-20.874021530151367
-0.2125244140625,-0.6123046875,-0.2520751953125,7.324218273162842,-9.033203125,-23.742673873901367
-0.2291259765625,-0.772216796875,-0.2152099609375,15.136717796325684,-15.624999046325684,-26.550291061401367
-0.228759765625,-0.8074951171875,-0.1693115234375,20.812986373901367,-16.4794921875,-17.08984375
-0.1785888671875,-0.6361083984375,-0.1478271484375,18.798828125,-17.9443359375,9.8876953125
-0.1080322265625,-0.430908203125,-0.151123046875,12.268065452575684,-19.22607421875,30.578611373901367
-0.0673828125,-0.4840087890625,-0.121337890625,-1.7089842557907104,-21.728513717651367,23.315427780151367
-0.0245361328125,-1.0050048828125,-0.0382080078125,-22.460935592651367,-18.12744140625,4.638671875
-0.1143798828125,-1.876220703125,0.0185546875,-29.357908248901367,6.347655773162842,-12.268065452575684
-0.2989501953125,-2.266845703125,0.0128173828125,-13.916014671325684,30.578611373901367,-12.695311546325684
-0.337158203125,-1.8388671875,-0.1593017578125,-4.69970703125,38.75732421875,14.465331077575684
-0.27099609375,-1.264404296875,-0.3475341796875,-8.23974609375,29.968259811401367,24.108884811401367
-0.2161865234375,-0.9287109375,-0.30615234375,-1.5869139432907104,0.7934569716453552,-1.5869139432907104
-0.215576171875,-0.797119140625,-0.147216796875,7.019042491912842,-30.029294967651367,-24.963376998901367
-0.202880859375,-0.7891845703125,0.01416015625,4.0283203125,-48.095699310302734,-28.991697311401367
-0.168701171875,-0.8094482421875,0.1182861328125,-0.2441406100988388,-49.438472747802734,-23.315427780151367
-0.1324462890625,-0.783203125,0.154296875,-0.1220703050494194,-31.982419967651367,-8.60595703125
-0.1436767578125,-0.69091796875,0.14208984375,-0.7324218153953552,-4.39453125,16.845703125
-0.18310546875,-0.62744140625,0.1229248046875,-0.9765624403953552,17.27294921875,35.0341796875
-0.13671875,-0.6268310546875,0.0943603515625,7.629394054412842,29.968259811401367,34.5458984375
-0.01708984375,-0.586669921875,0.0445556640625,24.780271530151367,39.61181640625,28.503416061401367
0.0482177734375,-0.4962158203125,-0.037841796875,36.376953125,48.095699310302734,25.573728561401367
0.0374755859375,-0.54296875,-0.215576171875,28.808591842651367,60.058589935302734,25.024412155151367
-0.16943359375,-1.0333251953125,-0.6689453125,4.57763671875,74.40185546875,14.648436546325684
-0.4678955078125,-1.86767578125,-0.989501953125,-22.644041061401367,49.987789154052734,-14.282225608825684
-0.4541015625,-2.392578125,-0.7469482421875,-34.912109375,-20.935056686401367,-47.058101654052734
-0.357666015625,-1.9088134765625,-0.3829345703125,-15.686034202575684,-60.607906341552734,-39.12353515625
-0.3333740234375,-0.959716796875,-0.1927490234375,13.366698265075684,-36.2548828125,1.9531248807907104
-0.1981201171875,-0.603515625,-0.0367431640625,18.85986328125,-10.803221702575684,12.207030296325684
-0.1195068359375,-0.7139892578125,0.0208740234375,10.742186546325684,-4.0283203125,-5.981444835662842
-0.17578125,-0.7835693359375,-0.08642578125,5.0048828125,6.103515148162842,-11.657713890075684
-0.26708984375,-0.7310791015625,-0.17578125,3.601073980331421,11.108397483825684,0.6713866591453552
-0.314697265625,-0.6646728515625,-0.180419921875,7.690429210662842,5.676269054412842,12.207030296325684
-0.301513671875,-0.619873046875,-0.1746826171875,12.268065452575684,-3.723144292831421,14.831542015075684
-0.23974609375,-0.61376953125,-0.210205078125,13.366698265075684,-10.559081077575684,6.774901866912842
-0.21826171875,-0.6622314453125,-0.2734375,14.709471702575684,-15.686034202575684,-15.624999046325684
-0.23095703125,-0.69921875,-0.2767333984375,16.90673828125,-30.700681686401367,-43.395992279052734
-0.1441650390625,-0.615478515625,-0.188720703125,16.357421875,-66.58935546875,-50.720211029052734
0.0023193359375,-0.54931640625,-0.108154296875,5.310058116912842,-95.45897674560547,-30.029294967651367
0.0501708984375,-0.9176025390625,-0.0394287109375,-20.01953125,-83.67919158935547,0.1831054538488388
-0.0128173828125,-1.7783203125,0.1348876953125,-39.48974609375,-46.325679779052734,18.85986328125
-0.21240234375,-2.2835693359375,0.2647705078125,-32.3486328125,-11.535643577575684,32.1044921875
-0.40478515625,-1.9656982421875,0.0936279296875,-18.85986328125,11.474608421325684,31.494138717651367
-0.4254150390625,-1.4697265625,-0.1531982421875,-15.808104515075684,8.97216796875,-7.568358898162842
-0.1763916015625,-1.108642578125,-0.184814453125,-0.0,-23.620603561401367,-46.325679779052734
0.21240234375,-0.8084716796875,-0.0020751953125,22.033689498901367,-44.189449310302734,-50.598140716552734
0.2149658203125,-0.64697265625,0.1502685546875,21.057126998901367,3.601073980331421,-40.283199310302734
-0.0977783203125,-0.643310546875,0.093017578125,6.469726085662842,99.36522674560547,-23.437498092651367
-0.2259521484375,-0.8475341796875,0.056640625,0.54931640625,144.71435546875,-11.657713890075684
-0.072265625,-1.1151123046875,0.0977783203125,6.713866710662842,123.47411346435547,-17.27294921875
0.1517333984375,-1.08154296875,-0.0872802734375,15.136717796325684,109.68016815185547,8.056640625
0.02099609375,-0.986572265625,-0.1370849609375,15.808104515075684,104.49217987060547,15.930174827575684
0.0634765625,-0.9921875,-0.08056640625,14.892577171325684,100.89110565185547,8.6669921875
0.1710205078125,-1.02001953125,-0.0791015625,9.82666015625,121.88719940185547,15.441893577575684
0.106689453125,-0.963134765625,-0.2862548828125,7.385253429412842,167.48045349121094,35.58349609375
-0.042236328125,-1.0322265625,-0.286865234375,10.314940452575684,155.029296875,10.620116233825684
-0.130859375,-1.1463623046875,-0.1806640625,9.765625,121.21581268310547,-22.094724655151367
-0.1688232421875,-1.1317138671875,-0.07421875,7.507323741912842,96.43553924560547,-25.512693405151367
-0.1641845703125,-0.9801025390625,-0.0274658203125,6.713866710662842,94.29930877685547,7.019042491912842
-0.091552734375,-0.849365234375,-0.0206298828125,7.995604991912842,98.14452362060547,47.546382904052734
0.045166015625,-0.822509765625,-0.0355224609375,14.160155296325684,96.06932830810547,67.0166015625
0.2025146484375,-0.8721923828125,-0.051025390625,25.329587936401367,94.17723846435547,48.706050872802734
0.3079833984375,-1.0125732421875,-0.0650634765625,35.64453125,99.42626190185547,-12.390135765075684
0.2821044921875,-1.1600341796875,-0.1148681640625,32.8369140625,122.13134002685547,-77.45361328125
0.2298583984375,-1.111083984375,-0.155029296875,13.061522483825684,146.66748046875,-73.05908203125
0.152099609375,-0.9693603515625,-0.1153564453125,-7.019042491912842,142.88330078125,-17.51708984375
0.0047607421875,-0.9290771484375,-0.02294921875,-15.380858421325684,126.70897674560547,7.812499523162842
-0.0499267578125,-0.971435546875,0.08154296875,-14.404295921325684,119.62889862060547,-8.11767578125
0.029052734375,-1.0189208984375,0.1607666015625,-9.27734375,118.10301971435547,-31.555173873901367
0.1278076171875,-1.0179443359375,0.1785888671875,-4.5166015625,119.62889862060547,-41.625972747802734
0.160888671875,-0.9814453125,0.156005859375,-0.6713866591453552,120.36132049560547,-35.82763671875
0.1265869140625,-0.963134765625,0.1146240234375,2.990722417831421,116.02782440185547,-26.062009811401367
0.0635986328125,-1.0086669921875,0.07861328125,0.6713866591453552,104.67528533935547,-27.343748092651367
0.0447998046875,-1.068115234375,0.0966796875,-9.33837890625,85.93749237060547,-28.991697311401367
0.0853271484375,-1.0640869140625,0.1204833984375,-18.00537109375,83.25194549560547,-11.291502952575684
0.1370849609375,-0.9947509765625,0.093017578125,-19.83642578125,109.06981658935547,18.24951171875
0.1737060546875,-0.92529296875,0.054443359375,-17.88330078125,133.30078125,34.7900390625
0.1771240234375,-0.9039306640625,0.0489501953125,-17.333984375,132.26318359375,24.108884811401367
0.1646728515625,-0.9056396484375,0.0635986328125,-19.4091796875,112.60985565185547,-6.286620616912842
0.1591796875,-0.9185791015625,0.0672607421875,-23.437498092651367,93.13964080810547,-39.97802734375
0.1795654296875,-0.933837890625,0.068603515625,-28.381345748901367,82.88573455810547,-63.659664154052734
0.1998291015625,-0.9906005859375,0.0423583984375,-29.418943405151367,75.8056640625,-78.18603515625
0.1845703125,-1.1082763671875,0.0128173828125,-24.108884811401367,59.265132904052734,-75.86669921875
0.1707763671875,-1.1612548828125,0.0718994140625,-17.02880859375,27.954099655151367,-36.56005859375
0.2374267578125,-1.0565185546875,0.181396484375,-10.925292015075684,-3.295898199081421,5.859374523162842
0.3463134765625,-0.8194580078125,0.137451171875,-12.268065452575684,8.6669921875,13.732909202575684
0.416748046875,-0.6505126953125,-0.078125,-30.456541061401367,75.0732421875,24.536130905151367
0.4683837890625,-0.7249755859375,-0.286865234375,-54.748531341552734,131.34765625,65.673828125
0.412353515625,-1.0146484375,-0.42333984375,-60.729976654052734,126.28173065185547,75.8056640625
0.2159423828125,-1.5965576171875,-0.426025390625,-40.344234466552734,84.47264862060547,-10.559081077575684
0.3896484375,-2.3814697265625,-0.2071533203125,-28.198240280151367,42.175289154052734,-116.82128143310547
0.6895751953125,-2.462646484375,-0.0313720703125,-57.983394622802734,10.192870140075684,-135.3759765625
0.5194091796875,-1.46826171875,-0.095458984375,-86.48680877685547,-7.202147960662842,-100.40282440185547
0.1409912109375,-0.40283203125,-0.122802734375,-62.072750091552734,-22.888181686401367,-52.978511810302734
0.0020751953125,0.0885009765625,0.0018310546875,-7.080077648162842,-28.564451217651367,29.663084030151367
0.2135009765625,0.2598876953125,-0.0186767578125,44.311519622802734,-4.638671875,101.62352752685547
0.404052734375,-0.0093994140625,-0.2330322265625,67.93212890625,31.127927780151367,71.22802734375
0.51806640625,-0.6304931640625,-0.27783203125,42.114253997802734,67.5048828125,-20.080564498901367
0.686279296875,-1.2042236328125,-0.240478515625,2.01416015625,71.71630859375,-45.898433685302734
0.8355712890625,-1.7581787109375,-0.3839111328125,-8.36181640625,26.550291061401367,-18.1884765625
0.9825439453125,-2.2294921875,-0.326904296875,3.051757574081421,-26.000974655151367,-38.330078125
0.9656982421875,-2.0692138671875,-0.0972900390625,5.798339366912842,-39.12353515625,-89.11132049560547
0.7540283203125,-1.1259765625,-0.0150146484375,-4.94384765625,-18.98193359375,-116.76024627685547
0.5433349609375,-0.1055908203125,0.0487060546875,-28.381345748901367,-4.21142578125,-88.80614471435547
0.2169189453125,0.398681640625,0.0338134765625,-47.973628997802734,2.3193359375,2.0751953125
-0.162353515625,0.283203125,-0.0399169921875,-28.198240280151367,-16.9677734375,86.85301971435547
-0.0736083984375,-0.002197265625,-0.12451171875,12.817381858825684,-52.917476654052734,116.88231658935547
0.33251953125,-0.565673828125,-0.2392578125,19.53125,-46.142574310302734,95.82518768310547
0.8001708984375,-1.319091796875,-0.3968505859375,-30.029294967651367,33.26416015625,69.76318359375
0.9952392578125,-1.8740234375,-0.635498046875,-68.7255859375,101.19628143310547,52.490230560302734
0.893798828125,-2.273681640625,-0.738037109375,-45.532222747802734,69.82421875,26.550291061401367
0.7330322265625,-1.996337890625,-0.5301513671875,-10.437010765075684,-3.295898199081421,7.629394054412842
0.1759033203125,-0.8408203125,-0.29931640625,13.427733421325684,-52.185054779052734,8.056640625
-0.318603515625,0.1641845703125,-0.097900390625,49.865718841552734,-83.19091033935547,18.6767578125
-0.2364501953125,0.3165283203125,0.1739501953125,89.11132049560547,-97.65624237060547,35.64453125
0.0931396484375,0.044921875,0.249755859375,108.09325408935547,-78.79638671875,42.297359466552734
0.37646484375,-0.165771484375,0.130126953125,86.73094940185547,-31.616209030151367,17.88330078125
0.6397705078125,-0.611083984375,-0.05859375,27.099607467651367,32.5927734375,-11.230467796325684
0.7718505859375,-1.3330078125,-0.28857421875,-20.202634811401367,84.47264862060547,-25.146482467651367
0.6964111328125,-1.780517578125,-0.5594482421875,-7.446288585662842,68.05419921875,-30.029294967651367
0.6656494140625,-2.1341552734375,-0.5477294921875,39.48974609375,-16.7236328125,-60.791011810302734
0.8162841796875,-2.2991943359375,-0.1195068359375,71.4111328125,-98.81591033935547,-114.50194549560547
0.823974609375,-1.7359619140625,0.2677001953125,67.93212890625,-116.08885955810547,-108.82567596435547
0.4202880859375,-0.5443115234375,0.1943359375,44.433589935302734,-38.87939453125,-3.723144292831421
0.02392578125,0.552734375,-0.185302734375,35.5224609375,45.349117279052734,127.13622283935547
-0.0223388671875,0.77099609375,-0.2747802734375,31.249998092651367,0.9765624403953552,175.90330505371094
-0.0216064453125,0.135986328125,-0.126220703125,17.39501953125,-110.35155487060547,100.76903533935547
0.1685791015625,-0.586669921875,-0.1031494140625,10.864256858825684,-174.92674255371094,1.3427733182907104
0.842529296875,-1.5164794921875,-0.28369140625,-28.198240280151367,-136.3525390625,-10.437010765075684
0.6722412109375,-1.59228515625,-0.4224853515625,-20.141599655151367,-93.44481658935547,-67.3828125
0.4959716796875,-1.1934814453125,-0.49658203125,14.221190452575684,-86.60887908935547,-70.37353515625
0.426513671875,-0.797119140625,-0.3597412109375,32.77587890625,-126.09862518310547,-9.27734375
0.355224609375,-0.711669921875,-0.1903076171875,34.48486328125,-177.61228942871094,14.099120140075684
0.2747802734375,-0.740966796875,-0.1177978515625,38.4521484375,-216.55271911621094,-0.4882812201976776
0.2593994140625,-0.7320556640625,-0.0859375,46.569820404052734,-233.45945739746094,-10.375975608825684
0.301025390625,-0.6995849609375,-0.0936279296875,54.199214935302734,-211.42576599121094,-31.494138717651367
0.495849609375,-0.7315673828125,-0.21044921875,66.46728515625,-169.61668395996094,-87.15819549560547
0.691162109375,-0.818359375,-0.29443359375,87.95165252685547,-156.06689453125,-126.28173065185547
0.6556396484375,-0.900390625,-0.2740478515625,100.89110565185547,-146.97265625,-108.88671112060547
0.47802734375,-0.894775390625,-0.24951171875,94.17723846435547,-129.150390625,-55.969234466552734
0.3350830078125,-0.8231201171875,-0.1937255859375,81.72606658935547,-136.65771484375,2.3193359375
0.4127197265625,-0.7899169921875,-0.073974609375,76.0498046875,-159.0576171875,32.65380859375
0.62255859375,-0.7982177734375,0.1036376953125,75.98876953125,-174.86570739746094,32.16552734375
0.66259765625,-0.8885498046875,0.2403564453125,66.2841796875,-157.28759765625,18.98193359375
0.443115234375,-0.996337890625,0.2265625,46.203609466552734,-96.00829315185547,5.371093273162842
0.220458984375,-1.0626220703125,0.1551513671875,35.09521484375,-44.738765716552734,-2.685546636581421
0.1748046875,-1.0838623046875,0.14794921875,41.687007904052734,-56.335445404052734,-5.065917491912842
0.238525390625,-1.0267333984375,0.1595458984375,56.213375091552734,-111.38915252685547,-4.39453125
0.273681640625,-0.9136962890625,0.1273193359375,62.927242279052734,-147.8271484375,0.4272460639476776
0.2442626953125,-0.8746337890625,0.100830078125,54.870601654052734,-129.0283203125,9.3994140625
0.25634765625,-0.8966064453125,0.138427734375,44.677730560302734,-85.81542205810547,14.282225608825684
0.3316650390625,-0.9378662109375,0.2152099609375,45.410152435302734,-64.14794921875,-2.868652105331421
0.4208984375,-0.991943359375,0.2371826171875,46.630855560302734,-56.518550872802734,-29.846189498901367
0.4801025390625,-0.96484375,0.215576171875,36.0107421875,-43.945308685302734,-30.517576217651367
0.4532470703125,-0.9111328125,0.177734375,17.333984375,-24.047849655151367,-9.27734375
0.38232421875,-0.8997802734375,0.1063232421875,-4.69970703125,10.314940452575684,5.493163585662842
0.3486328125,-0.9278564453125,0.012451171875,-17.76123046875,39.9169921875,1.15966796875
0.3486328125,-0.919677734375,-0.101806640625,-13.244627952575684,43.457027435302734,-9.21630859375
0.3486328125,-0.8487548828125,-0.2099609375,-1.03759765625,28.625486373901367,-13.793944358825684
0.392822265625,-0.868408203125,-0.2476806640625,6.347655773162842,3.295898199081421,-28.381345748901367
0.427490234375,-0.9569091796875,-0.1744384765625,7.080077648162842,-28.259275436401367,-36.31591796875
0.3897705078125,-0.9962158203125,-0.0369873046875,12.573241233825684,-62.072750091552734,-23.315427780151367
0.3695068359375,-0.9677734375,0.0654296875,21.972654342651367,-80.2001953125,-12.451170921325684
0.3955078125,-0.888916015625,0.0831298828125,23.803709030151367,-67.2607421875,-8.4228515625
0.4010009765625,-0.8304443359375,0.0684814453125,18.00537109375,-41.137691497802734,-5.126952648162842
0.3460693359375,-0.845947265625,0.065673828125,11.596678733825684,-22.155759811401367,-4.21142578125
0.2705078125,-0.901611328125,0.0816650390625,8.36181640625,-10.375975608825684,-4.638671875
0.251953125,-0.9410400390625,0.1075439453125,6.835937023162842,-1.2817381620407104,-2.13623046875
0.3115234375,-0.92724609375,0.109619140625,4.5166015625,9.70458984375,5.187987804412842
0.3160400390625,-0.907470703125,0.081787109375,1.15966796875,18.6767578125,16.78466796875
0.29833984375,-0.88916015625,0.032470703125,-2.01416015625,27.770994186401367,19.6533203125
0.3922119140625,-0.841796875,-0.0003662109375,-9.94873046875,49.438472747802734,11.718749046325684
0.403564453125,-0.7222900390625,-0.025390625,-32.53173828125,85.57128143310547,18.310546875
0.224853515625,-0.4371337890625,-0.0682373046875,-58.471675872802734,107.36083221435547,44.860836029052734
-0.0177001953125,-0.0479736328125,-0.0362548828125,-64.02587890625,83.86229705810547,71.6552734375
-0.228759765625,0.23388671875,0.0009765625,-53.344722747802734,55.969234466552734,99.18212127685547
-0.012939453125,-0.167724609375,0.0582275390625,-34.0576171875,49.987789154052734,94.66551971435547
0.3558349609375,-1.7340087890625,0.1414794921875,-28.686521530151367,41.748043060302734,63.476558685302734
0.33056640625,-3.056884765625,0.027587890625,-50.537105560302734,32.3486328125,78.4912109375
0.0009765625,-2.5673828125,-0.395263671875,-54.809566497802734,21.911619186401367,95.94725799560547
-0.290283203125,-1.29931640625,-0.6690673828125,-28.686521530151367,-15.136717796325684,57.556148529052734
-0.213623046875,-0.7861328125,-0.3125,-2.990722417831421,-79.28466796875,-1.0986328125
-0.015869140625,-0.841796875,0.2432861328125,5.310058116912842,-113.76952362060547,-20.446775436401367
0.0980224609375,-0.78515625,0.4561767578125,-2.685546636581421,-84.65575408935547,5.310058116912842
0.1837158203125,-0.5478515625,0.3748779296875,-9.70458984375,-33.3251953125,20.568845748901367
0.1854248046875,-0.2392578125,0.1925048828125,-3.479003667831421,10.070799827575684,16.9677734375
0.10693359375,0.0679931640625,-0.0137939453125,12.329100608825684,49.438472747802734,19.71435546875
0.1180419921875,0.22314453125,-0.1888427734375,29.174802780151367,66.2841796875,17.333984375
0.0726318359375,-0.3397216796875,-0.4530029296875,35.09521484375,43.395992279052734,-21.972654342651367
0.0479736328125,-2.067626953125,-0.44287109375,16.41845703125,-20.080564498901367,-101.07421112060547
0.409423828125,-3.4139404296875,-0.2030029296875,1.7700194120407104,-39.306640625,-159.0576171875
0.3773193359375,-2.73876953125,-0.1365966796875,17.578125,-28.991697311401367,-88.56200408935547
-0.1231689453125,-1.1578369140625,-0.03955078125,33.26416015625,-64.88037109375,57.861324310302734
-0.194091796875,-0.1148681640625,0.08642578125,30.456541061401367,-69.9462890625,117.67577362060547
-0.0032958984375,0.2899169921875,0.1204833984375,21.728513717651367,-21.118162155151367,76.72119140625
0.120361328125,0.3101806640625,0.0721435546875,12.207030296325684,21.728513717651367,6.225585460662842
0.208251953125,0.140625,-0.00341796875,4.57763671875,40.222164154052734,-54.016109466552734
0.280517578125,-0.1600341796875,-0.072021484375,-0.3662109076976776,67.68798828125,-90.63719940185547
0.050048828125,-1.1531982421875,-0.0113525390625,-27.099607467651367,109.43602752685547,-66.10107421875
-0.5106201171875,-2.435302734375,0.1572265625,-62.377925872802734,123.16893768310547,53.833003997802734
-0.3994140625,-2.78173828125,0.269775390625,-60.546871185302734,64.39208984375,127.50243377685547
0.210693359375,-2.098876953125,0.1290283203125,-28.381345748901367,-18.85986328125,59.936519622802734
0.1824951171875,-0.8248291015625,-0.1307373046875,8.48388671875,-60.852046966552734,28.625486373901367
-0.0687255859375,0.17529296875,-0.199462890625,22.033689498901367,-57.434078216552734,62.499996185302734
0.0750732421875,0.502685546875,-0.106201171875,12.390135765075684,-4.150390625,34.36279296875
0.322998046875,0.4180908203125,-0.0726318359375,7.934569835662842,83.92333221435547,-29.541013717651367
0.3214111328125,-0.1234130859375,-0.1292724609375,-6.591796398162842,147.8271484375,-51.391597747802734
0.31005859375,-1.5997314453125,-0.3319091796875,-68.66455078125,171.56980895996094,-40.0390625
0.6014404296875,-3.1856689453125,-0.4573974609375,-137.51220703125,242.12644958496094,-62.316890716552734
0.8782958984375,-2.95849609375,-0.3643798828125,-97.53417205810547,256.103515625,-52.001949310302734
0.442138671875,-1.361572265625,-0.485107421875,17.02880859375,108.15428924560547,69.76318359375
-0.267333984375,-0.2249755859375,-0.506591796875,73.3642578125,-52.368160247802734,181.09129333496094
-0.400146484375,-0.0267333984375,-0.2451171875,53.039546966552734,-74.64599609375,167.29734802246094
-0.1077880859375,-0.244140625,0.0074462890625,15.014647483825684,14.221190452575684,87.15819549560547
0.255126953125,-0.539306640625,0.1986083984375,4.638671875,72.93701171875,22.277830123901367
0.4840087890625,-1.0859375,0.36181640625,11.413573265075684,53.588863372802734,-48.156734466552734
0.34765625,-1.6275634765625,0.318115234375,8.72802734375,27.160642623901367,-110.10741424560547
0.0257568359375,-1.5198974609375,0.054931640625,6.835937023162842,30.639646530151367,-90.08788299560547
-0.007080078125,-0.9659423828125,-0.15771484375,18.85986328125,34.0576171875,-21.667478561401367
0.1263427734375,-0.6234130859375,-0.1578369140625,26.184080123901367,53.527828216552734,10.559081077575684
0.200439453125,-0.7003173828125,0.0506591796875,19.1650390625,88.56200408935547,-2.685546636581421
0.2315673828125,-0.9466552734375,0.202392578125,9.521484375,116.57714080810547,-30.029294967651367
0.2236328125,-1.1094970703125,0.23486328125,5.126952648162842,126.09862518310547,-41.870113372802734
0.1883544921875,-1.07373046875,0.1951904296875,2.3193359375,112.60985565185547,-14.953612327575684
0.192138671875,-1.0009765625,0.1328125,-0.7324218153953552,120.23925018310547,1.03759765625
0.16162109375,-0.9591064453125,0.065185546875,-6.164550304412842,126.15966033935547,14.038084983825684
0.1358642578125,-0.98193359375,0.0167236328125,-11.962889671325684,122.86376190185547,17.578125
0.1531982421875,-1.034912109375,-0.0108642578125,-14.404295921325684,112.73192596435547,12.207030296325684
0.16650390625,-1.0369873046875,-0.0367431640625,-13.305663108825684,95.82518768310547,6.774901866912842
0.1405029296875,-1.003173828125,-0.0347900390625,-11.779784202575684,74.70703125,5.554198741912842
0.1302490234375,-0.9921875,0.000732421875,-9.82666015625,60.180660247802734,3.417968511581421
0.14453125,-0.9793701171875,0.0072021484375,-7.995604991912842,60.546871185302734,-3.845214605331421
0.13623046875,-0.940185546875,-0.019775390625,-9.21630859375,66.40625,-8.23974609375
0.100830078125,-0.93310546875,-0.055908203125,-10.314940452575684,68.66455078125,-6.347655773162842
0.0782470703125,-0.989013671875,-0.08837890625,-6.408690929412842,71.96044921875,-8.11767578125
0.10498046875,-1.0625,-0.1177978515625,1.220703125,76.72119140625,-15.563963890075684
0.1217041015625,-1.0987548828125,-0.1630859375,6.408690929412842,71.22802734375,-16.05224609375
0.0513916015625,-1.0709228515625,-0.1859130859375,5.065917491912842,48.156734466552734,-0.2441406100988388
0.0003662109375,-1.0020751953125,-0.06787109375,7.263183116912842,-5.798339366912842,26.123044967651367
0.122314453125,-1.0230712890625,-0.01513671875,14.160155296325684,-9.09423828125,10.620116233825684
0.209716796875,-1.017333984375,0.0006103515625,17.02880859375,6.286620616912842,-6.225585460662842
0.1673583984375,-0.9908447265625,-0.0301513671875,10.681151390075684,32.28759765625,-8.11767578125
0.0966796875,-0.9512939453125,-0.0482177734375,-1.3427733182907104,49.682613372802734,0.7324218153953552
0.111572265625,-0.9185791015625,-0.0010986328125,-6.286620616912842,44.311519622802734,-1.0986328125
0.1497802734375,-0.9320068359375,0.060546875,1.220703125,26.611326217651367,-23.864744186401367
0.162109375,-0.9462890625,0.0716552734375,10.009765625,16.357421875,-49.682613372802734
0.212890625,-0.9224853515625,0.062744140625,6.530761241912842,18.12744140625,-55.480953216552734
0.3604736328125,-0.8765869140625,0.087646484375,-5.371093273162842,18.85986328125,-49.926753997802734
0.46533203125,-0.9219970703125,0.1424560546875,-13.549803733825684,9.70458984375,-69.64111328125
0.4271240234375,-1.0390625,0.14208984375,-19.95849609375,18.06640625,-93.07860565185547
0.3804931640625,-1.0633544921875,0.0914306640625,-27.160642623901367,44.982906341552734,-60.852046966552734
0.386474609375,-1.022216796875,0.0777587890625,-28.686521530151367,51.879878997802734,9.82666015625
0.2830810546875,-0.9755859375,0.1011962890625,-24.169919967651367,46.691890716552734,73.42529296875
0.0933837890625,-0.9580078125,0.0711669921875,-20.385740280151367,51.208492279052734,106.75048065185547
0.0567626953125,-0.9539794921875,0.059814453125,-20.874021530151367,45.288082122802734,101.44042205810547
0.0980224609375,-0.9654541015625,0.104736328125,-20.751951217651367,29.541013717651367,71.2890625
0.1109619140625,-0.9630126953125,0.071044921875,-15.014647483825684,31.738279342651367,39.0625
0.0972900390625,-0.933837890625,0.0235595703125,-5.920409679412842,40.527339935302734,18.12744140625
0.052734375,-0.931884765625,0.033447265625,0.2441406100988388,38.6962890625,4.150390625
0.0177001953125,-0.9512939453125,0.06298828125,0.9155272841453552,32.65380859375,-8.36181640625
0.0086669921875,-0.9853515625,0.0751953125,-2.13623046875,28.320310592651367,-21.240232467651367
0.0341796875,-1.00830078125,0.0704345703125,-6.225585460662842,22.888181686401367,-34.72900390625
0.08349609375,-1.0023193359375,0.0665283203125,-8.6669921875,13.671874046325684,-45.837398529052734
0.1375732421875,-0.9833984375,0.077880859375,-9.70458984375,5.126952648162842,-51.269527435302734
0.1688232421875,-0.97265625,0.0919189453125,-12.084959983825684,4.94384765625,-46.508785247802734
0.1624755859375,-0.9581298828125,0.0728759765625,-17.27294921875,12.451170921325684,-30.761716842651367
0.138427734375,-0.97802734375,0.0374755859375,-23.620603561401367,16.41845703125,-17.2119140625
0.1199951171875,-1.0447998046875,0.0235595703125,-26.367185592651367,9.21630859375,-14.831542015075684
0.11181640625,-1.102783203125,0.03662109375,-23.315427780151367,-3.784179449081421,-12.512206077575684
0.198486328125,-1.1038818359375,0.0736083984375,-15.869139671325684,-18.24951171875,-3.295898199081421
0.4571533203125,-0.9693603515625,0.082275390625,-6.713866710662842,-28.869626998901367,12.451170921325684
0.411865234375,-0.7392578125,-0.0830078125,-3.234863042831421,-10.375975608825684,26.306150436401367
0.163330078125,-0.734130859375,-0.3427734375,-12.084959983825684,24.658201217651367,10.498045921325684
0.2647705078125,-1.1986083984375,-0.3262939453125,-22.949216842651367,24.902341842651367,-25.878904342651367
0.3216552734375,-1.7447509765625,-0.2005615234375,-28.808591842651367,29.541013717651367,-29.174802780151367
0.239501953125,-2.2410888671875,-0.1912841796875,-37.7197265625,66.0400390625,4.57763671875
0.342041015625,-2.55615234375,-0.1571044921875,-47.973628997802734,82.76366424560547,52.246089935302734
0.3123779296875,-1.83837890625,-0.20703125,-36.2548828125,84.71678924560547,83.00780487060547
-0.22998046875,0.2939453125,-0.2066650390625,44.921871185302734,41.259761810302734,-3.112792730331421
-0.184326171875,0.434814453125,-0.013671875,70.86181640625,-13.977049827575684,-8.7890625
0.1337890625,0.1849365234375,0.052490234375,78.91845703125,-36.2548828125,2.50244140625
0.48095703125,-0.198974609375,0.0010986328125,65.24658203125,-30.944822311401367,0.3662109076976776
0.5606689453125,-0.8990478515625,-0.09423828125,34.1796875,-5.493163585662842,-13.732909202575684
0.4053955078125,-1.7093505859375,-0.1357421875,-0.7934569716453552,1.7700194120407104,-22.766111373901367
0.2659912109375,-2.31591796875,-0.177734375,-27.954099655151367,-21.240232467651367,-29.541013717651367
0.3533935546875,-2.607666015625,-0.1376953125,-46.081539154052734,-37.41455078125,-30.151365280151367
0.4384765625,-2.191162109375,0.010498046875,-44.433589935302734,-31.555173873901367,-4.7607421875
0.337158203125,-1.3096923828125,0.0723876953125,-26.184080123901367,-6.103515148162842,9.82666015625
0.1866455078125,-0.422119140625,-0.038330078125,-6.591796398162842,29.296873092651367,-1.15966796875
0.0648193359375,0.340576171875,-0.154541015625,14.648436546325684,36.07177734375,-3.601073980331421
-0.0755615234375,0.5948486328125,-0.204345703125,27.770994186401367,5.676269054412842,0.1831054538488388
0.1104736328125,0.2025146484375,-0.115478515625,23.498533248901367,-41.992183685302734,1.0986328125
0.5526123046875,-0.548583984375,-0.030517578125,4.0283203125,-65.91796875,22.766111373901367
0.602294921875,-1.5093994140625,-0.367431640625,-34.97314453125,-5.737304210662842,39.85595703125
0.3858642578125,-2.3525390625,-0.7523193359375,-71.2890625,59.997554779052734,12.634276390075684
0.3428955078125,-2.6387939453125,-0.4886474609375,-62.805171966552734,2.3193359375,3.540038824081421
0.2259521484375,-2.2567138671875,0.0233154296875,-7.263183116912842,-83.49608612060547,16.66259765625
-0.067626953125,-1.1888427734375,0.1038818359375,57.434078216552734,-72.509765625,-10.925292015075684
-0.0977783203125,0.029296875,-0.0882568359375,91.55272674560547,-36.56005859375,-28.442380905151367
0.115234375,0.6004638671875,-0.099365234375,81.84813690185547,-48.645015716552734,2.990722417831421
0.1661376953125,0.422119140625,0.015625,54.626461029052734,-48.461910247802734,25.634763717651367
0.2220458984375,-0.0137939453125,0.02880859375,36.1328125,1.3427733182907104,11.718749046325684
0.5037841796875,-0.355712890625,-0.03076171875,27.038572311401367,44.677730560302734,-7.324218273162842
0.60107421875,-1.1309814453125,-0.173583984375,5.065917491912842,76.47705078125,-25.207517623901367
0.4415283203125,-2.18408203125,-0.2974853515625,-23.620603561401367,67.19970703125,-59.265132904052734
0.414794921875,-2.776611328125,-0.1534423828125,-34.0576171875,-8.30078125,-90.94237518310547
0.575927734375,-2.7596435546875,0.2569580078125,-36.68212890625,-66.95556640625,-80.68846893310547
0.7127685546875,-1.9820556640625,0.5068359375,-27.648923873901367,-49.682613372802734,-21.728513717651367
0.53759765625,-0.497802734375,0.176025390625,13.366698265075684,31.982419967651367,26.062009811401367
0.1158447265625,0.6756591796875,-0.3668212890625,54.809566497802734,112.54882049560547,16.41845703125
-0.1448974609375,0.7081298828125,-0.470458984375,50.903316497802734,100.40282440185547,10.986327171325684
-0.173828125,0.0411376953125,-0.253173828125,20.202634811401367,5.615233898162842,42.175289154052734
0.0330810546875,-0.51953125,-0.1959228515625,4.94384765625,-75.13427734375,67.68798828125
0.4840087890625,-0.784912109375,-0.2176513671875,6.469726085662842,-140.7470703125,72.57080078125
0.7906494140625,-1.60595703125,-0.1390380859375,-33.14208984375,-129.150390625,-13.854979515075684
0.41650390625,-1.6600341796875,-0.37548828125,-36.56005859375,-4.39453125,-66.2841796875
0.203369140625,-1.117919921875,-0.5357666015625,-9.8876953125,37.841796875,-43.884273529052734
0.185302734375,-0.60302734375,-0.390380859375,14.709471702575684,-58.776851654052734,15.869139671325684
0.1824951171875,-0.7608642578125,0.0364990234375,15.869139671325684,-238.58641052246094,29.541013717651367
0.145263671875,-0.9154052734375,0.0372314453125,12.756346702575684,-200.01219177246094,24.169919967651367
0.1844482421875,-0.9705810546875,-0.0809326171875,10.803221702575684,-116.08885955810547,20.080564498901367
0.2763671875,-0.9864501953125,-0.224853515625,11.657713890075684,-38.2080078125,-5.0048828125
0.31201171875,-1.0257568359375,-0.3057861328125,17.08984375,6.347655773162842,-53.894039154052734
0.2884521484375,-0.8507080078125,-0.3194580078125,31.799314498901367,-19.95849609375,-47.912593841552734
0.393798828125,-0.7174072265625,-0.1064453125,31.433103561401367,-128.35693359375,16.05224609375
0.4945068359375,-0.7613525390625,0.1220703125,27.893064498901367,-210.57127380371094,48.889156341552734
0.4859619140625,-0.9232177734375,0.16357421875,21.850584030151367,-170.04393005371094,22.094724655151367
0.3460693359375,-1.0584716796875,0.025146484375,12.939452171325684,-65.5517578125,-20.385740280151367
0.1617431640625,-1.1220703125,-0.128173828125,10.498045921325684,-28.076169967651367,-25.573728561401367
0.1593017578125,-1.162841796875,-0.0987548828125,25.756834030151367,-82.88573455810547,-19.8974609375
0.34326171875,-1.11279296875,0.0601806640625,44.311519622802734,-153.74755859375,-19.287109375
0.3927001953125,-0.9395751953125,0.0775146484375,41.503902435302734,-171.32566833496094,3.845214605331421
0.2249755859375,-0.7906494140625,-0.06298828125,23.376462936401367,-145.93505859375,38.26904296875
0.08544921875,-0.806396484375,-0.17822265625,10.070799827575684,-129.150390625,46.752925872802734
0.165283203125,-0.98486328125,-0.126953125,7.995604991912842,-135.3759765625,18.798828125
0.310546875,-1.1492919921875,-0.0362548828125,16.845703125,-136.474609375,-32.5927734375
0.3475341796875,-1.0341796875,-0.0596923828125,25.207517623901367,-121.70409393310547,-59.204097747802734
0.33544921875,-0.8194580078125,-0.07421875,14.160155296325684,-113.95262908935547,-36.92626953125
0.3079833984375,-0.8162841796875,-0.0516357421875,-10.070799827575684,-100.03661346435547,-13.366698265075684
0.2340087890625,-0.9517822265625,-0.1282958984375,-25.451658248901367,-56.213375091552734,-13.061522483825684
0.1571044921875,-1.052978515625,-0.2689208984375,-26.611326217651367,-15.380858421325684,-16.78466796875
0.1636962890625,-1.044189453125,-0.322509765625,-18.37158203125,-21.606443405151367,-13.793944358825684
0.232666015625,-0.9525146484375,-0.2547607421875,-4.33349609375,-68.603515625,-7.507323741912842
0.267333984375,-0.876953125,-0.1474609375,9.94873046875,-110.90087127685547,-3.417968511581421
0.241943359375,-0.930908203125,-0.10595703125,17.63916015625,-114.62401580810547,-5.981444835662842
0.20703125,-1.04345703125,-0.1741943359375,14.526366233825684,-92.59032440185547,-1.15966796875
0.1090087890625,-1.0257568359375,-0.26708984375,6.469726085662842,-89.23339080810547,29.785154342651367
-0.0198974609375,-0.94970703125,-0.2769775390625,7.263183116912842,-103.45458221435547,55.541988372802734
-0.0767822265625,-0.9632568359375,-0.208740234375,16.78466796875,-97.22899627685547,47.302242279052734
-0.087890625,-0.98095703125,-0.1566162109375,24.780271530151367,-69.7021484375,30.456541061401367
-0.06982421875,-0.97314453125,-0.1668701171875,28.259275436401367,-41.687007904052734,20.629880905151367
-0.0067138671875,-1.0130615234375,-0.1861572265625,30.334470748901367,-24.841306686401367,10.131834983825684
0.0572509765625,-1.060546875,-0.16796875,31.799314498901367,-22.277830123901367,-0.9155272841453552
0.032470703125,-0.993896484375,-0.1517333984375,28.076169967651367,-25.756834030151367,-2.807616949081421
-0.0491943359375,-0.8736572265625,-0.15478515625,18.61572265625,-29.541013717651367,2.624511480331421
-0.0914306640625,-0.8653564453125,-0.146240234375,12.268065452575684,-32.5927734375,1.03759765625
-0.0611572265625,-0.9703369140625,-0.1165771484375,14.892577171325684,-32.3486328125,-8.4228515625
-0.0096435546875,-1.066650390625,-0.07177734375,21.057126998901367,-30.151365280151367,-13.671874046325684
0.013427734375,-1.0704345703125,-0.032958984375,23.254392623901367,-27.893064498901367,-8.60595703125
0.030029296875,-1.013916015625,-0.014892578125,21.118162155151367,-26.245115280151367,-0.30517578125
0.0511474609375,-0.9554443359375,-0.0006103515625,18.37158203125,-24.597166061401367,2.807616949081421
0.0711669921875,-0.928466796875,0.029052734375,14.404295921325684,-19.34814453125,3.417968511581421
0.08447265625,-0.9580078125,0.08203125,9.033203125,-11.962889671325684,1.8310545682907104
0.051025390625,-1.0311279296875,0.136962890625,6.042479991912842,-4.2724609375,-5.920409679412842
-0.0040283203125,-1.0887451171875,0.1591796875,7.141112804412842,2.197265625,-13.488768577575684
-0.010498046875,-1.0634765625,0.1439208984375,12.390135765075684,1.5869139432907104,-13.854979515075684
0.021484375,-0.9932861328125,0.1143798828125,16.845703125,-3.967284917831421,-9.70458984375
0.0316162109375,-0.95703125,0.0814208984375,14.526366233825684,-10.559081077575684,-3.967284917831421
-0.0086669921875,-0.964111328125,0.061767578125,7.507323741912842,-23.437498092651367,2.38037109375
-0.0423583984375,-1.0208740234375,0.11083984375,-2.868652105331421,-40.222164154052734,-1.4648436307907104
-0.0201416015625,-1.0194091796875,0.133544921875,-2.0751953125,-28.076169967651367,-2.13623046875
-0.0030517578125,-0.9930419921875,0.1268310546875,0.6103515625,-12.084959983825684,1.7089842557907104
-0.0184326171875,-0.963623046875,0.1016845703125,1.7700194120407104,-1.2817381620407104,6.469726085662842
-0.0806884765625,-0.8970947265625,0.082763671875,-1.7700194120407104,1.4038084745407104,9.1552734375
-0.094970703125,-0.9117431640625,0.0810546875,-6.530761241912842,9.33837890625,6.042479991912842
-0.0694580078125,-0.93408203125,0.06884765625,-10.131834983825684,21.362302780151367,5.0048828125
-0.07666015625,-0.9720458984375,0.0338134765625,-12.023924827575684,26.733396530151367,6.896972179412842
-0.1158447265625,-1.0174560546875,0.0068359375,-14.465331077575684,23.925779342651367,11.962889671325684
-0.08544921875,-0.9468994140625,0.0416259765625,-15.319823265075684,6.713866710662842,21.789548873901367
-0.1014404296875,-0.7701416015625,0.088134765625,-13.854979515075684,-17.9443359375,32.470703125
-0.0975341796875,-0.631591796875,0.140380859375,-9.8876953125,-35.21728515625,35.7666015625
0.0843505859375,-0.5665283203125,0.1856689453125,-2.44140625,-39.12353515625,35.0341796875
0.2786865234375,-0.414794921875,0.1556396484375,3.906249761581421,-23.071287155151367,41.320796966552734
0.18212890625,-0.1812744140625,-0.0831298828125,1.0986328125,21.484373092651367,41.748043060302734
-0.0579833984375,-0.39453125,-0.3409423828125,-16.9677734375,70.00732421875,-4.0283203125
-0.184814453125,-1.4725341796875,-0.2991943359375,-33.26416015625,61.706539154052734,-81.66503143310547
-0.135009765625,-2.6151123046875,-0.2340087890625,-37.4755859375,24.658201217651367,-125.97655487060547
-0.068603515625,-2.5291748046875,-0.331298828125,-28.076169967651367,15.136717796325684,-95.94725799560547
-0.1329345703125,-1.4644775390625,-0.2916259765625,6.408690929412842,-4.0283203125,-16.41845703125
-0.2181396484375,-0.8297119140625,0.0203857421875,33.8134765625,-28.564451217651367,38.02490234375
-0.2435302734375,-0.9263916015625,0.3411865234375,26.977537155151367,-18.1884765625,48.889156341552734
-0.15869140625,-0.833740234375,0.29736328125,17.63916015625,21.545408248901367,59.082027435302734
0.009033203125,-0.3468017578125,0.0159912109375,26.794431686401367,61.462398529052734,72.998046875
0.2540283203125,0.067626953125,-0.14111328125,43.823238372802734,72.509765625,68.42041015625
0.447509765625,-0.2193603515625,-0.009033203125,33.63037109375,72.81494140625,16.9677734375
-0.0504150390625,-1.438720703125,0.1014404296875,-2.3193359375,96.06932830810547,-58.044429779052734
-0.6043701171875,-2.61181640625,0.114501953125,-30.761716842651367,101.25731658935547,-80.13916015625
-0.67626953125,-2.4141845703125,-0.1138916015625,-30.578611373901367,76.66015625,-18.49365234375
-0.4244384765625,-1.4345703125,-0.38818359375,-13.000487327575684,29.418943405151367,16.29638671875
-0.224609375,-0.7540283203125,-0.3106689453125,-1.4648436307907104,-35.64453125,10.070799827575684
-0.1048583984375,-0.5860595703125,0.076171875,-0.9765624403953552,-104.98046112060547,-5.249022960662842
0.0401611328125,-0.5745849609375,0.393798828125,-3.906249761581421,-112.30467987060547,-1.9531248807907104
0.194580078125,-0.49951171875,0.422607421875,4.39453125,-42.114253997802734,11.169432640075684
0.2677001953125,-0.3282470703125,0.2603759765625,21.545408248901367,30.090330123901367,3.295898199081421
0.169677734375,-0.0721435546875,0.02880859375,26.367185592651367,71.71630859375,-4.21142578125
0.0927734375,0.060791015625,-0.2384033203125,12.756346702575684,88.98925018310547,-3.723144292831421
-0.00830078125,-0.52978515625,-0.399658203125,-6.835937023162842,74.15771484375,-25.329587936401367
-0.2415771484375,-1.709228515625,-0.25244140625,-16.357421875,17.15087890625,-41.992183685302734
-0.291748046875,-2.8135986328125,0.0223388671875,-15.441893577575684,-49.865718841552734,-35.70556640625
-0.1865234375,-2.840576171875,-0.008056640625,-0.7324218153953552,-53.894039154052734,-47.363277435302734
-0.138916015625,-1.5587158203125,-0.174560546875,29.663084030151367,6.958007335662842,-41.931148529052734
-0.06201171875,-0.108642578125,-0.22998046875,54.382320404052734,83.31298065185547,23.315427780151367
0.1329345703125,0.681396484375,-0.1634521484375,57.373043060302734,97.41210174560547,90.14891815185547
0.3973388671875,0.55224609375,0.076416015625,35.400390625,29.724119186401367,99.67040252685547
0.442626953125,-0.26953125,0.289306640625,-0.9765624403953552,8.48388671875,56.030269622802734
-0.2479248046875,-1.5430908203125,0.4276123046875,-34.0576171875,99.24315643310547,16.29638671875
-1.251953125,-2.385986328125,0.4698486328125,-40.0390625,188.41551208496094,55.480953216552734
-1.2987060546875,-2.3734130859375,0.323486328125,-12.939452171325684,159.60693359375,73.05908203125
-0.3621826171875,-2.009033203125,0.1683349609375,3.662109136581421,33.26416015625,-17.2119140625
0.39013671875,-1.3194580078125,0.116455078125,1.5869139432907104,-77.57568359375,-55.847164154052734
0.379150390625,-0.759033203125,-0.032470703125,0.30517578125,-63.415523529052734,-33.63037109375
0.2982177734375,-0.8162841796875,-0.192138671875,-12.817381858825684,33.5693359375,-42.053218841552734
0.19970703125,-0.9425048828125,-0.2537841796875,-17.39501953125,90.20995330810547,-40.527339935302734
-0.0096435546875,-0.8824462890625,-0.2078857421875,-0.1831054538488388,93.81102752685547,-16.4794921875
0.01025390625,-0.9534912109375,-0.0626220703125,9.58251953125,86.54784393310547,-1.5869139432907104
0.0306396484375,-1.0479736328125,0.021240234375,7.324218273162842,84.65575408935547,8.1787109375
-0.0242919921875,-0.9779052734375,0.06201171875,8.36181640625,79.345703125,21.484373092651367
-0.052001953125,-0.8568115234375,0.0662841796875,13.183592796325684,78.61328125,22.521970748901367
0.010986328125,-0.8687744140625,-0.1112060546875,12.756346702575684,117.18749237060547,-14.831542015075684
0.051513671875,-0.9161376953125,-0.212158203125,12.390135765075684,127.68553924560547,-20.01953125
0.059814453125,-0.9827880859375,-0.2398681640625,15.075682640075684,131.4697265625,-17.9443359375
0.0125732421875,-1.1170654296875,-0.1878662109375,12.084959983825684,129.82177734375,-26.733396530151367
0.0634765625,-1.2828369140625,-0.0662841796875,-1.15966796875,114.25780487060547,-49.499507904052734
0.2054443359375,-1.236572265625,0.021484375,-11.230467796325684,90.94237518310547,-59.936519622802734
0.2078857421875,-0.9158935546875,0.0196533203125,-9.46044921875,82.03124237060547,-30.517576217651367
0.0931396484375,-0.73583984375,0.0330810546875,-5.371093273162842,83.19091033935547,4.57763671875
0.0426025390625,-0.9290771484375,0.1009521484375,-6.774901866912842,77.57568359375,0.8544921278953552
0.0926513671875,-1.1422119140625,0.1988525390625,-8.1787109375,69.64111328125,-1.2817381620407104
0.1754150390625,-1.1298828125,0.2567138671875,-4.39453125,67.32177734375,17.88330078125
0.1802978515625,-1.034912109375,0.17431640625,2.624511480331421,79.4677734375,16.54052734375
0.12548828125,-0.960693359375,0.0208740234375,7.934569835662842,101.37938690185547,1.2817381620407104
0.1175537109375,-0.93701171875,-0.045654296875,8.1787109375,111.32811737060547,-0.8544921278953552
0.12939453125,-0.9727783203125,-0.0125732421875,5.981444835662842,104.30907440185547,0.7934569716453552
0.117431640625,-1.012451171875,0.05078125,3.906249761581421,93.50585174560547,-4.0283203125
0.0916748046875,-1.021728515625,0.0985107421875,1.15966796875,85.20507049560547,-9.46044921875
0.0977783203125,-1.024169921875,0.1192626953125,-1.7089842557907104,78.18603515625,-9.58251953125
0.1185302734375,-1.01025390625,0.1087646484375,-3.784179449081421,71.47216796875,-0.7934569716453552
0.0999755859375,-0.9842529296875,0.06689453125,-4.82177734375,65.3076171875,15.747069358825684
0.0562744140625,-0.99462890625,-0.01220703125,-4.69970703125,60.668941497802734,33.26416015625
0.00830078125,-1.0128173828125,-0.05859375,-6.408690929412842,54.992671966552734,47.119136810302734
-0.03076171875,-1.0113525390625,-0.0615234375,-7.629394054412842,48.095699310302734,55.603023529052734
-0.052734375,-1.0264892578125,-0.093505859375,-3.906249761581421,46.752925872802734,57.189937591552734
-0.0894775390625,-1.0418701171875,-0.1246337890625,-0.0610351525247097,41.809078216552734,58.166500091552734
-0.1531982421875,-1.017333984375,-0.1392822265625,0.2441406100988388,27.770994186401367,58.044429779052734
-0.2047119140625,-0.958251953125,-0.1654052734375,-1.5258787870407104,15.991209983825684,49.072261810302734
-0.1898193359375,-0.878173828125,-0.203125,-3.723144292831421,8.7890625,34.423828125
-0.149169921875,-0.8753662109375,-0.2353515625,-5.798339366912842,5.859374523162842,4.150390625
-0.113037109375,-0.9971923828125,-0.2374267578125,-7.934569835662842,13.549803733825684,-42.053218841552734
-0.0989990234375,-1.0869140625,-0.20654296875,-7.995604991912842,31.738279342651367,-72.1435546875
-0.1527099609375,-1.0594482421875,-0.154052734375,-3.723144292831421,46.874996185302734,-80.32225799560547
-0.1641845703125,-0.9945068359375,-0.0738525390625,0.7934569716453552,39.73388671875,-60.974117279052734
-0.1126708984375,-0.961181640625,-0.0345458984375,-0.0,19.95849609375,-22.705076217651367
-0.0791015625,-0.9456787109375,-0.0654296875,-3.845214605331421,11.596678733825684,0.1831054538488388
-0.0728759765625,-0.933837890625,-0.09814453125,-6.469726085662842,11.352538108825684,4.57763671875
-0.0968017578125,-0.9627685546875,-0.1129150390625,-8.36181640625,10.498045921325684,0.9765624403953552
-0.1334228515625,-1.048095703125,-0.1038818359375,-9.1552734375,7.446288585662842,-1.8920897245407104
-0.129638671875,-1.084716796875,-0.0728759765625,-3.906249761581421,2.929687261581421,0.0
-0.06884765625,-1.044921875,-0.0733642578125,5.981444835662842,-0.6713866591453552,2.38037109375
-0.0257568359375,-1.008544921875,-0.1280517578125,11.169432640075684,-0.8544921278953552,-1.03759765625
-0.0390625,-0.9384765625,-0.162109375,8.11767578125,-2.38037109375,-11.474608421325684
-0.021484375,-0.8499755859375,-0.1246337890625,7.202147960662842,-6.652831554412842,-37.78076171875
0.0882568359375,-0.82421875,-0.0592041015625,18.12744140625,-0.0,-88.74510955810547
0.2198486328125,-0.793701171875,0.0169677734375,29.296873092651367,21.179197311401367,-157.5927734375
0.4664306640625,-0.8096923828125,0.0426025390625,28.137205123901367,52.062984466552734,-222.41209411621094
0.7083740234375,-0.8367919921875,0.018310546875,18.9208984375,76.72119140625,-210.32713317871094
0.7620849609375,-0.83251953125,0.0692138671875,8.6669921875,72.93701171875,-124.14550018310547
0.706298828125,-0.9083251953125,0.1881103515625,2.0751953125,44.311519622802734,-60.180660247802734
0.5865478515625,-0.8931884765625,0.234130859375,-2.38037109375,18.12744140625,-30.578611373901367
0.544921875,-0.7813720703125,0.1536865234375,-13.122557640075684,18.310546875,-16.17431640625
0.5953369140625,-0.779541015625,0.06884765625,-26.672361373901367,28.747556686401367,-22.399900436401367
0.6865234375,-0.864990234375,0.1107177734375,-18.85986328125,7.873534679412842,-39.85595703125
0.713134765625,-0.810546875,0.1185302734375,-12.512206077575684,6.530761241912842,-33.87451171875
0.6868896484375,-0.7130126953125,0.1070556640625,-16.54052734375,13.488768577575684,-26.184080123901367
0.614990234375,-0.6300048828125,0.05517578125,-27.954099655151367,29.052732467651367,-27.954099655151367
0.527099609375,-0.56640625,-0.0032958984375,-37.41455078125,41.015621185302734,-36.56005859375
0.4541015625,-0.503173828125,0.0006103515625,-36.7431640625,26.489255905151367,-35.0341796875
0.4876708984375,-0.520263671875,0.0792236328125,-27.893064498901367,-8.1787109375,-25.268552780151367
0.717529296875,-0.7674560546875,0.1468505859375,-19.22607421875,-30.090330123901367,-24.902341842651367
1.3570556640625,-1.7266845703125,-0.0618896484375,-35.0341796875,12.939452171325684,-53.527828216552734
1.225830078125,-1.674560546875,-0.09033203125,-53.344722747802734,-10.314940452575684,-49.865718841552734
0.8482666015625,-1.219970703125,0.0001220703125,-55.603023529052734,-54.809566497802734,-24.047849655151367
0.5718994140625,-0.7305908203125,0.1378173828125,-44.921871185302734,-66.5283203125,40.771480560302734
0.5601806640625,-0.4912109375,0.1768798828125,-37.841796875,-18.85986328125,126.09862518310547
0.7562255859375,-0.5029296875,0.021484375,-40.527339935302734,54.016109466552734,170.95945739746094
1.0499267578125,-0.61962890625,-0.2603759765625,-21.179197311401367,51.696773529052734,158.203125
1.1971435546875,-0.634033203125,-0.530517578125,38.57421875,-69.64111328125,137.39013671875
1.0657958984375,-0.5811767578125,-0.637939453125,98.57176971435547,-205.81053161621094,107.05565643310547
1.044677734375,-0.8607177734375,-0.4583740234375,117.73680877685547,-218.13963317871094,14.526366233825684
1.1231689453125,-1.346435546875,-0.08154296875,92.83446502685547,-120.78856658935547,-120.30028533935547
0.7442626953125,-1.6080322265625,0.2403564453125,48.645015716552734,-22.399900436401367,-228.69871520996094
0.0625,-1.2618408203125,0.2889404296875,-0.9765624403953552,48.583980560302734,-204.95603942871094
-0.2991943359375,-0.398681640625,0.0791015625,-39.306640625,95.39794158935547,-35.58349609375
-0.214599609375,0.2589111328125,-0.1512451171875,-62.988277435302734,138.36669921875,149.10888671875
0.1256103515625,0.45361328125,-0.142333984375,-83.55712127685547,167.35838317871094,241.76023864746094
0.41162109375,0.02783203125,-0.0504150390625,-76.2939453125,133.9111328125,191.22312927246094
0.5478515625,-0.955322265625,-0.095703125,-55.969234466552734,81.60399627685547,38.6962890625
0.84716796875,-1.8240966796875,-0.1563720703125,-36.68212890625,47.119136810302734,-79.77294921875
1.17041015625,-2.2215576171875,-0.112548828125,-2.197265625,5.432128429412842,-91.12548065185547
1.1710205078125,-2.2696533203125,0.0504150390625,22.521970748901367,-37.41455078125,-45.349117279052734
0.830810546875,-1.733154296875,0.109375,17.76123046875,-46.691890716552734,15.014647483825684
0.39501953125,-0.671630859375,0.0433349609375,-6.103515148162842,-8.30078125,76.904296875
0.07861328125,0.2230224609375,-0.0338134765625,-20.690916061401367,31.127927780151367,112.48778533935547
-0.099853515625,0.4376220703125,-0.1280517578125,-18.06640625,19.1650390625,96.13036346435547
-0.05908203125,0.06982421875,-0.12939453125,-29.418943405151367,-45.959468841552734,69.3359375
0.268310546875,-0.535400390625,-0.1533203125,-36.19384765625,-104.37010955810547,65.7958984375
0.644775390625,-1.3021240234375,-0.3922119140625,-20.568845748901367,-80.74950408935547,41.931148529052734
0.684814453125,-2.002685546875,-0.6251220703125,-14.648436546325684,0.4882812201976776,18.61572265625
0.380615234375,-2.421630859375,-0.563232421875,-12.145995140075684,44.799800872802734,38.9404296875
0.05615234375,-2.2362060546875,-0.27783203125,9.58251953125,15.319823265075684,51.879878997802734
-0.220458984375,-1.2152099609375,-0.1746826171875,40.222164154052734,-38.330078125,17.578125
-0.298583984375,-0.0322265625,-0.2332763671875,52.001949310302734,-104.79735565185547,-17.63916015625
-0.1693115234375,0.4647216796875,-0.1405029296875,47.058101654052734,-174.98777770996094,-2.0751953125
-0.028076171875,0.2623291015625,-0.029052734375,47.058101654052734,-200.25633239746094,44.616695404052734
0.2745361328125,-0.1063232421875,-0.0322265625,52.307125091552734,-188.17137145996094,52.429195404052734
0.509521484375,-0.539794921875,-0.058837890625,44.982906341552734,-125.48827362060547,4.8828125
0.4508056640625,-1.216796875,-0.169677734375,11.718749046325684,4.45556640625,-43.823238372802734
0.3115234375,-1.667724609375,-0.3231201171875,-12.084959983825684,82.70262908935547,-59.692378997802734
0.2279052734375,-1.5380859375,-0.376220703125,-1.2817381620407104,23.803709030151367,-42.724605560302734
0.237060546875,-1.197021484375,-0.3232421875,14.465331077575684,-84.53368377685547,-19.4091796875
0.2799072265625,-0.948974609375,-0.197509765625,18.1884765625,-148.8037109375,-17.578125
0.2821044921875,-0.7701416015625,-0.0711669921875,18.6767578125,-162.71971130371094,-30.578611373901367
0.2724609375,-0.6729736328125,0.0098876953125,24.414060592651367,-152.89306640625,-47.973628997802734
0.291259765625,-0.68017578125,0.025146484375,32.65380859375,-136.16943359375,-62.133785247802734
0.357177734375,-0.71826171875,0.0146484375,34.5458984375,-129.8828125,-55.969234466552734
0.412353515625,-0.805908203125,0.004638671875,26.367185592651367,-136.29150390625,-35.58349609375
0.4537353515625,-0.94873046875,-0.003173828125,10.742186546325684,-133.48388671875,-22.216794967651367
0.47119140625,-1.0933837890625,-0.0106201171875,0.7934569716453552,-110.41259002685547,-32.2265625
0.459228515625,-1.1151123046875,-0.047119140625,11.474608421325684,-86.91405487060547,-66.0400390625
0.5257568359375,-0.917236328125,-0.0687255859375,39.4287109375,-98.38866424560547,-83.12987518310547
0.6356201171875,-0.69287109375,-0.0369873046875,59.814449310302734,-130.55419921875,-59.753414154052734
0.49169921875,-0.744384765625,-0.0943603515625,51.574703216552734,-112.48778533935547,-19.04296875
0.1798095703125,-0.9713134765625,-0.276611328125,30.212400436401367,-58.837886810302734,22.888181686401367
0.1236572265625,-1.0921630859375,-0.3310546875,25.634763717651367,-56.152339935302734,47.363277435302734
0.433837890625,-0.9066162109375,-0.0521240234375,48.400875091552734,-145.3857421875,33.38623046875
0.3756103515625,-0.792236328125,0.01025390625,51.818843841552734,-150.146484375,32.470703125
0.2535400390625,-0.813232421875,-0.013427734375,52.795406341552734,-135.986328125,19.775390625
0.273681640625,-0.8863525390625,-0.06103515625,53.771968841552734,-115.78368377685547,-2.807616949081421
0.3780517578125,-0.9449462890625,-0.0584716796875,51.086421966552734,-93.38378143310547,-8.11767578125
0.43994140625,-1.01953125,-0.0465087890625,51.025386810302734,-93.74999237060547,3.479003667831421
0.362060546875,-1.052978515625,-0.01708984375,58.349605560302734,-133.23974609375,21.423337936401367
0.147705078125,-0.968017578125,0.0906982421875,57.678218841552734,-184.57029724121094,51.574703216552734
0.0140380859375,-0.8968505859375,0.17333984375,40.161128997802734,-194.94627380371094,67.32177734375
0.07666015625,-0.92333984375,0.1824951171875,18.798828125,-144.775390625,38.51318359375
0.18408203125,-0.9810791015625,0.1795654296875,5.493163585662842,-69.7021484375,-1.3427733182907104
0.1866455078125,-1.022705078125,0.133056640625,-1.0986328125,-17.27294921875,-12.817381858825684
0.1263427734375,-1.0281982421875,0.0401611328125,-4.33349609375,-3.479003667831421,1.4648436307907104
0.0833740234375,-0.9976806640625,-0.0106201171875,-4.08935546875,-15.808104515075684,25.146482467651367
0.048828125,-0.966796875,0.0029296875,-3.906249761581421,-30.700681686401367,39.9169921875
0.0203857421875,-0.951904296875,0.0245361328125,-4.94384765625,-31.311033248901367,34.3017578125
0.0091552734375,-0.9393310546875,0.0306396484375,-4.5166015625,-21.850584030151367,14.160155296325684
0.0101318359375,-0.949951171875,0.0279541015625,-0.7934569716453552,-13.183592796325684,-15.319823265075684
0.0294189453125,-0.98291015625,0.002685546875,5.432128429412842,-3.417968511581421,-47.180171966552734
0.088623046875,-1.002197265625,-0.0245361328125,10.009765625,6.225585460662842,-66.10107421875
0.205810546875,-0.9970703125,-0.029052734375,8.60595703125,4.82177734375,-58.288570404052734
0.316162109375,-0.9813232421875,-0.010986328125,4.5166015625,-12.084959983825684,-27.404783248901367
0.3160400390625,-0.9688720703125,0.0196533203125,0.1831054538488388,-29.418943405151367,6.591796398162842
0.21044921875,-0.9749755859375,0.043701171875,-6.591796398162842,-32.470703125,26.794431686401367
0.101806640625,-0.9776611328125,0.0458984375,-13.427733421325684,-29.296873092651367,26.733396530151367
-0.0069580078125,-0.884765625,0.049072265625,-24.353025436401367,-31.005857467651367,10.986327171325684
0.04150390625,-0.7171630859375,0.1026611328125,-15.747069358825684,-47.424312591552734,11.718749046325684
0.0496826171875,-0.51611328125,0.1248779296875,0.9155272841453552,-59.631343841552734,25.939939498901367
0.0592041015625,-0.3643798828125,0.091064453125,6.530761241912842,-62.194820404052734,63.293453216552734
0.1566162109375,-0.327880859375,-0.009033203125,-3.906249761581421,-51.574703216552734,111.14501190185547
0.1734619140625,-0.398681640625,-0.1539306640625,-14.038084983825684,-20.324705123901367,146.240234375
-0.1187744140625,-0.847900390625,-0.3062744140625,-20.202634811401367,20.446775436401367,122.80272674560547
-0.388671875,-2.038818359375,-0.4658203125,-37.353515625,31.677244186401367,5.371093273162842
-0.369140625,-2.84814453125,-0.5323486328125,-41.931148529052734,12.573241233825684,-114.25780487060547
-0.3270263671875,-2.0537109375,-0.495849609375,-0.4272460639476776,-18.49365234375,-102.11180877685547
-0.2388916015625,-0.77783203125,-0.395751953125,42.724605560302734,-38.75732421875,-1.4038084745407104
-0.0982666015625,-0.319091796875,-0.186767578125,42.785640716552734,-29.602048873901367,42.114253997802734
-0.04150390625,-0.5316162109375,0.0352783203125,24.230955123901367,-17.2119140625,1.8310545682907104
0.0054931640625,-0.7078857421875,0.1322021484375,13.977049827575684,-12.573241233825684,-34.5458984375
0.0645751953125,-0.5654296875,0.02197265625,9.765625,7.385253429412842,-22.277830123901367
0.0634765625,-0.3778076171875,-0.1373291015625,4.2724609375,32.40966796875,-1.7700194120407104
-0.045654296875,-0.3089599609375,-0.169189453125,1.9531248807907104,32.5927734375,-5.554198741912842
-0.1319580078125,-0.3934326171875,-0.0997314453125,4.0283203125,15.808104515075684,-10.986327171325684
-0.126220703125,-0.7318115234375,-0.0059814453125,4.5166015625,3.906249761581421,7.568358898162842
-0.1177978515625,-1.42236328125,0.0128173828125,0.3662109076976776,15.991209983825684,41.503902435302734
-0.2115478515625,-2.14697265625,0.0306396484375,-0.1831054538488388,31.005857467651367,73.18115234375
-0.1722412109375,-2.2584228515625,0.0372314453125,2.38037109375,20.874021530151367,78.4912109375
-0.0751953125,-1.64208984375,-0.1116943359375,-7.385253429412842,-5.554198741912842,40.649410247802734
-0.2232666015625,-0.9945068359375,-0.3353271484375,-25.756834030151367,-15.991209983825684,5.0048828125
-0.3387451171875,-0.8736572265625,-0.3714599609375,-31.066892623901367,-24.536130905151367,-19.4091796875
-0.3017578125,-0.9588623046875,-0.1622314453125,-17.02880859375,-50.720211029052734,-45.227046966552734
-0.2406005859375,-0.8504638671875,0.093505859375,-0.4272460639476776,-59.875484466552734,-35.888671875
-0.2381591796875,-0.6708984375,0.2745361328125,7.507323741912842,-47.485347747802734,-3.784179449081421
-0.1563720703125,-0.635986328125,0.3509521484375,11.657713890075684,-36.62109375,9.58251953125
0.0606689453125,-0.7059326171875,0.3262939453125,20.141599655151367,-27.221677780151367,-3.906249761581421
0.1787109375,-0.6695556640625,0.18603515625,27.404783248901367,0.30517578125,-31.677244186401367
0.1588134765625,-0.4637451171875,0.0238037109375,18.61572265625,45.288082122802734,-32.2265625
0.1658935546875,-0.311767578125,-0.1263427734375,1.7700194120407104,84.96092987060547,16.2353515625
0.1353759765625,-0.515380859375,-0.4332275390625,-3.784179449081421,112.36571502685547,60.729976654052734
-0.2283935546875,-1.4530029296875,-0.6978759765625,-3.479003667831421,93.56688690185547,30.151365280151367
-0.486572265625,-2.5771484375,-0.5548095703125,-18.4326171875,-2.563476324081421,-66.46728515625
-0.432373046875,-2.591064453125,-0.2838134765625,-22.460935592651367,-74.64599609375,-116.08885955810547
-0.415283203125,-1.605712890625,-0.2862548828125,8.97216796875,-27.893064498901367,-79.345703125
-0.3017578125,-0.595458984375,-0.25830078125,43.029781341552734,40.710445404052734,-8.72802734375
-0.0692138671875,-0.04345703125,0.0430908203125,50.109859466552734,28.869626998901367,54.870601654052734
0.11328125,0.070068359375,0.288818359375,31.494138717651367,-15.624999046325684,60.729976654052734
0.2027587890625,0.0430908203125,0.2547607421875,7.995604991912842,-13.183592796325684,25.329587936401367
0.3297119140625,-0.05908203125,0.043701171875,-10.375975608825684,35.15625,17.15087890625
0.4283447265625,-0.3856201171875,-0.25146484375,-26.000974655151367,96.98485565185547,35.58349609375
0.082763671875,-1.3143310546875,-0.5050048828125,-36.62109375,140.68603515625,30.029294967651367
-0.5389404296875,-2.48193359375,-0.074462890625,-29.663084030151367,62.622066497802734,31.433103561401367
-0.7264404296875,-2.794677734375,0.6356201171875,-16.66259765625,-79.52880859375,46.142574310302734
-0.468994140625,-2.14892578125,0.575927734375,-8.48388671875,-52.795406341552734,24.963376998901367
-0.1304931640625,-1.1468505859375,0.05322265625,17.7001953125,71.59423828125,5.859374523162842
0.0784912109375,-0.3739013671875,-0.275146484375,50.598140716552734,102.29491424560547,13.854979515075684
0.108642578125,-0.3414306640625,-0.3721923828125,51.513668060302734,72.1435546875,0.7934569716453552
0.1746826171875,-0.8900146484375,-0.28662109375,27.832029342651367,24.291990280151367,-52.551265716552734
0.2535400390625,-1.3101806640625,-0.1661376953125,14.587401390075684,-8.36181640625,-85.02196502685547
0.147705078125,-1.2860107421875,-0.1630859375,18.00537109375,13.793944358825684,-63.537593841552734
0.0546875,-1.0726318359375,-0.109619140625,20.141599655151367,43.457027435302734,-28.686521530151367
0.0819091796875,-0.9373779296875,0.02197265625,15.563963890075684,48.217769622802734,-13.732909202575684
0.089111328125,-0.8690185546875,0.1044921875,12.756346702575684,61.889644622802734,-16.357421875
0.07373046875,-0.85986328125,0.1033935546875,11.291502952575684,98.02245330810547,-22.460935592651367
0.085693359375,-0.8941650390625,0.111328125,6.591796398162842,124.63378143310547,-21.850584030151367
0.1661376953125,-0.91943359375,0.1187744140625,0.30517578125,130.55419921875,-11.596678733825684
0.2586669921875,-0.92578125,0.0859375,-3.906249761581421,145.99609375,3.051757574081421
0.206787109375,-0.990478515625,-0.0367431640625,-3.417968511581421,189.94139099121094,2.807616949081421
0.0970458984375,-1.0802001953125,-0.1414794921875,0.8544921278953552,217.71238708496094,-14.709471702575684
0.1236572265625,-1.0859375,-0.1107177734375,2.624511480331421,190.12449645996094,-27.099607467651367
0.2401123046875,-1.0501708984375,-0.021728515625,-2.3193359375,140.380859375,-36.43798828125
0.298095703125,-0.9881591796875,0.048095703125,-11.596678733825684,109.13085174560547,-48.339839935302734
0.224365234375,-0.9005126953125,0.0791015625,-21.789548873901367,102.29491424560547,-44.006343841552734
0.1488037109375,-0.8885498046875,0.123291015625,-27.832029342651367,96.31346893310547,-27.709959030151367
0.182861328125,-0.9776611328125,0.2181396484375,-26.000974655151367,78.2470703125,-19.34814453125
0.24658203125,-1.0548095703125,0.294189453125,-18.85986328125,72.3876953125,-14.831542015075684
0.3021240234375,-0.991943359375,0.1495361328125,-8.85009765625,116.69921112060547,-1.5258787870407104
0.26513671875,-0.936767578125,0.06982421875,-10.192870140075684,125.54930877685547,5.737304210662842
0.20849609375,-0.939453125,0.054443359375,-13.244627952575684,116.76024627685547,5.981444835662842
0.188232421875,-0.9788818359375,0.079833984375,-14.709471702575684,96.31346893310547,-1.6479490995407104
0.1947021484375,-1.009765625,0.119384765625,-14.587401390075684,76.171875,-6.896972179412842
0.1802978515625,-1.0068359375,0.1561279296875,-13.610838890075684,70.068359375,-4.8828125
0.150390625,-0.9808349609375,0.1746826171875,-12.084959983825684,79.833984375,-3.356933355331421
0.126708984375,-0.9808349609375,0.1673583984375,-12.573241233825684,97.29003143310547,-10.131834983825684
0.1328125,-0.998046875,0.1451416015625,-15.075682640075684,108.82567596435547,-13.122557640075684
0.1844482421875,-1.0015869140625,0.1240234375,-16.41845703125,102.72216033935547,-1.9531248807907104
0.260498046875,-0.9942626953125,0.1046142578125,-15.991209983825684,84.59471893310547,11.962889671325684
0.3154296875,-0.9869384765625,0.0926513671875,-13.916014671325684,65.91796875,15.747069358825684
0.3087158203125,-0.990234375,0.08935546875,-11.291502952575684,55.236812591552734,7.812499523162842
0.2564697265625,-0.983642578125,0.0611572265625,-10.498045921325684,58.349605560302734,-2.746581792831421
0.1961669921875,-0.95654296875,0.0086669921875,-11.047362327575684,66.22314453125,-6.103515148162842
0.15576171875,-0.9521484375,-0.0277099609375,-10.559081077575684,66.58935546875,-4.0283203125
0.145751953125,-1.015869140625,-0.0677490234375,-9.94873046875,66.22314453125,-11.108397483825684
0.1314697265625,-1.0048828125,-0.110595703125,-16.4794921875,77.57568359375,-3.906249761581421
0.151611328125,-0.982421875,-0.14599609375,-23.071287155151367,75.3173828125,20.996091842651367
0.1583251953125,-0.9912109375,-0.12451171875,-19.47021484375,42.175289154052734,36.68212890625
0.1324462890625,-1.0145263671875,-0.079833984375,-8.056640625,-0.0610351525247097,26.000974655151367
0.099853515625,-0.996826171875,-0.0572509765625,-0.9155272841453552,-21.301267623901367,8.4228515625
0.0181884765625,-0.95068359375,-0.04443359375,-1.5869139432907104,-19.59228515625,2.44140625
-0.098388671875,-0.906982421875,-0.0404052734375,-5.676269054412842,-5.0048828125,3.295898199081421
-0.140869140625,-0.906494140625,-0.043212890625,-8.72802734375,6.835937023162842,0.0610351525247097
-0.0601806640625,-0.9608154296875,0.0042724609375,-8.11767578125,-7.385253429412842,4.5166015625
0.033447265625,-0.9510498046875,0.09130859375,-4.08935546875,-36.43798828125,33.75244140625
0.0350341796875,-0.923828125,0.1112060546875,1.7089842557907104,-37.9638671875,53.955074310302734
0.0064697265625,-1.0186767578125,0.0455322265625,9.46044921875,-17.76123046875,29.052732467651367
-0.0084228515625,-1.1527099609375,-0.0421142578125,11.413573265075684,5.310058116912842,-20.874021530151367
0.074951171875,-1.150390625,-0.0733642578125,1.15966796875,23.498533248901367,-49.560543060302734
0.1693115234375,-1.140869140625,-0.08544921875,-11.474608421325684,26.123044967651367,-39.1845703125
0.1051025390625,-1.1572265625,-0.10595703125,-18.5546875,33.447265625,-7.446288585662842
0.0513916015625,-1.068115234375,-0.065185546875,-13.061522483825684,29.907224655151367,10.131834983825684
0.10986328125,-1.000244140625,-0.0037841796875,2.25830078125,-3.540038824081421,-18.73779296875
0.2021484375,-0.9765625,0.011474609375,5.737304210662842,-24.475095748901367,-55.114742279052734
0.272216796875,-0.9052734375,0.0103759765625,-9.70458984375,-14.282225608825684,-43.273921966552734
0.2607421875,-0.808837890625,0.015625,-28.930662155151367,2.50244140625,-6.958007335662842
0.1767578125,-0.744873046875,0.008056640625,-39.794921875,20.812986373901367,8.544921875
0.0906982421875,-0.71435546875,-0.0374755859375,-42.358394622802734,47.180171966552734,-4.39453125
0.0283203125,-0.71044921875,-0.09423828125,-36.4990234375,61.340328216552734,-26.489255905151367
-0.0477294921875,-0.7840576171875,-0.0518798828125,-27.404783248901367,30.822751998901367,-50.720211029052734
0.1531982421875,-1.2081298828125,-0.0654296875,-34.36279296875,-19.10400390625,-116.21092987060547
0.822021484375,-1.87548828125,-0.228271484375,-48.522945404052734,-19.47021484375,-226.07420349121094
1.348876953125,-2.1868896484375,-0.260009765625,-44.982906341552734,-14.038084983825684,-251.40379333496094
1.3218994140625,-1.800048828125,-0.2694091796875,-33.5693359375,-43.395992279052734,-106.01805877685547
1.0020751953125,-0.963134765625,-0.3856201171875,-29.357908248901367,-52.062984466552734,107.72704315185547
0.600341796875,-0.1875,-0.4527587890625,-23.681638717651367,-26.062009811401367,222.90037536621094
0.3463134765625,0.1539306640625,-0.598876953125,-25.817869186401367,54.626461029052734,190.00242614746094
0.397216796875,-0.0838623046875,-0.7537841796875,-23.742673873901367,140.0146484375,48.889156341552734
0.5274658203125,-0.935302734375,-0.3807373046875,65.73486328125,-57.617183685302734,-166.13768005371094
0.4547119140625,-0.7138671875,-0.2645263671875,59.326168060302734,-109.49706268310547,-54.382320404052734
0.32958984375,-0.5426025390625,-0.1671142578125,34.3017578125,-96.49657440185547,37.841796875
0.2413330078125,-0.507080078125,-0.03369140625,29.174802780151367,-90.51512908935547,36.0107421875
0.332763671875,-0.652587890625,-0.0103759765625,37.29248046875,-83.55712127685547,-17.578125
0.484619140625,-0.8077392578125,-0.13671875,29.968259811401367,-28.320310592651367,-69.88525390625
0.389892578125,-0.6566162109375,-0.26513671875,15.930174827575684,28.076169967651367,-65.85693359375
0.2034912109375,-0.6087646484375,-0.318359375,7.812499523162842,51.391597747802734,-4.94384765625
0.1219482421875,-0.88671875,-0.305908203125,-0.8544921278953552,47.607418060302734,52.673336029052734
0.27880859375,-1.3726806640625,-0.2408447265625,5.981444835662842,5.432128429412842,41.503902435302734
0.78076171875,-1.6278076171875,-0.287353515625,44.067378997802734,-27.770994186401367,-67.7490234375
0.9620361328125,-1.1309814453125,-0.425537109375,83.92333221435547,-36.0107421875,-177.73435974121094
0.79833984375,-0.62158203125,-0.3470458984375,83.80126190185547,-24.780271530151367,-141.7236328125
0.9078369140625,-0.7530517578125,-0.12548828125,64.3310546875,33.75244140625,-43.518062591552734
0.9439697265625,-0.9007568359375,0.0185546875,39.36767578125,81.54296112060547,26.306150436401367
0.5826416015625,-0.6177978515625,0.2144775390625,11.840819358825684,-32.3486328125,113.46434783935547
0.53759765625,-0.541015625,0.2435302734375,-8.36181640625,-11.657713890075684,72.32666015625
0.5172119140625,-0.480224609375,0.20263671875,-43.518062591552734,75.8056640625,41.564937591552734
0.4869384765625,-0.431396484375,0.1580810546875,-69.7021484375,135.498046875,36.07177734375
0.4736328125,-0.4139404296875,0.12451171875,-77.57568359375,149.90234375,45.043941497802734
0.5072021484375,-0.4552001953125,0.0728759765625,-72.08251953125,142.39501953125,49.682613372802734
0.5997314453125,-0.60302734375,0.0150146484375,-51.391597747802734,102.47801971435547,24.719236373901367
0.68505859375,-0.806640625,0.0010986328125,-18.5546875,26.306150436401367,-21.545408248901367
0.739501953125,-0.996337890625,0.008544921875,0.2441406100988388,-28.747556686401367,-63.903804779052734
0.8353271484375,-1.1998291015625,-0.0133056640625,-13.305663108825684,-15.563963890075684,-92.59032440185547
0.9451904296875,-1.361328125,-0.0526123046875,-42.785640716552734,30.761716842651367,-95.94725799560547
0.7933349609375,-1.1444091796875,-0.0628662109375,-54.809566497802734,16.90673828125,-15.441893577575684
0.574462890625,-0.84033203125,-0.12060546875,-28.137205123901367,-8.6669921875,1.7089842557907104
0.4537353515625,-0.590087890625,-0.2554931640625,8.056640625,-8.11767578125,-0.9765624403953552
0.591796875,-0.531982421875,-0.4737548828125,48.583980560302734,-34.3017578125,5.737304210662842
0.769287109375,-0.547607421875,-0.664306640625,80.2001953125,-105.16356658935547,31.677244186401367
0.68408203125,-0.4683837890625,-0.6370849609375,68.84765625,-141.29638671875,59.692378997802734
0.478759765625,-0.38427734375,-0.4488525390625,34.0576171875,-114.62401580810547,45.227046966552734
0.417236328125,-0.4366455078125,-0.2593994140625,28.137205123901367,-87.09716033935547,-28.137205123901367
0.4888916015625,-0.5819091796875,-0.0960693359375,46.569820404052734,-78.7353515625,-98.57176971435547
0.5313720703125,-0.696533203125,0.043701171875,55.175777435302734,-64.3310546875,-98.99901580810547
0.4822998046875,-0.7564697265625,0.134521484375,44.799800872802734,-41.625972747802734,-58.288570404052734
0.429931640625,-0.797607421875,0.1126708984375,27.893064498901367,-16.357421875,-39.12353515625
0.4427490234375,-0.7821044921875,-0.0450439453125,11.840819358825684,19.10400390625,-33.02001953125
0.5126953125,-0.7381591796875,-0.20556640625,8.30078125,39.85595703125,-18.06640625
0.62646484375,-0.7720947265625,-0.2061767578125,29.235837936401367,14.892577171325684,-15.258788108825684
0.8533935546875,-0.8865966796875,-0.09375,60.913082122802734,-32.470703125,-34.912109375
1.2335205078125,-1.0384521484375,-0.069580078125,75.50048828125,-57.556148529052734,-67.93212890625
1.3076171875,-1.023193359375,-0.1580810546875,66.89453125,-51.452632904052734,-105.04149627685547
0.9661865234375,-0.7945556640625,-0.224853515625,59.204097747802734,-25.024412155151367,-85.26610565185547
0.69677734375,-0.566162109375,-0.26513671875,60.180660247802734,0.1220703050494194,-5.065917491912842
0.601318359375,-0.4288330078125,-0.254150390625,67.138671875,-16.29638671875,53.894039154052734
0.6453857421875,-0.4754638671875,-0.13671875,89.23339080810547,-69.580078125,67.56591796875
0.771240234375,-0.652099609375,0.0308837890625,107.36083221435547,-102.78319549560547,65.97900390625
0.847412109375,-0.7589111328125,0.1419677734375,92.59032440185547,-83.74022674560547,80.81053924560547
0.8687744140625,-0.7386474609375,0.1070556640625,57.128902435302734,-39.4287109375,93.87206268310547
0.846435546875,-0.6549072265625,-0.00048828125,26.000974655151367,-9.765625,88.25682830810547
0.755126953125,-0.5728759765625,-0.0423583984375,4.08935546875,-3.723144292831421,77.63671875
0.6212158203125,-0.5244140625,-0.021484375,-10.742186546325684,-3.356933355331421,57.617183685302734
0.5050048828125,-0.517822265625,-0.03125,-19.53125,5.737304210662842,24.536130905151367
0.5543212890625,-0.68701171875,-0.1815185546875,-11.291502952575684,3.723144292831421,4.0283203125
0.6612548828125,-0.7874755859375,-0.23681640625,9.94873046875,-18.9208984375,17.578125
0.6728515625,-0.811767578125,-0.2132568359375,42.114253997802734,-64.5751953125,19.34814453125
0.577880859375,-0.7835693359375,-0.1185302734375,72.998046875,-119.75096893310547,-9.82666015625
0.4676513671875,-0.744384765625,-0.030517578125,81.11571502685547,-138.0615234375,-45.593257904052734
0.4412841796875,-0.7728271484375,0.0032958984375,65.7958984375,-113.28124237060547,-47.607418060302734
0.4671630859375,-0.84619140625,-0.018310546875,43.945308685302734,-71.77734375,-20.01953125
0.4786376953125,-0.894775390625,-0.07080078125,29.846189498901367,-39.00146484375,5.737304210662842
0.4891357421875,-0.92919921875,-0.106689453125,32.71484375,-36.19384765625,9.765625
0.503173828125,-0.9478759765625,-0.1082763671875,48.583980560302734,-59.143062591552734,-0.4272460639476776
0.4918212890625,-0.908203125,-0.099853515625,61.157222747802734,-80.01708984375,-4.7607421875
0.4815673828125,-0.84228515625,-0.1011962890625,64.3310546875,-87.15819549560547,-1.220703125
0.50634765625,-0.803955078125,-0.0985107421875,64.8193359375,-94.66551971435547,1.8920897245407104
0.538818359375,-0.7720947265625,-0.0770263671875,64.75830078125,-107.11669158935547,6.225585460662842
0.5576171875,-0.748046875,-0.0360107421875,62.194820404052734,-114.31884002685547,11.108397483825684
0.5750732421875,-0.78759765625,0.021728515625,61.584468841552734,-117.24852752685547,8.30078125
0.5631103515625,-0.871337890625,0.0845947265625,65.61279296875,-119.68993377685547,0.9155272841453552
0.4818115234375,-0.9168701171875,0.13671875,67.9931640625,-112.97606658935547,-2.25830078125
0.386474609375,-0.9158935546875,0.1661376953125,65.7958984375,-93.87206268310547,-2.685546636581421
0.3858642578125,-0.8948974609375,0.1539306640625,62.499996185302734,-70.12939453125,-2.563476324081421
0.58837890625,-0.8546142578125,0.02490234375,38.6962890625,-10.742186546325684,2.25830078125
0.5777587890625,-0.82763671875,-0.016357421875,25.329587936401367,5.249022960662842,7.141112804412842
0.5283203125,-0.810302734375,0.0341796875,32.71484375,-22.705076217651367,4.638671875
0.5631103515625,-0.847412109375,0.14892578125,48.645015716552734,-69.15283203125,-5.554198741912842
0.6275634765625,-0.8779296875,0.20751953125,48.278804779052734,-77.69775390625,-6.530761241912842
0.626220703125,-0.8631591796875,0.1763916015625,33.75244140625,-52.124019622802734,4.638671875
0.563720703125,-0.8160400390625,0.1094970703125,23.193357467651367,-34.36279296875,12.145995140075684
0.5052490234375,-0.7747802734375,0.0865478515625,22.094724655151367,-39.36767578125,12.023924827575684
0.4793701171875,-0.7745361328125,0.140625,25.817869186401367,-56.823726654052734,9.21630859375
0.5052490234375,-0.8526611328125,0.219482421875,27.221677780151367,-65.0634765625,6.347655773162842
0.606689453125,-0.9862060546875,0.235595703125,20.568845748901367,-47.729488372802734,5.920409679412842
0.6302490234375,-0.9632568359375,0.1680908203125,9.58251953125,-18.85986328125,15.380858421325684
0.5003662109375,-0.762451171875,0.080810546875,3.967284917831421,-6.958007335662842,24.475095748901367
0.4263916015625,-0.669189453125,0.00732421875,0.9155272841453552,-1.7089842557907104,3.662109136581421
0.497802734375,-0.7806396484375,-0.0587158203125,-6.286620616912842,19.6533203125,-30.700681686401367
0.54736328125,-0.9581298828125,-0.1329345703125,-17.88330078125,45.532222747802734,-34.24072265625
0.4954833984375,-0.9893798828125,-0.2183837890625,-28.625486373901367,60.424800872802734,-3.967284917831421
0.4322509765625,-0.89599609375,-0.2503662109375,-19.10400390625,40.588375091552734,12.756346702575684
0.4066162109375,-0.8902587890625,-0.1546630859375,13.305663108825684,-22.460935592651367,-7.995604991912842
0.414794921875,-0.9359130859375,-0.01318359375,37.29248046875,-72.265625,-27.587888717651367
0.4454345703125,-0.937744140625,0.0281982421875,36.0107421875,-65.12451171875,-23.742673873901367
0.474609375,-0.8917236328125,-0.0213623046875,30.822751998901367,-28.076169967651367,4.21142578125
0.4930419921875,-0.8734130859375,0.0006103515625,37.353515625,-33.50830078125,10.925292015075684
0.506591796875,-0.83447265625,0.0277099609375,39.4287109375,-36.9873046875,4.08935546875
0.4852294921875,-0.82373046875,0.0203857421875,32.1044921875,-29.846189498901367,-7.629394054412842
0.4805908203125,-0.8148193359375,0.012939453125,18.85986328125,-14.404295921325684,-8.97216796875
0.5321044921875,-0.7811279296875,0.107666015625,19.4091796875,-22.033689498901367,-5.310058116912842
0.5908203125,-0.75439453125,0.2286376953125,28.076169967651367,-41.687007904052734,-9.82666015625
0.5948486328125,-0.78857421875,0.2239990234375,16.6015625,-23.071287155151367,-17.822265625
0.5694580078125,-0.8883056640625,0.1363525390625,-8.85009765625,21.240232467651367,-18.4326171875
0.5770263671875,-0.9505615234375,0.1378173828125,-16.11328125,30.029294967651367,-8.48388671875
0.5673828125,-0.9193115234375,0.209228515625,-3.662109136581421,3.112792730331421,2.50244140625
0.5194091796875,-0.8402099609375,0.20947265625,3.845214605331421,-8.72802734375,7.568358898162842
0.4962158203125,-0.770263671875,0.150390625,-0.0,-0.7324218153953552,7.812499523162842
0.5106201171875,-0.755615234375,0.1072998046875,-5.798339366912842,3.967284917831421,6.164550304412842
0.518798828125,-0.7891845703125,0.100341796875,-8.7890625,2.807616949081421,5.737304210662842
0.4993896484375,-0.800048828125,0.1165771484375,-6.835937023162842,-3.234863042831421,7.568358898162842
0.46923828125,-0.7867431640625,0.124755859375,-0.3662109076976776,-14.526366233825684,8.30078125
0.4566650390625,-0.793701171875,0.1248779296875,6.896972179412842,-28.381345748901367,6.835937023162842
0.4674072265625,-0.815185546875,0.149658203125,11.962889671325684,-46.264644622802734,10.986327171325684
0.3934326171875,-0.874755859375,0.1964111328125,2.3193359375,-50.781246185302734,50.415035247802734
0.37451171875,-0.78955078125,0.1446533203125,-6.835937023162842,-27.587888717651367,68.603515625
0.383056640625,-0.63818359375,0.1063232421875,-16.845703125,2.929687261581421,67.81005859375
0.345947265625,-0.4967041015625,0.1363525390625,-21.545408248901367,29.541013717651367,51.574703216552734
0.2548828125,-0.3575439453125,0.143798828125,-19.83642578125,55.664058685302734,32.53173828125
0.1474609375,-0.247314453125,0.03271484375,-25.329587936401367,101.56249237060547,15.197752952575684
0.267578125,-0.4427490234375,-0.1273193359375,-31.311033248901367,140.31982421875,-9.6435546875
1.067138671875,-1.4482421875,-0.3084716796875,-21.484373092651367,130.18798828125,-80.62743377685547
1.5611572265625,-1.9554443359375,-0.3646240234375,-17.333984375,80.99364471435547,-104.24803924560547
1.0858154296875,-1.5455322265625,-0.1072998046875,2.685546636581421,-20.141599655151367,-28.625486373901367
0.504638671875,-1.193115234375,0.1849365234375,43.945308685302734,-120.66649627685547,26.916501998901367
0.3125,-0.9083251953125,0.143798828125,38.63525390625,-99.36522674560547,26.367185592651367
0.4031982421875,-0.8189697265625,-0.0599365234375,3.540038824081421,-10.070799827575684,-0.30517578125
0.4071044921875,-0.8035888671875,-0.0849609375,-1.4038084745407104,13.000487327575684,-12.023924827575684
0.3382568359375,-0.7904052734375,0.03125,14.160155296325684,-21.667478561401367,-3.845214605331421
0.3001708984375,-0.7567138671875,0.1009521484375,15.930174827575684,-40.344234466552734,1.2817381620407104
0.28759765625,-0.7373046875,0.0406494140625,-0.7934569716453552,-19.34814453125,7.385253429412842
0.270751953125,-0.722412109375,-0.1204833984375,-22.033689498901367,23.437498092651367,23.071287155151367
0.2791748046875,-0.6824951171875,-0.265625,-32.5927734375,54.382320404052734,44.006343841552734
0.3463134765625,-0.7120361328125,-0.31640625,-19.6533203125,48.828121185302734,40.405269622802734
0.362548828125,-0.7900390625,-0.31396484375,5.920409679412842,14.099120140075684,20.202634811401367
0.2435302734375,-0.743896484375,-0.2144775390625,27.648923873901367,-35.64453125,26.367185592651367
0.09912109375,-0.5826416015625,0.021240234375,48.828121185302734,-98.63280487060547,32.2265625
0.0540771484375,-0.40185546875,0.2333984375,59.509273529052734,-139.34326171875,19.1650390625
0.2596435546875,-0.480712890625,0.302734375,46.325679779052734,-111.51122283935547,4.08935546875
0.8709716796875,-1.2581787109375,0.3077392578125,24.536130905151367,-27.038572311401367,-37.17041015625
1.2406005859375,-1.78076171875,0.312255859375,17.51708984375,20.446775436401367,-59.936519622802734
0.9615478515625,-1.541015625,0.2779541015625,20.507810592651367,-8.36181640625,-23.681638717651367
0.6468505859375,-1.2613525390625,0.109130859375,7.812499523162842,-10.742186546325684,0.1220703050494194
0.6358642578125,-1.0220947265625,-0.044921875,-4.5166015625,13.000487327575684,-4.0283203125
0.403564453125,-0.7601318359375,0.324951171875,33.75244140625,-112.85399627685547,2.868652105331421
0.267578125,-0.7694091796875,0.291259765625,8.97216796875,-75.62255859375,8.36181640625
0.3336181640625,-0.852783203125,0.087890625,-29.113767623901367,40.527339935302734,-7.202147960662842
0.4031982421875,-0.8975830078125,0.0780029296875,-28.198240280151367,70.6787109375,-14.099120140075684
0.362060546875,-0.90234375,0.2371826171875,-4.33349609375,7.202147960662842,5.432128429412842
0.2952880859375,-0.8978271484375,0.3406982421875,5.065917491912842,-24.597166061401367,28.625486373901367
0.3001708984375,-0.8642578125,0.365966796875,-0.2441406100988388,-5.310058116912842,34.7900390625
0.318359375,-0.7769775390625,0.327880859375,-9.33837890625,20.568845748901367,27.954099655151367
0.3194580078125,-0.6585693359375,0.2259521484375,-15.197752952575684,42.236324310302734,19.6533203125
0.33349609375,-0.484375,0.09716796875,-13.732909202575684,56.762691497802734,9.46044921875
0.2662353515625,-0.255859375,-0.025146484375,-12.695311546325684,70.00732421875,0.1831054538488388
0.131103515625,-0.0823974609375,-0.107421875,-19.04296875,84.53368377685547,-1.5869139432907104
0.3809814453125,-0.41015625,-0.1353759765625,-25.146482467651367,86.97509002685547,-15.441893577575684
1.3170166015625,-1.5076904296875,-0.14599609375,-14.953612327575684,78.857421875,-83.31298065185547
1.469970703125,-2.2117919921875,-0.229736328125,7.995604991912842,51.208492279052734,-126.52587127685547
0.5499267578125,-1.8455810546875,-0.109130859375,42.602535247802734,-38.330078125,-36.865234375
0.03564453125,-1.3004150390625,0.316162109375,78.61328125,-145.751953125,62.194820404052734
0.12841796875,-0.9073486328125,0.52001953125,67.626953125,-144.22607421875,60.058589935302734
0.40576171875,-0.602294921875,0.3343505859375,5.249022960662842,-20.202634811401367,17.4560546875
0.4622802734375,-0.462890625,0.0618896484375,-48.522945404052734,104.98046112060547,1.5869139432907104
0.2843017578125,-0.465576171875,-0.108154296875,-56.213375091552734,144.04296875,20.263669967651367
0.1500244140625,-0.614501953125,-0.2049560546875,-47.363277435302734,134.8876953125,39.12353515625
0.1275634765625,-0.69970703125,-0.2728271484375,-41.564937591552734,115.23436737060547,48.095699310302734
0.107421875,-0.5736083984375,-0.28076171875,-17.333984375,54.992671966552734,45.654293060302734
0.1322021484375,-0.395751953125,-0.1741943359375,25.451658248901367,-52.795406341552734,28.808591842651367
0.4588623046875,-0.5419921875,0.076416015625,69.15283203125,-179.19920349121094,-11.840819358825684
1.13037109375,-1.3236083984375,0.4520263671875,91.30858612060547,-251.09861755371094,-77.33154296875
1.462890625,-1.778076171875,0.6265869140625,74.462890625,-192.81004333496094,-99.54833221435547
1.302490234375,-1.4158935546875,0.4658203125,15.991209983825684,-52.673336029052734,-49.377437591552734
1.000732421875,-1.1317138671875,0.1923828125,-58.837886810302734,74.03564453125,-14.892577171325684
0.6322021484375,-1.0963134765625,0.0220947265625,-84.65575408935547,110.10741424560547,-22.949216842651367
0.407958984375,-1.0009765625,0.1195068359375,-39.4287109375,22.460935592651367,-16.6015625
0.2802734375,-0.8477783203125,0.26123046875,6.286620616912842,-60.974117279052734,17.02880859375
0.18505859375,-0.712890625,0.233154296875,-0.4272460639476776,-25.817869186401367,56.762691497802734
0.2593994140625,-0.6978759765625,0.1893310546875,-18.4326171875,29.174802780151367,64.5751953125
0.5361328125,-0.833984375,0.2298583984375,-12.939452171325684,13.244627952575684,35.46142578125
0.761474609375,-0.9124755859375,0.2005615234375,0.7324218153953552,-11.596678733825684,6.652831554412842
0.7718505859375,-0.8621826171875,0.065185546875,-4.0283203125,22.338865280151367,-8.4228515625
0.677001953125,-0.84130859375,0.000732421875,-30.151365280151367,84.83885955810547,-23.132322311401367
0.6387939453125,-0.8045654296875,-0.004150390625,-53.588863372802734,114.25780487060547,-16.66259765625
0.6795654296875,-0.727294921875,0.0023193359375,-68.115234375,115.17333221435547,21.240232467651367
0.64013671875,-0.7857666015625,0.054443359375,-82.70262908935547,131.8359375,42.907711029052734
0.471435546875,-0.9638671875,0.064208984375,-88.31786346435547,164.55076599121094,35.09521484375
0.3580322265625,-1.0379638671875,0.08740234375,-74.03564453125,156.67724609375,28.625486373901367
0.3983154296875,-0.9688720703125,0.14453125,-59.265132904052734,118.95751190185547,36.0107421875
0.48388671875,-0.9156494140625,0.139404296875,-64.0869140625,117.43163299560547,51.025386810302734
0.5692138671875,-0.8763427734375,0.0531005859375,-81.60399627685547,163.26902770996094,74.462890625
0.5218505859375,-0.833251953125,-0.115234375,-93.26171112060547,218.93309020996094,100.40282440185547
0.3353271484375,-0.8182373046875,-0.2508544921875,-85.02196502685547,230.52976989746094,112.24364471435547
0.1854248046875,-0.828369140625,-0.275634765625,-56.213375091552734,184.02098083496094,94.36034393310547
0.131103515625,-0.869140625,-0.2353515625,-22.583005905151367,121.09374237060547,52.185054779052734
0.13818359375,-0.95458984375,-0.1837158203125,-2.38037109375,79.89501953125,10.925292015075684
0.1685791015625,-1.011474609375,-0.1439208984375,3.356933355331421,63.232418060302734,-8.36181640625
0.1912841796875,-0.990478515625,-0.1441650390625,6.896972179412842,58.715816497802734,-12.207030296325684
0.1959228515625,-0.9503173828125,-0.1856689453125,13.305663108825684,60.668941497802734,-30.822751998901367
0.228271484375,-0.9093017578125,-0.2012939453125,16.90673828125,61.218257904052734,-78.79638671875
0.2623291015625,-0.7962646484375,-0.16943359375,15.563963890075684,54.687496185302734,-142.333984375
0.411376953125,-0.767822265625,-0.1075439453125,10.498045921325684,40.0390625,-208.92332458496094
0.63232421875,-0.8465576171875,0.011474609375,2.868652105331421,11.474608421325684,-219.97068786621094
0.7103271484375,-0.866943359375,0.161376953125,-13.427733421325684,-5.554198741912842,-129.5166015625
0.704345703125,-0.8553466796875,0.244140625,-36.2548828125,25.329587936401367,-17.02880859375
0.6790771484375,-0.8489990234375,0.2088623046875,-49.011226654052734,78.06396484375,32.8369140625
0.642578125,-0.8663330078125,0.091552734375,-45.166011810302734,102.11180877685547,16.90673828125
0.586181640625,-0.8702392578125,-0.010498046875,-31.677244186401367,82.70262908935547,-19.10400390625
0.547607421875,-0.856201171875,-0.0418701171875,-21.118162155151367,43.151851654052734,-33.02001953125
0.529052734375,-0.861083984375,-0.0263671875,-25.695798873901367,23.620603561401367,-23.376462936401367
0.5074462890625,-0.845458984375,0.0242919921875,-46.447750091552734,39.0625,0.1220703050494194
0.512451171875,-0.8323974609375,0.12451171875,-61.645503997802734,51.452632904052734,21.789548873901367
0.531982421875,-0.8447265625,0.2281494140625,-52.734371185302734,29.602048873901367,28.747556686401367
0.5423583984375,-0.834716796875,0.25244140625,-32.28759765625,9.033203125,31.066892623901367
0.555419921875,-0.817138671875,0.2144775390625,-23.254392623901367,24.902341842651367,38.39111328125
0.59033203125,-0.8455810546875,0.19384765625,-28.991697311401367,55.908199310302734,45.227046966552734
0.623779296875,-0.9039306640625,0.16015625,-39.24560546875,78.61328125,38.87939453125
0.6422119140625,-0.913818359375,0.09765625,-51.086421966552734,101.13524627685547,20.629880905151367
0.6649169921875,-0.861083984375,0.071044921875,-62.316890716552734,118.95751190185547,5.0048828125
0.6259765625,-0.7392578125,0.0565185546875,-66.5283203125,122.31444549560547,1.0986328125
0.574951171875,-0.6702880859375,-0.0181884765625,-68.2373046875,130.9814453125,5.981444835662842
0.6746826171875,-0.785888671875,-0.166015625,-71.8994140625,154.96826171875,-0.4882812201976776
0.83447265625,-0.8753662109375,-0.3536376953125,-64.39208984375,158.75244140625,-16.41845703125
0.8497314453125,-0.7581787109375,-0.4498291015625,-31.738279342651367,87.58544158935547,-11.962889671325684
0.7574462890625,-0.6195068359375,-0.32763671875,10.681151390075684,-39.24560546875,-5.249022960662842
0.626953125,-0.7706298828125,-0.0721435546875,28.991697311401367,-107.72704315185547,-28.137205123901367
0.55029296875,-1.1376953125,0.1134033203125,13.610838890075684,-82.27538299560547,-56.091304779052734
0.6787109375,-1.0614013671875,0.0599365234375,-15.258788108825684,-59.448238372802734,-75.1953125
0.741455078125,-0.5821533203125,-0.1226806640625,-33.8134765625,-66.10107421875,-88.98925018310547
0.536376953125,-0.387939453125,-0.217529296875,-43.090816497802734,-33.02001953125,-61.279293060302734
0.3045654296875,-0.539794921875,-0.2158203125,-52.917476654052734,26.184080123901367,9.09423828125
0.2698974609375,-0.7723388671875,-0.130859375,-55.725093841552734,43.762203216552734,54.138179779052734
0.5057373046875,-0.9932861328125,-0.003173828125,-40.832515716552734,17.51708984375,23.559568405151367
0.99169921875,-1.09814453125,0.0457763671875,-13.671874046325684,-16.66259765625,-66.5283203125
1.497802734375,-1.0855712890625,-0.15234375,3.662109136581421,-38.39111328125,-161.31590270996094
1.24609375,-0.838623046875,-0.3837890625,-0.6103515625,-51.818843841552734,-186.15721130371094
0.3927001953125,-0.337646484375,-0.4189453125,-5.737304210662842,-37.53662109375,-83.86229705810547
0.2177734375,-0.121337890625,-0.4383544921875,4.8828125,33.3251953125,14.221190452575684
0.5966796875,-0.2513427734375,-0.4283447265625,41.137691497802734,93.99413299560547,-37.41455078125
1.0628662109375,-0.3179931640625,-0.180908203125,82.64159393310547,52.490230560302734,-80.68846893310547
1.5247802734375,-0.5548095703125,-0.0797119140625,61.645503997802734,-69.82421875,48.400875091552734
1.545654296875,-1.0386962890625,-0.2664794921875,-2.3193359375,-135.6201171875,176.94090270996094
1.49365234375,-1.388427734375,-0.2047119140625,-37.41455078125,-29.418943405151367,142.63916015625
1.65380859375,-1.44189453125,0.0501708984375,-68.29833984375,193.78660583496094,12.756346702575684
1.3756103515625,-1.0245361328125,0.120849609375,-130.92041015625,326.7821960449219,-69.51904296875
0.62158203125,-0.3662109375,0.0413818359375,-140.07568359375,226.86766052246094,-16.6015625
0.260986328125,0.39111328125,0.0361328125,-63.720699310302734,11.413573265075684,112.54882049560547
0.28271484375,0.675537109375,0.0457763671875,6.469726085662842,-108.70360565185547,184.44822692871094
-0.0482177734375,0.196044921875,-0.09423828125,22.216794967651367,-88.31786346435547,155.70068359375
-0.26513671875,-0.2774658203125,-0.25048828125,-0.0,-63.598628997802734,197.63182067871094
0.0155029296875,-0.65283203125,-0.3912353515625,-23.376462936401367,-102.53905487060547,245.84959411621094
0.4593505859375,-1.0352783203125,-0.52880859375,-45.104976654052734,-70.86181640625,95.70311737060547
0.9991455078125,-1.4312744140625,-0.5135498046875,-55.236812591552734,44.250484466552734,-91.97997283935547
1.1448974609375,-1.8995361328125,-0.404296875,-33.5693359375,96.80175018310547,-107.23876190185547
0.9400634765625,-2.2025146484375,-0.2991943359375,-7.324218273162842,57.495113372802734,-43.212886810302734
0.654296875,-1.749755859375,-0.1888427734375,5.065917491912842,-13.977049827575684,-48.706050872802734
0.246826171875,-0.663818359375,-0.070068359375,20.01953125,-64.5751953125,-86.91405487060547
-0.00732421875,0.0870361328125,0.0718994140625,36.07177734375,-66.58935546875,-77.20947265625
-0.1138916015625,0.1517333984375,0.1180419921875,42.663570404052734,-25.268552780151367,9.09423828125
-0.0394287109375,-0.0361328125,-0.0604248046875,54.809566497802734,19.8974609375,116.08885955810547
0.2073974609375,-0.2235107421875,-0.2330322265625,59.631343841552734,28.686521530151367,145.44677734375
0.4727783203125,-0.463134765625,-0.18603515625,32.2265625,30.761716842651367,86.79198455810547
0.63525390625,-0.8138427734375,-0.0679931640625,-4.45556640625,49.438472747802734,8.23974609375
0.6488037109375,-1.2545166015625,-0.0484619140625,-17.39501953125,50.842281341552734,-43.518062591552734
0.701171875,-1.7296142578125,-0.0706787109375,-0.7934569716453552,33.69140625,-49.560543060302734
0.7344970703125,-2.1536865234375,-0.0030517578125,22.644041061401367,26.306150436401367,-28.991697311401367
0.731689453125,-2.18359375,0.1884765625,32.2265625,33.63037109375,-19.6533203125
0.7718505859375,-1.6861572265625,0.2786865234375,27.954099655151367,39.55078125,-42.907711029052734
0.669189453125,-0.89453125,0.1644287109375,6.591796398162842,36.9873046875,-54.992671966552734
0.413818359375,-0.176025390625,0.0374755859375,-14.099120140075684,35.5224609375,-12.207030296325684
0.1168212890625,0.2760009765625,-0.130126953125,-2.868652105331421,14.160155296325684,53.527828216552734
-0.075439453125,0.31787109375,-0.2698974609375,25.329587936401367,-61.340328216552734,94.54344940185547
0.0511474609375,-0.003173828125,-0.2568359375,36.7431640625,-145.01953125,105.83495330810547
0.3834228515625,-0.5238037109375,-0.2415771484375,22.888181686401367,-159.66796875,89.53856658935547
0.9200439453125,-1.637451171875,-0.173828125,-46.142574310302734,-92.22411346435547,-5.981444835662842
0.5936279296875,-1.3243408203125,-0.349609375,-14.709471702575684,-68.603515625,-24.658201217651367
0.2747802734375,-0.8751220703125,-0.344482421875,31.188962936401367,-116.33300018310547,-7.202147960662842
0.2392578125,-0.7032470703125,-0.1845703125,49.438472747802734,-176.87986755371094,7.141112804412842
0.317138671875,-0.72314453125,-0.0772705078125,48.461910247802734,-185.85203552246094,13.732909202575684
0.3636474609375,-0.7677001953125,-0.058349609375,46.264644622802734,-171.20359802246094,24.414060592651367
0.4002685546875,-0.754638671875,-0.083984375,47.485347747802734,-164.42869567871094,31.799314498901367
0.4521484375,-0.7205810546875,-0.087158203125,48.828121185302734,-165.16111755371094,23.132322311401367
0.4625244140625,-0.7591552734375,-0.034912109375,46.691890716552734,-157.470703125,-7.995604991912842
0.45947265625,-0.872802734375,0.0230712890625,39.794921875,-131.40869140625,-49.804683685302734
0.4642333984375,-0.9825439453125,0.027099609375,31.127927780151367,-92.34618377685547,-72.08251953125
0.4229736328125,-1.045166015625,0.0167236328125,27.465818405151367,-59.814449310302734,-57.800289154052734
0.354736328125,-1.0782470703125,0.019287109375,30.517576217651367,-39.00146484375,-52.001949310302734
0.3466796875,-1.0723876953125,0.003173828125,33.63037109375,-38.63525390625,-86.73094940185547
0.4151611328125,-1.00048828125,-0.0262451171875,43.334957122802734,-93.99413299560547,-107.54393768310547
0.469970703125,-0.9012451171875,0.0135498046875,72.021484375,-195.00730895996094,-78.55224609375
0.3714599609375,-0.864501953125,0.1146240234375,97.59520721435547,-258.6669921875,-33.0810546875
0.413818359375,-0.9276123046875,0.1207275390625,82.09227752685547,-207.45848083496094,-46.630855560302734
0.5111083984375,-0.9232177734375,0.09912109375,62.438961029052734,-143.06640625,-60.729976654052734
0.51123046875,-0.88427734375,0.08056640625,44.982906341552734,-80.50536346435547,-41.503902435302734
0.5145263671875,-0.841552734375,0.0347900390625,37.59765625,-58.288570404052734,-20.446775436401367
0.5126953125,-0.8460693359375,-0.0118408203125,32.5927734375,-58.471675872802734,-7.446288585662842
0.4794921875,-0.89453125,-0.02392578125,18.24951171875,-45.593257904052734,5.371093273162842
0.4627685546875,-0.9439697265625,-0.02978515625,-0.1831054538488388,-23.010251998901367,16.78466796875
0.4698486328125,-0.9808349609375,-0.0355224609375,-9.27734375,-13.366698265075684,20.690916061401367
0.4359130859375,-0.982666015625,-0.0582275390625,-5.126952648162842,-20.385740280151367,18.1884765625
0.4000244140625,-0.9407958984375,-0.0927734375,4.8828125,-37.353515625,15.258788108825684
0.4105224609375,-0.888671875,-0.094970703125,11.718749046325684,-50.048824310302734,12.023924827575684
0.425537109375,-0.8511962890625,-0.08642578125,10.620116233825684,-43.151851654052734,8.23974609375
0.429931640625,-0.843505859375,-0.12109375,0.3662109076976776,-16.41845703125,8.36181640625
0.434326171875,-0.860107421875,-0.1761474609375,-16.05224609375,21.179197311401367,10.925292015075684
0.4549560546875,-0.8746337890625,-0.218017578125,-29.357908248901367,49.438472747802734,11.657713890075684
0.479736328125,-0.860107421875,-0.234375,-32.28759765625,51.269527435302734,11.901854515075684
0.48583984375,-0.7994384765625,-0.24365234375,-27.160642623901367,40.344234466552734,13.305663108825684
0.5018310546875,-0.750732421875,-0.269775390625,-17.4560546875,33.02001953125,5.676269054412842
0.517578125,-0.7735595703125,-0.2991943359375,-2.990722417831421,22.827146530151367,-11.840819358825684
0.389404296875,-0.8548583984375,-0.250244140625,28.076169967651367,-15.258788108825684,-9.3994140625
0.407958984375,-0.855224609375,-0.1925048828125,34.7900390625,-24.475095748901367,-6.225585460662842
0.44775390625,-0.877685546875,-0.1556396484375,35.94970703125,-20.202634811401367,-11.718749046325684
0.466064453125,-0.9166259765625,-0.1478271484375,33.447265625,-6.286620616912842,-12.878417015075684
0.465087890625,-0.94482421875,-0.1605224609375,29.724119186401367,9.82666015625,-7.202147960662842
0.448974609375,-0.9478759765625,-0.1754150390625,28.503416061401367,18.06640625,1.8920897245407104
0.4271240234375,-0.9295654296875,-0.162109375,32.04345703125,11.901854515075684,5.981444835662842
0.4581298828125,-0.901611328125,-0.1221923828125,39.12353515625,-6.530761241912842,0.54931640625
0.52099609375,-0.862548828125,-0.0946044921875,43.151851654052734,-19.775390625,-6.835937023162842
0.510498046875,-0.8377685546875,-0.0732421875,40.832515716552734,-18.9208984375,-5.554198741912842
0.47998046875,-0.83251953125,-0.0355224609375,39.00146484375,-17.822265625,-0.4272460639476776
0.4891357421875,-0.8140869140625,0.0146484375,41.809078216552734,-23.132322311401367,-1.9531248807907104
0.5028076171875,-0.792724609375,0.060791015625,43.212886810302734,-26.306150436401367,-7.995604991912842
0.5081787109375,-0.79638671875,0.0836181640625,37.9638671875,-20.996091842651367,-13.854979515075684
0.5391845703125,-0.8170166015625,0.0933837890625,26.367185592651367,-10.375975608825684,-17.4560546875
0.57470703125,-0.8231201171875,0.111328125,14.343260765075684,-4.150390625,-19.04296875
0.5595703125,-0.8050537109375,0.127197265625,6.713866710662842,-4.08935546875,-20.690916061401367
0.5423583984375,-0.8260498046875,0.1376953125,3.417968511581421,-4.08935546875,-22.155759811401367
0.568115234375,-0.910888671875,0.15087890625,3.845214605331421,-1.4648436307907104,-23.010251998901367
0.597412109375,-0.93994140625,0.1697998046875,7.812499523162842,0.7324218153953552,-18.4326171875
0.591796875,-0.8778076171875,0.196044921875,13.366698265075684,-3.601073980331421,-6.835937023162842
0.563720703125,-0.8050537109375,0.1951904296875,14.465331077575684,-8.97216796875,4.82177734375
0.5396728515625,-0.7724609375,0.12646484375,6.347655773162842,-2.868652105331421,10.803221702575684
0.5262451171875,-0.7901611328125,0.0343017578125,-4.69970703125,8.544921875,10.620116233825684
0.522216796875,-0.836181640625,0.0206298828125,-5.310058116912842,4.08935546875,7.995604991912842
0.5299072265625,-0.8685302734375,0.11572265625,7.751464366912842,-26.550291061401367,9.033203125
0.5408935546875,-0.893798828125,0.2115478515625,21.789548873901367,-62.072750091552734,19.8974609375
0.549560546875,-0.9105224609375,0.1815185546875,22.949216842651367,-69.3359375,37.109375
0.516845703125,-0.8734130859375,0.0638427734375,10.620116233825684,-49.926753997802734,49.133296966552734
0.3524169921875,-0.6805419921875,0.0164794921875,-0.6713866591453552,-25.878904342651367,37.53662109375
0.2537841796875,-0.5986328125,0.0936279296875,2.807616949081421,-24.047849655151367,26.550291061401367
0.1854248046875,-0.564453125,0.182861328125,4.21142578125,-19.1650390625,25.817869186401367
0.18994140625,-0.6182861328125,0.2562255859375,4.21142578125,0.3662109076976776,26.184080123901367
0.1827392578125,-0.7574462890625,0.3438720703125,5.432128429412842,26.367185592651367,22.583005905151367
0.2095947265625,-0.6915283203125,0.361083984375,6.896972179412842,37.353515625,15.686034202575684
0.2633056640625,-0.3863525390625,0.1922607421875,-1.8310545682907104,49.865718841552734,7.507323741912842
0.3719482421875,-0.2694091796875,-0.05419921875,-24.169919967651367,87.58544158935547,1.4038084745407104
0.976318359375,-0.920654296875,-0.157958984375,-38.87939453125,134.1552734375,-32.89794921875
1.3670654296875,-1.8841552734375,-0.1959228515625,-36.1328125,145.6298828125,-83.67919158935547
0.8935546875,-2.0413818359375,-0.1495361328125,-21.423337936401367,81.48192596435547,-53.283687591552734
0.4725341796875,-1.6126708984375,0.0850830078125,11.169432640075684,-37.109375,3.417968511581421
0.3851318359375,-1.170654296875,0.2218017578125,34.66796875,-95.39794158935547,11.230467796325684
0.3701171875,-0.8515625,0.15087890625,23.010251998901367,-53.405757904052734,15.563963890075684
0.36865234375,-0.70263671875,0.020263671875,3.173827886581421,1.15966796875,21.240232467651367
0.35302734375,-0.6275634765625,-0.096923828125,-3.967284917831421,18.310546875,26.489255905151367
0.37451171875,-0.615234375,-0.173095703125,-5.676269054412842,15.624999046325684,30.700681686401367
0.4083251953125,-0.6788330078125,-0.1680908203125,-1.4648436307907104,1.3427733182907104,25.817869186401367
0.3355712890625,-0.8050537109375,-0.0382080078125,13.977049827575684,-33.5693359375,16.6015625
0.171875,-0.88818359375,0.16162109375,32.1044921875,-71.71630859375,15.808104515075684
0.07177734375,-0.7955322265625,0.240478515625,33.69140625,-71.22802734375,23.803709030151367
0.0853271484375,-0.5863037109375,0.13037109375,16.7236328125,-31.372068405151367,25.085447311401367
0.1480712890625,-0.4154052734375,-0.0347900390625,2.50244140625,-1.7089842557907104,15.014647483825684
0.334228515625,-0.4644775390625,-0.1405029296875,6.835937023162842,-9.21630859375,1.4038084745407104
0.7325439453125,-0.9521484375,-0.0528564453125,31.677244186401367,-47.363277435302734,-31.066892623901367
0.92822265625,-1.58984375,0.3717041015625,54.138179779052734,-89.29442596435547,-46.813961029052734
0.861572265625,-1.7139892578125,0.76513671875,50.354000091552734,-85.93749237060547,-7.141112804412842
0.784423828125,-1.38623046875,0.6060791015625,23.559568405151367,-12.878417015075684,14.770506858825684
0.5977783203125,-1.1202392578125,0.1590576171875,-5.554198741912842,62.438961029052734,7.080077648162842
0.426025390625,-1.03271484375,0.012939453125,-14.709471702575684,59.509273529052734,16.845703125
0.3868408203125,-0.983154296875,0.2738037109375,-1.15966796875,-15.075682640075684,31.860349655151367
0.3153076171875,-0.8331298828125,0.4180908203125,1.6479490995407104,-57.739253997802734,45.532222747802734
0.1865234375,-0.7139892578125,0.1531982421875,-21.118162155151367,-1.9531248807907104,40.0390625
0.1622314453125,-0.72021484375,-0.0196533203125,-30.517576217651367,37.17041015625,11.962889671325684
0.2025146484375,-0.749267578125,0.1485595703125,-11.169432640075684,-10.559081077575684,-0.0610351525247097
0.19921875,-0.8115234375,0.2764892578125,2.929687261581421,-35.46142578125,7.812499523162842
0.1632080078125,-0.901611328125,0.213134765625,-3.784179449081421,3.845214605331421,10.681151390075684
0.1512451171875,-0.9652099609375,0.1815185546875,-12.878417015075684,33.0810546875,5.676269054412842
0.1602783203125,-0.97216796875,0.2066650390625,-17.2119140625,33.63037109375,3.784179449081421
0.1358642578125,-0.938232421875,0.14990234375,-22.888181686401367,40.527339935302734,10.192870140075684
0.0782470703125,-0.845458984375,0.1026611328125,-21.911619186401367,41.809078216552734,23.681638717651367
0.0926513671875,-0.617919921875,0.1385498046875,-6.530761241912842,13.793944358825684,32.470703125
0.176025390625,-0.2958984375,0.1116943359375,10.070799827575684,-14.831542015075684,20.507810592651367
0.1859130859375,-0.0537109375,0.00634765625,13.610838890075684,-23.132322311401367,-3.356933355331421
0.19580078125,-0.04931640625,-0.0723876953125,5.981444835662842,-24.353025436401367,-19.8974609375
1.00146484375,-0.983154296875,-0.0352783203125,1.5258787870407104,-3.540038824081421,-69.580078125
1.56396484375,-2.423828125,-0.0181884765625,5.065917491912842,54.809566497802734,-155.8837890625
0.70361328125,-2.467041015625,0.177490234375,31.982419967651367,10.070799827575684,-61.523433685302734
-0.1177978515625,-1.4373779296875,0.757080078125,71.59423828125,-141.90673828125,151.79443359375
-0.0245361328125,-0.88330078125,0.95166015625,58.410640716552734,-109.31395721435547,138.5498046875
0.4466552734375,-0.8388671875,0.3431396484375,-19.34814453125,125.79344940185547,-40.0390625
0.5213623046875,-0.71923828125,-0.33154296875,-80.2001953125,253.78416442871094,-91.73583221435547
0.219970703125,-0.4739990234375,-0.499755859375,-66.0400390625,174.01121520996094,7.141112804412842
0.119873046875,-0.486572265625,-0.3326416015625,-11.291502952575684,34.1796875,60.180660247802734
0.236083984375,-0.7589111328125,-0.1251220703125,30.700681686401367,-61.889644622802734,9.765625
0.158935546875,-0.932861328125,0.196533203125,43.212886810302734,-107.11669158935547,-12.756346702575684
-0.0977783203125,-0.845703125,0.4603271484375,42.480464935302734,-136.71875,54.931636810302734
-0.1781005859375,-0.5042724609375,0.3382568359375,20.385740280151367,-134.58251953125,122.37548065185547
-0.0074462890625,-0.2413330078125,0.11328125,-23.559568405151367,-85.99852752685547,99.91454315185547
0.598388671875,-0.757080078125,0.1669921875,-47.729488372802734,-46.020503997802734,-26.123044967651367
1.26611328125,-1.823486328125,0.4598388671875,-40.283199310302734,-48.400875091552734,-161.74314880371094
1.3114013671875,-2.09814453125,0.6036376953125,-10.620116233825684,-58.105464935302734,-199.03562927246094
0.914794921875,-1.501708984375,0.5133056640625,-2.25830078125,-25.695798873901367,-106.99462127685547
0.4091796875,-1.0159912109375,0.3035888671875,-42.907711029052734,51.818843841552734,46.874996185302734
0.03369140625,-0.8580322265625,0.09375,-60.974117279052734,115.90575408935547,117.49266815185547
0.206787109375,-0.8175048828125,0.1153564453125,14.587401390075684,71.1669921875,-3.662109136581421
0.491455078125,-0.953857421875,0.2100830078125,22.094724655151367,34.36279296875,-47.302242279052734
0.6572265625,-1.06640625,0.2412109375,1.7089842557907104,48.461910247802734,-63.293453216552734
0.649169921875,-0.99267578125,0.1783447265625,-31.921384811401367,104.06493377685547,-32.958984375
0.6038818359375,-0.8067626953125,0.076416015625,-52.368160247802734,129.7607421875,27.709959030151367
0.5594482421875,-0.71826171875,0.038818359375,-56.701656341552734,117.30956268310547,49.926753997802734
0.4617919921875,-0.7322998046875,0.0423583984375,-59.936519622802734,127.25829315185547,20.812986373901367
0.3477783203125,-0.7181396484375,0.038818359375,-55.847164154052734,147.216796875,-16.9677734375
0.28076171875,-0.6962890625,0.0576171875,-43.640132904052734,143.73779296875,-38.87939453125
0.2318115234375,-0.7862548828125,0.072509765625,-36.4990234375,119.68993377685547,-33.99658203125
0.271484375,-0.99072265625,0.0631103515625,-41.503902435302734,80.26123046875,11.474608421325684
0.470703125,-1.23974609375,0.12890625,-50.903316497802734,54.626461029052734,48.461910247802734
0.556884765625,-1.3900146484375,0.2113037109375,-50.415035247802734,81.42089080810547,24.841306686401367
0.49169921875,-1.282470703125,0.2408447265625,-46.203609466552734,139.7705078125,-0.7324218153953552
0.403564453125,-0.941650390625,0.1790771484375,-45.104976654052734,185.11961364746094,24.963376998901367
0.2747802734375,-0.5919189453125,0.050048828125,-30.212400436401367,186.64549255371094,61.096187591552734
0.203125,-0.5238037109375,0.0438232421875,19.71435546875,120.60546112060547,7.080077648162842
0.1839599609375,-0.759521484375,0.158203125,27.465818405151367,110.83983612060547,-60.668941497802734
0.2945556640625,-1.0577392578125,0.2847900390625,25.146482467651367,114.80712127685547,-120.54442596435547
0.4752197265625,-1.1917724609375,0.2799072265625,25.085447311401367,125.24413299560547,-161.92625427246094
0.6097412109375,-1.0562744140625,0.2464599609375,21.911619186401367,93.13964080810547,-172.11912536621094
0.641845703125,-0.8865966796875,0.28662109375,4.82177734375,4.150390625,-138.0615234375
0.59716796875,-0.790771484375,0.2967529296875,-15.258788108825684,-59.509273529052734,-71.96044921875
0.55615234375,-0.765625,0.2762451171875,-28.869626998901367,-49.499507904052734,-19.775390625
0.5147705078125,-0.8258056640625,0.246826171875,-40.466304779052734,5.493163585662842,-11.169432640075684
0.5145263671875,-0.880859375,0.222900390625,-51.025386810302734,54.382320404052734,-19.287109375
0.563232421875,-0.7991943359375,0.2401123046875,-66.34521484375,60.058589935302734,-11.169432640075684
0.5699462890625,-0.7552490234375,0.2294921875,-72.6318359375,53.710933685302734,-8.60595703125
0.5809326171875,-0.7568359375,0.22265625,-79.1015625,54.809566497802734,-14.831542015075684
0.601318359375,-0.7841796875,0.220458984375,-83.25194549560547,57.250972747802734,-20.690916061401367
0.6031494140625,-0.809814453125,0.195068359375,-84.28954315185547,59.936519622802734,-13.854979515075684
0.5728759765625,-0.8148193359375,0.1773681640625,-81.48192596435547,57.617183685302734,-1.5258787870407104
0.56298828125,-0.8499755859375,0.1776123046875,-71.35009765625,42.175289154052734,-1.9531248807907104
0.6553955078125,-0.956298828125,0.162353515625,-56.030269622802734,23.681638717651367,-18.98193359375
0.7984619140625,-1.005126953125,0.121826171875,-42.541500091552734,17.63916015625,-42.236324310302734
0.85498046875,-0.927490234375,0.0220947265625,-35.64453125,27.221677780151367,-46.386714935302734
0.759521484375,-0.7803955078125,-0.12255859375,-40.222164154052734,55.847164154052734,0.3662109076976776
0.6485595703125,-0.6658935546875,-0.236328125,-55.480953216552734,94.48241424560547,77.94189453125
0.65380859375,-0.628662109375,-0.298828125,-66.83349609375,115.78368377685547,135.80322265625
0.6436767578125,-0.6346435546875,-0.3414306640625,-59.631343841552734,96.19139862060547,149.7802734375
0.510986328125,-0.7305908203125,-0.33251953125,-38.57421875,28.198240280151367,112.48778533935547
0.3575439453125,-0.846923828125,-0.2630615234375,-23.254392623901367,-59.326168060302734,51.574703216552734
0.277587890625,-0.9326171875,-0.18115234375,-26.184080123901367,-107.42186737060547,8.4228515625
0.22314453125,-1.109619140625,-0.0806884765625,-34.24072265625,-90.88134002685547,-15.136717796325684
0.2843017578125,-1.139892578125,-0.1103515625,-33.75244140625,-35.21728515625,-54.016109466552734
0.33935546875,-0.5877685546875,-0.1754150390625,-42.968746185302734,24.841306686401367,-63.049312591552734
0.223388671875,-0.6103515625,-0.181640625,-53.100582122802734,48.583980560302734,-11.047362327575684
0.1907958984375,-0.90185546875,-0.171142578125,-49.865718841552734,57.922359466552734,29.174802780151367
0.266845703125,-1.1942138671875,-0.1456298828125,-31.005857467651367,40.466304779052734,20.751951217651367
0.671875,-1.37353515625,-0.32861328125,-20.01953125,34.60693359375,-55.358882904052734
1.053955078125,-1.1922607421875,-0.4879150390625,-49.316402435302734,60.241695404052734,-172.11912536621094
1.0177001953125,-0.678466796875,-0.396484375,-73.2421875,70.3125,-201.35496520996094
0.9822998046875,-0.403076171875,-0.3330078125,-39.1845703125,19.53125,-72.509765625
0.912109375,-0.336181640625,-0.3984375,0.7934569716453552,-29.418943405151367,92.89550018310547
0.6781005859375,-0.3968505859375,-0.4000244140625,17.2119140625,-4.21142578125,134.3994140625
0.65673828125,-0.6221923828125,-0.224609375,43.884273529052734,24.108884811401367,55.603023529052734
0.877197265625,-0.736083984375,-0.0303955078125,71.533203125,5.432128429412842,-19.287109375
0.9547119140625,-0.6568603515625,0.021240234375,65.12451171875,-4.82177734375,-51.147457122802734
0.798095703125,-0.56591796875,-0.037109375,30.822751998901367,17.4560546875,-66.7724609375
0.5911865234375,-0.533203125,-0.070556640625,0.2441406100988388,45.837398529052734,-69.4580078125
0.44189453125,-0.4617919921875,-0.1156005859375,-9.46044921875,66.0400390625,-36.865234375
0.41943359375,-0.410400390625,-0.1099853515625,-6.347655773162842,63.964839935302734,1.220703125
0.531982421875,-0.4442138671875,-0.0068359375,-9.70458984375,31.249998092651367,13.854979515075684
0.63525390625,-0.4351806640625,0.047607421875,-26.367185592651367,10.986327171325684,29.235837936401367
0.680908203125,-0.401123046875,0.0069580078125,-38.39111328125,21.606443405151367,26.184080123901367
1.1700439453125,-0.548095703125,-0.139404296875,-21.850584030151367,40.10009765625,-94.66551971435547
1.5062255859375,-0.72314453125,-0.041748046875,-24.597166061401367,44.982906341552734,-139.83154296875
1.4722900390625,-1.0535888671875,0.1837158203125,-26.489255905151367,20.874021530151367,-119.75096893310547
1.24462890625,-1.4490966796875,0.232421875,-31.982419967651367,-12.390135765075684,-24.597166061401367
1.2529296875,-1.383544921875,0.1282958984375,-62.194820404052734,-0.9765624403953552,82.58055877685547
1.26611328125,-0.892822265625,-0.0548095703125,-76.72119140625,17.39501953125,116.69921112060547
1.0516357421875,-0.36669921875,-0.307373046875,-28.503416061401367,-36.0107421875,117.30956268310547
0.6453857421875,-0.0517578125,-0.4827880859375,29.113767623901367,-109.55809783935547,142.63916015625
0.4295654296875,-0.0120849609375,-0.555419921875,39.24560546875,-103.08837127685547,152.7099609375
0.529541015625,-0.197021484375,-0.51318359375,13.488768577575684,-47.790523529052734,120.36132049560547
0.57275390625,-0.39404296875,-0.3828125,-9.21630859375,-25.329587936401367,81.05467987060547
0.4359130859375,-0.53173828125,-0.2789306640625,-12.878417015075684,-28.320310592651367,55.541988372802734
0.29541015625,-0.689697265625,-0.22021484375,-9.765625,-26.306150436401367,35.2783203125
0.1917724609375,-0.8487548828125,-0.1600341796875,-9.70458984375,-21.118162155151367,25.695798873901367
0.1451416015625,-0.89697265625,-0.1641845703125,-10.803221702575684,-7.690429210662842,36.9873046875
0.2186279296875,-0.650634765625,-0.24169921875,2.563476324081421,-5.737304210662842,64.94140625
0.213623046875,-0.569091796875,-0.227294921875,14.221190452575684,-9.58251953125,44.616695404052734
0.2310791015625,-0.597412109375,-0.2532958984375,24.353025436401367,5.432128429412842,11.413573265075684
0.276611328125,-0.85302734375,-0.3253173828125,22.521970748901367,25.634763717651367,-17.39501953125
0.323974609375,-1.303466796875,-0.36474609375,12.329100608825684,27.404783248901367,-33.14208984375
0.4515380859375,-1.690185546875,-0.375,12.634276390075684,13.977049827575684,-43.518062591552734
0.5400390625,-1.818603515625,-0.3819580078125,20.385740280151367,21.301267623901367,-48.095699310302734
0.4486083984375,-1.521240234375,-0.379638671875,31.127927780151367,40.161128997802734,-24.658201217651367
0.3193359375,-0.923583984375,-0.3499755859375,49.804683685302734,23.254392623901367,20.263669967651367
0.2843017578125,-0.5123291015625,-0.260498046875,66.2841796875,-27.221677780151367,46.997066497802734
0.3436279296875,-0.53662109375,-0.1512451171875,70.1904296875,-70.3125,38.9404296875
0.43359375,-0.8099365234375,-0.0631103515625,59.814449310302734,-81.84813690185547,23.437498092651367
0.508056640625,-0.951904296875,-0.0228271484375,43.334957122802734,-70.9228515625,27.709959030151367
0.507080078125,-0.881591796875,-0.0107421875,32.04345703125,-58.837886810302734,37.41455078125
0.3966064453125,-0.8046875,0.0172119140625,25.878904342651367,-48.828121185302734,26.367185592651367
0.243408203125,-0.8001708984375,0.03125,17.51708984375,-26.245115280151367,-1.15966796875
0.1474609375,-0.8145751953125,-0.0052490234375,5.249022960662842,3.356933355331421,-25.146482467651367
0.134033203125,-0.7698974609375,-0.053955078125,-7.019042491912842,17.822265625,-27.343748092651367
0.1826171875,-0.6661376953125,-0.0548095703125,-14.343260765075684,11.718749046325684,-6.958007335662842
0.263671875,-0.607421875,-0.041748046875,-14.465331077575684,-1.2817381620407104,12.512206077575684
0.280029296875,-0.695068359375,-0.0205078125,-11.596678733825684,-17.578125,15.563963890075684
0.2723388671875,-0.9095458984375,-0.0035400390625,-16.845703125,-30.334470748901367,13.732909202575684
0.3228759765625,-1.208740234375,-0.0494384765625,-29.479978561401367,-41.137691497802734,-3.784179449081421
0.4423828125,-1.5892333984375,-0.09375,-36.0107421875,-78.2470703125,-58.776851654052734
0.5716552734375,-1.799072265625,-0.1475830078125,-33.02001953125,-118.59130096435547,-101.62352752685547
0.633544921875,-1.56396484375,-0.26171875,-29.357908248901367,-116.76024627685547,-78.91845703125
0.536376953125,-1.0185546875,-0.39599609375,-28.747556686401367,-79.52880859375,-20.141599655151367
0.3353271484375,-0.5443115234375,-0.4957275390625,-22.583005905151367,-48.095699310302734,18.12744140625
0.220703125,-0.38232421875,-0.4847412109375,-8.4228515625,-43.701168060302734,24.719236373901367
0.2177734375,-0.506103515625,-0.385009765625,6.591796398162842,-46.203609466552734,9.58251953125
0.27197265625,-0.708984375,-0.294921875,20.874021530151367,-49.255367279052734,-16.4794921875
0.3017578125,-0.81201171875,-0.2735595703125,29.907224655151367,-48.950191497802734,-24.414060592651367
0.28857421875,-0.793701171875,-0.2977294921875,32.3486328125,-42.114253997802734,-6.469726085662842
0.254638671875,-0.7467041015625,-0.31982421875,35.64453125,-39.61181640625,7.568358898162842
0.2310791015625,-0.7584228515625,-0.3319091796875,39.85595703125,-35.5224609375,2.807616949081421
0.2222900390625,-0.8238525390625,-0.340576171875,41.137691497802734,-22.766111373901367,-6.347655773162842
0.2139892578125,-0.91064453125,-0.3726806640625,41.259761810302734,-11.352538108825684,-10.864256858825684
0.207275390625,-0.9840087890625,-0.416015625,43.212886810302734,-19.775390625,-8.1787109375
0.1995849609375,-0.95556640625,-0.4022216796875,47.546382904052734,-61.645503997802734,9.8876953125
0.208251953125,-0.8250732421875,-0.322265625,52.001949310302734,-114.99022674560547,32.77587890625
0.2828369140625,-0.7490234375,-0.231201171875,52.917476654052734,-131.4697265625,24.353025436401367
0.3211669921875,-0.85302734375,-0.1724853515625,48.950191497802734,-96.74071502685547,-18.1884765625
0.260498046875,-0.9678955078125,-0.175537109375,44.799800872802734,-60.424800872802734,-36.0107421875
0.2152099609375,-0.9312744140625,-0.13037109375,45.776363372802734,-79.2236328125,-2.0751953125
0.2216796875,-0.8785400390625,-0.0458984375,46.813961029052734,-110.10741424560547,26.000974655151367
0.31494140625,-0.9671630859375,-0.080322265625,32.40966796875,-56.762691497802734,-10.925292015075684
0.3345947265625,-0.952880859375,-0.07373046875,28.991697311401367,-66.10107421875,-11.230467796325684
0.3060302734375,-0.880126953125,-0.0511474609375,30.456541061401367,-99.48729705810547,6.469726085662842
0.2991943359375,-0.885009765625,0.007568359375,33.0810546875,-121.70409393310547,9.6435546875
0.3157958984375,-1.1702880859375,0.1058349609375,34.0576171875,-79.65087890625,-43.823238372802734
0.3280029296875,-1.0626220703125,0.096435546875,33.8134765625,-69.76318359375,-42.236324310302734
0.33447265625,-0.8951416015625,0.0947265625,27.404783248901367,-89.66063690185547,-16.78466796875
0.275146484375,-0.857666015625,0.0369873046875,16.4794921875,-103.02733612060547,4.0283203125
0.215087890625,-0.97314453125,-0.01171875,9.21630859375,-107.84911346435547,9.70458984375
0.2471923828125,-1.0994873046875,-0.006591796875,9.82666015625,-111.08397674560547,4.2724609375
0.3299560546875,-1.09423828125,-0.01220703125,12.451170921325684,-100.89110565185547,-6.103515148162842
0.428466796875,-0.9249267578125,-0.0185546875,11.718749046325684,-99.24315643310547,-7.629394054412842
0.5308837890625,-0.7294921875,0.030029296875,11.291502952575684,-126.58690643310547,0.6713866591453552
0.3651123046875,-0.8223876953125,-0.015380859375,4.69970703125,-128.41796875,-3.540038824081421
0.0985107421875,-1.02734375,-0.179443359375,-14.770506858825684,-78.369140625,-5.676269054412842
0.15966796875,-1.0087890625,-0.2509765625,-17.333984375,-44.006343841552734,-12.878417015075684
0.2388916015625,-0.938720703125,-0.30908203125,-6.958007335662842,-39.12353515625,-20.935056686401367
0.243896484375,-0.8955078125,-0.312255859375,-0.7324218153953552,-51.818843841552734,-11.779784202575684
0.1893310546875,-0.9080810546875,-0.25634765625,8.7890625,-74.27978515625,-0.6103515625
0.139892578125,-0.9678955078125,-0.188232421875,21.972654342651367,-84.83885955810547,-0.1220703050494194
0.11279296875,-1.0042724609375,-0.140625,33.203125,-81.35985565185547,-4.82177734375
0.0897216796875,-0.9744873046875,-0.1348876953125,37.7197265625,-68.90869140625,-7.080077648162842
0.0775146484375,-0.9302978515625,-0.16357421875,35.0341796875,-49.194332122802734,-13.488768577575684
0.1656494140625,-0.93896484375,-0.1998291015625,32.40966796875,-27.343748092651367,-37.2314453125
0.28125,-0.9503173828125,-0.1815185546875,39.73388671875,-25.939939498901367,-63.232418060302734
0.3154296875,-0.9215087890625,-0.1239013671875,53.771968841552734,-45.776363372802734,-72.44873046875
0.382080078125,-0.8857421875,-0.0892333984375,60.180660247802734,-52.062984466552734,-70.98388671875
0.436767578125,-0.8946533203125,0.066650390625,37.109375,-38.330078125,-32.958984375
0.4654541015625,-0.9342041015625,0.070556640625,26.550291061401367,-21.118162155151367,-33.99658203125
0.5050048828125,-0.91015625,0.0228271484375,19.71435546875,-1.8310545682907104,-45.715328216552734
0.489990234375,-0.834228515625,0.046875,19.95849609375,-3.784179449081421,-44.128414154052734
0.4884033203125,-0.7864990234375,0.0947265625,22.460935592651367,-8.60595703125,-30.700681686401367
0.5343017578125,-0.8223876953125,0.1246337890625,23.376462936401367,-5.187987804412842,-28.991697311401367
0.5694580078125,-0.876953125,0.17822265625,27.099607467651367,-14.282225608825684,-41.137691497802734
0.5855712890625,-0.84130859375,0.181396484375,21.484373092651367,-15.624999046325684,-40.832515716552734
0.55908203125,-0.84765625,0.1141357421875,2.50244140625,12.695311546325684,-30.212400436401367
0.5150146484375,-0.8885498046875,0.0771484375,-8.85009765625,35.15625,-21.423337936401367
0.5029296875,-0.8602294921875,0.1287841796875,-1.8920897245407104,18.1884765625,-11.108397483825684
0.482421875,-0.8189697265625,0.174072265625,5.432128429412842,-9.46044921875,-0.0610351525247097
0.4500732421875,-0.766357421875,0.141357421875,0.3662109076976776,-10.375975608825684,10.803221702575684
0.43994140625,-0.728271484375,0.1143798828125,-6.286620616912842,-2.868652105331421,16.29638671875
0.433349609375,-0.701416015625,0.1322021484375,-6.591796398162842,-9.8876953125,15.930174827575684
0.385498046875,-0.7071533203125,0.1807861328125,-5.187987804412842,-21.362302780151367,23.071287155151367
0.3282470703125,-0.81884765625,0.264404296875,-5.554198741912842,-21.301267623901367,37.65869140625
0.3597412109375,-0.9071044921875,0.3302001953125,-9.27734375,-3.845214605331421,47.668453216552734
0.4879150390625,-0.5224609375,0.1317138671875,-22.583005905151367,49.316402435302734,42.602535247802734
0.407470703125,-0.0894775390625,-0.051513671875,-22.583005905151367,56.762691497802734,43.762203216552734
0.2845458984375,0.107177734375,-0.166748046875,-37.17041015625,64.697265625,59.753414154052734
0.6026611328125,-0.6463623046875,-0.1380615234375,-58.166500091552734,92.40721893310547,22.094724655151367
1.083984375,-1.9229736328125,-0.046875,-49.682613372802734,104.12596893310547,-97.83934783935547
1.0557861328125,-2.2894287109375,-0.061767578125,-43.334957122802734,93.50585174560547,-143.310546875
0.6466064453125,-1.7274169921875,-0.172119140625,-46.874996185302734,64.27001953125,-35.2783203125
0.197509765625,-1.0858154296875,-0.234375,-16.2353515625,18.12744140625,77.1484375
0.0731201171875,-0.6492919921875,-0.0537109375,36.7431640625,-20.507810592651367,86.91405487060547
0.282958984375,-0.226806640625,0.1968994140625,68.66455078125,-24.902341842651367,41.931148529052734
0.4669189453125,0.14794921875,0.2215576171875,55.419918060302734,24.963376998901367,9.6435546875
0.496826171875,0.2410888671875,0.07958984375,14.404295921325684,90.51512908935547,-2.25830078125
0.358154296875,-0.183349609375,-0.17431640625,-23.864744186401367,124.57274627685547,2.990722417831421
0.0906982421875,-1.26708984375,-0.1943359375,-58.044429779052734,93.68895721435547,21.606443405151367
0.0911865234375,-2.428955078125,0.1551513671875,-92.10204315185547,20.568845748901367,55.908199310302734
0.3419189453125,-2.7119140625,0.4744873046875,-89.23339080810547,-47.485347747802734,95.64208221435547
0.4317626953125,-1.85205078125,0.422119140625,-32.53173828125,-72.08251953125,114.92919158935547
0.33203125,-0.6683349609375,0.15380859375,21.240232467651367,-46.142574310302734,114.56298065185547
0.103515625,0.1114501953125,0.0250244140625,39.73388671875,-22.399900436401367,96.31346893310547
-0.08984375,0.48486328125,-0.09619140625,52.917476654052734,-11.108397483825684,46.691890716552734
-0.0601806640625,0.318115234375,-0.2047119140625,60.546871185302734,6.896972179412842,-10.437010765075684
0.013916015625,-0.675537109375,-0.25341796875,29.479978561401367,26.123044967651367,-32.3486328125
0.079345703125,-2.3861083984375,-0.083740234375,-27.526853561401367,1.7089842557907104,-31.433103561401367
0.27685546875,-3.2418212890625,0.188720703125,-50.903316497802734,-62.622066497802734,-22.338865280151367
0.2440185546875,-2.177001953125,0.12890625,-9.94873046875,-91.79686737060547,18.6767578125
-0.0218505859375,-0.61865234375,0.0035400390625,61.279293060302734,-72.265625,39.24560546875
-0.049560546875,0.234619140625,0.13525390625,109.86327362060547,-28.991697311401367,10.742186546325684
0.1097412109375,0.4520263671875,0.3172607421875,127.99071502685547,10.742186546325684,-22.399900436401367
0.3687744140625,0.388427734375,0.3165283203125,126.34276580810547,36.376953125,-41.992183685302734
0.3209228515625,0.0067138671875,0.1700439453125,88.74510955810547,91.36962127685547,-26.306150436401367
0.0316162109375,-0.9888916015625,0.29345703125,7.019042491912842,115.84471893310547,-7.690429210662842
0.23779296875,-2.4034423828125,0.84423828125,-98.32762908935547,46.569820404052734,1.4038084745407104
0.11474609375,-3.06640625,0.8629150390625,-164.61180114746094,21.789548873901367,18.6767578125
-0.4462890625,-2.275146484375,0.3087158203125,-138.00048828125,80.44432830810547,38.14697265625
-0.3729248046875,-0.991455078125,0.0667724609375,-46.264644622802734,61.889644622802734,19.775390625
0.01806640625,-0.21533203125,0.095703125,33.26416015625,-13.366698265075684,-46.325679779052734
0.3682861328125,-0.360107421875,0.29052734375,44.494625091552734,-38.330078125,-98.02245330810547
0.7760009765625,-1.031982421875,0.4774169921875,18.1884765625,-40.10009765625,-122.31444549560547
0.98193359375,-1.284912109375,0.27294921875,16.41845703125,-19.775390625,-126.83104705810547
0.697998046875,-1.0089111328125,-0.115234375,22.766111373901367,43.395992279052734,-95.27587127685547
0.274169921875,-0.7391357421875,-0.21923828125,-2.3193359375,107.66600799560547,-37.9638671875
0.174560546875,-0.725341796875,-0.02783203125,-34.24072265625,110.16844940185547,-10.070799827575684
0.343505859375,-0.856689453125,0.2396240234375,-36.1328125,49.133296966552734,-33.14208984375
0.48046875,-0.91064453125,0.3856201171875,-16.90673828125,-4.94384765625,-64.51416015625
0.50390625,-0.8253173828125,0.3642578125,-9.27734375,2.685546636581421,-66.83349609375
0.478759765625,-0.7020263671875,0.24609375,-20.385740280151367,57.861324310302734,-54.260250091552734
0.455078125,-0.641357421875,0.11767578125,-28.198240280151367,108.70360565185547,-60.729976654052734
0.5308837890625,-0.716796875,0.1217041015625,-24.597166061401367,116.08885955810547,-97.29003143310547
0.7308349609375,-0.812744140625,0.2684326171875,-25.573728561401367,86.12059783935547,-132.01904296875
0.9405517578125,-0.761474609375,0.3809814453125,-39.12353515625,52.673336029052734,-119.62889862060547
1.0078125,-0.6461181640625,0.4149169921875,-58.105464935302734,35.15625,-62.011714935302734
0.8555908203125,-0.5888671875,0.4105224609375,-78.43017578125,57.250972747802734,-2.746581792831421
0.6517333984375,-0.5888671875,0.397705078125,-94.23827362060547,114.86815643310547,22.583005905151367
0.610595703125,-0.5924072265625,0.405517578125,-90.82030487060547,149.84130859375,9.82666015625
0.6824951171875,-0.6473388671875,0.4013671875,-72.81494140625,150.45166015625,-22.583005905151367
0.71484375,-0.793701171875,0.3712158203125,-66.22314453125,159.60693359375,-49.377437591552734
0.664794921875,-0.881591796875,0.313720703125,-73.05908203125,176.20848083496094,-46.691890716552734
0.5506591796875,-0.820556640625,0.241943359375,-75.1953125,169.55564880371094,-12.573241233825684
0.369384765625,-0.739990234375,0.2249755859375,-70.80078125,145.5078125,23.803709030151367
0.2156982421875,-0.76708984375,0.2957763671875,-67.7490234375,117.24852752685547,40.954586029052734
0.1800537109375,-0.892822265625,0.4053955078125,-73.1201171875,97.10692596435547,45.410152435302734
0.196044921875,-0.9427490234375,0.4488525390625,-82.15331268310547,96.86278533935547,49.133296966552734
0.21142578125,-0.8594970703125,0.4296875,-79.345703125,96.43553924560547,49.255367279052734
0.2347412109375,-0.78076171875,0.433349609375,-65.85693359375,80.93260955810547,32.04345703125
0.264892578125,-0.772216796875,0.4715576171875,-52.612300872802734,63.049312591552734,-1.6479490995407104
0.2115478515625,-0.873046875,0.474365234375,-43.457027435302734,53.710933685302734,-34.48486328125
0.15771484375,-1.0340576171875,0.44287109375,-31.860349655151367,30.883787155151367,-52.124019622802734
0.277587890625,-1.1728515625,0.416748046875,-18.4326171875,-9.033203125,-62.744136810302734
0.4901123046875,-1.21044921875,0.30322265625,-10.070799827575684,-18.798828125,-73.54736328125
0.6890869140625,-1.0728759765625,0.0255126953125,-3.295898199081421,7.751464366912842,-60.546871185302734
0.7445068359375,-0.920166015625,-0.2587890625,-3.173827886581421,43.701168060302734,-15.136717796325684
0.49365234375,-0.919921875,-0.3603515625,-21.728513717651367,95.82518768310547,35.888671875
0.166748046875,-0.95947265625,-0.3424072265625,-48.461910247802734,151.0009765625,70.556640625
0.0740966796875,-0.9344482421875,-0.3052978515625,-58.410640716552734,146.30126953125,77.7587890625
0.112060546875,-0.8648681640625,-0.2218017578125,-44.677730560302734,60.485836029052734,63.903804779052734
-0.04736328125,-0.8536376953125,0.0283203125,-10.559081077575684,-81.48192596435547,27.770994186401367
-0.0860595703125,-0.9613037109375,0.1392822265625,-2.197265625,-94.60448455810547,-2.685546636581421
-0.0189208984375,-1.0430908203125,0.2127685546875,10.070799827575684,-97.47313690185547,-45.227046966552734
0.1112060546875,-1.0369873046875,0.2127685546875,19.53125,-86.66991424560547,-81.05467987060547
0.277099609375,-0.94580078125,0.18115234375,17.76123046875,-56.457515716552734,-94.36034393310547
0.412109375,-0.810302734375,0.1282958984375,3.417968511581421,7.568358898162842,-93.32274627685547
0.44970703125,-0.722412109375,0.0498046875,-16.357421875,85.20507049560547,-86.66991424560547
0.4122314453125,-0.730712890625,0.0228271484375,-28.747556686401367,109.92430877685547,-59.814449310302734
0.350341796875,-0.85009765625,0.0634765625,-30.395505905151367,74.40185546875,-17.88330078125
0.3660888671875,-1.141357421875,0.140380859375,-29.174802780151367,31.921384811401367,0.3662109076976776
0.49365234375,-1.47802734375,0.1990966796875,-33.14208984375,23.132322311401367,-5.249022960662842
0.5966796875,-1.6060791015625,0.1650390625,-36.92626953125,54.992671966552734,-3.906249761581421
0.5987548828125,-1.5042724609375,0.06298828125,-22.033689498901367,87.15819549560547,-17.88330078125
0.5782470703125,-1.177978515625,-0.0225830078125,12.207030296325684,80.62743377685547,-62.561031341552734
0.6329345703125,-0.737060546875,-0.03955078125,25.329587936401367,58.715816497802734,-59.936519622802734
0.653076171875,-0.47802734375,0.01416015625,-0.1220703050494194,60.424800872802734,9.033203125
0.58154296875,-0.48681640625,0.093994140625,-20.385740280151367,72.93701171875,51.086421966552734
0.54052734375,-0.662109375,0.17333984375,-7.385253429412842,63.659664154052734,27.282712936401367
0.5799560546875,-0.9019775390625,0.282958984375,13.061522483825684,34.85107421875,-13.977049827575684
0.63623046875,-1.0257568359375,0.36181640625,17.76123046875,11.718749046325684,-20.751951217651367
0.5272216796875,-0.977783203125,0.3057861328125,15.380858421325684,4.5166015625,-1.4648436307907104
0.3704833984375,-0.882568359375,0.20166015625,15.930174827575684,-5.187987804412842,13.183592796325684
0.3653564453125,-0.78515625,0.1763916015625,17.08984375,-20.874021530151367,26.367185592651367
0.4107666015625,-0.7088623046875,0.2213134765625,13.793944358825684,-23.132322311401367,35.400390625
0.4095458984375,-0.6531982421875,0.264404296875,6.408690929412842,-15.075682640075684,27.221677780151367
0.3570556640625,-0.585205078125,0.2601318359375,-0.8544921278953552,-10.498045921325684,13.549803733825684
0.301513671875,-0.5169677734375,0.22705078125,-4.8828125,-10.253905296325684,8.48388671875
0.3070068359375,-0.4991455078125,0.212646484375,-6.774901866912842,-12.756346702575684,6.591796398162842
0.342041015625,-0.5782470703125,0.2252197265625,-9.8876953125,-22.766111373901367,-4.638671875
0.3126220703125,-0.756103515625,0.21826171875,-15.136717796325684,-41.442867279052734,-26.428220748901367
0.528076171875,-1.471435546875,0.331298828125,-28.076169967651367,-83.31298065185547,-57.006832122802734
0.682861328125,-1.85791015625,0.363525390625,-38.87939453125,-65.4296875,-34.60693359375
0.8231201171875,-1.9940185546875,0.3076171875,-47.851558685302734,-24.841306686401367,6.103515148162842
0.9344482421875,-1.6749267578125,0.12890625,-37.4755859375,6.347655773162842,32.65380859375
0.7967529296875,-0.9036865234375,-0.1815185546875,-8.1787109375,38.57421875,73.1201171875
0.4976806640625,-0.2220458984375,-0.4237060546875,13.244627952575684,74.52392578125,122.68065643310547
0.3392333984375,-0.1304931640625,-0.4366455078125,11.230467796325684,67.138671875,105.04149627685547
0.3753662109375,-0.4107666015625,-0.25048828125,0.54931640625,4.94384765625,29.785154342651367
0.4486083984375,-0.6612548828125,-0.0738525390625,-8.056640625,-49.682613372802734,-26.611326217651367
0.419189453125,-0.758056640625,-0.0286865234375,-19.22607421875,-40.10009765625,-28.076169967651367
0.087890625,-0.76416015625,-0.09033203125,-32.1044921875,58.410640716552734,36.43798828125
0.097412109375,-0.8780517578125,-0.1094970703125,-30.334470748901367,79.28466796875,-5.615233898162842
0.163818359375,-0.96484375,-0.0211181640625,-19.8974609375,36.07177734375,-49.438472747802734
0.2183837890625,-0.9583740234375,0.10888671875,-9.6435546875,-51.696773529052734,-49.804683685302734
0.30517578125,-0.838134765625,0.111328125,-11.657713890075684,-121.39891815185547,-34.85107421875
0.343505859375,-0.7322998046875,-0.0340576171875,-24.475095748901367,-133.97216796875,-30.944822311401367
0.3037109375,-0.7464599609375,-0.162109375,-34.66796875,-92.52928924560547,-21.850584030151367
0.36474609375,-1.02197265625,-0.1466064453125,-25.329587936401367,-27.099607467651367,-41.564937591552734
0.81982421875,-1.4859619140625,-0.2135009765625,5.126952648162842,48.767086029052734,-157.89794921875
1.0909423828125,-1.3677978515625,-0.308837890625,54.260250091552734,98.14452362060547,-283.447265625
0.9200439453125,-0.7371826171875,-0.1512451171875,115.60057830810547,81.78710174560547,-229.67527770996094
0.9417724609375,-0.4447021484375,0.0543212890625,160.400390625,43.701168060302734,-60.485836029052734
1.027099609375,-0.4949951171875,0.12158203125,150.7568359375,31.188962936401367,53.161617279052734
0.91552734375,-0.5406494140625,0.1663818359375,93.99413299560547,15.380858421325684,114.07469940185547
0.7452392578125,-0.5035400390625,0.276123046875,46.142574310302734,-37.4755859375,137.20703125
0.6268310546875,-0.4530029296875,0.3720703125,27.404783248901367,-79.28466796875,100.15868377685547
0.5244140625,-0.41015625,0.3514404296875,7.873534679412842,-50.720211029052734,29.174802780151367
0.4541015625,-0.405517578125,0.2308349609375,-26.000974655151367,17.4560546875,-25.329587936401367
0.4896240234375,-0.4788818359375,0.1295166015625,-57.922359466552734,62.499996185302734,-45.227046966552734
0.60986328125,-0.599853515625,0.104248046875,-72.57080078125,69.7021484375,-37.90283203125
0.693115234375,-0.6671142578125,0.1510009765625,-68.4814453125,55.908199310302734,-13.427733421325684
0.691650390625,-0.648193359375,0.2188720703125,-51.147457122802734,28.198240280151367,13.671874046325684
0.657470703125,-0.612060546875,0.244873046875,-25.146482467651367,-6.286620616912842,17.27294921875
0.6209716796875,-0.6265869140625,0.221435546875,-1.03759765625,-32.77587890625,-16.41845703125
0.6097412109375,-0.7095947265625,0.1793212890625,13.000487327575684,-44.616695404052734,-59.997554779052734
0.70068359375,-0.860107421875,0.1820068359375,13.854979515075684,-47.546382904052734,-72.1435546875
0.900634765625,-1.0611572265625,0.2275390625,0.6103515625,-37.841796875,-54.077144622802734
1.098388671875,-1.236083984375,0.2391357421875,-15.808104515075684,-10.681151390075684,-36.2548828125
1.11572265625,-1.2056884765625,0.215576171875,-19.8974609375,5.920409679412842,-25.634763717651367
0.87109375,-0.89794921875,0.1224365234375,-10.192870140075684,1.8920897245407104,-3.662109136581421
0.65576171875,-0.611328125,-0.043701171875,-1.3427733182907104,4.33349609375,31.433103561401367
0.753173828125,-0.5517578125,-0.2481689453125,10.925292015075684,-13.916014671325684,62.683101654052734
0.97607421875,-0.5364990234375,-0.4765625,61.218257904052734,-118.46923065185547,93.01757049560547
0.988037109375,-0.37353515625,-0.6431884765625,133.72802734375,-278.80859375,115.78368377685547
0.7095947265625,-0.1573486328125,-0.6163330078125,150.93994140625,-330.5053405761719,105.59081268310547
0.4732666015625,-0.17529296875,-0.424560546875,101.56249237060547,-208.25193786621094,37.59765625
0.8348388671875,-0.765380859375,-0.2369384765625,68.42041015625,-29.907224655151367,-140.2587890625
0.8541259765625,-0.776611328125,-0.115966796875,86.42577362060547,-82.45848846435547,-76.59912109375
0.7821044921875,-0.6815185546875,-0.0301513671875,79.40673828125,-123.35204315185547,21.972654342651367
0.7320556640625,-0.5968017578125,-0.0255126953125,53.833003997802734,-121.39891815185547,67.138671875
0.69580078125,-0.5426025390625,-0.052490234375,39.00146484375,-110.96190643310547,56.884761810302734
0.6346435546875,-0.51171875,-0.08447265625,45.349117279052734,-107.66600799560547,19.6533203125
0.6209716796875,-0.5472412109375,-0.1278076171875,61.035152435302734,-96.00829315185547,-22.216794967651367
0.7261962890625,-0.67138671875,-0.1805419921875,72.6318359375,-68.90869140625,-52.429195404052734
0.852783203125,-0.8077392578125,-0.20068359375,79.1015625,-45.532222747802734,-60.363765716552734
0.819091796875,-0.840576171875,-0.13916015625,91.36962127685547,-54.870601654052734,-45.837398529052734
0.655517578125,-0.7943115234375,-0.01123046875,113.09813690185547,-97.10692596435547,-26.794431686401367
0.5457763671875,-0.7880859375,0.1336669921875,125.06102752685547,-131.40869140625,-26.306150436401367
0.5130615234375,-0.8067626953125,0.2178955078125,104.49217987060547,-108.76464080810547,-33.5693359375
0.4534912109375,-0.8729248046875,0.2347412109375,68.54248046875,-51.025386810302734,-21.179197311401367
0.3912353515625,-0.901611328125,0.2054443359375,58.959957122802734,-27.832029342651367,8.60595703125
0.481201171875,-0.8240966796875,0.1177978515625,72.93701171875,-37.109375,23.498533248901367
0.62548828125,-0.7916259765625,0.019287109375,78.7353515625,-38.39111328125,9.521484375
0.64306640625,-0.8065185546875,-0.00537109375,72.8759765625,-42.419429779052734,0.9765624403953552
0.5948486328125,-0.8297119140625,0.0814208984375,69.7021484375,-68.54248046875,13.244627952575684
0.525146484375,-0.846923828125,0.2802734375,66.83349609375,-102.17284393310547,22.521970748901367
0.4757080078125,-0.8472900390625,0.2852783203125,48.889156341552734,-75.439453125,15.991209983825684
0.44775390625,-0.8646240234375,0.292724609375,32.71484375,-49.926753997802734,14.709471702575684
0.4744873046875,-0.8927001953125,0.3173828125,26.000974655151367,-38.0859375,17.39501953125
0.5262451171875,-0.9012451171875,0.30712890625,18.85986328125,-21.911619186401367,18.9208984375
0.5460205078125,-0.880126953125,0.2205810546875,0.9155272841453552,11.657713890075684,18.37158203125
0.5545654296875,-0.903076171875,0.0777587890625,-25.695798873901367,56.701656341552734,15.258788108825684
0.550048828125,-0.913818359375,-0.0623779296875,-44.250484466552734,87.09716033935547,14.648436546325684
0.5379638671875,-0.8375244140625,-0.131591796875,-35.58349609375,72.1435546875,17.333984375
0.559326171875,-0.767333984375,-0.1024169921875,-2.746581792831421,17.578125,8.48388671875
0.587646484375,-0.7406005859375,-0.0543212890625,24.780271530151367,-26.611326217651367,-4.7607421875
0.6060791015625,-0.7581787109375,-0.0750732421875,27.770994186401367,-27.832029342651367,-7.080077648162842
0.59375,-0.8173828125,-0.1170654296875,19.1650390625,-10.559081077575684,-4.39453125
0.5380859375,-0.874267578125,-0.135498046875,17.88330078125,-9.70458984375,-3.356933355331421
0.48291015625,-0.8905029296875,-0.1123046875,29.846189498901367,-40.0390625,-5.615233898162842
0.4588623046875,-0.8575439453125,-0.0123291015625,47.180171966552734,-86.48680877685547,-5.126952648162842
0.4405517578125,-0.831787109375,0.109130859375,56.030269622802734,-109.31395721435547,-0.7934569716453552
0.406005859375,-0.8035888671875,0.1512451171875,51.025386810302734,-89.53856658935547,5.676269054412842
0.3704833984375,-0.763427734375,0.11181640625,36.31591796875,-46.508785247802734,12.573241233825684
0.3482666015625,-0.750732421875,0.0777587890625,22.766111373901367,-15.319823265075684,12.939452171325684
0.3511962890625,-0.7584228515625,0.0821533203125,15.930174827575684,-3.479003667831421,9.27734375
0.369384765625,-0.806396484375,0.0748291015625,10.437010765075684,7.690429210662842,7.690429210662842
0.3931884765625,-0.827392578125,0.0283203125,-0.1220703050494194,28.991697311401367,9.521484375
0.3961181640625,-0.8232421875,-0.0426025390625,-11.352538108825684,47.424312591552734,8.36181640625
0.3465576171875,-0.864013671875,-0.095947265625,-12.268065452575684,41.381832122802734,7.141112804412842
0.3076171875,-0.830810546875,-0.079345703125,-1.5258787870407104,13.854979515075684,11.352538108825684
0.2808837890625,-0.6163330078125,-0.02001953125,10.864256858825684,-15.502928733825684,15.258788108825684
0.2491455078125,-0.3511962890625,0.029052734375,18.1884765625,-36.865234375,22.888181686401367
0.2655029296875,-0.2325439453125,0.0465087890625,18.24951171875,-35.888671875,39.48974609375
0.3094482421875,-0.5263671875,-0.0045166015625,9.09423828125,-18.6767578125,60.546871185302734
0.5709228515625,-1.4716796875,0.11767578125,-8.11767578125,-22.888181686401367,59.326168060302734
0.8994140625,-2.1461181640625,0.44970703125,-12.878417015075684,-30.395505905151367,-2.197265625
0.8094482421875,-1.8848876953125,0.47412109375,-7.873534679412842,-6.469726085662842,-44.006343841552734
0.4261474609375,-1.346435546875,0.19775390625,-12.451170921325684,31.982419967651367,-0.1831054538488388
-0.0224609375,-0.966796875,0.0621337890625,-4.638671875,31.311033248901367,53.649898529052734
-0.13037109375,-0.6959228515625,0.0850830078125,22.399900436401367,-45.654293060302734,41.259761810302734
0.17431640625,-0.44287109375,0.1121826171875,37.2314453125,-132.8125,-21.423337936401367
0.3603515625,-0.2281494140625,0.1097412109375,28.381345748901367,-129.8828125,-53.771968841552734
0.30859375,-0.063232421875,0.073486328125,9.3994140625,-35.7666015625,-34.3017578125
0.208740234375,-0.0150146484375,-0.0352783203125,-13.305663108825684,66.83349609375,6.408690929412842
0.27783203125,-0.3388671875,-0.1754150390625,-35.0341796875,103.69872283935547,45.776363372802734
0.423095703125,-1.420654296875,-0.1585693359375,-47.363277435302734,56.945796966552734,84.83885955810547
0.7530517578125,-2.5076904296875,0.152099609375,-22.766111373901367,-28.381345748901367,18.98193359375
0.47802734375,-1.5576171875,0.116455078125,27.648923873901367,17.88330078125,-46.691890716552734
-0.068359375,-0.620849609375,-0.02587890625,17.4560546875,38.9404296875,85.63231658935547
-0.2506103515625,-0.023193359375,0.041259765625,11.474608421325684,-2.01416015625,102.84423065185547
-0.1605224609375,0.2254638671875,0.078125,-6.530761241912842,-11.047362327575684,32.53173828125
0.0106201171875,0.3026123046875,-0.0244140625,-40.344234466552734,38.14697265625,-31.066892623901367
0.2469482421875,-0.001708984375,-0.18798828125,-59.387203216552734,81.60399627685547,-52.795406341552734
0.585205078125,-1.18017578125,-0.0982666015625,-44.860836029052734,58.349605560302734,-44.860836029052734
1.01123046875,-2.5113525390625,0.4287109375,-6.103515148162842,-21.972654342651367,-39.24560546875
1.068115234375,-2.530517578125,0.546630859375,42.053218841552734,-81.29882049560547,-22.949216842651367
0.5306396484375,-1.4781494140625,0.0770263671875,70.4345703125,-54.687496185302734,29.052732467651367
-0.0052490234375,-0.6256103515625,-0.0657958984375,59.326168060302734,-3.356933355331421,68.9697265625
-0.1436767578125,-0.4140625,0.264404296875,43.762203216552734,-51.635738372802734,78.67431640625
0.07373046875,-0.404296875,0.43310546875,42.724605560302734,-168.94529724121094,84.10643768310547
0.29931640625,-0.23388671875,0.1966552734375,22.277830123901367,-242.18748474121094,56.152339935302734
0.243896484375,-0.0592041015625,-0.083251953125,-8.30078125,-204.22361755371094,25.634763717651367
0.25634765625,-0.214111328125,-0.3182373046875,-23.681638717651367,-48.706050872802734,42.663570404052734
0.4752197265625,-1.3165283203125,-0.20849609375,-8.9111328125,102.60009002685547,68.66455078125
0.8411865234375,-2.9029541015625,0.48193359375,-9.58251953125,239.56297302246094,-98.93798065185547
0.08154296875,-1.953125,0.358154296875,-32.470703125,268.73779296875,-65.3076171875
-0.3812255859375,-0.8853759765625,0.1746826171875,11.047362327575684,180.41990661621094,84.96092987060547
-0.2298583984375,-0.3367919921875,0.162109375,57.922359466552734,70.068359375,119.44579315185547
0.1519775390625,-0.2139892578125,0.1822509765625,61.279293060302734,19.1650390625,39.73388671875
0.378662109375,-0.3720703125,0.141845703125,31.799314498901367,56.762691497802734,-28.869626998901367
0.4591064453125,-0.7890625,0.1016845703125,-14.038084983825684,159.1796875,-34.97314453125
0.323486328125,-1.4075927734375,0.228515625,-54.504390716552734,250.54930114746094,-19.83642578125
0.1165771484375,-1.68115234375,0.411376953125,-45.715328216552734,238.58641052246094,-25.695798873901367
0.135498046875,-1.352294921875,0.3653564453125,-7.446288585662842,124.99999237060547,-27.282712936401367
0.2371826171875,-0.8017578125,0.1932373046875,8.6669921875,26.367185592651367,-3.051757574081421
0.248291015625,-0.471923828125,0.2388916015625,6.652831554412842,76.35498046875,11.352538108825684
0.2313232421875,-0.716064453125,0.3265380859375,-1.6479490995407104,145.08056640625,-17.333984375
0.360595703125,-0.9774169921875,0.385498046875,-8.11767578125,161.62107849121094,-86.54784393310547
0.4642333984375,-1.0,0.3148193359375,-13.854979515075684,119.32372283935547,-175.96434020996094
0.4456787109375,-1.015625,0.1536865234375,-16.29638671875,72.1435546875,-263.18359375
0.4976806640625,-1.1142578125,0.170654296875,-22.155759811401367,44.494625091552734,-287.17041015625
0.6068115234375,-0.9615478515625,0.2999267578125,-48.522945404052734,52.246089935302734,-181.45750427246094
0.6190185546875,-0.778564453125,0.2620849609375,-86.73094940185547,106.38426971435547,-46.264644622802734
0.584228515625,-0.753173828125,0.2098388671875,-104.73632049560547,136.65771484375,0.6713866591453552
0.6287841796875,-0.7421875,0.2833251953125,-98.26659393310547,112.06053924560547,-11.413573265075684
0.6641845703125,-0.721923828125,0.3115234375,-85.32714080810547,82.45848846435547,-26.306150436401367
0.6363525390625,-0.7149658203125,0.27001953125,-71.2890625,68.115234375,-24.841306686401367
0.600830078125,-0.718994140625,0.23095703125,-58.471675872802734,59.753414154052734,-11.169432640075684
0.611083984375,-0.755615234375,0.2186279296875,-48.278804779052734,48.156734466552734,-0.4272460639476776
0.658447265625,-0.812744140625,0.2010498046875,-36.56005859375,27.343748092651367,-2.868652105331421
0.6798095703125,-0.867431640625,0.12158203125,-22.949216842651367,4.57763671875,-6.591796398162842
0.6636962890625,-0.9361572265625,-0.03271484375,-15.075682640075684,5.187987804412842,2.685546636581421
0.5628662109375,-1.051025390625,-0.1865234375,-18.1884765625,40.344234466552734,13.916014671325684
0.4532470703125,-1.074951171875,-0.242919921875,-29.052732467651367,84.96092987060547,24.291990280151367
0.394775390625,-0.8963623046875,-0.2255859375,-38.51318359375,95.15380096435547,46.142574310302734
0.3856201171875,-0.7669677734375,-0.178466796875,-40.527339935302734,58.471675872802734,54.260250091552734
0.4248046875,-0.7867431640625,-0.125732421875,-38.57421875,23.925779342651367,37.841796875
0.4324951171875,-0.836669921875,-0.112548828125,-33.8134765625,20.507810592651367,26.611326217651367
0.4144287109375,-0.8804931640625,-0.1251220703125,-22.888181686401367,25.329587936401367,19.47021484375
0.394287109375,-0.9031982421875,-0.10888671875,-10.620116233825684,24.963376998901367,5.920409679412842
0.370849609375,-0.914306640625,-0.0557861328125,-1.6479490995407104,18.12744140625,4.08935546875
0.3349609375,-0.926513671875,-0.0169677734375,6.835937023162842,5.554198741912842,24.841306686401367
0.3004150390625,-0.9261474609375,-0.0084228515625,14.221190452575684,1.4648436307907104,44.555660247802734
0.3018798828125,-0.9088134765625,-0.0028076171875,16.78466796875,9.58251953125,41.320796966552734
0.3414306640625,-0.888916015625,-0.00439453125,12.451170921325684,19.1650390625,9.70458984375
0.38671875,-0.85546875,0.0198974609375,2.44140625,32.16552734375,-36.7431640625
0.4295654296875,-0.8280029296875,0.0833740234375,-5.737304210662842,46.691890716552734,-65.3076171875
0.4769287109375,-0.8494873046875,0.1153564453125,-9.21630859375,47.119136810302734,-65.36865234375
0.4986572265625,-0.9022216796875,0.11474609375,-12.390135765075684,30.822751998901367,-54.199214935302734
0.5059814453125,-0.91259765625,0.141845703125,-16.6015625,14.526366233825684,-43.518062591552734
0.55419921875,-0.8831787109375,0.1683349609375,-19.34814453125,1.0986328125,-37.2314453125
0.5880126953125,-0.8670654296875,0.1492919921875,-22.827146530151367,-9.3994140625,-39.61181640625
0.5709228515625,-0.8336181640625,0.118896484375,-25.390623092651367,-11.474608421325684,-43.029781341552734
0.5372314453125,-0.7271728515625,0.079833984375,-22.399900436401367,-7.995604991912842,-44.250484466552734
0.451171875,-0.5831298828125,0.0252685546875,-22.521970748901367,6.225585460662842,-40.710445404052734
0.3236083984375,-0.5106201171875,0.00732421875,-31.677244186401367,33.935546875,-27.343748092651367
0.342529296875,-0.5635986328125,0.041748046875,-41.015621185302734,54.321285247802734,-21.301267623901367
0.60302734375,-0.7767333984375,0.0546875,-47.058101654052734,50.048824310302734,-22.216794967651367
0.9632568359375,-1.2742919921875,0.0072021484375,-53.161617279052734,18.6767578125,-17.63916015625
1.3870849609375,-2.0308837890625,0.073974609375,-64.88037109375,-17.39501953125,2.13623046875
1.5986328125,-2.425048828125,0.274658203125,-80.44432830810547,-11.108397483825684,34.72900390625
1.3583984375,-2.0081787109375,0.40283203125,-78.55224609375,25.573728561401367,46.997066497802734
0.7894287109375,-1.0401611328125,0.334716796875,-38.63525390625,58.532711029052734,36.07177734375
0.1087646484375,0.0330810546875,-0.0208740234375,-7.324218273162842,97.04589080810547,24.108884811401367
-0.134033203125,0.492431640625,-0.4537353515625,-34.3017578125,138.916015625,33.5693359375
0.2119140625,-0.0164794921875,-0.643310546875,-62.072750091552734,102.84423065185547,42.602535247802734
0.67138671875,-0.9595947265625,-0.5120849609375,-58.044429779052734,2.25830078125,42.419429779052734
0.8768310546875,-1.6378173828125,-0.38916015625,-43.273921966552734,-55.053707122802734,57.312007904052734
0.8992919921875,-1.809814453125,-0.346435546875,-12.084959983825684,-63.354488372802734,50.231929779052734
0.5872802734375,-1.1058349609375,-0.003173828125,61.279293060302734,-29.479978561401367,-15.808104515075684
0.067626953125,-0.472412109375,0.1253662109375,77.2705078125,-10.314940452575684,-23.498533248901367
-0.2457275390625,0.029296875,0.0789794921875,84.71678924560547,16.17431640625,3.051757574081421
0.031494140625,0.131591796875,-0.0859375,83.37401580810547,39.1845703125,30.395505905151367
0.3359375,-0.14208984375,-0.0955810546875,60.119625091552734,56.335445404052734,21.728513717651367
0.5263671875,-1.0223388671875,-0.0574951171875,13.427733421325684,74.15771484375,29.846189498901367
0.5289306640625,-2.1746826171875,0.2056884765625,-32.1044921875,70.068359375,42.236324310302734
0.4793701171875,-2.8162841796875,0.524658203125,-67.7490234375,46.752925872802734,86.05956268310547
0.4287109375,-2.5076904296875,0.479248046875,-74.21875,22.338865280151367,111.51122283935547
0.3160400390625,-1.4310302734375,0.236328125,-53.344722747802734,24.719236373901367,57.800289154052734
0.225830078125,-0.1273193359375,0.034912109375,-34.66796875,41.320796966552734,-28.137205123901367
0.230712890625,0.61328125,-0.11181640625,-20.385740280151367,27.038572311401367,-86.97509002685547
0.07861328125,0.43310546875,-0.157958984375,-11.230467796325684,-0.7934569716453552,-115.78368377685547
-0.0162353515625,-0.130615234375,0.001708984375,-14.709471702575684,-21.057126998901367,-119.38475799560547
0.334716796875,-0.55810546875,0.1002197265625,-31.188962936401367,-54.809566497802734,-44.616695404052734
0.67138671875,-0.9176025390625,-0.1055908203125,-50.415035247802734,-75.0732421875,37.78076171875
0.8331298828125,-1.4844970703125,-0.369140625,-60.180660247802734,-45.837398529052734,4.7607421875
1.07470703125,-2.0877685546875,-0.532470703125,-39.306640625,-12.512206077575684,-61.218257904052734
1.2149658203125,-2.17822265625,-0.64453125,10.253905296325684,-32.958984375,-56.762691497802734
1.0777587890625,-1.6622314453125,-0.5167236328125,49.133296966552734,-82.70262908935547,-41.992183685302734
0.53369140625,-0.90673828125,-0.022216796875,58.166500091552734,-108.33739471435547,-57.617183685302734
-0.2340087890625,-0.2027587890625,0.40185546875,79.833984375,-100.40282440185547,-40.0390625
-0.5537109375,0.210205078125,0.3455810546875,117.12645721435547,-52.734371185302734,33.69140625
-0.320556640625,0.1591796875,0.06298828125,114.62401580810547,21.972654342651367,98.87694549560547
0.029296875,-0.167236328125,-0.166748046875,80.01708984375,32.8369140625,105.46874237060547
0.38037109375,-0.5556640625,-0.2852783203125,52.917476654052734,-42.663570404052734,87.15819549560547
0.6417236328125,-0.9549560546875,-0.283935546875,32.5927734375,-95.45897674560547,76.23291015625
0.571044921875,-1.2879638671875,-0.284912109375,8.36181640625,-75.1953125,63.293453216552734
0.35546875,-1.4613037109375,-0.2408447265625,-2.0751953125,-34.36279296875,62.438961029052734
0.31103515625,-1.402587890625,-0.10888671875,13.610838890075684,-20.568845748901367,75.3173828125
0.1861572265625,-1.020263671875,-0.017822265625,-5.065917491912842,-97.41210174560547,25.756834030151367
0.1634521484375,-0.8223876953125,-0.0225830078125,-12.878417015075684,-120.97167205810547,1.8920897245407104
0.208740234375,-0.737548828125,-0.0235595703125,-12.695311546325684,-125.30516815185547,-10.253905296325684
0.278076171875,-0.8182373046875,0.0101318359375,-14.587401390075684,-123.35204315185547,-9.58251953125
0.326904296875,-0.93603515625,0.043701171875,-15.808104515075684,-126.09862518310547,2.38037109375
0.3052978515625,-0.9591064453125,0.0111083984375,-15.686034202575684,-140.93017578125,9.94873046875
0.226806640625,-0.9351806640625,-0.044677734375,-16.11328125,-156.55517578125,5.554198741912842
0.2083740234375,-0.9437255859375,-0.0233154296875,-18.00537109375,-163.14695739746094,-11.840819358825684
0.27001953125,-0.949951171875,0.003662109375,-19.53125,-168.15184020996094,-34.1796875
0.2828369140625,-0.942138671875,-0.03173828125,-18.06640625,-170.77635192871094,-51.452632904052734
0.215576171875,-0.9603271484375,-0.0595703125,-12.390135765075684,-153.74755859375,-57.556148529052734
0.117431640625,-1.015625,-0.0911865234375,-5.432128429412842,-118.59130096435547,-40.466304779052734
0.0390625,-1.0701904296875,-0.1546630859375,-0.1220703050494194,-87.46337127685547,-18.24951171875
0.01025390625,-1.0615234375,-0.21875,7.141112804412842,-74.3408203125,-21.789548873901367
0.0184326171875,-1.0125732421875,-0.2506103515625,16.78466796875,-79.1015625,-39.24560546875
0.0657958984375,-0.9830322265625,-0.2200927734375,23.010251998901367,-93.93309783935547,-51.269527435302734
0.20068359375,-0.9263916015625,-0.1397705078125,32.40966796875,-117.79784393310547,-33.50830078125
0.181884765625,-0.8836669921875,-0.156494140625,38.14697265625,-107.11669158935547,-11.169432640075684
0.15283203125,-0.88134765625,-0.17626953125,42.114253997802734,-86.36473846435547,-10.742186546325684
0.180419921875,-0.9259033203125,-0.1806640625,45.715328216552734,-74.70703125,-34.423828125
0.248779296875,-0.9775390625,-0.1685791015625,51.208492279052734,-76.96533203125,-63.293453216552734
0.3028564453125,-1.0001220703125,-0.1365966796875,60.852046966552734,-86.42577362060547,-78.125
0.336181640625,-0.9725341796875,-0.089599609375,72.8759765625,-100.15868377685547,-72.1435546875
0.3702392578125,-0.9056396484375,-0.0379638671875,80.93260955810547,-111.69432830810547,-50.842281341552734
0.4105224609375,-0.8531494140625,0.0081787109375,79.345703125,-108.03221893310547,-27.954099655151367
0.46240234375,-0.8284912109375,0.0498046875,69.76318359375,-85.63231658935547,-16.6015625
0.5029296875,-0.8197021484375,0.1011962890625,55.725093841552734,-52.612300872802734,-16.9677734375
0.495361328125,-0.8455810546875,0.1544189453125,38.87939453125,-17.51708984375,-18.310546875
0.464599609375,-0.9022216796875,0.192626953125,23.925779342651367,11.474608421325684,-16.9677734375
0.4583740234375,-0.9471435546875,0.2158203125,16.357421875,20.690916061401367,-18.12744140625
0.493896484375,-0.9542236328125,0.2264404296875,15.991209983825684,9.46044921875,-21.057126998901367
0.53515625,-0.9149169921875,0.2257080078125,17.76123046875,-5.0048828125,-22.033689498901367
0.5379638671875,-0.8428955078125,0.2100830078125,16.357421875,-7.385253429412842,-17.51708984375
0.509765625,-0.7823486328125,0.1888427734375,10.009765625,3.112792730331421,-4.5166015625
0.4842529296875,-0.763671875,0.1861572265625,2.01416015625,13.183592796325684,9.3994140625
0.490478515625,-0.790771484375,0.2061767578125,-0.2441406100988388,7.568358898162842,10.803221702575684
0.5274658203125,-0.845947265625,0.2359619140625,7.751464366912842,-18.12744140625,-5.615233898162842
0.5595703125,-0.892333984375,0.26220703125,22.705076217651367,-53.100582122802734,-28.625486373901367
0.5950927734375,-0.9361572265625,0.2445068359375,41.870113372802734,-88.13475799560547,-42.419429779052734
0.59765625,-0.9202880859375,0.1920166015625,61.706539154052734,-120.30028533935547,-22.583005905151367
0.537841796875,-0.798095703125,0.17333984375,70.00732421875,-137.26806640625,37.04833984375
0.5220947265625,-0.753662109375,0.1751708984375,56.823726654052734,-113.89159393310547,71.47216796875
0.568115234375,-0.8565673828125,0.1265869140625,25.268552780151367,-41.809078216552734,40.710445404052734
0.561767578125,-0.89111328125,0.02490234375,-10.314940452575684,40.222164154052734,-2.807616949081421
0.500244140625,-0.7723388671875,-0.0748291015625,-31.249998092651367,57.373043060302734,-9.82666015625
0.333740234375,-1.1160888671875,0.00830078125,2.624511480331421,-18.37158203125,0.0610351525247097
0.30859375,-0.998046875,0.08837890625,37.109375,-73.6083984375,16.845703125
0.4334716796875,-0.838623046875,0.1473388671875,57.617183685302734,-106.62841033935547,7.507323741912842
0.5068359375,-0.7489013671875,0.1334228515625,45.227046966552734,-79.1015625,2.685546636581421
0.456787109375,-0.77587890625,0.052978515625,13.061522483825684,-6.591796398162842,15.991209983825684
0.3623046875,-0.877685546875,-0.0235595703125,-10.131834983825684,45.471187591552734,25.939939498901367
0.3084716796875,-0.9603271484375,-0.0277099609375,-9.46044921875,33.69140625,31.555173873901367
0.3255615234375,-0.9727783203125,0.0240478515625,6.225585460662842,-15.075682640075684,39.1845703125
0.3663330078125,-0.9122314453125,0.080322265625,16.7236328125,-46.569820404052734,39.36767578125
0.3682861328125,-0.867431640625,0.1650390625,11.413573265075684,-34.11865234375,19.4091796875
0.30859375,-0.8387451171875,0.19580078125,-3.601073980331421,4.8828125,6.835937023162842
0.0252685546875,-0.5299072265625,-0.006103515625,-16.29638671875,20.202634811401367,92.46825408935547
-0.04541015625,-0.3594970703125,-0.0491943359375,-21.057126998901367,21.240232467651367,93.81102752685547
-0.019775390625,-0.28076171875,-0.0665283203125,-30.822751998901367,37.9638671875,49.072261810302734
0.0174560546875,-0.3271484375,-0.073974609375,-33.14208984375,64.697265625,11.840819358825684
0.1551513671875,-0.6978759765625,-0.0008544921875,-21.362302780151367,87.58544158935547,-4.5166015625
0.4527587890625,-1.4427490234375,0.0950927734375,-12.451170921325684,78.91845703125,0.8544921278953552
0.3233642578125,-2.36962890625,0.2525634765625,-10.620116233825684,30.334470748901367,59.753414154052734
0.125,-2.4541015625,0.49365234375,29.357908248901367,-54.565425872802734,99.36522674560547
0.282470703125,-1.6488037109375,0.520263671875,61.401363372802734,-104.85839080810547,61.157222747802734
0.1593017578125,-1.06396484375,0.3514404296875,26.855466842651367,-28.015134811401367,57.189937591552734
-0.1514892578125,-0.670166015625,0.173828125,-8.11767578125,97.04589080810547,91.49169158935547
-0.203125,-0.40087890625,0.018310546875,-14.648436546325684,131.34765625,61.096187591552734
-0.1419677734375,-0.7052001953125,-0.0408935546875,-17.08984375,29.846189498901367,-50.170894622802734
-0.2401123046875,-0.961181640625,0.1173095703125,-10.803221702575684,-24.047849655151367,-47.607418060302734
-0.1102294921875,-0.9307861328125,0.2259521484375,-2.685546636581421,-101.13524627685547,-21.789548873901367
0.10498046875,-0.6572265625,0.223388671875,3.540038824081421,-149.7802734375,-9.27734375
0.1824951171875,-0.3082275390625,0.1077880859375,7.751464366912842,-114.37987518310547,-8.9111328125
0.1572265625,-0.109375,-0.0687255859375,-1.5869139432907104,-19.53125,22.216794967651367
0.0596923828125,-0.3531494140625,-0.26416015625,-20.507810592651367,45.959468841552734,77.880859375
-0.3990478515625,-1.3734130859375,-0.349365234375,-33.14208984375,18.1884765625,121.82616424560547
-0.24072265625,-2.6834716796875,-0.0325927734375,-32.04345703125,-81.48192596435547,-21.118162155151367
0.3814697265625,-2.7489013671875,0.1392822265625,-7.751464366912842,-143.73779296875,-220.88621520996094
0.099365234375,-1.492919921875,0.0482177734375,36.62109375,-62.805171966552734,-145.263671875
-0.465576171875,-0.3958740234375,-0.007568359375,44.555660247802734,89.53856658935547,49.072261810302734
-0.5704345703125,-0.0877685546875,-0.0635986328125,2.25830078125,128.173828125,93.26171112060547
0.2490234375,-0.3082275390625,0.2418212890625,-1.8310545682907104,-72.57080078125,-102.29491424560547
0.3883056640625,-0.1075439453125,0.1207275390625,-6.164550304412842,-39.12353515625,-80.74950408935547
0.369384765625,-0.078125,-0.0880126953125,-27.221677780151367,94.17723846435547,-19.59228515625
0.3275146484375,-0.5626220703125,-0.25830078125,-47.973628997802734,194.33592224121094,32.04345703125
0.0670166015625,-1.863037109375,-0.3050537109375,-68.7255859375,208.55711364746094,67.93212890625
0.1448974609375,-2.909912109375,0.072998046875,-41.137691497802734,146.6064453125,14.221190452575684
-0.0074462890625,-1.2623291015625,0.1082763671875,54.626461029052734,-33.14208984375,1.03759765625
-0.6448974609375,-0.40576171875,0.0596923828125,30.151365280151367,-62.622066497802734,104.91942596435547
-0.4752197265625,-0.3607177734375,0.252197265625,-10.559081077575684,-150.69580078125,87.03612518310547
0.1856689453125,-0.5516357421875,0.361083984375,-20.507810592651367,-193.11521911621094,-24.169919967651367
0.641357421875,-0.3946533203125,0.26318359375,-1.5258787870407104,-105.71288299560547,-133.72802734375
0.451904296875,0.0372314453125,-0.107177734375,3.784179449081421,64.39208984375,-150.81787109375
0.076416015625,0.1861572265625,-0.3095703125,-24.108884811401367,231.56736755371094,-63.110347747802734
0.1502685546875,-0.4146728515625,-0.250244140625,-62.499996185302734,276.79443359375,41.503902435302734
0.2384033203125,-1.90673828125,-0.0501708984375,-54.626461029052734,138.671875,98.87694549560547
0.5281982421875,-3.2059326171875,0.2955322265625,4.08935546875,-27.343748092651367,42.114253997802734
0.89404296875,-2.9443359375,0.290771484375,40.954586029052734,4.8828125,-38.0859375
0.411376953125,-1.662841796875,0.047119140625,36.80419921875,137.39013671875,-21.118162155151367
-0.156982421875,-0.7867431640625,0.0501708984375,17.02880859375,152.28271484375,13.488768577575684
-0.0714111328125,-0.565673828125,0.166748046875,-5.310058116912842,68.4814453125,13.183592796325684
0.1978759765625,-0.5635986328125,0.1259765625,-14.404295921325684,21.240232467651367,4.33349609375
0.193603515625,-0.603271484375,-0.0594482421875,-20.01953125,58.898921966552734,-6.286620616912842
0.053466796875,-0.6600341796875,-0.1904296875,-26.000974655151367,114.92919158935547,-10.986327171325684
0.0906982421875,-0.8157958984375,-0.0355224609375,-23.010251998901367,109.25292205810547,-4.8828125
0.26806640625,-0.986083984375,0.197998046875,-9.58251953125,28.259275436401367,-2.0751953125
0.3402099609375,-1.046630859375,0.2427978515625,9.8876953125,-70.00732421875,-17.08984375
0.2783203125,-1.025390625,0.252685546875,25.634763717651367,-123.41307830810547,-37.841796875
0.240966796875,-0.924072265625,0.290771484375,30.273435592651367,-126.28173065185547,-36.865234375
0.2950439453125,-0.8499755859375,0.306640625,25.390623092651367,-111.69432830810547,-30.273435592651367
0.3494873046875,-0.8721923828125,0.2923583984375,12.756346702575684,-78.67431640625,-38.51318359375
0.35546875,-0.949951171875,0.2645263671875,-3.784179449081421,-19.775390625,-48.461910247802734
0.344970703125,-0.9879150390625,0.2264404296875,-18.73779296875,41.503902435302734,-50.292964935302734
0.333251953125,-0.9515380859375,0.191162109375,-33.99658203125,85.44921112060547,-49.072261810302734
0.331298828125,-0.915283203125,0.192138671875,-52.490230560302734,115.05126190185547,-48.278804779052734
0.3662109375,-0.896728515625,0.225341796875,-65.49072265625,126.09862518310547,-49.377437591552734
0.40478515625,-0.8577880859375,0.2559814453125,-68.7255859375,118.89647674560547,-43.701168060302734
0.4013671875,-0.823974609375,0.25732421875,-66.34521484375,106.87255096435547,-22.216794967651367
0.3790283203125,-0.8267822265625,0.2513427734375,-57.495113372802734,84.28954315185547,-5.310058116912842
0.373779296875,-0.865478515625,0.26123046875,-43.151851654052734,45.715328216552734,-7.324218273162842
0.4144287109375,-0.9315185546875,0.2691650390625,-26.062009811401367,0.4272460639476776,-20.446775436401367
0.5040283203125,-1.0340576171875,0.2352294921875,-8.48388671875,-43.090816497802734,-37.4755859375
0.501953125,-1.214111328125,0.1717529296875,6.286620616912842,-67.19970703125,-34.60693359375
0.489501953125,-1.2464599609375,0.110595703125,18.85986328125,-65.85693359375,3.967284917831421
0.5252685546875,-1.024658203125,-0.0296630859375,22.766111373901367,-24.108884811401367,46.203609466552734
0.4580078125,-0.793701171875,-0.2054443359375,9.70458984375,60.302730560302734,66.5283203125
0.35791015625,-0.7412109375,-0.3470458984375,-23.193357467651367,132.568359375,62.744136810302734
0.419189453125,-0.8902587890625,-0.3853759765625,-57.373043060302734,135.55908203125,21.667478561401367
0.5439453125,-1.0845947265625,-0.2442626953125,-60.729976654052734,86.42577362060547,-24.963376998901367
0.4283447265625,-1.0797119140625,-0.1280517578125,-40.893550872802734,43.212886810302734,-6.835937023162842
0.1312255859375,-0.878662109375,-0.1680908203125,-25.390623092651367,18.4326171875,64.14794921875
-0.0150146484375,-0.809326171875,-0.2113037109375,-3.295898199081421,-38.9404296875,55.541988372802734
0.010986328125,-0.8804931640625,-0.0894775390625,5.554198741912842,-58.105464935302734,13.732909202575684
0.0162353515625,-0.8394775390625,-0.0732421875,2.990722417831421,-47.790523529052734,-1.8310545682907104
0.0496826171875,-0.7386474609375,-0.14404296875,0.9155272841453552,-30.395505905151367,8.85009765625
-0.0654296875,-0.8380126953125,-0.08056640625,6.713866710662842,-14.709471702575684,33.50830078125
-0.313720703125,-1.196533203125,0.000732421875,7.690429210662842,23.498533248901367,67.68798828125
-0.2451171875,-1.494140625,-0.078369140625,12.329100608825684,29.541013717651367,80.32225799560547
0.123291015625,-1.41064453125,-0.21044921875,32.77587890625,-10.253905296325684,41.748043060302734
0.3309326171875,-1.046630859375,-0.2354736328125,46.508785247802734,-22.399900436401367,6.225585460662842
0.279296875,-0.6680908203125,-0.2158203125,32.53173828125,-13.183592796325684,14.953612327575684
0.2034912109375,-0.6246337890625,-0.1719970703125,5.249022960662842,-28.381345748901367,15.869139671325684
0.13818359375,-0.9345703125,-0.0296630859375,-11.413573265075684,-58.959957122802734,-34.11865234375
0.1331787109375,-1.1923828125,0.1029052734375,-3.601073980331421,-69.091796875,-88.07372283935547
0.188232421875,-1.1798095703125,0.060546875,21.789548873901367,-53.222652435302734,-84.28954315185547
0.1533203125,-0.9722900390625,-0.002197265625,39.0625,-54.260250091552734,-37.2314453125
0.078369140625,-0.825927734375,0.06103515625,35.58349609375,-83.55712127685547,-5.554198741912842
0.035400390625,-0.860107421875,0.1328125,21.667478561401367,-94.23827362060547,-0.1831054538488388
-0.0230712890625,-0.9837646484375,0.1466064453125,8.7890625,-79.2236328125,1.0986328125
-0.0677490234375,-1.103515625,0.132080078125,3.906249761581421,-61.706539154052734,7.751464366912842
-0.074951171875,-1.1805419921875,0.065185546875,8.7890625,-47.485347747802734,18.798828125
-0.0084228515625,-1.230224609375,-0.044921875,13.000487327575684,-38.51318359375,27.954099655151367
0.241455078125,-1.3170166015625,-0.0919189453125,11.657713890075684,-37.2314453125,20.690916061401367
0.528564453125,-1.3060302734375,-0.114990234375,9.521484375,-35.400390625,-1.0986328125
0.52685546875,-1.0107421875,-0.195556640625,6.286620616912842,-36.2548828125,7.385253429412842
0.066162109375,-0.789306640625,0.0,5.981444835662842,-85.14403533935547,29.907224655151367
-0.01171875,-0.937744140625,0.197509765625,20.507810592651367,-87.82958221435547,9.3994140625
0.0001220703125,-0.9642333984375,0.2728271484375,25.878904342651367,-59.692378997802734,18.37158203125
-0.0120849609375,-0.886474609375,0.207275390625,16.05224609375,-20.996091842651367,34.7900390625
-0.055908203125,-0.856201171875,0.0760498046875,-0.0,11.169432640075684,36.68212890625
-0.099853515625,-0.9031982421875,-0.028564453125,-16.29638671875,17.578125,31.982419967651367
-0.0845947265625,-0.91845703125,-0.12646484375,-25.512693405151367,0.4272460639476776,30.395505905151367
-0.14892578125,-0.9481201171875,-0.2545166015625,-25.695798873901367,-18.9208984375,25.390623092651367
-0.3031005859375,-1.093017578125,-0.2679443359375,-21.057126998901367,-33.38623046875,15.991209983825684
-0.2586669921875,-1.2635498046875,-0.0858154296875,-6.286620616912842,-53.955074310302734,15.258788108825684
0.0185546875,-1.2427978515625,0.111328125,13.977049827575684,-71.044921875,17.27294921875
0.2591552734375,-0.98193359375,0.182373046875,16.845703125,-60.974117279052734,6.835937023162842
0.242919921875,-0.744140625,0.1109619140625,-1.5258787870407104,-30.517576217651367,-7.080077648162842
0.095947265625,-0.9019775390625,-0.03564453125,-21.911619186401367,-7.995604991912842,-22.216794967651367
0.0223388671875,-1.197265625,-0.1082763671875,-24.108884811401367,-12.451170921325684,-43.090816497802734
0.0089111328125,-1.132080078125,-0.1033935546875,-14.099120140075684,-30.090330123901367,-42.419429779052734
0.014404296875,-0.8819580078125,-0.067138671875,-6.164550304412842,-50.476070404052734,-22.766111373901367
0.0491943359375,-0.74267578125,0.0224609375,0.30517578125,-71.2890625,-20.324705123901367
0.0560302734375,-0.7587890625,0.15185546875,4.638671875,-76.47705078125,-28.686521530151367
-0.0126953125,-0.8521728515625,0.2698974609375,5.493163585662842,-62.561031341552734,-20.263669967651367
-0.1043701171875,-0.9925537109375,0.307861328125,3.356933355331421,-42.602535247802734,-0.2441406100988388
-0.105712890625,-1.16650390625,0.2923583984375,0.7324218153953552,-26.916501998901367,11.169432640075684
-0.06298828125,-1.365234375,0.2430419921875,5.676269054412842,-13.671874046325684,14.038084983825684
0.06591796875,-1.515625,0.12158203125,16.2353515625,2.3193359375,14.953612327575684
0.308349609375,-1.4068603515625,-0.0162353515625,21.728513717651367,7.202147960662842,2.38037109375
