0.2874755859375,-0.9171142578125,0.29248046875,-0.2441406100988388,5.981444835662842,-5.859374523162842
0.2938232421875,-0.9140625,0.2967529296875,-1.6479490995407104,8.85009765625,-6.958007335662842
0.2989501953125,-0.910400390625,0.299072265625,-2.746581792831421,10.681151390075684,-7.446288585662842
0.30224609375,-0.9110107421875,0.28955078125,-4.0283203125,13.183592796325684,-8.1787109375
0.3060302734375,-0.9122314453125,0.2861328125,-5.310058116912842,14.892577171325684,-9.3994140625
0.310546875,-0.9122314453125,0.289794921875,-6.103515148162842,15.441893577575684,-10.681151390075684
0.3133544921875,-0.913818359375,0.2867431640625,-6.713866710662842,16.845703125,-11.291502952575684
0.318603515625,-0.9171142578125,0.280517578125,-6.713866710662842,17.7001953125,-10.437010765075684
0.3233642578125,-0.9154052734375,0.2784423828125,-5.737304210662842,16.05224609375,-7.995604991912842
0.3258056640625,-0.9039306640625,0.2852783203125,-3.356933355331421,9.8876953125,-5.432128429412842
0.328125,-0.90380859375,0.28515625,-3.295898199081421,9.21630859375,-6.652831554412842
0.3302001953125,-0.9052734375,0.281494140625,-3.601073980331421,9.765625,-7.568358898162842
0.3328857421875,-0.9080810546875,0.2783203125,-3.845214605331421,10.253905296325684,-7.568358898162842
0.3348388671875,-0.909423828125,0.275634765625,-3.845214605331421,10.192870140075684,-7.080077648162842
0.333984375,-0.9095458984375,0.2747802734375,-3.295898199081421,9.58251953125,-6.042479991912842
0.3321533203125,-0.909912109375,0.2811279296875,-2.25830078125,8.30078125,-4.94384765625
0.3311767578125,-0.9090576171875,0.290283203125,-1.0986328125,7.385253429412842,-4.2724609375
0.331298828125,-0.90673828125,0.2991943359375,-0.4272460639476776,8.4228515625,-4.0283203125
0.3372802734375,-0.91015625,0.3074951171875,-0.4272460639476776,12.390135765075684,-4.2724609375
0.3389892578125,-0.9169921875,0.3046875,-1.220703125,19.6533203125,-3.906249761581421
0.325439453125,-0.9149169921875,0.29833984375,-2.13623046875,25.451658248901367,-2.197265625
0.3140869140625,-0.90576171875,0.302734375,-1.8920897245407104,24.414060592651367,-1.6479490995407104
0.3175048828125,-0.9014892578125,0.3092041015625,-0.4272460639476776,17.63916015625,-2.807616949081421
0.3233642578125,-0.9033203125,0.3050537109375,1.5258787870407104,9.82666015625,-1.4648436307907104
0.3231201171875,-0.90673828125,0.2994384765625,3.234863042831421,3.234863042831421,3.234863042831421
0.318603515625,-0.90673828125,0.3043212890625,4.0283203125,-2.38037109375,8.1787109375
0.310302734375,-0.900390625,0.3076171875,3.479003667831421,-6.774901866912842,10.925292015075684
0.3035888671875,-0.8990478515625,0.287109375,1.0986328125,-14.099120140075684,9.33837890625
0.310546875,-0.909912109375,0.2861328125,1.15966796875,-20.141599655151367,7.202147960662842
0.31494140625,-0.912109375,0.2940673828125,1.5869139432907104,-24.658201217651367,6.408690929412842
0.3134765625,-0.906005859375,0.302001953125,1.3427733182907104,-23.986814498901367,6.774901866912842
0.306640625,-0.9024658203125,0.3056640625,0.1220703050494194,-18.1884765625,6.408690929412842
0.3035888671875,-0.906494140625,0.304443359375,-1.8310545682907104,-10.742186546325684,3.845214605331421
0.3052978515625,-0.912353515625,0.3001708984375,-3.356933355331421,-7.019042491912842,0.9155272841453552
0.30712890625,-0.9156494140625,0.2991943359375,-3.417968511581421,-8.36181640625,0.7324218153953552
0.308837890625,-0.9158935546875,0.299072265625,-2.624511480331421,-10.437010765075684,2.50244140625
0.309326171875,-0.9119873046875,0.2864990234375,-2.13623046875,-9.27734375,3.295898199081421
0.310791015625,-0.9083251953125,0.2625732421875,-2.197265625,-5.859374523162842,1.5258787870407104
0.3126220703125,-0.910400390625,0.241943359375,-2.0751953125,-3.540038824081421,-1.7089842557907104
0.3165283203125,-0.917236328125,0.2288818359375,-1.220703125,-3.784179449081421,-4.5166015625
0.32275390625,-0.9228515625,0.2264404296875,1.03759765625,-7.568358898162842,-4.7607421875
0.3243408203125,-0.924072265625,0.2393798828125,4.8828125,-15.136717796325684,-1.4648436307907104
0.3194580078125,-0.9190673828125,0.254638671875,8.30078125,-21.789548873901367,3.173827886581421
0.3123779296875,-0.911865234375,0.26513671875,9.3994140625,-24.108884811401367,5.859374523162842
0.3099365234375,-0.910400390625,0.272705078125,8.1787109375,-22.827146530151367,5.310058116912842
0.3133544921875,-0.9144287109375,0.2716064453125,5.737304210662842,-18.73779296875,3.173827886581421
0.315185546875,-0.919677734375,0.265380859375,4.150390625,-14.465331077575684,2.13623046875
0.31494140625,-0.9256591796875,0.267822265625,4.57763671875,-13.183592796325684,2.50244140625
0.3133544921875,-0.9268798828125,0.2779541015625,5.859374523162842,-13.732909202575684,3.417968511581421
0.3131103515625,-0.9197998046875,0.28271484375,6.408690929412842,-13.549803733825684,4.21142578125
0.315185546875,-0.9117431640625,0.283203125,6.042479991912842,-11.901854515075684,4.2724609375
0.3145751953125,-0.9063720703125,0.2857666015625,4.8828125,-8.60595703125,3.051757574081421
0.3131103515625,-0.9041748046875,0.291748046875,3.234863042831421,-3.662109136581421,0.4272460639476776
0.31494140625,-0.903564453125,0.290771484375,1.4038084745407104,2.44140625,-2.44140625
0.3206787109375,-0.9046630859375,0.2799072265625,-0.2441406100988388,7.690429210662842,-4.150390625
0.3260498046875,-0.905517578125,0.27587890625,-1.2817381620407104,10.009765625,-4.638671875
0.3248291015625,-0.8995361328125,0.2850341796875,-1.7089842557907104,10.864256858825684,-5.065917491912842
0.328857421875,-0.890625,0.2918701171875,-2.44140625,14.160155296325684,-6.347655773162842
0.341064453125,-0.89794921875,0.273681640625,-5.249022960662842,21.789548873901367,-8.11767578125
0.34716796875,-0.9124755859375,0.244140625,-9.82666015625,28.137205123901367,-10.803221702575684
0.3331298828125,-0.9129638671875,0.2447509765625,-12.145995140075684,25.695798873901367,-13.305663108825684
0.30419921875,-0.905029296875,0.28076171875,-10.192870140075684,17.333984375,-12.451170921325684
0.2979736328125,-0.9024658203125,0.315185546875,-7.446288585662842,13.854979515075684,-9.3994140625
0.330810546875,-0.912353515625,0.3203125,-8.23974609375,20.935056686401367,-8.11767578125
0.3682861328125,-0.912353515625,0.292724609375,-12.023924827575684,33.0810546875,-10.131834983825684
0.3651123046875,-0.8939208984375,0.259521484375,-14.831542015075684,39.24560546875,-14.587401390075684
0.335205078125,-0.874755859375,0.2589111328125,-15.258788108825684,36.31591796875,-20.080564498901367
0.3377685546875,-0.8717041015625,0.2855224609375,-14.648436546325684,31.127927780151367,-24.353025436401367
0.3817138671875,-0.88818359375,0.300048828125,-15.502928733825684,32.1044921875,-26.000974655151367
0.4161376953125,-0.8983154296875,0.2894287109375,-17.39501953125,37.65869140625,-24.841306686401367
0.40869140625,-0.883544921875,0.2823486328125,-17.4560546875,38.9404296875,-21.972654342651367
0.3831787109375,-0.85791015625,0.2950439453125,-15.808104515075684,35.5224609375,-20.507810592651367
0.383056640625,-0.8524169921875,0.3018798828125,-14.953612327575684,34.3017578125,-21.911619186401367
0.42138671875,-0.8782958984375,0.292236328125,-17.08984375,40.10009765625,-23.681638717651367
0.4539794921875,-0.905517578125,0.2882080078125,-20.629880905151367,47.485347747802734,-23.498533248901367
0.44873046875,-0.908203125,0.2930908203125,-22.033689498901367,47.729488372802734,-20.385740280151367
0.426513671875,-0.8922119140625,0.2926025390625,-21.057126998901367,41.748043060302734,-16.29638671875
0.400634765625,-0.876220703125,0.292724609375,-18.61572265625,32.5927734375,-11.596678733825684
0.3863525390625,-0.8748779296875,0.30908203125,-14.770506858825684,21.545408248901367,-4.21142578125
0.3985595703125,-0.8873291015625,0.3380126953125,-11.169432640075684,13.732909202575684,4.08935546875
0.415771484375,-0.9072265625,0.3466796875,-9.82666015625,13.427733421325684,11.230467796325684
0.428955078125,-0.927734375,0.310302734375,-11.657713890075684,21.118162155151367,12.329100608825684
0.4412841796875,-0.9359130859375,0.250732421875,-12.634276390075684,24.169919967651367,6.164550304412842
0.4234619140625,-0.904541015625,0.2037353515625,-9.33837890625,11.169432640075684,5.0048828125
0.3857421875,-0.8572998046875,0.1883544921875,-6.103515148162842,-6.591796398162842,12.817381858825684
0.3656005859375,-0.8519287109375,0.190185546875,-6.591796398162842,-14.160155296325684,18.12744140625
0.3563232421875,-0.879150390625,0.1864013671875,-8.36181640625,-11.779784202575684,17.15087890625
0.351318359375,-0.906494140625,0.1820068359375,-7.873534679412842,-8.72802734375,13.305663108825684
0.353515625,-0.9185791015625,0.17333984375,-4.57763671875,-10.437010765075684,8.7890625
0.352294921875,-0.91357421875,0.1619873046875,-0.1831054538488388,-15.747069358825684,6.713866710662842
0.3409423828125,-0.9091796875,0.1759033203125,5.0048828125,-23.864744186401367,9.33837890625
0.3302001953125,-0.9176025390625,0.19140625,9.765625,-29.968259811401367,13.549803733825684
0.3258056640625,-0.932861328125,0.175048828125,11.047362327575684,-28.930662155151367,13.793944358825684
0.3226318359375,-0.9395751953125,0.1474609375,8.36181640625,-25.268552780151367,10.009765625
0.3175048828125,-0.938720703125,0.134521484375,4.57763671875,-24.780271530151367,6.652831554412842
0.314697265625,-0.9434814453125,0.140380859375,2.746581792831421,-28.198240280151367,5.126952648162842
0.314453125,-0.9556884765625,0.1473388671875,4.0283203125,-34.1796875,4.94384765625
0.31494140625,-0.96240234375,0.147705078125,7.629394054412842,-41.076656341552734,6.103515148162842
0.3125,-0.9522705078125,0.1505126953125,12.084959983825684,-47.607418060302734,8.544921875
0.3009033203125,-0.9365234375,0.162353515625,15.624999046325684,-49.743648529052734,10.925292015075684
0.2894287109375,-0.93017578125,0.1785888671875,17.27294921875,-45.288082122802734,11.413573265075684
0.2847900390625,-0.93896484375,0.1881103515625,18.49365234375,-39.0625,11.474608421325684
0.26953125,-0.9541015625,0.194091796875,24.475095748901367,-41.809078216552734,20.385740280151367
0.2620849609375,-0.951416015625,0.20361328125,27.160642623901367,-47.546382904052734,25.756834030151367
0.2554931640625,-0.9521484375,0.208984375,27.404783248901367,-48.583980560302734,27.526853561401367
0.2501220703125,-0.9495849609375,0.2169189453125,26.000974655151367,-46.203609466552734,26.184080123901367
0.244873046875,-0.9384765625,0.2303466796875,23.498533248901367,-42.968746185302734,24.047849655151367
0.238525390625,-0.9315185546875,0.240478515625,19.22607421875,-36.4990234375,20.996091842651367
0.2340087890625,-0.9371337890625,0.23583984375,14.221190452575684,-28.015134811401367,16.29638671875
0.2308349609375,-0.9495849609375,0.228271484375,11.169432640075684,-23.559568405151367,12.268065452575684
0.228271484375,-0.950927734375,0.2410888671875,10.620116233825684,-26.000974655151367,11.840819358825684
0.2232666015625,-0.942138671875,0.250244140625,10.070799827575684,-27.648923873901367,13.427733421325684
0.2147216796875,-0.9437255859375,0.2364501953125,7.568358898162842,-23.620603561401367,14.343260765075684
0.21728515625,-0.9541015625,0.2413330078125,5.187987804412842,-24.047849655151367,14.221190452575684
0.2255859375,-0.9486083984375,0.2784423828125,2.990722417831421,-30.456541061401367,13.061522483825684
0.2169189453125,-0.9322509765625,0.301513671875,-1.220703125,-27.038572311401367,9.58251953125
0.20556640625,-0.9295654296875,0.283447265625,-5.737304210662842,-9.70458984375,2.685546636581421
0.2330322265625,-0.93896484375,0.2457275390625,-6.652831554412842,15.380858421325684,-10.009765625
0.249267578125,-0.9337158203125,0.2373046875,-6.530761241912842,19.71435546875,-12.817381858825684
0.26123046875,-0.9283447265625,0.2259521484375,-8.056640625,25.024412155151367,-15.441893577575684
0.2734375,-0.93017578125,0.223876953125,-9.33837890625,28.137205123901367,-18.06640625
0.29052734375,-0.93212890625,0.2281494140625,-9.09423828125,25.939939498901367,-20.01953125
0.3094482421875,-0.9315185546875,0.225830078125,-7.202147960662842,19.95849609375,-20.080564498901367
0.3216552734375,-0.930908203125,0.21875,-3.845214605331421,11.779784202575684,-15.197752952575684
0.3316650390625,-0.935302734375,0.2242431640625,1.0986328125,0.9155272841453552,-6.347655773162842
0.345458984375,-0.9434814453125,0.2408447265625,6.286620616912842,-10.681151390075684,1.9531248807907104
0.350830078125,-0.947265625,0.2454833984375,7.568358898162842,-14.221190452575684,6.530761241912842
0.33642578125,-0.9393310546875,0.23193359375,3.295898199081421,-7.324218273162842,6.225585460662842
0.3187255859375,-0.9256591796875,0.222900390625,-2.13623046875,-0.4272460639476776,3.601073980331421
0.32275390625,-0.918701171875,0.241455078125,-3.662109136581421,-1.7089842557907104,1.3427733182907104
0.34033203125,-0.9190673828125,0.2720947265625,-1.5258787870407104,-7.507323741912842,0.0610351525247097
0.3455810546875,-0.9212646484375,0.281005859375,1.2817381620407104,-10.437010765075684,1.15966796875
0.3389892578125,-0.9185791015625,0.2703857421875,4.0283203125,-11.779784202575684,4.57763671875
0.3299560546875,-0.912353515625,0.2672119140625,6.164550304412842,-15.319823265075684,6.958007335662842
0.3212890625,-0.9141845703125,0.27783203125,6.896972179412842,-18.4326171875,6.835937023162842
0.3070068359375,-0.9207763671875,0.2835693359375,6.286620616912842,-16.845703125,6.652831554412842
0.29248046875,-0.926513671875,0.277099609375,5.493163585662842,-11.474608421325684,6.835937023162842
0.2872314453125,-0.93017578125,0.2708740234375,5.432128429412842,-6.286620616912842,5.859374523162842
0.2821044921875,-0.928466796875,0.263671875,4.39453125,-0.7324218153953552,4.5166015625
0.2744140625,-0.9298095703125,0.2437744140625,1.220703125,7.385253429412842,3.356933355331421
0.2640380859375,-0.937744140625,0.2208251953125,-2.197265625,14.282225608825684,2.685546636581421
0.25244140625,-0.944580078125,0.21435546875,-3.784179449081421,14.221190452575684,2.746581792831421
0.24462890625,-0.952392578125,0.2237548828125,-4.33349609375,10.803221702575684,1.7089842557907104
0.2403564453125,-0.958251953125,0.2344970703125,-5.310058116912842,10.559081077575684,-0.4272460639476776
0.2366943359375,-0.9527587890625,0.239990234375,-6.469726085662842,12.145995140075684,-2.01416015625
0.232666015625,-0.944580078125,0.2427978515625,-6.652831554412842,12.634276390075684,-2.624511480331421
0.2276611328125,-0.9417724609375,0.243896484375,-6.286620616912842,13.977049827575684,-2.868652105331421
0.224609375,-0.94140625,0.2430419921875,-5.981444835662842,17.2119140625,-3.417968511581421
0.223388671875,-0.9410400390625,0.239501953125,-6.042479991912842,20.874021530151367,-4.39453125
0.2237548828125,-0.941650390625,0.2369384765625,-6.286620616912842,24.658201217651367,-5.493163585662842
0.2275390625,-0.9434814453125,0.2406005859375,-6.286620616912842,27.832029342651367,-6.591796398162842
0.2333984375,-0.945556640625,0.2431640625,-6.225585460662842,30.822751998901367,-7.629394054412842
0.240234375,-0.9451904296875,0.2373046875,-6.591796398162842,34.85107421875,-8.7890625
0.2489013671875,-0.9449462890625,0.227783203125,-7.019042491912842,39.00146484375,-10.131834983825684
0.256591796875,-0.947265625,0.222412109375,-7.385253429412842,41.931148529052734,-11.474608421325684
0.2613525390625,-0.948486328125,0.2196044921875,-7.873534679412842,43.640132904052734,-13.122557640075684
0.2686767578125,-0.9486083984375,0.21142578125,-8.60595703125,44.860836029052734,-15.319823265075684
0.2784423828125,-0.9482421875,0.1981201171875,-9.33837890625,45.410152435302734,-17.39501953125
0.285400390625,-0.9478759765625,0.186279296875,-9.765625,43.945308685302734,-18.49365234375
0.2908935546875,-0.947021484375,0.1741943359375,-9.27734375,39.24560546875,-18.1884765625
0.29443359375,-0.9464111328125,0.1627197265625,-8.30078125,32.2265625,-17.333984375
0.294189453125,-0.9473876953125,0.16357421875,-8.056640625,26.123044967651367,-16.11328125
0.2960205078125,-0.9490966796875,0.169189453125,-8.11767578125,21.606443405151367,-14.160155296325684
0.3040771484375,-0.9512939453125,0.1632080078125,-6.591796398162842,15.869139671325684,-11.718749046325684
0.3123779296875,-0.9520263671875,0.1505126953125,-4.0283203125,8.30078125,-8.6669921875
0.3148193359375,-0.9453125,0.1654052734375,0.4882812201976776,-9.1552734375,-0.4882812201976776
0.3099365234375,-0.9403076171875,0.1806640625,2.990722417831421,-17.333984375,3.723144292831421
0.3070068359375,-0.93896484375,0.1864013671875,5.737304210662842,-23.925779342651367,7.141112804412842
0.309326171875,-0.937744140625,0.1864013671875,8.30078125,-29.418943405151367,9.765625
0.3099365234375,-0.93505859375,0.183837890625,10.375975608825684,-33.935546875,12.145995140075684
0.3082275390625,-0.9334716796875,0.184814453125,11.962889671325684,-38.14697265625,13.977049827575684
0.3077392578125,-0.932861328125,0.1937255859375,13.244627952575684,-42.358394622802734,15.014647483825684
0.3060302734375,-0.9327392578125,0.2052001953125,14.038084983825684,-45.593257904052734,15.686034202575684
0.30078125,-0.932861328125,0.218017578125,14.526366233825684,-47.546382904052734,16.357421875
0.29443359375,-0.930908203125,0.233154296875,15.319823265075684,-49.621578216552734,16.66259765625
0.2913818359375,-0.9281005859375,0.244140625,16.17431640625,-51.086421966552734,16.05224609375
0.285888671875,-0.9306640625,0.24853515625,15.686034202575684,-48.400875091552734,14.282225608825684
0.27783203125,-0.935546875,0.252197265625,14.099120140075684,-43.029781341552734,12.329100608825684
0.2728271484375,-0.9349365234375,0.2584228515625,13.000487327575684,-39.48974609375,10.803221702575684
0.269287109375,-0.9300537109375,0.26318359375,12.329100608825684,-37.04833984375,9.27734375
0.268798828125,-0.926513671875,0.2584228515625,10.986327171325684,-33.0810546875,7.080077648162842
0.2686767578125,-0.9271240234375,0.24951171875,8.72802734375,-27.404783248901367,4.82177734375
0.2706298828125,-0.92919921875,0.2515869140625,6.652831554412842,-22.827146530151367,3.417968511581421
0.273681640625,-0.9302978515625,0.2591552734375,5.432128429412842,-19.8974609375,2.807616949081421
0.2734375,-0.93115234375,0.2593994140625,4.638671875,-16.845703125,2.563476324081421
0.274169921875,-0.932861328125,0.257568359375,4.33349609375,-14.770506858825684,2.44140625
0.2760009765625,-0.9305419921875,0.2607421875,4.8828125,-14.770506858825684,2.38037109375
0.2750244140625,-0.9256591796875,0.2672119140625,5.249022960662842,-14.099120140075684,2.197265625
0.2757568359375,-0.924072265625,0.2755126953125,4.39453125,-10.131834983825684,1.2817381620407104
0.2803955078125,-0.9251708984375,0.2822265625,2.868652105331421,-4.5166015625,-0.2441406100988388
0.285888671875,-0.92529296875,0.2813720703125,1.7089842557907104,0.6103515625,-1.15966796875
0.3017578125,-0.9217529296875,0.2767333984375,1.15966796875,6.347655773162842,-1.0986328125
0.3089599609375,-0.9178466796875,0.280029296875,0.9765624403953552,8.36181640625,-1.6479490995407104
0.3089599609375,-0.913818359375,0.2803955078125,0.3662109076976776,11.169432640075684,-3.784179449081421
0.3118896484375,-0.911376953125,0.28125,-0.3662109076976776,13.305663108825684,-6.469726085662842
0.3193359375,-0.911376953125,0.2816162109375,-1.03759765625,14.648436546325684,-7.568358898162842
0.323974609375,-0.9129638671875,0.278076171875,-2.13623046875,16.78466796875,-6.896972179412842
0.32568359375,-0.9127197265625,0.27587890625,-3.417968511581421,18.9208984375,-6.469726085662842
0.327392578125,-0.91259765625,0.2757568359375,-4.7607421875,20.385740280151367,-7.568358898162842
0.328857421875,-0.9144287109375,0.2774658203125,-6.591796398162842,23.193357467651367,-9.3994140625
0.3282470703125,-0.914306640625,0.277099609375,-8.7890625,27.709959030151367,-10.925292015075684
0.325439453125,-0.9127197265625,0.270263671875,-10.131834983825684,31.799314498901367,-11.291502952575684
0.324951171875,-0.9129638671875,0.2626953125,-10.131834983825684,32.65380859375,-10.925292015075684
0.325439453125,-0.9129638671875,0.25732421875,-9.33837890625,29.907224655151367,-10.253905296325684
0.3248291015625,-0.912841796875,0.255615234375,-8.30078125,25.329587936401367,-9.3994140625
0.3258056640625,-0.9146728515625,0.2598876953125,-7.202147960662842,20.385740280151367,-8.72802734375
0.32470703125,-0.919189453125,0.263916015625,-6.591796398162842,16.357421875,-6.958007335662842
0.322021484375,-0.9200439453125,0.261474609375,-7.324218273162842,17.333984375,-6.225585460662842
0.3189697265625,-0.9217529296875,0.2613525390625,-8.11767578125,18.73779296875,-5.981444835662842
0.314453125,-0.92529296875,0.2626953125,-8.85009765625,20.751951217651367,-5.859374523162842
0.3116455078125,-0.92724609375,0.2623291015625,-9.27734375,22.460935592651367,-5.493163585662842
0.3116455078125,-0.9241943359375,0.2578125,-8.4228515625,21.667478561401367,-4.8828125
0.3116455078125,-0.91943359375,0.250732421875,-6.530761241912842,18.798828125,-3.845214605331421
0.308349609375,-0.91552734375,0.2435302734375,-4.82177734375,15.869139671325684,-2.38037109375
0.3023681640625,-0.9136962890625,0.2425537109375,-3.479003667831421,14.038084983825684,-1.0986328125
0.3004150390625,-0.916015625,0.245849609375,-2.44140625,13.671874046325684,-0.9765624403953552
0.305419921875,-0.9190673828125,0.2432861328125,-1.7700194120407104,14.892577171325684,-2.197265625
0.3094482421875,-0.923828125,0.236083984375,-1.7089842557907104,16.7236328125,-4.45556640625
0.3118896484375,-0.9310302734375,0.22900390625,-3.051757574081421,19.53125,-7.812499523162842
0.318115234375,-0.938720703125,0.2183837890625,-4.94384765625,22.583005905151367,-10.375975608825684
0.318603515625,-0.950439453125,0.196533203125,-4.69970703125,20.874021530151367,-8.60595703125
0.3145751953125,-0.96142578125,0.1669921875,-2.0751953125,12.756346702575684,-2.44140625
0.3134765625,-0.963134765625,0.1513671875,1.220703125,-0.0,4.69970703125
0.3104248046875,-0.95751953125,0.1639404296875,4.21142578125,-13.916014671325684,10.559081077575684
0.3067626953125,-0.951171875,0.18310546875,6.164550304412842,-24.047849655151367,14.282225608825684
0.302978515625,-0.947265625,0.19091796875,7.812499523162842,-30.090330123901367,16.4794921875
0.296142578125,-0.9444580078125,0.197021484375,9.94873046875,-35.82763671875,18.61572265625
0.2884521484375,-0.9434814453125,0.20166015625,11.718749046325684,-41.503902435302734,20.080564498901367
0.281982421875,-0.9456787109375,0.2003173828125,12.145995140075684,-44.860836029052734,20.01953125
0.2781982421875,-0.9481201171875,0.201416015625,11.962889671325684,-47.546382904052734,19.59228515625
0.27490234375,-0.9483642578125,0.2127685546875,11.962889671325684,-51.391597747802734,19.6533203125
0.2691650390625,-0.9464111328125,0.229736328125,11.718749046325684,-54.260250091552734,20.385740280151367
0.2603759765625,-0.943115234375,0.2430419921875,10.986327171325684,-54.077144622802734,21.362302780151367
0.2489013671875,-0.940673828125,0.247802734375,9.94873046875,-50.964351654052734,21.606443405151367
0.239501953125,-0.941162109375,0.244873046875,9.033203125,-46.691890716552734,20.568845748901367
0.2313232421875,-0.9432373046875,0.2406005859375,8.6669921875,-43.029781341552734,19.22607421875
0.2237548828125,-0.94482421875,0.2435302734375,8.7890625,-41.076656341552734,18.1884765625
0.215576171875,-0.9423828125,0.2393798828125,8.30078125,-35.888671875,13.793944358825684
0.2135009765625,-0.94287109375,0.2286376953125,7.385253429412842,-31.127927780151367,11.108397483825684
0.2137451171875,-0.945068359375,0.227783203125,7.385253429412842,-27.832029342651367,9.8876953125
0.213134765625,-0.944091796875,0.236083984375,8.4228515625,-26.855466842651367,10.192870140075684
0.2113037109375,-0.943603515625,0.2474365234375,9.46044921875,-26.489255905151367,10.253905296325684
0.210693359375,-0.9443359375,0.2552490234375,9.765625,-25.146482467651367,8.97216796875
0.210693359375,-0.9439697265625,0.2572021484375,9.33837890625,-22.033689498901367,6.591796398162842
0.2125244140625,-0.9434814453125,0.257568359375,8.48388671875,-18.12744140625,3.784179449081421
0.2156982421875,-0.9434814453125,0.2618408203125,7.141112804412842,-14.282225608825684,1.5258787870407104
0.2188720703125,-0.9417724609375,0.27001953125,5.432128429412842,-11.108397483825684,0.3662109076976776
0.2220458984375,-0.937255859375,0.2745361328125,3.784179449081421,-8.60595703125,-0.4882812201976776
0.2279052734375,-0.9295654296875,0.277099609375,2.01416015625,-5.981444835662842,-1.8310545682907104
0.2398681640625,-0.919677734375,0.2813720703125,-0.1831054538488388,-2.44140625,-4.21142578125
0.2552490234375,-0.9117431640625,0.29052734375,-3.601073980331421,3.784179449081421,-8.48388671875
0.2681884765625,-0.906005859375,0.302978515625,-8.056640625,12.939452171325684,-14.160155296325684
0.27978515625,-0.8994140625,0.3045654296875,-11.840819358825684,22.094724655151367,-20.141599655151367
0.297119140625,-0.8914794921875,0.29248046875,-14.526366233825684,29.907224655151367,-26.306150436401367
0.312744140625,-0.8916015625,0.2884521484375,-17.88330078125,39.1845703125,-32.04345703125
0.313720703125,-0.8990478515625,0.30078125,-22.033689498901367,50.537105560302734,-36.1328125
0.3162841796875,-0.9031982421875,0.31298828125,-24.169919967651367,58.837886810302734,-38.51318359375
0.338623046875,-0.90576171875,0.3092041015625,-24.230955123901367,63.903804779052734,-39.97802734375
0.3695068359375,-0.907470703125,0.287841796875,-24.658201217651367,70.068359375,-39.61181640625
0.3924560546875,-0.9046630859375,0.2662353515625,-25.268552780151367,74.462890625,-37.353515625
0.4075927734375,-0.9000244140625,0.260986328125,-24.475095748901367,72.998046875,-34.5458984375
0.4169921875,-0.8995361328125,0.2637939453125,-23.498533248901367,69.9462890625,-32.16552734375
0.4190673828125,-0.901611328125,0.258056640625,-23.742673873901367,70.00732421875,-30.273435592651367
0.42041015625,-0.9013671875,0.2491455078125,-23.559568405151367,69.03076171875,-28.015134811401367
0.42529296875,-0.897216796875,0.2520751953125,-21.606443405151367,62.499996185302734,-24.230955123901367
0.426513671875,-0.8935546875,0.2523193359375,-18.6767578125,53.405757904052734,-19.10400390625
0.4244384765625,-0.8929443359375,0.240478515625,-14.831542015075684,43.823238372802734,-13.793944358825684
0.4271240234375,-0.89453125,0.2259521484375,-9.70458984375,32.53173828125,-9.33837890625
0.425537109375,-0.8963623046875,0.2154541015625,-5.126952648162842,21.240232467651367,-5.310058116912842
0.4173583984375,-0.8983154296875,0.214111328125,-2.197265625,11.901854515075684,-1.5258787870407104
0.4119873046875,-0.9005126953125,0.21533203125,-0.6103515625,4.2724609375,1.6479490995407104
0.4088134765625,-0.9000244140625,0.21728515625,1.03759765625,-3.295898199081421,4.82177734375
0.40576171875,-0.8961181640625,0.22119140625,3.540038824081421,-12.512206077575684,7.934569835662842
0.39990234375,-0.8927001953125,0.220703125,6.286620616912842,-21.301267623901367,10.314940452575684
0.392578125,-0.8909912109375,0.2193603515625,8.544921875,-28.198240280151367,11.840819358825684
0.3876953125,-0.888671875,0.220947265625,10.314940452575684,-33.87451171875,12.817381858825684
0.3818359375,-0.8905029296875,0.219482421875,11.474608421325684,-38.14697265625,13.610838890075684
0.376708984375,-0.9002685546875,0.2174072265625,12.145995140075684,-40.710445404052734,14.221190452575684
0.3759765625,-0.9110107421875,0.221923828125,13.000487327575684,-43.212886810302734,14.587401390075684
0.3714599609375,-0.9150390625,0.2215576171875,14.099120140075684,-45.104976654052734,15.502928733825684
0.359130859375,-0.9168701171875,0.2164306640625,15.075682640075684,-45.837398529052734,16.845703125
0.3538818359375,-0.9234619140625,0.2154541015625,15.991209983825684,-46.447750091552734,17.578125
0.353271484375,-0.9298095703125,0.2154541015625,17.333984375,-46.752925872802734,19.04296875
0.34716796875,-0.9324951171875,0.2169189453125,18.85986328125,-47.668453216552734,22.338865280151367
0.3359375,-0.931396484375,0.2142333984375,20.324705123901367,-49.682613372802734,26.000974655151367
0.318115234375,-0.9276123046875,0.2093505859375,21.179197311401367,-52.246089935302734,28.015134811401367
0.2979736328125,-0.9228515625,0.212890625,21.362302780151367,-54.260250091552734,27.282712936401367
0.28271484375,-0.91748046875,0.23095703125,20.568845748901367,-53.710933685302734,24.169919967651367
0.2769775390625,-0.918212890625,0.2540283203125,17.9443359375,-48.217769622802734,19.22607421875
0.2750244140625,-0.9261474609375,0.2548828125,13.610838890075684,-37.04833984375,13.671874046325684
0.27099609375,-0.9365234375,0.2408447265625,9.09423828125,-24.902341842651367,8.97216796875
0.2664794921875,-0.9442138671875,0.2305908203125,5.981444835662842,-16.7236328125,6.042479991912842
0.2664794921875,-0.94775390625,0.21923828125,3.906249761581421,-11.413573265075684,4.57763671875
0.2801513671875,-0.953857421875,0.2076416015625,1.6479490995407104,-6.591796398162842,2.868652105331421
0.29931640625,-0.9654541015625,0.19482421875,-1.2817381620407104,-0.7934569716453552,0.4882812201976776
0.30322265625,-0.9652099609375,0.1727294921875,-4.33349609375,5.371093273162842,-0.7324218153953552
0.2969970703125,-0.94970703125,0.1519775390625,-5.310058116912842,6.713866710662842,0.6103515625
0.296875,-0.938232421875,0.1517333984375,-3.234863042831421,0.0610351525247097,3.051757574081421
0.29931640625,-0.9403076171875,0.1580810546875,0.1220703050494194,-10.498045921325684,5.310058116912842
0.2989501953125,-0.9471435546875,0.1649169921875,2.50244140625,-20.01953125,6.896972179412842
0.2962646484375,-0.9417724609375,0.18994140625,4.69970703125,-27.954099655151367,9.033203125
0.2940673828125,-0.92919921875,0.2188720703125,8.23974609375,-34.24072265625,13.366698265075684
0.2860107421875,-0.92138671875,0.2337646484375,12.573241233825684,-37.2314453125,18.1884765625
0.2763671875,-0.9205322265625,0.2379150390625,15.624999046325684,-37.7197265625,18.798828125
0.2802734375,-0.92236328125,0.241943359375,15.319823265075684,-34.1796875,13.183592796325684
0.2979736328125,-0.913330078125,0.264404296875,11.718749046325684,-26.855466842651367,5.615233898162842
0.312744140625,-0.9002685546875,0.2962646484375,6.530761241912842,-16.6015625,0.1831054538488388
0.3074951171875,-0.8973388671875,0.3096923828125,1.5869139432907104,-4.5166015625,-2.807616949081421
0.3011474609375,-0.8980712890625,0.301025390625,-1.0986328125,4.57763671875,-5.615233898162842
0.31201171875,-0.8966064453125,0.29541015625,-2.197265625,9.033203125,-10.009765625
0.3289794921875,-0.8956298828125,0.301025390625,-3.784179449081421,13.244627952575684,-14.343260765075684
0.3397216796875,-0.8974609375,0.29931640625,-6.896972179412842,21.362302780151367,-17.333984375
0.3475341796875,-0.901123046875,0.2904052734375,-10.437010765075684,30.761716842651367,-20.01953125
0.357421875,-0.901611328125,0.281982421875,-12.817381858825684,37.4755859375,-21.911619186401367
0.3673095703125,-0.8978271484375,0.2730712890625,-13.916014671325684,40.588375091552734,-22.705076217651367
0.377197265625,-0.8961181640625,0.26318359375,-15.441893577575684,43.029781341552734,-24.169919967651367
0.384765625,-0.89892578125,0.2554931640625,-18.85986328125,48.034664154052734,-26.977537155151367
0.3919677734375,-0.9010009765625,0.25048828125,-22.827146530151367,53.771968841552734,-29.235837936401367
0.4000244140625,-0.8990478515625,0.2437744140625,-24.658201217651367,55.664058685302734,-28.747556686401367
0.4044189453125,-0.893310546875,0.2392578125,-23.376462936401367,51.574703216552734,-25.756834030151367
0.406494140625,-0.8865966796875,0.24365234375,-20.141599655151367,43.029781341552734,-22.216794967651367
0.41259765625,-0.881591796875,0.2490234375,-17.4560546875,35.400390625,-19.71435546875
0.4212646484375,-0.8768310546875,0.2459716796875,-16.78466796875,32.40966796875,-19.04296875
0.4273681640625,-0.87255859375,0.2379150390625,-17.63916015625,32.8369140625,-19.59228515625
0.430908203125,-0.8748779296875,0.2294921875,-18.9208984375,34.0576171875,-20.141599655151367
0.4344482421875,-0.8856201171875,0.225341796875,-19.53125,34.0576171875,-19.287109375
0.4373779296875,-0.8929443359375,0.228759765625,-18.98193359375,31.372068405151367,-16.78466796875
0.437744140625,-0.8907470703125,0.239990234375,-17.15087890625,26.489255905151367,-13.427733421325684
0.4276123046875,-0.884521484375,0.251953125,-14.099120140075684,23.681638717651367,-8.97216796875
0.423583984375,-0.8861083984375,0.2490234375,-13.305663108825684,25.817869186401367,-7.568358898162842
0.4234619140625,-0.8896484375,0.24560546875,-11.901854515075684,26.611326217651367,-5.798339366912842
0.4234619140625,-0.8892822265625,0.2391357421875,-10.192870140075684,26.672361373901367,-3.356933355331421
0.4251708984375,-0.882568359375,0.231201171875,-8.60595703125,26.611326217651367,-1.15966796875
0.426025390625,-0.87451171875,0.2279052734375,-7.446288585662842,26.306150436401367,-0.1220703050494194
0.422119140625,-0.869873046875,0.230712890625,-7.080077648162842,26.550291061401367,-0.4272460639476776
0.4169921875,-0.86865234375,0.2318115234375,-7.751464366912842,28.930662155151367,-1.9531248807907104
0.414306640625,-0.87109375,0.2315673828125,-8.72802734375,33.02001953125,-3.906249761581421
0.41455078125,-0.8780517578125,0.2318115234375,-9.033203125,36.31591796875,-5.371093273162842
0.4185791015625,-0.8892822265625,0.2249755859375,-7.873534679412842,36.9873046875,-5.859374523162842
0.427490234375,-0.90283203125,0.2021484375,-4.638671875,33.3251953125,-4.7607421875
0.4344482421875,-0.9140625,0.1678466796875,-0.1831054538488388,25.512693405151367,-1.6479490995407104
0.4290771484375,-0.9224853515625,0.138916015625,3.173827886581421,16.29638671875,2.38037109375
0.419189453125,-0.9276123046875,0.123291015625,3.540038824081421,9.521484375,5.554198741912842
0.4146728515625,-0.934814453125,0.1224365234375,1.8920897245407104,5.493163585662842,6.530761241912842
0.406982421875,-0.940185546875,0.13427734375,1.7089842557907104,-0.0610351525247097,6.958007335662842
0.3939208984375,-0.932861328125,0.160400390625,4.7607421875,-10.437010765075684,10.131834983825684
0.3851318359375,-0.9163818359375,0.194091796875,10.009765625,-24.169919967651367,15.808104515075684
0.3841552734375,-0.9027099609375,0.21435546875,14.587401390075684,-34.60693359375,20.751951217651367
0.381591796875,-0.90087890625,0.220703125,15.930174827575684,-38.2080078125,23.193357467651367
0.37158203125,-0.905029296875,0.2232666015625,14.282225608825684,-37.353515625,23.437498092651367
0.3594970703125,-0.906005859375,0.2327880859375,11.596678733825684,-36.1328125,22.338865280151367
0.346435546875,-0.9029541015625,0.2562255859375,9.82666015625,-36.0107421875,21.179197311401367
0.3319091796875,-0.9019775390625,0.2786865234375,9.1552734375,-34.11865234375,20.263669967651367
0.31982421875,-0.903564453125,0.2822265625,7.995604991912842,-26.184080123901367,17.39501953125
0.317626953125,-0.899169921875,0.2789306640625,5.676269054412842,-15.197752952575684,10.986327171325684
0.326171875,-0.8897705078125,0.2757568359375,3.295898199081421,-6.164550304412842,3.234863042831421
0.334228515625,-0.890625,0.2628173828125,1.03759765625,1.15966796875,-2.25830078125
0.3333740234375,-0.9072265625,0.2440185546875,-1.15966796875,7.080077648162842,-4.82177734375
0.3330078125,-0.92333984375,0.23291015625,-2.868652105331421,9.82666015625,-5.920409679412842
0.33642578125,-0.9249267578125,0.2318115234375,-4.33349609375,10.131834983825684,-6.225585460662842
0.3355712890625,-0.9173583984375,0.2301025390625,-6.103515148162842,11.962889671325684,-5.249022960662842
0.334228515625,-0.91845703125,0.2119140625,-8.9111328125,16.54052734375,-1.9531248807907104
0.33203125,-0.92431640625,0.2032470703125,-7.568358898162842,12.695311546325684,-0.4272460639476776
0.3330078125,-0.9276123046875,0.2099609375,-4.5166015625,4.69970703125,1.03759765625
0.3355712890625,-0.925048828125,0.21728515625,-1.9531248807907104,-0.6103515625,1.3427733182907104
0.33349609375,-0.9183349609375,0.2091064453125,-1.4648436307907104,0.2441406100988388,-1.15966796875
0.3306884765625,-0.914794921875,0.1998291015625,-2.929687261581421,3.356933355331421,-5.981444835662842
0.3350830078125,-0.9224853515625,0.2010498046875,-5.676269054412842,6.103515148162842,-9.82666015625
0.344482421875,-0.9405517578125,0.19677734375,-8.544921875,8.85009765625,-10.620116233825684
0.349853515625,-0.953125,0.1844482421875,-10.070799827575684,9.033203125,-8.30078125
0.3494873046875,-0.94580078125,0.1829833984375,-9.3994140625,2.624511480331421,-4.08935546875
0.3406982421875,-0.92919921875,0.19384765625,-7.019042491912842,-6.896972179412842,-0.3662109076976776
0.3267822265625,-0.9244384765625,0.20458984375,-3.784179449081421,-12.878417015075684,1.7700194120407104
0.323486328125,-0.927978515625,0.2125244140625,0.1220703050494194,-15.075682640075684,2.990722417831421
0.3316650390625,-0.9259033203125,0.2239990234375,4.5166015625,-17.39501953125,4.8828125
0.33544921875,-0.9210205078125,0.2379150390625,7.995604991912842,-19.95849609375,8.1787109375
0.331298828125,-0.922119140625,0.2430419921875,9.21630859375,-20.202634811401367,10.681151390075684
0.3221435546875,-0.9249267578125,0.2344970703125,8.7890625,-18.24951171875,11.352538108825684
0.3121337890625,-0.92431640625,0.2244873046875,8.23974609375,-16.4794921875,11.169432640075684
0.31103515625,-0.922607421875,0.2252197265625,8.7890625,-17.02880859375,10.498045921325684
0.3165283203125,-0.9212646484375,0.231201171875,9.94873046875,-18.9208984375,9.70458984375
0.320068359375,-0.9241943359375,0.232177734375,10.803221702575684,-19.8974609375,9.3994140625
0.3199462890625,-0.9276123046875,0.2308349609375,11.474608421325684,-20.935056686401367,10.253905296325684
0.317138671875,-0.927734375,0.235595703125,12.268065452575684,-23.193357467651367,12.207030296325684
0.3125,-0.9271240234375,0.2423095703125,13.000487327575684,-25.024412155151367,13.793944358825684
0.308837890625,-0.926513671875,0.2471923828125,13.183592796325684,-25.390623092651367,14.465331077575684
0.3065185546875,-0.926513671875,0.2552490234375,12.878417015075684,-25.207517623901367,14.953612327575684
0.3017578125,-0.9248046875,0.264892578125,12.756346702575684,-26.306150436401367,16.2353515625
0.29638671875,-0.920654296875,0.2664794921875,12.817381858825684,-27.465818405151367,18.00537109375
0.2918701171875,-0.919677734375,0.2650146484375,12.207030296325684,-25.695798873901367,18.85986328125
0.285400390625,-0.9229736328125,0.2713623046875,10.375975608825684,-20.996091842651367,18.1884765625
0.2781982421875,-0.9256591796875,0.275390625,8.30078125,-16.66259765625,16.78466796875
0.2735595703125,-0.9296875,0.270751953125,7.080077648162842,-14.831542015075684,15.136717796325684
0.270751953125,-0.935546875,0.2664794921875,6.896972179412842,-15.441893577575684,13.671874046325684
0.2679443359375,-0.9337158203125,0.275146484375,6.958007335662842,-17.578125,13.610838890075684
0.2630615234375,-0.9241943359375,0.2921142578125,6.713866710662842,-18.5546875,14.221190452575684
0.24951171875,-0.925048828125,0.292724609375,4.21142578125,-9.58251953125,10.437010765075684
0.247314453125,-0.928955078125,0.2886962890625,3.601073980331421,-7.751464366912842,8.544921875
0.2420654296875,-0.9268798828125,0.28662109375,3.356933355331421,-8.23974609375,8.056640625
0.2362060546875,-0.925537109375,0.2823486328125,2.807616949081421,-7.934569835662842,7.385253429412842
0.2401123046875,-0.9354248046875,0.2747802734375,2.25830078125,-6.286620616912842,5.0048828125
0.2353515625,-0.9373779296875,0.275146484375,1.6479490995407104,-5.310058116912842,4.08935546875
0.230712890625,-0.936279296875,0.274169921875,0.6713866591453552,-3.906249761581421,2.13623046875
0.230224609375,-0.9381103515625,0.2760009765625,0.2441406100988388,-2.0751953125,0.4272460639476776
0.2293701171875,-0.9407958984375,0.2760009765625,0.6103515625,-0.8544921278953552,0.4272460639476776
0.2276611328125,-0.9417724609375,0.26806640625,1.15966796875,-0.0,1.220703125
0.22216796875,-0.940673828125,0.25830078125,1.0986328125,0.9155272841453552,1.4648436307907104
0.215576171875,-0.941162109375,0.251953125,-0.0,1.8920897245407104,0.30517578125
0.2119140625,-0.9447021484375,0.2467041015625,-1.7700194120407104,3.479003667831421,-2.25830078125
0.2073974609375,-0.9527587890625,0.24169921875,-3.662109136581421,4.94384765625,-4.8828125
0.198974609375,-0.9598388671875,0.233642578125,-4.69970703125,4.94384765625,-3.540038824081421
0.1966552734375,-0.9647216796875,0.225341796875,-6.042479991912842,6.713866710662842,-4.08935546875
0.1934814453125,-0.9691162109375,0.21484375,-7.568358898162842,9.09423828125,-5.065917491912842
0.193359375,-0.9725341796875,0.2020263671875,-8.97216796875,11.901854515075684,-6.530761241912842
0.1949462890625,-0.9755859375,0.1888427734375,-9.94873046875,14.221190452575684,-7.995604991912842
0.1959228515625,-0.9786376953125,0.1790771484375,-9.94873046875,13.977049827575684,-8.1787109375
0.1971435546875,-0.98046875,0.17431640625,-8.72802734375,10.131834983825684,-6.286620616912842
0.1978759765625,-0.978271484375,0.173828125,-6.408690929412842,4.57763671875,-2.563476324081421
0.2003173828125,-0.975341796875,0.174072265625,-3.662109136581421,-0.0,1.2817381620407104
0.201904296875,-0.976806640625,0.171142578125,-1.4038084745407104,-1.8310545682907104,3.662109136581421
0.199462890625,-0.978515625,0.1668701171875,-0.6103515625,-2.685546636581421,4.94384765625
0.1953125,-0.97509765625,0.16943359375,-0.9765624403953552,-5.371093273162842,5.981444835662842
0.1932373046875,-0.9696044921875,0.1761474609375,-1.8920897245407104,-8.7890625,6.103515148162842
0.1922607421875,-0.9666748046875,0.1793212890625,-2.990722417831421,-9.765625,5.0048828125
0.1934814453125,-0.9671630859375,0.1834716796875,-3.601073980331421,-8.97216796875,3.662109136581421
0.1971435546875,-0.96826171875,0.1895751953125,-3.051757574081421,-8.544921875,2.990722417831421
0.20263671875,-0.967529296875,0.1951904296875,-1.5869139432907104,-9.46044921875,3.356933355331421
0.2060546875,-0.963623046875,0.19921875,0.4882812201976776,-11.596678733825684,4.82177734375
0.2042236328125,-0.9566650390625,0.20556640625,2.25830078125,-13.732909202575684,6.164550304412842
0.205078125,-0.95263671875,0.2109375,2.990722417831421,-14.099120140075684,5.187987804412842
0.20556640625,-0.9517822265625,0.209716796875,2.197265625,-11.718749046325684,2.13623046875
0.2061767578125,-0.9539794921875,0.211181640625,0.7324218153953552,-8.544921875,-1.03759765625
0.21142578125,-0.9595947265625,0.217529296875,-0.3662109076976776,-5.737304210662842,-2.685546636581421
0.213623046875,-0.9603271484375,0.2269287109375,-0.6713866591453552,-4.21142578125,-1.220703125
0.2138671875,-0.9610595703125,0.2366943359375,-0.54931640625,-3.906249761581421,2.25830078125
0.21875,-0.9661865234375,0.2288818359375,-0.30517578125,-1.2817381620407104,5.310058116912842
0.2154541015625,-0.9656982421875,0.2127685546875,-0.0610351525247097,4.21142578125,8.23974609375
0.2069091796875,-0.9599609375,0.211669921875,-0.1831054538488388,6.591796398162842,10.070799827575684
0.2103271484375,-0.9576416015625,0.2047119140625,-1.2817381620407104,7.324218273162842,6.591796398162842
0.221435546875,-0.9635009765625,0.1824951171875,-2.868652105331421,9.09423828125,-0.4272460639476776
0.2288818359375,-0.968017578125,0.16796875,-2.44140625,5.249022960662842,-3.173827886581421
0.228515625,-0.96728515625,0.16845703125,-0.1831054538488388,-4.39453125,0.0610351525247097
0.22607421875,-0.96630859375,0.17919921875,1.5869139432907104,-14.038084983825684,4.69970703125
0.2257080078125,-0.966796875,0.1885986328125,2.13623046875,-20.874021530151367,7.385253429412842
0.2247314453125,-0.9688720703125,0.1842041015625,1.5869139432907104,-23.681638717651367,7.751464366912842
0.2235107421875,-0.9671630859375,0.1673583984375,0.9155272841453552,-24.536130905151367,7.263183116912842
0.225341796875,-0.9661865234375,0.1510009765625,1.5869139432907104,-28.015134811401367,7.263183116912842
0.23095703125,-0.9710693359375,0.1448974609375,3.723144292831421,-35.94970703125,8.36181640625
0.23291015625,-0.9735107421875,0.1470947265625,6.164550304412842,-45.715328216552734,10.803221702575684
0.2249755859375,-0.969970703125,0.1546630859375,7.934569835662842,-53.405757904052734,13.549803733825684
0.217529296875,-0.964111328125,0.17041015625,9.70458984375,-58.837886810302734,14.343260765075684
0.2149658203125,-0.9600830078125,0.186279296875,11.596678733825684,-61.157222747802734,12.207030296325684
0.2120361328125,-0.9591064453125,0.1937255859375,12.695311546325684,-59.326168060302734,9.1552734375
0.2076416015625,-0.9622802734375,0.2012939453125,12.695311546325684,-56.213375091552734,7.629394054412842
0.2020263671875,-0.9678955078125,0.2076416015625,12.512206077575684,-54.626461029052734,8.36181640625
0.1943359375,-0.972412109375,0.2054443359375,12.268065452575684,-53.222652435302734,10.375975608825684
0.1820068359375,-0.9747314453125,0.2003173828125,11.779784202575684,-51.025386810302734,12.451170921325684
0.16943359375,-0.974365234375,0.201416015625,10.986327171325684,-49.011226654052734,13.854979515075684
0.1572265625,-0.9718017578125,0.2138671875,10.070799827575684,-47.241207122802734,14.343260765075684
0.1458740234375,-0.971435546875,0.232421875,8.85009765625,-44.311519622802734,14.282225608825684
0.1416015625,-0.9791259765625,0.2320556640625,7.263183116912842,-38.02490234375,13.122557640075684
0.142333984375,-0.9833984375,0.20556640625,5.676269054412842,-29.846189498901367,11.230467796325684
0.143798828125,-0.9752197265625,0.186767578125,4.82177734375,-25.390623092651367,9.8876953125
0.14501953125,-0.9674072265625,0.1875,4.39453125,-25.085447311401367,9.58251953125
0.1429443359375,-0.968017578125,0.1910400390625,3.845214605331421,-25.268552780151367,9.94873046875
0.142578125,-0.9736328125,0.1826171875,3.662109136581421,-25.756834030151367,9.33837890625
0.1455078125,-0.9744873046875,0.1697998046875,4.150390625,-27.160642623901367,7.263183116912842
0.14794921875,-0.9698486328125,0.17138671875,5.0048828125,-29.418943405151367,5.432128429412842
0.15087890625,-0.9683837890625,0.1856689453125,5.859374523162842,-32.1044921875,5.126952648162842
0.1513671875,-0.9698486328125,0.206298828125,6.591796398162842,-34.5458984375,6.591796398162842
0.1492919921875,-0.970458984375,0.223388671875,6.835937023162842,-35.15625,8.544921875
0.1436767578125,-0.9691162109375,0.230712890625,6.225585460662842,-31.677244186401367,9.3994140625
0.1370849609375,-0.9669189453125,0.2337646484375,5.065917491912842,-25.146482467651367,8.72802734375
0.1329345703125,-0.9638671875,0.2432861328125,4.08935546875,-18.73779296875,6.774901866912842
0.1328125,-0.9599609375,0.2584228515625,3.295898199081421,-12.451170921325684,4.33349609375
0.138671875,-0.956298828125,0.261474609375,0.1831054538488388,5.554198741912842,-0.7324218153953552
0.139892578125,-0.9544677734375,0.2513427734375,-0.7934569716453552,15.441893577575684,-4.45556640625
0.1424560546875,-0.955810546875,0.2388916015625,-1.15966796875,25.268552780151367,-9.09423828125
0.1500244140625,-0.96142578125,0.224609375,-1.7089842557907104,35.400390625,-13.488768577575684
0.15869140625,-0.9708251953125,0.2225341796875,-1.4038084745407104,43.701168060302734,-15.075682640075684
0.1497802734375,-0.96875,0.2413330078125,0.4882812201976776,47.302242279052734,-11.352538108825684
0.1292724609375,-0.95166015625,0.27294921875,1.7700194120407104,48.217769622802734,-6.408690929412842
0.127685546875,-0.94482421875,0.2967529296875,-0.0,52.124019622802734,-7.812499523162842
0.14697265625,-0.955078125,0.291259765625,-5.432128429412842,63.232418060302734,-14.770506858825684
0.1634521484375,-0.963134765625,0.2589111328125,-12.451170921325684,79.4677734375,-20.812986373901367
0.167724609375,-0.962890625,0.229248046875,-17.88330078125,93.99413299560547,-23.803709030151367
0.1727294921875,-0.9617919921875,0.21923828125,-19.71435546875,100.64696502685547,-26.550291061401367
0.18701171875,-0.9591064453125,0.22216796875,-18.06640625,97.35106658935547,-30.517576217651367
0.22509765625,-0.9619140625,0.210693359375,-13.793944358825684,81.17675018310547,-34.66796875
0.2366943359375,-0.9644775390625,0.1920166015625,-15.502928733825684,80.62743377685547,-33.5693359375
0.267578125,-0.9415283203125,0.2020263671875,-16.54052734375,74.5849609375,-32.71484375
0.281005859375,-0.9407958984375,0.2083740234375,-13.305663108825684,64.8193359375,-34.48486328125
0.295166015625,-0.94287109375,0.1900634765625,-11.962889671325684,62.255855560302734,-34.66796875
0.3035888671875,-0.9478759765625,0.1712646484375,-11.657713890075684,60.546871185302734,-31.799314498901367
0.3056640625,-0.9505615234375,0.1685791015625,-12.451170921325684,57.678218841552734,-27.038572311401367
0.30712890625,-0.9486083984375,0.1832275390625,-13.000487327575684,53.405757904052734,-23.071287155151367
0.309814453125,-0.9466552734375,0.1937255859375,-11.413573265075684,46.325679779052734,-19.71435546875
0.3125,-0.947998046875,0.1890869140625,-7.995604991912842,37.109375,-15.441893577575684
0.3101806640625,-0.9510498046875,0.18017578125,-4.638671875,27.038572311401367,-10.253905296325684
0.3023681640625,-0.9501953125,0.1788330078125,-3.173827886581421,18.49365234375,-5.432128429412842
0.2939453125,-0.9495849609375,0.1875,-2.563476324081421,10.253905296325684,-2.13623046875
0.2872314453125,-0.951416015625,0.198486328125,-1.5258787870407104,1.7700194120407104,-0.3662109076976776
0.282958984375,-0.9503173828125,0.2093505859375,-0.7324218153953552,-3.845214605331421,1.03759765625
0.2799072265625,-0.94580078125,0.2176513671875,-0.30517578125,-6.530761241912842,2.868652105331421
0.2774658203125,-0.9449462890625,0.2166748046875,0.0610351525247097,-7.263183116912842,4.82177734375
0.275390625,-0.947998046875,0.2110595703125,0.30517578125,-7.324218273162842,6.103515148162842
0.2703857421875,-0.948974609375,0.2138671875,0.9155272841453552,-10.131834983825684,7.629394054412842
0.26123046875,-0.9473876953125,0.2215576171875,1.6479490995407104,-14.953612327575684,9.3994140625
0.2518310546875,-0.9449462890625,0.223388671875,1.9531248807907104,-17.88330078125,10.498045921325684
0.247802734375,-0.9447021484375,0.221435546875,2.01416015625,-17.7001953125,10.070799827575684
0.2467041015625,-0.9462890625,0.224365234375,2.563476324081421,-16.9677734375,9.33837890625
0.2437744140625,-0.9476318359375,0.227783203125,3.234863042831421,-15.991209983825684,8.97216796875
0.2410888671875,-0.9488525390625,0.223876953125,3.295898199081421,-13.427733421325684,8.056640625
0.2391357421875,-0.9515380859375,0.2142333984375,2.807616949081421,-10.314940452575684,6.591796398162842
0.233642578125,-0.9564208984375,0.2054443359375,1.7700194120407104,-8.11767578125,5.737304210662842
0.22705078125,-0.9600830078125,0.202880859375,0.4272460639476776,-6.896972179412842,5.554198741912842
0.22265625,-0.96240234375,0.2030029296875,-0.6103515625,-6.347655773162842,5.432128429412842
0.21826171875,-0.9637451171875,0.2003173828125,-0.9765624403953552,-6.042479991912842,5.065917491912842
0.2137451171875,-0.9644775390625,0.196044921875,-0.7324218153953552,-6.225585460662842,4.8828125
0.2091064453125,-0.9659423828125,0.1900634765625,0.0610351525247097,-6.164550304412842,4.94384765625
0.2060546875,-0.9661865234375,0.1820068359375,1.03759765625,-5.187987804412842,4.82177734375
0.203857421875,-0.9669189453125,0.1734619140625,1.5869139432907104,-3.784179449081421,4.2724609375
0.1993408203125,-0.967529296875,0.1708984375,2.01416015625,-3.845214605331421,3.723144292831421
0.1944580078125,-0.9671630859375,0.17529296875,2.50244140625,-6.042479991912842,3.356933355331421
0.1934814453125,-0.9700927734375,0.181884765625,2.807616949081421,-7.263183116912842,2.807616949081421
0.1944580078125,-0.972412109375,0.1876220703125,3.295898199081421,-6.896972179412842,2.50244140625
0.192626953125,-0.9708251953125,0.1873779296875,3.967284917831421,-6.042479991912842,2.868652105331421
0.1905517578125,-0.968994140625,0.1824951171875,4.39453125,-4.638671875,3.051757574081421
0.1904296875,-0.9669189453125,0.1802978515625,4.2724609375,-3.479003667831421,2.197265625
0.1920166015625,-0.9632568359375,0.18359375,3.540038824081421,-3.234863042831421,0.4882812201976776
0.1954345703125,-0.9615478515625,0.188720703125,2.44140625,-2.563476324081421,-1.8310545682907104
0.19970703125,-0.961669921875,0.19140625,1.4038084745407104,-0.6103515625,-4.08935546875
0.202880859375,-0.961181640625,0.1937255859375,1.0986328125,1.5258787870407104,-5.920409679412842
0.2061767578125,-0.9617919921875,0.19873046875,1.0986328125,3.112792730331421,-7.202147960662842
0.2137451171875,-0.964599609375,0.1995849609375,0.7934569716453552,5.126952648162842,-8.36181640625
0.2205810546875,-0.9625244140625,0.19921875,0.7324218153953552,6.652831554412842,-8.4228515625
0.2237548828125,-0.95458984375,0.203369140625,1.0986328125,6.286620616912842,-7.019042491912842
0.2291259765625,-0.949951171875,0.2076416015625,1.220703125,5.615233898162842,-6.530761241912842
0.238037109375,-0.9510498046875,0.20947265625,0.8544921278953552,6.286620616912842,-7.507323741912842
0.2459716796875,-0.95556640625,0.212158203125,0.4882812201976776,7.751464366912842,-8.23974609375
0.249267578125,-0.959716796875,0.2236328125,0.0610351525247097,8.11767578125,-5.981444835662842
0.2503662109375,-0.9564208984375,0.221923828125,-0.4272460639476776,7.507323741912842,-4.0283203125
0.2530517578125,-0.948974609375,0.218505859375,-0.6103515625,6.835937023162842,-2.746581792831421
0.2559814453125,-0.937255859375,0.218505859375,-0.7324218153953552,6.835937023162842,-3.356933355331421
0.2623291015625,-0.927001953125,0.21826171875,-1.4038084745407104,8.85009765625,-6.164550304412842
0.273193359375,-0.9208984375,0.2174072265625,-2.685546636581421,12.817381858825684,-10.131834983825684
0.2869873046875,-0.9156494140625,0.2216796875,-3.845214605331421,16.29638671875,-14.160155296325684
0.3031005859375,-0.9071044921875,0.2322998046875,-4.39453125,18.00537109375,-18.06640625
0.3203125,-0.893310546875,0.244140625,-4.69970703125,18.6767578125,-22.033689498901367
0.337158203125,-0.874755859375,0.2552490234375,-5.126952648162842,19.287109375,-26.184080123901367
0.3521728515625,-0.8621826171875,0.2650146484375,-5.737304210662842,21.118162155151367,-30.944822311401367
0.3665771484375,-0.8685302734375,0.2745361328125,-6.103515148162842,24.658201217651367,-36.07177734375
0.378173828125,-0.891357421875,0.2952880859375,-5.371093273162842,26.794431686401367,-39.24560546875
0.389404296875,-0.909423828125,0.3175048828125,-3.967284917831421,26.550291061401367,-38.14697265625
0.4017333984375,-0.91357421875,0.315185546875,-2.990722417831421,26.916501998901367,-33.0810546875
0.4146728515625,-0.910400390625,0.2958984375,-2.563476324081421,27.343748092651367,-26.428220748901367
0.4302978515625,-0.905029296875,0.281005859375,-2.38037109375,26.123044967651367,-19.6533203125
0.44482421875,-0.903564453125,0.2738037109375,-2.44140625,22.705076217651367,-13.244627952575684
0.443359375,-0.9010009765625,0.2686767578125,-3.051757574081421,17.51708984375,-6.958007335662842
0.4248046875,-0.8984375,0.251220703125,-8.30078125,10.864256858825684,3.112792730331421
0.4248046875,-0.8931884765625,0.2777099609375,-8.11767578125,2.50244140625,8.7890625
0.41845703125,-0.86474609375,0.339111328125,-0.9765624403953552,-16.41845703125,20.263669967651367
0.4100341796875,-0.865966796875,0.3270263671875,0.7934569716453552,-15.380858421325684,22.705076217651367
0.4005126953125,-0.8746337890625,0.2960205078125,0.1220703050494194,-10.314940452575684,22.521970748901367
0.3905029296875,-0.8880615234375,0.2601318359375,-2.563476324081421,-4.2724609375,19.95849609375
0.37451171875,-0.8919677734375,0.2564697265625,-6.896972179412842,-3.356933355331421,13.183592796325684
0.3568115234375,-0.892333984375,0.2615966796875,-7.507323741912842,-5.187987804412842,12.268065452575684
0.3380126953125,-0.905029296875,0.2557373046875,-7.324218273162842,-4.45556640625,13.000487327575684
0.324462890625,-0.917724609375,0.244140625,-6.225585460662842,-3.723144292831421,14.160155296325684
0.314453125,-0.927001953125,0.22314453125,-4.21142578125,-4.08935546875,15.258788108825684
0.3045654296875,-0.935791015625,0.1982421875,-2.44140625,-4.69970703125,16.29638671875
0.2882080078125,-0.9434814453125,0.180419921875,-1.7700194120407104,-5.554198741912842,17.51708984375
0.26318359375,-0.94775390625,0.1685791015625,-2.50244140625,-6.164550304412842,18.49365234375
0.2401123046875,-0.952392578125,0.1605224609375,-3.906249761581421,-5.981444835662842,17.08984375
0.232421875,-0.9627685546875,0.1583251953125,-5.0048828125,-5.126952648162842,12.817381858825684
0.2327880859375,-0.97412109375,0.1610107421875,-5.432128429412842,-4.7607421875,8.97216796875
0.2252197265625,-0.97705078125,0.1607666015625,-5.920409679412842,-4.39453125,7.507323741912842
0.21240234375,-0.966796875,0.15771484375,-6.286620616912842,-3.601073980331421,6.896972179412842
0.20458984375,-0.95263671875,0.1563720703125,-5.187987804412842,-2.929687261581421,5.493163585662842
0.2041015625,-0.94775390625,0.15234375,-3.540038824081421,0.1831054538488388,3.112792730331421
0.2093505859375,-0.95166015625,0.1435546875,-2.990722417831421,5.676269054412842,0.0
0.2203369140625,-0.95458984375,0.140380859375,-3.173827886581421,9.033203125,-2.990722417831421
0.231201171875,-0.952880859375,0.14697265625,-3.479003667831421,8.6669921875,-5.371093273162842
0.2362060546875,-0.9500732421875,0.1546630859375,-4.21142578125,8.36181640625,-7.812499523162842
0.2357177734375,-0.9515380859375,0.159423828125,-5.065917491912842,10.559081077575684,-10.681151390075684
0.2347412109375,-0.9556884765625,0.159423828125,-5.432128429412842,14.282225608825684,-13.427733421325684
0.23828125,-0.9603271484375,0.15576171875,-5.126952648162842,17.27294921875,-15.014647483825684
0.244873046875,-0.969482421875,0.154296875,-4.21142578125,17.578125,-14.465331077575684
0.2476806640625,-0.982177734375,0.154052734375,-2.868652105331421,15.380858421325684,-10.925292015075684
0.24365234375,-0.996826171875,0.151611328125,-1.9531248807907104,12.634276390075684,-5.310058116912842
0.23974609375,-1.0020751953125,0.143310546875,-1.9531248807907104,11.291502952575684,0.4882812201976776
0.2392578125,-0.9849853515625,0.1279296875,-2.197265625,11.352538108825684,5.615233898162842
0.2403564453125,-0.9669189453125,0.103759765625,-2.0751953125,13.427733421325684,7.629394054412842
0.242919921875,-0.960205078125,0.097412109375,-1.6479490995407104,14.587401390075684,4.8828125
0.2469482421875,-0.955078125,0.1298828125,-0.4882812201976776,9.82666015625,-1.0986328125
0.2467041015625,-0.962158203125,0.1673583984375,2.685546636581421,7.873534679412842,-8.97216796875
0.248046875,-0.95458984375,0.177490234375,5.859374523162842,7.812499523162842,-3.601073980331421
0.24658203125,-0.9522705078125,0.1685791015625,8.97216796875,7.446288585662842,2.807616949081421
0.2415771484375,-0.9581298828125,0.145751953125,9.1552734375,8.97216796875,4.69970703125
0.2408447265625,-0.9613037109375,0.1383056640625,6.713866710662842,8.9111328125,2.38037109375
0.2513427734375,-0.958984375,0.1632080078125,4.82177734375,4.45556640625,-1.0986328125
0.2635498046875,-0.951171875,0.1988525390625,4.638671875,-1.7700194120407104,-2.990722417831421
0.264892578125,-0.9398193359375,0.21826171875,5.187987804412842,-4.2724609375,-3.295898199081421
0.2615966796875,-0.936279296875,0.2225341796875,5.554198741912842,-2.563476324081421,-3.906249761581421
0.2591552734375,-0.946533203125,0.2220458984375,5.737304210662842,1.7089842557907104,-6.225585460662842
0.259033203125,-0.9620361328125,0.224365234375,5.920409679412842,5.310058116912842,-7.202147960662842
0.265380859375,-0.9647216796875,0.2255859375,6.103515148162842,6.103515148162842,-4.69970703125
0.2860107421875,-0.9259033203125,0.2320556640625,6.225585460662842,-2.25830078125,0.1831054538488388
0.296142578125,-0.9150390625,0.2413330078125,5.798339366912842,-6.469726085662842,-0.4882812201976776
0.3018798828125,-0.913330078125,0.2457275390625,3.906249761581421,-4.8828125,-2.624511480331421
0.30126953125,-0.916748046875,0.241455078125,0.54931640625,1.8310545682907104,-6.164550304412842
0.304443359375,-0.926025390625,0.242431640625,-2.868652105331421,8.60595703125,-12.207030296325684
0.31396484375,-0.923095703125,0.2476806640625,-0.7324218153953552,3.906249761581421,-8.97216796875
0.320068359375,-0.91650390625,0.2462158203125,1.8310545682907104,-1.2817381620407104,-3.540038824081421
0.32177734375,-0.9083251953125,0.24462890625,4.0283203125,-6.347655773162842,0.8544921278953552
0.3240966796875,-0.90087890625,0.257568359375,6.713866710662842,-13.183592796325684,3.051757574081421
0.3319091796875,-0.901611328125,0.28466796875,8.9111328125,-18.24951171875,3.112792730331421
0.34521484375,-0.9114990234375,0.2989501953125,7.812499523162842,-14.038084983825684,0.9155272841453552
0.3460693359375,-0.9219970703125,0.2938232421875,3.601073980331421,-2.563476324081421,-2.0751953125
0.331298828125,-0.9229736328125,0.28515625,0.1220703050494194,4.45556640625,-2.807616949081421
0.3197021484375,-0.915283203125,0.271728515625,-0.54931640625,3.051757574081421,-1.5258787870407104
0.3226318359375,-0.911865234375,0.26806640625,0.2441406100988388,-1.4648436307907104,-0.7934569716453552
0.3455810546875,-0.9136962890625,0.2818603515625,3.234863042831421,-10.437010765075684,2.3193359375
0.3458251953125,-0.90283203125,0.2855224609375,6.469726085662842,-17.2119140625,6.713866710662842
0.3419189453125,-0.891357421875,0.294189453125,10.070799827575684,-24.047849655151367,10.192870140075684
0.3338623046875,-0.891845703125,0.3038330078125,11.535643577575684,-25.573728561401367,10.620116233825684
0.3302001953125,-0.90234375,0.3060302734375,9.94873046875,-21.423337936401367,7.690429210662842
0.3287353515625,-0.912109375,0.2979736328125,7.751464366912842,-16.9677734375,4.69970703125
0.322265625,-0.915283203125,0.290771484375,6.713866710662842,-15.991209983825684,4.638671875
0.3192138671875,-0.9190673828125,0.28662109375,6.286620616912842,-16.66259765625,6.469726085662842
0.32080078125,-0.9278564453125,0.2767333984375,5.493163585662842,-15.747069358825684,8.48388671875
0.3187255859375,-0.93408203125,0.2607421875,4.0283203125,-14.770506858825684,10.375975608825684
0.315185546875,-0.935302734375,0.243896484375,2.0751953125,-16.2353515625,11.413573265075684
0.305419921875,-0.931396484375,0.2227783203125,-0.6103515625,-17.15087890625,12.084959983825684
0.289794921875,-0.9273681640625,0.2117919921875,-2.38037109375,-18.12744140625,13.183592796325684
0.278564453125,-0.9288330078125,0.223388671875,-1.4038084745407104,-21.423337936401367,13.122557640075684
0.2720947265625,-0.93310546875,0.235595703125,0.7324218153953552,-23.071287155151367,10.742186546325684
0.27197265625,-0.93798828125,0.2265625,2.13623046875,-20.629880905151367,6.896972179412842
0.280029296875,-0.943115234375,0.208984375,3.356933355331421,-19.775390625,4.150390625
0.2852783203125,-0.9466552734375,0.1978759765625,4.638671875,-23.376462936401367,4.57763671875
0.283203125,-0.9422607421875,0.1895751953125,5.310058116912842,-27.770994186401367,6.652831554412842
0.2779541015625,-0.934326171875,0.1903076171875,5.615233898162842,-30.883787155151367,7.690429210662842
0.273681640625,-0.93701171875,0.2015380859375,6.286620616912842,-32.5927734375,7.202147960662842
0.2728271484375,-0.947021484375,0.2080078125,7.202147960662842,-32.5927734375,6.713866710662842
0.27294921875,-0.9521484375,0.2081298828125,8.4228515625,-32.77587890625,8.11767578125
0.2630615234375,-0.951416015625,0.2047119140625,9.8876953125,-35.94970703125,13.305663108825684
0.2559814453125,-0.9493408203125,0.2073974609375,9.46044921875,-35.09521484375,13.549803733825684
0.25048828125,-0.9476318359375,0.208984375,8.60595703125,-32.28759765625,11.901854515075684
0.244140625,-0.95068359375,0.209228515625,5.676269054412842,-24.475095748901367,6.225585460662842
0.2449951171875,-0.9554443359375,0.2115478515625,3.906249761581421,-20.263669967651367,3.906249761581421
0.243896484375,-0.957763671875,0.2130126953125,2.44140625,-17.4560546875,3.601073980331421
0.239990234375,-0.9549560546875,0.215576171875,1.4648436307907104,-16.41845703125,5.371093273162842
0.2333984375,-0.949462890625,0.2181396484375,0.7324218153953552,-15.258788108825684,7.019042491912842
0.231689453125,-0.947265625,0.2186279296875,0.1220703050494194,-11.657713890075684,5.981444835662842
0.2357177734375,-0.94775390625,0.2191162109375,-0.1220703050494194,-6.469726085662842,2.868652105331421
0.2379150390625,-0.947021484375,0.22412109375,-0.30517578125,-2.44140625,0.54931640625
0.239990234375,-0.9466552734375,0.2310791015625,-0.9765624403953552,0.6713866591453552,-1.03759765625
0.242431640625,-0.9456787109375,0.2318115234375,-2.25830078125,5.187987804412842,-2.624511480331421
0.24365234375,-0.9432373046875,0.2286376953125,-3.479003667831421,10.375975608825684,-4.21142578125
0.2476806640625,-0.94140625,0.22998046875,-4.33349609375,14.892577171325684,-5.920409679412842
0.256103515625,-0.9420166015625,0.2327880859375,-5.065917491912842,18.9208984375,-7.324218273162842
0.260009765625,-0.9425048828125,0.230224609375,-6.164550304412842,23.132322311401367,-7.446288585662842
0.2593994140625,-0.940185546875,0.2293701171875,-7.263183116912842,26.428220748901367,-6.835937023162842
0.2608642578125,-0.936279296875,0.2344970703125,-7.629394054412842,29.052732467651367,-7.446288585662842
0.2667236328125,-0.9339599609375,0.2366943359375,-7.446288585662842,32.958984375,-9.765625
0.2752685546875,-0.9368896484375,0.230712890625,-7.263183116912842,38.02490234375,-12.207030296325684
0.283203125,-0.9398193359375,0.2265625,-7.019042491912842,40.588375091552734,-12.695311546325684
0.287109375,-0.9371337890625,0.2294921875,-6.896972179412842,40.161128997802734,-11.535643577575684
0.288330078125,-0.9322509765625,0.23486328125,-7.690429210662842,40.649410247802734,-11.352538108825684
0.2938232421875,-0.9285888671875,0.2408447265625,-9.033203125,43.212886810302734,-13.061522483825684
0.302734375,-0.928466796875,0.2431640625,-10.131834983825684,46.264644622802734,-14.831542015075684
0.3155517578125,-0.92626953125,0.2451171875,-9.94873046875,47.485347747802734,-14.648436546325684
0.321044921875,-0.9178466796875,0.248291015625,-9.3994140625,47.119136810302734,-14.526366233825684
0.3277587890625,-0.9095458984375,0.247802734375,-9.58251953125,47.973628997802734,-15.441893577575684
0.3343505859375,-0.911376953125,0.2425537109375,-10.681151390075684,49.987789154052734,-17.4560546875
0.3455810546875,-0.917724609375,0.2308349609375,-13.305663108825684,51.513668060302734,-22.583005905151367
0.3486328125,-0.91943359375,0.229248046875,-12.939452171325684,47.912593841552734,-23.376462936401367
0.350830078125,-0.9239501953125,0.230224609375,-11.596678733825684,42.358394622802734,-21.423337936401367
0.3502197265625,-0.9249267578125,0.230712890625,-10.437010765075684,36.9873046875,-17.578125
0.347412109375,-0.9232177734375,0.2305908203125,-9.46044921875,32.1044921875,-13.793944358825684
0.34814453125,-0.9268798828125,0.2269287109375,-8.36181640625,27.709959030151367,-11.169432640075684
0.3516845703125,-0.93115234375,0.2176513671875,-7.141112804412842,23.315427780151367,-8.60595703125
0.34765625,-0.9305419921875,0.21484375,-5.493163585662842,17.27294921875,-5.187987804412842
0.339599609375,-0.929931640625,0.2216796875,-3.479003667831421,10.009765625,-1.6479490995407104
0.3375244140625,-0.9288330078125,0.2239990234375,-1.03759765625,2.807616949081421,1.15966796875
0.3372802734375,-0.9212646484375,0.22265625,1.5869139432907104,-4.150390625,3.601073980331421
0.334716796875,-0.9146728515625,0.2254638671875,3.845214605331421,-10.681151390075684,6.286620616912842
0.3316650390625,-0.91552734375,0.2254638671875,5.493163585662842,-16.05224609375,8.72802734375
0.3287353515625,-0.9195556640625,0.219970703125,6.774901866912842,-20.812986373901367,10.498045921325684
0.3270263671875,-0.9248046875,0.216796875,7.995604991912842,-26.123044967651367,11.596678733825684
0.3258056640625,-0.928466796875,0.2183837890625,8.9111328125,-30.944822311401367,12.390135765075684
0.3218994140625,-0.9281005859375,0.2220458984375,9.46044921875,-34.912109375,13.610838890075684
0.3175048828125,-0.92919921875,0.22900390625,10.009765625,-38.57421875,15.136717796325684
0.3128662109375,-0.932373046875,0.234619140625,10.375975608825684,-40.893550872802734,16.7236328125
0.306640625,-0.9326171875,0.234375,10.314940452575684,-41.320796966552734,18.24951171875
0.3011474609375,-0.93212890625,0.2357177734375,10.131834983825684,-41.320796966552734,18.98193359375
0.2984619140625,-0.93310546875,0.2403564453125,10.253905296325684,-41.687007904052734,18.49365234375
0.2957763671875,-0.93310546875,0.240478515625,10.314940452575684,-41.503902435302734,17.51708984375
0.2904052734375,-0.9307861328125,0.2376708984375,10.131834983825684,-40.344234466552734,16.54052734375
0.2852783203125,-0.9298095703125,0.2352294921875,9.8876953125,-39.1845703125,15.808104515075684
0.280517578125,-0.931884765625,0.2322998046875,9.70458984375,-38.0859375,15.197752952575684
0.276123046875,-0.9354248046875,0.229736328125,9.46044921875,-37.04833984375,14.648436546325684
0.2720947265625,-0.938232421875,0.2293701171875,9.09423828125,-36.4990234375,14.404295921325684
0.2677001953125,-0.93896484375,0.232421875,8.85009765625,-36.4990234375,14.221190452575684
0.263671875,-0.9393310546875,0.2342529296875,8.544921875,-36.19384765625,14.099120140075684
0.260009765625,-0.94091796875,0.2330322265625,8.1787109375,-35.09521484375,13.671874046325684
0.255859375,-0.9429931640625,0.231689453125,7.812499523162842,-33.69140625,13.000487327575684
0.2510986328125,-0.9434814453125,0.2301025390625,7.385253429412842,-32.53173828125,12.329100608825684
0.245361328125,-0.9427490234375,0.2327880859375,7.019042491912842,-31.799314498901367,11.779784202575684
0.239990234375,-0.9425048828125,0.239013671875,6.591796398162842,-30.456541061401367,10.681151390075684
0.2347412109375,-0.94189453125,0.240966796875,5.737304210662842,-27.404783248901367,8.97216796875
0.2303466796875,-0.9425048828125,0.240234375,4.82177734375,-23.620603561401367,7.263183116912842
0.2286376953125,-0.944580078125,0.2420654296875,4.21142578125,-20.812986373901367,5.920409679412842
0.2269287109375,-0.9454345703125,0.2442626953125,3.662109136581421,-18.12744140625,5.126952648162842
0.22509765625,-0.944580078125,0.2442626953125,2.990722417831421,-14.892577171325684,4.39453125
0.2242431640625,-0.9439697265625,0.2430419921875,2.13623046875,-11.230467796325684,3.051757574081421
0.2232666015625,-0.9449462890625,0.241943359375,1.2817381620407104,-7.446288585662842,1.15966796875
0.2225341796875,-0.947021484375,0.2415771484375,0.4882812201976776,-3.540038824081421,-0.4882812201976776
0.226806640625,-0.951416015625,0.2391357421875,-1.0986328125,4.94384765625,-2.807616949081421
0.2269287109375,-0.950927734375,0.232177734375,-2.13623046875,9.8876953125,-3.723144292831421
0.2261962890625,-0.951171875,0.2249755859375,-3.234863042831421,14.526366233825684,-4.82177734375
0.2269287109375,-0.9539794921875,0.2208251953125,-4.150390625,18.310546875,-5.981444835662842
0.228271484375,-0.9549560546875,0.22021484375,-4.5166015625,21.240232467651367,-6.408690929412842
0.2301025390625,-0.9520263671875,0.223388671875,-4.150390625,23.193357467651367,-6.042479991912842
0.2333984375,-0.9478759765625,0.2275390625,-3.417968511581421,24.719236373901367,-5.676269054412842
0.2373046875,-0.9471435546875,0.2291259765625,-2.929687261581421,26.672361373901367,-5.493163585662842
0.2401123046875,-0.948974609375,0.22802734375,-2.807616949081421,28.381345748901367,-5.249022960662842
0.2410888671875,-0.94775390625,0.2283935546875,-2.685546636581421,29.235837936401367,-5.371093273162842
0.244873046875,-0.943603515625,0.2340087890625,-2.563476324081421,29.846189498901367,-6.774901866912842
0.251708984375,-0.9378662109375,0.24072265625,-2.929687261581421,31.677244186401367,-9.033203125
0.25634765625,-0.9322509765625,0.2440185546875,-3.784179449081421,34.912109375,-11.535643577575684
0.2601318359375,-0.929931640625,0.2447509765625,-5.0048828125,38.330078125,-14.221190452575684
0.2655029296875,-0.9293212890625,0.2490234375,-6.103515148162842,40.832515716552734,-16.54052734375
0.2733154296875,-0.9290771484375,0.2578125,-6.896972179412842,42.297359466552734,-17.76123046875
0.2840576171875,-0.929931640625,0.2650146484375,-7.629394054412842,43.945308685302734,-18.37158203125
0.2940673828125,-0.9307861328125,0.266845703125,-8.72802734375,46.386714935302734,-18.798828125
0.2987060546875,-0.9296875,0.2633056640625,-9.8876953125,48.828121185302734,-18.85986328125
0.3006591796875,-0.9256591796875,0.2626953125,-10.681151390075684,50.109859466552734,-18.73779296875
0.3043212890625,-0.921630859375,0.267578125,-11.047362327575684,50.170894622802734,-19.10400390625
0.3111572265625,-0.919189453125,0.2696533203125,-11.718749046325684,50.415035247802734,-20.080564498901367
0.3177490234375,-0.91552734375,0.2662353515625,-12.817381858825684,50.415035247802734,-21.240232467651367
0.3270263671875,-0.9085693359375,0.2574462890625,-13.610838890075684,45.532222747802734,-23.315427780151367
0.3302001953125,-0.906005859375,0.255126953125,-13.671874046325684,42.785640716552734,-24.536130905151367
0.33154296875,-0.911376953125,0.255859375,-13.549803733825684,39.61181640625,-24.719236373901367
0.3380126953125,-0.9228515625,0.2509765625,-12.634276390075684,35.2783203125,-22.460935592651367
0.34765625,-0.92919921875,0.2445068359375,-10.620116233825684,28.686521530151367,-17.88330078125
0.3505859375,-0.9273681640625,0.244140625,-7.934569835662842,20.080564498901367,-12.878417015075684
0.3465576171875,-0.92236328125,0.2486572265625,-5.371093273162842,12.512206077575684,-9.1552734375
0.341796875,-0.918212890625,0.2501220703125,-3.173827886581421,7.446288585662842,-6.225585460662842
0.3409423828125,-0.916259765625,0.2506103515625,-0.7324218153953552,3.540038824081421,-3.417968511581421
0.345458984375,-0.9188232421875,0.2513427734375,2.01416015625,-0.6103515625,-0.8544921278953552
0.3497314453125,-0.9227294921875,0.2490234375,4.638671875,-4.69970703125,1.8310545682907104
0.344970703125,-0.9183349609375,0.250732421875,6.896972179412842,-10.070799827575684,4.94384765625
0.33544921875,-0.9110107421875,0.260498046875,8.544921875,-16.78466796875,7.751464366912842
0.328857421875,-0.91015625,0.2696533203125,9.46044921875,-22.521970748901367,9.46044921875
0.323974609375,-0.910400390625,0.2703857421875,9.8876953125,-25.756834030151367,10.864256858825684
0.321044921875,-0.9105224609375,0.2659912109375,10.375975608825684,-27.832029342651367,12.390135765075684
0.321044921875,-0.912353515625,0.2625732421875,11.169432640075684,-30.578611373901367,13.671874046325684
0.3194580078125,-0.9140625,0.262451171875,12.084959983825684,-33.69140625,14.953612327575684
0.3167724609375,-0.916015625,0.265380859375,12.817381858825684,-36.31591796875,15.991209983825684
0.3128662109375,-0.9178466796875,0.27001953125,13.183592796325684,-37.65869140625,16.2353515625
0.307373046875,-0.9188232421875,0.273193359375,13.183592796325684,-37.59765625,16.05224609375
0.3028564453125,-0.921142578125,0.27197265625,13.000487327575684,-36.376953125,15.869139671325684
0.29931640625,-0.9248046875,0.269287109375,12.695311546325684,-34.7900390625,15.991209983825684
0.2952880859375,-0.926513671875,0.2679443359375,12.695311546325684,-34.36279296875,16.78466796875
0.29150390625,-0.927734375,0.26318359375,12.939452171325684,-34.85107421875,17.63916015625
0.2890625,-0.9327392578125,0.2542724609375,12.634276390075684,-34.60693359375,17.27294921875
0.2877197265625,-0.9371337890625,0.2442626953125,11.291502952575684,-32.5927734375,15.502928733825684
0.284423828125,-0.931884765625,0.2347412109375,9.521484375,-30.395505905151367,13.671874046325684
0.280029296875,-0.92529296875,0.23583984375,8.7890625,-31.188962936401367,12.329100608825684
0.2772216796875,-0.9334716796875,0.23779296875,8.36181640625,-32.2265625,10.864256858825684
0.274658203125,-0.9476318359375,0.224853515625,7.507323741912842,-30.273435592651367,10.192870140075684
0.272705078125,-0.9483642578125,0.2255859375,8.4228515625,-32.3486328125,12.207030296325684
0.267333984375,-0.9405517578125,0.2498779296875,11.474608421325684,-40.588375091552734,16.6015625
0.260498046875,-0.93994140625,0.26416015625,13.793944358825684,-45.410152435302734,20.324705123901367
0.2615966796875,-0.9444580078125,0.25830078125,14.038084983825684,-43.823238372802734,20.751951217651367
0.266357421875,-0.9425048828125,0.2503662109375,13.366698265075684,-40.588375091552734,18.798828125
0.2642822265625,-0.934326171875,0.253662109375,12.268065452575684,-37.9638671875,16.90673828125
0.25341796875,-0.9268798828125,0.2646484375,10.620116233825684,-34.423828125,15.930174827575684
0.24072265625,-0.927001953125,0.2703857421875,8.60595703125,-29.235837936401367,15.624999046325684
0.22607421875,-0.946533203125,0.2628173828125,6.164550304412842,-22.155759811401367,15.869139671325684
0.2222900390625,-0.951416015625,0.2607421875,5.737304210662842,-22.155759811401367,16.6015625
0.2193603515625,-0.9488525390625,0.2581787109375,5.310058116912842,-22.277830123901367,16.78466796875
0.2120361328125,-0.9425048828125,0.2578125,4.39453125,-21.179197311401367,16.11328125
0.20166015625,-0.9381103515625,0.2659912109375,3.112792730331421,-18.98193359375,14.526366233825684
0.196533203125,-0.9423828125,0.2733154296875,1.9531248807907104,-14.221190452575684,11.352538108825684
0.1943359375,-0.9464111328125,0.2701416015625,0.6713866591453552,-7.629394054412842,8.11767578125
0.1890869140625,-0.9482421875,0.263916015625,-0.6713866591453552,-2.44140625,6.774901866912842
0.18359375,-0.9525146484375,0.2611083984375,-1.5869139432907104,0.4882812201976776,6.530761241912842
0.179443359375,-0.95361328125,0.25830078125,-2.38037109375,2.685546636581421,6.408690929412842
0.17822265625,-0.952392578125,0.256591796875,-3.356933355331421,5.554198741912842,5.737304210662842
0.1817626953125,-0.955810546875,0.2569580078125,-4.69970703125,9.09423828125,3.479003667831421
0.188232421875,-0.9508056640625,0.259765625,-7.690429210662842,15.563963890075684,-2.685546636581421
0.19091796875,-0.940673828125,0.2694091796875,-8.056640625,17.15087890625,-4.0283203125
0.1951904296875,-0.9359130859375,0.2772216796875,-7.568358898162842,18.49365234375,-4.57763671875
0.19970703125,-0.9354248046875,0.27685546875,-7.019042491912842,20.080564498901367,-5.126952648162842
0.205078125,-0.93505859375,0.2716064453125,-6.835937023162842,21.728513717651367,-6.286620616912842
0.210205078125,-0.9310302734375,0.27197265625,-6.958007335662842,22.644041061401367,-8.11767578125
0.214111328125,-0.9283447265625,0.2806396484375,-7.385253429412842,23.742673873901367,-10.192870140075684
0.2181396484375,-0.929443359375,0.285888671875,-8.6669921875,26.306150436401367,-12.451170921325684
0.2239990234375,-0.9295654296875,0.2779541015625,-10.559081077575684,29.174802780151367,-14.770506858825684
0.2332763671875,-0.9305419921875,0.269287109375,-12.329100608825684,30.090330123901367,-17.51708984375
0.2469482421875,-0.928955078125,0.2691650390625,-13.610838890075684,30.944822311401367,-21.789548873901367
0.265380859375,-0.9183349609375,0.26123046875,-14.831542015075684,36.0107421875,-28.259275436401367
0.2919921875,-0.9088134765625,0.2337646484375,-16.11328125,44.372554779052734,-36.07177734375
0.3206787109375,-0.9200439453125,0.2052001953125,-16.4794921875,49.804683685302734,-42.907711029052734
0.3359375,-0.93896484375,0.2020263671875,-16.05224609375,46.936031341552734,-44.982906341552734
0.3382568359375,-0.9405517578125,0.2205810546875,-15.747069358825684,37.109375,-39.85595703125
0.3380126953125,-0.9296875,0.2373046875,-14.770506858825684,27.343748092651367,-31.555173873901367
0.3443603515625,-0.9210205078125,0.2403564453125,-12.634276390075684,21.667478561401367,-25.573728561401367
0.35791015625,-0.9190673828125,0.23095703125,-10.070799827575684,19.10400390625,-22.583005905151367
0.3712158203125,-0.919677734375,0.2208251953125,-7.934569835662842,17.02880859375,-20.568845748901367
0.3814697265625,-0.919921875,0.2177734375,-6.286620616912842,13.671874046325684,-17.76123046875
0.3885498046875,-0.9178466796875,0.217529296875,-4.94384765625,9.46044921875,-14.099120140075684
0.3922119140625,-0.9158935546875,0.2159423828125,-3.662109136581421,5.554198741912842,-10.681151390075684
0.3931884765625,-0.9166259765625,0.2135009765625,-2.807616949081421,3.112792730331421,-8.30078125
0.39306640625,-0.91650390625,0.211181640625,-2.44140625,2.807616949081421,-6.164550304412842
0.3924560546875,-0.914794921875,0.2105712890625,-1.9531248807907104,3.112792730331421,-3.479003667831421
0.3905029296875,-0.914306640625,0.2109375,-0.6713866591453552,1.8310545682907104,-0.3662109076976776
0.3890380859375,-0.91552734375,0.2073974609375,1.8310545682907104,-2.3193359375,2.01416015625
0.388671875,-0.9144287109375,0.2017822265625,4.8828125,-8.1787109375,3.479003667831421
0.38720703125,-0.9111328125,0.2020263671875,7.019042491912842,-11.901854515075684,4.57763671875
0.3809814453125,-0.908447265625,0.206298828125,7.812499523162842,-12.207030296325684,6.225585460662842
0.374267578125,-0.906494140625,0.209228515625,7.873534679412842,-10.803221702575684,7.507323741912842
0.3695068359375,-0.9061279296875,0.2078857421875,7.629394054412842,-9.1552734375,6.469726085662842
0.3656005859375,-0.9034423828125,0.20068359375,7.324218273162842,-7.385253429412842,3.967284917831421
0.3721923828125,-0.89404296875,0.1942138671875,7.751464366912842,-7.080077648162842,2.3193359375
0.388427734375,-0.8905029296875,0.1988525390625,9.09423828125,-9.765625,0.9765624403953552
0.3997802734375,-0.8895263671875,0.20556640625,10.375975608825684,-12.878417015075684,-0.7324218153953552
0.397705078125,-0.873291015625,0.2041015625,10.986327171325684,-15.136717796325684,-1.3427733182907104
0.40380859375,-0.8544921875,0.191650390625,11.047362327575684,-16.357421875,0.8544921278953552
0.41796875,-0.900390625,0.1744384765625,9.033203125,-12.878417015075684,4.638671875
0.425048828125,-0.9542236328125,0.1661376953125,5.615233898162842,-9.3994140625,8.97216796875
0.4200439453125,-0.947021484375,0.174560546875,3.662109136581421,-13.610838890075684,11.047362327575684
0.3963623046875,-0.9300537109375,0.1949462890625,2.50244140625,-18.85986328125,8.23974609375
0.370361328125,-0.91162109375,0.18994140625,-0.4882812201976776,-17.2119140625,4.39453125
0.356689453125,-0.902587890625,0.16015625,-5.371093273162842,-13.183592796325684,-0.30517578125
0.351806640625,-0.90673828125,0.149169921875,-7.995604991912842,-14.648436546325684,-5.065917491912842
0.3154296875,-0.93896484375,0.1712646484375,-5.126952648162842,-20.751951217651367,-2.624511480331421
0.2947998046875,-0.9793701171875,0.214111328125,3.234863042831421,-28.137205123901367,7.507323741912842
0.3170166015625,-0.9722900390625,0.2435302734375,12.329100608825684,-34.97314453125,17.02880859375
0.337890625,-0.9403076171875,0.2388916015625,14.709471702575684,-33.69140625,19.4091796875
0.3438720703125,-0.9293212890625,0.1942138671875,10.009765625,-19.59228515625,17.39501953125
0.31591796875,-0.931396484375,0.164306640625,7.629394054412842,-10.437010765075684,20.080564498901367
0.2757568359375,-0.9239501953125,0.208251953125,12.329100608825684,-19.71435546875,26.428220748901367
0.2685546875,-0.9248046875,0.2552490234375,16.05224609375,-24.291990280151367,26.062009811401367
0.2828369140625,-0.94189453125,0.2371826171875,12.573241233825684,-7.080077648162842,18.310546875
0.2684326171875,-0.9537353515625,0.196533203125,6.774901866912842,13.366698265075684,13.671874046325684
0.249267578125,-0.97119140625,0.1971435546875,5.187987804412842,17.27294921875,16.2353515625
0.23681640625,-0.968017578125,0.2232666015625,8.056640625,9.3994140625,21.911619186401367
0.2235107421875,-0.943359375,0.2330322265625,10.498045921325684,4.39453125,25.695798873901367
0.2269287109375,-0.936767578125,0.216796875,9.58251953125,7.751464366912842,21.972654342651367
0.2298583984375,-0.9443359375,0.1976318359375,6.225585460662842,13.305663108825684,13.305663108825684
0.2198486328125,-0.9505615234375,0.1910400390625,2.197265625,15.991209983825684,4.94384765625
0.20703125,-0.9483642578125,0.1932373046875,-1.5258787870407104,15.319823265075684,-1.0986328125
0.2039794921875,-0.9501953125,0.2022705078125,-3.356933355331421,10.681151390075684,-3.784179449081421
0.2049560546875,-0.9525146484375,0.2076416015625,-3.295898199081421,4.57763671875,-3.112792730331421
0.211669921875,-0.9625244140625,0.2186279296875,-2.197265625,-0.30517578125,-1.5258787870407104
0.2191162109375,-0.9754638671875,0.234130859375,-0.6713866591453552,-1.6479490995407104,-0.9155272841453552
0.2103271484375,-0.97900390625,0.2369384765625,0.6103515625,1.6479490995407104,0.9765624403953552
0.204345703125,-0.976806640625,0.2320556640625,2.197265625,4.33349609375,3.967284917831421
0.20703125,-0.9625244140625,0.2247314453125,4.08935546875,4.2724609375,6.958007335662842
0.210205078125,-0.955322265625,0.22265625,5.0048828125,4.150390625,9.1552734375
0.2132568359375,-0.960205078125,0.22216796875,4.45556640625,5.432128429412842,9.21630859375
0.2041015625,-0.94970703125,0.21728515625,3.906249761581421,4.7607421875,8.1787109375
0.189697265625,-0.933837890625,0.2293701171875,4.45556640625,-2.3193359375,7.507323741912842
0.191162109375,-0.938720703125,0.2568359375,5.615233898162842,-12.084959983825684,5.798339366912842
0.2080078125,-0.9505615234375,0.2645263671875,5.554198741912842,-16.2353515625,2.0751953125
0.2210693359375,-0.9459228515625,0.2557373046875,4.39453125,-16.2353515625,-0.54931640625
0.2216796875,-0.9327392578125,0.26416015625,3.540038824081421,-18.06640625,0.2441406100988388
0.2218017578125,-0.925537109375,0.2799072265625,2.38037109375,-17.63916015625,0.9155272841453552
0.2310791015625,-0.9317626953125,0.276123046875,-0.0,-9.70458984375,-1.4038084745407104
0.240234375,-0.941650390625,0.2603759765625,-2.746581792831421,-0.0610351525247097,-4.33349609375
0.2437744140625,-0.9410400390625,0.250244140625,-4.82177734375,3.356933355331421,-5.493163585662842
0.2459716796875,-0.9337158203125,0.25341796875,-5.432128429412842,0.1831054538488388,-5.371093273162842
0.2471923828125,-0.92724609375,0.2708740234375,-4.57763671875,-5.798339366912842,-4.2724609375
0.248046875,-0.9256591796875,0.2889404296875,-3.173827886581421,-9.58251953125,-2.807616949081421
0.248779296875,-0.9285888671875,0.2882080078125,-2.44140625,-8.11767578125,-2.746581792831421
0.2547607421875,-0.932373046875,0.284912109375,-2.38037109375,-5.981444835662842,-3.967284917831421
0.26611328125,-0.9361572265625,0.295166015625,-2.38037109375,-7.751464366912842,-3.723144292831421
0.2696533203125,-0.9351806640625,0.2894287109375,-2.990722417831421,-7.812499523162842,-1.4648436307907104
0.2655029296875,-0.9281005859375,0.2635498046875,-4.0283203125,-4.08935546875,-0.4882812201976776
0.2662353515625,-0.923583984375,0.2476806640625,-4.638671875,-0.9765624403953552,-3.173827886581421
0.2762451171875,-0.927490234375,0.2445068359375,-5.126952648162842,3.051757574081421,-8.544921875
0.2900390625,-0.9302978515625,0.2415771484375,-6.530761241912842,9.8876953125,-14.831542015075684
0.3001708984375,-0.9248046875,0.229736328125,-9.46044921875,17.51708984375,-20.263669967651367
0.306884765625,-0.9195556640625,0.2127685546875,-12.329100608825684,22.521970748901367,-23.803709030151367
0.314453125,-0.9237060546875,0.231201171875,-10.437010765075684,12.145995140075684,-23.864744186401367
0.316162109375,-0.92578125,0.24072265625,-8.056640625,6.225585460662842,-21.240232467651367
0.3221435546875,-0.9290771484375,0.235595703125,-6.347655773162842,5.126952648162842,-18.00537109375
0.3291015625,-0.9332275390625,0.2264404296875,-5.371093273162842,5.737304210662842,-14.343260765075684
0.33447265625,-0.9375,0.216796875,-5.0048828125,6.042479991912842,-10.498045921325684
0.3385009765625,-0.94140625,0.2103271484375,-5.0048828125,5.859374523162842,-7.019042491912842
0.3377685546875,-0.9410400390625,0.2073974609375,-5.310058116912842,6.103515148162842,-3.540038824081421
0.33251953125,-0.93896484375,0.20361328125,-6.042479991912842,7.385253429412842,0.2441406100988388
0.3271484375,-0.9407958984375,0.1959228515625,-6.591796398162842,8.7890625,4.0283203125
0.3221435546875,-0.94287109375,0.1883544921875,-5.737304210662842,7.568358898162842,7.202147960662842
0.315185546875,-0.941162109375,0.1876220703125,-3.234863042831421,2.38037109375,9.8876953125
0.306884765625,-0.938720703125,0.1878662109375,-0.0610351525247097,-2.685546636581421,11.291502952575684
0.297119140625,-0.9407958984375,0.1846923828125,2.685546636581421,-3.601073980331421,10.559081077575684
0.2880859375,-0.9461669921875,0.1805419921875,4.638671875,-1.03759765625,8.4228515625
0.284912109375,-0.9517822265625,0.177001953125,5.371093273162842,2.746581792831421,6.164550304412842
0.28369140625,-0.9561767578125,0.1759033203125,5.554198741912842,5.249022960662842,5.065917491912842
0.27587890625,-0.95703125,0.1781005859375,5.737304210662842,3.845214605331421,6.408690929412842
0.26513671875,-0.9554443359375,0.18017578125,5.981444835662842,-0.6713866591453552,9.765625
0.2545166015625,-0.956298828125,0.1805419921875,6.286620616912842,-5.981444835662842,12.817381858825684
0.2451171875,-0.9609375,0.1812744140625,6.469726085662842,-9.33837890625,14.709471702575684
0.2381591796875,-0.966064453125,0.18359375,6.164550304412842,-10.314940452575684,16.11328125
0.2279052734375,-0.9698486328125,0.1844482421875,5.798339366912842,-10.681151390075684,17.51708984375
0.2144775390625,-0.969970703125,0.183837890625,5.737304210662842,-12.084959983825684,18.6767578125
0.19091796875,-0.961181640625,0.208251953125,6.713866710662842,-17.51708984375,18.9208984375
0.181640625,-0.9603271484375,0.213134765625,6.347655773162842,-16.54052734375,17.88330078125
0.1756591796875,-0.9637451171875,0.2110595703125,5.615233898162842,-14.160155296325684,16.7236328125
0.171142578125,-0.966552734375,0.211669921875,5.249022960662842,-13.610838890075684,16.05224609375
0.1622314453125,-0.9632568359375,0.2109375,4.7607421875,-13.793944358825684,15.808104515075684
0.152099609375,-0.960693359375,0.2115478515625,3.784179449081421,-13.366698265075684,15.258788108825684
0.143798828125,-0.9652099609375,0.215087890625,2.624511480331421,-11.352538108825684,13.732909202575684
0.135986328125,-0.9710693359375,0.212890625,1.3427733182907104,-7.324218273162842,11.413573265075684
0.1292724609375,-0.9739990234375,0.20751953125,0.30517578125,-3.601073980331421,8.9111328125
0.126708984375,-0.9744873046875,0.20947265625,0.1220703050494194,-3.051757574081421,6.958007335662842
0.126953125,-0.9757080078125,0.21630859375,0.4272460639476776,-4.08935546875,5.615233898162842
0.1287841796875,-0.9774169921875,0.2186279296875,0.4272460639476776,-3.112792730331421,4.638671875
0.130615234375,-0.974853515625,0.2161865234375,-0.0,-0.0,3.601073980331421
0.131103515625,-0.9697265625,0.21142578125,-0.54931640625,3.662109136581421,2.197265625
0.1337890625,-0.96875,0.2054443359375,-0.7934569716453552,6.713866710662842,0.0
0.1397705078125,-0.971923828125,0.2015380859375,-0.4882812201976776,8.056640625,-2.38037109375
0.1451416015625,-0.9747314453125,0.2017822265625,0.2441406100988388,7.568358898162842,-3.417968511581421
0.1507568359375,-0.9725341796875,0.2099609375,1.4648436307907104,5.554198741912842,-2.990722417831421
0.1602783203125,-0.966064453125,0.2191162109375,2.929687261581421,3.723144292831421,-2.3193359375
0.1693115234375,-0.9595947265625,0.216552734375,3.479003667831421,4.69970703125,-2.685546636581421
0.1767578125,-0.95947265625,0.204833984375,2.50244140625,7.873534679412842,-4.7607421875
0.182373046875,-0.9608154296875,0.2020263671875,1.2817381620407104,9.27734375,-7.446288585662842
0.1851806640625,-0.95654296875,0.21484375,0.8544921278953552,7.385253429412842,-9.09423828125
0.189208984375,-0.9493408203125,0.2279052734375,0.9765624403953552,4.82177734375,-9.33837890625
0.1932373046875,-0.9451904296875,0.2337646484375,1.6479490995407104,3.601073980331421,-8.11767578125
0.19482421875,-0.9512939453125,0.2330322265625,2.50244140625,3.784179449081421,-5.920409679412842
0.1966552734375,-0.964111328125,0.232666015625,3.051757574081421,3.967284917831421,-3.479003667831421
0.201904296875,-0.968994140625,0.2362060546875,3.417968511581421,1.7089842557907104,-1.3427733182907104
0.208740234375,-0.957275390625,0.2408447265625,3.723144292831421,-2.624511480331421,0.1831054538488388
0.2135009765625,-0.94091796875,0.2447509765625,3.845214605331421,-5.920409679412842,0.6713866591453552
0.2158203125,-0.932861328125,0.248779296875,3.662109136581421,-5.737304210662842,-0.7324218153953552
0.220458984375,-0.9322509765625,0.2608642578125,3.112792730331421,-3.356933355331421,-3.906249761581421
0.2296142578125,-0.9342041015625,0.273681640625,1.9531248807907104,-0.0610351525247097,-7.812499523162842
0.241455078125,-0.9344482421875,0.277099609375,0.4882812201976776,2.868652105331421,-11.352538108825684
0.24853515625,-0.930419921875,0.2750244140625,-0.9765624403953552,3.601073980331421,-13.183592796325684
0.247802734375,-0.9256591796875,0.275390625,-2.197265625,2.13623046875,-13.488768577575684
0.2474365234375,-0.9300537109375,0.2880859375,-2.990722417831421,-0.1220703050494194,-13.732909202575684
0.2523193359375,-0.941650390625,0.297119140625,-3.601073980331421,-0.6103515625,-13.671874046325684
0.2564697265625,-0.9490966796875,0.286865234375,-4.33349609375,0.8544921278953552,-11.962889671325684
0.2552490234375,-0.951904296875,0.27685546875,-4.39453125,0.1831054538488388,-8.4228515625
0.249267578125,-0.951416015625,0.2830810546875,-4.0283203125,-2.929687261581421,-4.39453125
0.245361328125,-0.94921875,0.2906494140625,-4.57763671875,-3.417968511581421,-2.13623046875
0.2486572265625,-0.947998046875,0.284423828125,-5.981444835662842,1.8920897245407104,-2.746581792831421
0.2550048828125,-0.9453125,0.270751953125,-7.446288585662842,9.765625,-4.45556640625
0.2568359375,-0.94140625,0.2572021484375,-8.7890625,16.66259765625,-5.310058116912842
0.2550048828125,-0.9417724609375,0.243896484375,-10.253905296325684,21.301267623901367,-5.676269054412842
0.2542724609375,-0.9456787109375,0.2298583984375,-11.047362327575684,23.559568405151367,-5.798339366912842
0.2548828125,-0.947021484375,0.22314453125,-10.375975608825684,21.545408248901367,-4.8828125
0.2562255859375,-0.94482421875,0.2169189453125,-8.97216796875,16.845703125,-2.807616949081421
0.2537841796875,-0.9432373046875,0.1995849609375,-8.30078125,13.183592796325684,-0.4272460639476776
0.2410888671875,-0.9598388671875,0.18408203125,-6.896972179412842,4.39453125,2.44140625
0.230224609375,-0.955078125,0.2073974609375,-1.0986328125,-4.8828125,3.723144292831421
0.2236328125,-0.9498291015625,0.2086181640625,0.54931640625,-3.906249761581421,2.990722417831421
0.2222900390625,-0.953125,0.2059326171875,0.9765624403953552,0.1831054538488388,0.9155272841453552
0.2261962890625,-0.96044921875,0.20068359375,0.9155272841453552,4.45556640625,-1.3427733182907104
0.230224609375,-0.9644775390625,0.194580078125,0.7324218153953552,5.859374523162842,-1.8310545682907104
0.2293701171875,-0.963134765625,0.190185546875,0.4882812201976776,3.723144292831421,-0.4272460639476776
0.222900390625,-0.9595947265625,0.183837890625,-0.1220703050494194,0.7324218153953552,1.15966796875
0.2147216796875,-0.960693359375,0.177490234375,-0.7934569716453552,-0.30517578125,1.4038084745407104
0.2069091796875,-0.9654541015625,0.177490234375,-1.03759765625,0.4882812201976776,1.03759765625
0.2022705078125,-0.970458984375,0.182373046875,-0.3662109076976776,1.3427733182907104,1.03759765625
0.2005615234375,-0.974609375,0.18408203125,1.2817381620407104,1.4648436307907104,1.7089842557907104
0.20068359375,-0.9781494140625,0.182373046875,3.479003667831421,0.0610351525247097,2.929687261581421
0.1995849609375,-0.98046875,0.1842041015625,5.676269054412842,-3.967284917831421,4.94384765625
0.1934814453125,-0.9798583984375,0.1881103515625,7.202147960662842,-8.30078125,7.751464366912842
0.1854248046875,-0.9771728515625,0.19287109375,7.751464366912842,-10.742186546325684,10.070799827575684
0.1805419921875,-0.9725341796875,0.197998046875,7.690429210662842,-11.413573265075684,10.681151390075684
0.1768798828125,-0.968994140625,0.200927734375,7.446288585662842,-10.742186546325684,10.009765625
0.174072265625,-0.9713134765625,0.204345703125,7.080077648162842,-9.46044921875,9.46044921875
0.1717529296875,-0.9730224609375,0.206298828125,6.530761241912842,-7.995604991912842,9.27734375
0.17041015625,-0.9697265625,0.205078125,5.798339366912842,-6.774901866912842,8.9111328125
0.17236328125,-0.96826171875,0.2066650390625,4.94384765625,-5.249022960662842,7.873534679412842
0.172119140625,-0.9722900390625,0.20751953125,3.356933355331421,-2.25830078125,6.347655773162842
0.1680908203125,-0.97119140625,0.200439453125,0.7324218153953552,1.03759765625,5.187987804412842
0.160400390625,-0.9603271484375,0.1903076171875,-1.9531248807907104,2.685546636581421,4.69970703125
0.153564453125,-0.95654296875,0.1875,-3.173827886581421,3.112792730331421,4.150390625
0.1561279296875,-0.966064453125,0.188720703125,-2.38037109375,2.746581792831421,2.746581792831421
0.1634521484375,-0.97607421875,0.189453125,-0.54931640625,0.6713866591453552,1.7700194120407104
0.16796875,-0.977294921875,0.196533203125,1.4038084745407104,-3.845214605331421,2.624511480331421
0.1656494140625,-0.9732666015625,0.2021484375,2.807616949081421,-8.1787109375,4.8828125
0.1572265625,-0.97021484375,0.2015380859375,3.479003667831421,-9.27734375,7.141112804412842
0.150390625,-0.9727783203125,0.20703125,4.08935546875,-8.60595703125,8.4228515625
0.149658203125,-0.9798583984375,0.215576171875,4.7607421875,-7.446288585662842,9.21630859375
0.1524658203125,-0.9853515625,0.215087890625,5.126952648162842,-5.737304210662842,10.314940452575684
0.15234375,-0.9842529296875,0.2100830078125,5.493163585662842,-5.798339366912842,12.329100608825684
0.1488037109375,-0.9761962890625,0.209716796875,5.737304210662842,-8.4228515625,14.526366233825684
0.1436767578125,-0.966552734375,0.214111328125,5.187987804412842,-10.986327171325684,15.380858421325684
0.14013671875,-0.96337890625,0.2205810546875,3.906249761581421,-11.474608421325684,14.465331077575684
0.1407470703125,-0.9669189453125,0.22802734375,2.50244140625,-10.375975608825684,11.901854515075684
0.145263671875,-0.9761962890625,0.2325439453125,1.0986328125,-8.544921875,8.36181640625
0.143798828125,-1.0001220703125,0.2564697265625,-1.4038084745407104,-6.164550304412842,6.469726085662842
0.1292724609375,-0.96533203125,0.2596435546875,-2.990722417831421,-5.615233898162842,8.23974609375
0.1182861328125,-0.9285888671875,0.236083984375,-3.662109136581421,-2.746581792831421,7.690429210662842
0.1199951171875,-0.9322509765625,0.206787109375,-2.685546636581421,0.3662109076976776,4.638671875
0.1329345703125,-0.9581298828125,0.20068359375,-0.9765624403953552,-3.173827886581421,2.685546636581421
0.138427734375,-0.9688720703125,0.2178955078125,0.6713866591453552,-15.014647483825684,5.737304210662842
0.1312255859375,-0.968505859375,0.238037109375,1.220703125,-28.747556686401367,12.451170921325684
0.1162109375,-0.96435546875,0.2506103515625,0.1220703050494194,-37.78076171875,18.61572265625
0.0941162109375,-0.951171875,0.2613525390625,-1.8310545682907104,-40.10009765625,21.484373092651367
0.0804443359375,-0.9462890625,0.2669677734375,-3.845214605331421,-34.66796875,17.822265625
0.082763671875,-0.9630126953125,0.260009765625,-5.371093273162842,-22.705076217651367,8.30078125
0.091796875,-0.9755859375,0.2506103515625,-5.859374523162842,-13.061522483825684,-0.2441406100988388
0.0989990234375,-0.97021484375,0.2481689453125,-5.859374523162842,-10.131834983825684,-4.45556640625
0.101806640625,-0.9658203125,0.250244140625,-6.225585460662842,-8.97216796875,-6.774901866912842
0.1016845703125,-0.9683837890625,0.2462158203125,-7.202147960662842,-4.8828125,-9.521484375
0.10693359375,-0.967041015625,0.2386474609375,-8.30078125,1.2817381620407104,-13.244627952575684
0.1177978515625,-0.963623046875,0.2396240234375,-9.09423828125,6.713866710662842,-16.6015625
0.1243896484375,-0.9654541015625,0.23681640625,-10.009765625,12.390135765075684,-18.24951171875
0.126708984375,-0.9739990234375,0.21923828125,-11.352538108825684,19.04296875,-18.4326171875
0.132568359375,-0.97998046875,0.202392578125,-12.023924827575684,22.460935592651367,-17.88330078125
0.1424560546875,-0.9788818359375,0.1947021484375,-11.718749046325684,21.728513717651367,-17.4560546875
0.14697265625,-0.9759521484375,0.18701171875,-10.742186546325684,21.606443405151367,-17.15087890625
0.147705078125,-0.9755859375,0.1776123046875,-9.1552734375,23.742673873901367,-16.66259765625
0.1531982421875,-0.980712890625,0.1729736328125,-6.713866710662842,26.000974655151367,-16.17431640625
0.165283203125,-0.98828125,0.1697998046875,-4.33349609375,27.160642623901367,-15.319823265075684
0.1776123046875,-0.99267578125,0.1644287109375,-2.50244140625,26.428220748901367,-13.000487327575684
0.1827392578125,-0.990966796875,0.1602783203125,-1.2817381620407104,23.498533248901367,-8.7890625
0.180419921875,-0.9853515625,0.15625,-0.6103515625,19.22607421875,-3.601073980331421
0.176025390625,-0.978759765625,0.1517333984375,-0.0,14.892577171325684,0.4882812201976776
0.17724609375,-0.9759521484375,0.151611328125,0.6713866591453552,11.413573265075684,1.5869139432907104
0.1834716796875,-0.9755859375,0.154296875,1.220703125,9.46044921875,-0.0610351525247097
0.18505859375,-0.97265625,0.156005859375,1.220703125,9.8876953125,-2.197265625
0.181640625,-0.96923828125,0.157958984375,1.15966796875,11.230467796325684,-3.540038824081421
0.180419921875,-0.9703369140625,0.1607666015625,1.4038084745407104,11.840819358825684,-4.150390625
0.18212890625,-0.9713134765625,0.1678466796875,2.197265625,10.620116233825684,-3.479003667831421
0.1832275390625,-0.9678955078125,0.177490234375,3.479003667831421,7.751464366912842,-1.4648436307907104
0.181396484375,-0.964599609375,0.1822509765625,4.5166015625,5.493163585662842,0.4272460639476776
0.18017578125,-0.9635009765625,0.185791015625,5.126952648162842,4.39453125,0.7934569716453552
0.1807861328125,-0.963623046875,0.192138671875,5.493163585662842,4.08935546875,-0.3662109076976776
0.177978515625,-0.9620361328125,0.1978759765625,5.187987804412842,6.225585460662842,-4.39453125
0.1785888671875,-0.962158203125,0.19873046875,4.57763671875,7.202147960662842,-6.469726085662842
0.1854248046875,-0.9710693359375,0.19873046875,3.601073980331421,9.27734375,-7.324218273162842
0.1866455078125,-0.9713134765625,0.1993408203125,3.479003667831421,9.70458984375,-5.615233898162842
0.1866455078125,-0.9698486328125,0.2000732421875,3.601073980331421,9.33837890625,-4.39453125
0.1851806640625,-0.9697265625,0.198486328125,3.723144292831421,8.85009765625,-4.39453125
0.182373046875,-0.9713134765625,0.1982421875,4.0283203125,7.751464366912842,-4.5166015625
0.1806640625,-0.97314453125,0.2037353515625,4.7607421875,5.065917491912842,-3.845214605331421
0.1796875,-0.9754638671875,0.213623046875,5.859374523162842,1.3427733182907104,-1.7700194120407104
0.1776123046875,-0.9752197265625,0.2227783203125,6.835937023162842,-2.746581792831421,1.0986328125
0.1744384765625,-0.9705810546875,0.22900390625,7.324218273162842,-5.981444835662842,3.784179449081421
0.1729736328125,-0.96826171875,0.2314453125,7.385253429412842,-7.019042491912842,5.371093273162842
0.1722412109375,-0.97021484375,0.2322998046875,7.385253429412842,-6.469726085662842,6.408690929412842
0.172607421875,-0.970458984375,0.2354736328125,7.629394054412842,-5.981444835662842,7.507323741912842
0.1650390625,-0.9617919921875,0.2457275390625,6.347655773162842,-4.0283203125,6.591796398162842
0.155517578125,-0.9620361328125,0.248779296875,5.0048828125,-3.784179449081421,5.554198741912842
0.153076171875,-0.9654541015625,0.2474365234375,4.21142578125,-3.540038824081421,4.638671875
0.1556396484375,-0.9661865234375,0.2510986328125,4.21142578125,-2.868652105331421,3.967284917831421
0.1563720703125,-0.96630859375,0.2559814453125,4.08935546875,-2.38037109375,3.906249761581421
0.15478515625,-0.9658203125,0.2554931640625,3.417968511581421,-1.8310545682907104,4.7607421875
0.1507568359375,-0.958740234375,0.2608642578125,3.112792730331421,-2.197265625,5.554198741912842
0.1458740234375,-0.9521484375,0.272705078125,3.356933355331421,-2.868652105331421,5.371093273162842
0.14404296875,-0.955810546875,0.2723388671875,3.295898199081421,-1.0986328125,4.33349609375
0.145751953125,-0.9654541015625,0.2601318359375,2.807616949081421,2.50244140625,3.784179449081421
0.1488037109375,-0.9718017578125,0.2529296875,2.50244140625,4.69970703125,4.33349609375
0.1490478515625,-0.972412109375,0.25244140625,2.01416015625,5.0048828125,5.493163585662842
0.146240234375,-0.96923828125,0.2491455078125,0.8544921278953552,4.7607421875,6.103515148162842
0.139404296875,-0.966552734375,0.240478515625,-0.7324218153953552,4.638671875,5.859374523162842
0.1343994140625,-0.9698486328125,0.236083984375,-2.01416015625,4.5166015625,4.82177734375
0.1357421875,-0.9764404296875,0.2425537109375,-2.38037109375,3.723144292831421,3.723144292831421
0.138671875,-0.9749755859375,0.24951171875,-2.25830078125,2.807616949081421,3.417968511581421
0.13525390625,-0.9630126953125,0.22900390625,-2.746581792831421,4.08935546875,3.112792730331421
0.13623046875,-0.968017578125,0.2259521484375,-2.685546636581421,2.44140625,2.563476324081421
0.1396484375,-0.9654541015625,0.2327880859375,-2.929687261581421,-1.03759765625,1.5869139432907104
0.144287109375,-0.956298828125,0.2384033203125,-3.906249761581421,-2.807616949081421,-0.3662109076976776
0.1500244140625,-0.95068359375,0.2410888671875,-5.126952648162842,-1.7700194120407104,-4.0283203125
0.157470703125,-0.952880859375,0.2412109375,-6.408690929412842,0.9155272841453552,-8.85009765625
0.1693115234375,-0.954345703125,0.2374267578125,-7.568358898162842,2.929687261581421,-13.122557640075684
0.181640625,-0.947509765625,0.230712890625,-7.873534679412842,2.990722417831421,-14.892577171325684
0.18994140625,-0.9361572265625,0.2257080078125,-7.019042491912842,1.2817381620407104,-13.732909202575684
0.201171875,-0.937744140625,0.2222900390625,-4.94384765625,0.3662109076976776,-11.230467796325684
0.2109375,-0.93115234375,0.212646484375,-5.065917491912842,2.13623046875,-11.962889671325684
0.2215576171875,-0.9305419921875,0.211669921875,-4.5166015625,2.25830078125,-13.549803733825684
0.22900390625,-0.9530029296875,0.2139892578125,-4.0283203125,2.685546636581421,-15.380858421325684
0.2474365234375,-0.9735107421875,0.2117919921875,-4.21142578125,1.5258787870407104,-16.41845703125
0.2711181640625,-0.9716796875,0.211181640625,-4.2724609375,-5.493163585662842,-15.075682640075684
0.264892578125,-0.9522705078125,0.1982421875,-4.8828125,-15.563963890075684,-10.192870140075684
0.2562255859375,-0.9527587890625,0.212646484375,-4.0283203125,-20.080564498901367,-10.925292015075684
0.248779296875,-0.9461669921875,0.2498779296875,-2.990722417831421,-22.888181686401367,-11.169432640075684
0.2447509765625,-0.9312744140625,0.274658203125,-1.9531248807907104,-20.935056686401367,-9.3994140625
0.2572021484375,-0.931640625,0.2606201171875,-0.9155272841453552,-14.282225608825684,-9.09423828125
0.280029296875,-0.9434814453125,0.2264404296875,-0.9155272841453552,-6.347655773162842,-11.535643577575684
0.295654296875,-0.942626953125,0.2225341796875,-1.8920897245407104,-3.723144292831421,-12.512206077575684
0.3046875,-0.9306640625,0.2545166015625,-2.929687261581421,-4.5166015625,-10.864256858825684
0.311279296875,-0.9239501953125,0.2738037109375,-3.723144292831421,-0.0,-9.6435546875
0.315185546875,-0.9241943359375,0.265625,-3.967284917831421,9.1552734375,-9.3994140625
0.31494140625,-0.9298095703125,0.2579345703125,-2.929687261581421,15.319823265075684,-8.6669921875
0.3179931640625,-0.9395751953125,0.2662353515625,-0.7934569716453552,16.66259765625,-6.774901866912842
0.330078125,-0.9407958984375,0.274169921875,0.7324218153953552,18.1884765625,-3.723144292831421
0.3363037109375,-0.9287109375,0.2564697265625,-0.4272460639476776,24.719236373901367,-1.7089842557907104
0.33544921875,-0.9197998046875,0.2215576171875,-3.540038824081421,33.02001953125,-2.50244140625
0.341552734375,-0.921630859375,0.2086181640625,-5.920409679412842,36.0107421875,-4.45556640625
0.3531494140625,-0.930419921875,0.2200927734375,-6.835937023162842,33.69140625,-5.615233898162842
0.3641357421875,-0.9425048828125,0.2236328125,-7.385253429412842,30.578611373901367,-4.69970703125
0.366943359375,-0.9459228515625,0.218994140625,-6.530761241912842,22.766111373901367,0.9765624403953552
0.3531494140625,-0.929931640625,0.2296142578125,-3.112792730331421,5.676269054412842,11.474608421325684
0.3228759765625,-0.9056396484375,0.246826171875,0.6713866591453552,-10.742186546325684,20.812986373901367
0.2906494140625,-0.8990478515625,0.2498779296875,2.50244140625,-14.099120140075684,22.399900436401367
0.2745361328125,-0.917724609375,0.2340087890625,2.50244140625,-5.493163585662842,15.258788108825684
0.2659912109375,-0.935546875,0.2109375,1.3427733182907104,4.21142578125,5.615233898162842
0.257080078125,-0.937255859375,0.2083740234375,0.54931640625,5.981444835662842,0.6103515625
0.2401123046875,-0.940185546875,0.2349853515625,1.4038084745407104,0.7934569716453552,2.50244140625
0.2332763671875,-0.949462890625,0.22509765625,1.4648436307907104,3.845214605331421,3.662109136581421
0.2310791015625,-0.9549560546875,0.206298828125,1.03759765625,7.995604991912842,3.906249761581421
0.227294921875,-0.95458984375,0.1912841796875,0.4272460639476776,10.620116233825684,3.906249761581421
0.2208251953125,-0.952392578125,0.1807861328125,-0.30517578125,13.244627952575684,2.990722417831421
0.2210693359375,-0.954345703125,0.1826171875,-0.8544921278953552,16.11328125,0.0
0.2294921875,-0.9578857421875,0.1893310546875,-0.9155272841453552,18.49365234375,-4.5166015625
0.2373046875,-0.9569091796875,0.188232421875,-1.5258787870407104,21.606443405151367,-9.033203125
0.243408203125,-0.9520263671875,0.1810302734375,-3.356933355331421,25.939939498901367,-13.061522483825684
0.2530517578125,-0.94873046875,0.1734619140625,-5.798339366912842,30.212400436401367,-17.02880859375
0.26513671875,-0.9478759765625,0.1654052734375,-8.48388671875,33.203125,-20.996091842651367
0.2762451171875,-0.9476318359375,0.156005859375,-10.864256858825684,34.423828125,-24.047849655151367
0.288330078125,-0.9515380859375,0.1522216796875,-12.145995140075684,32.89794921875,-25.695798873901367
0.3031005859375,-0.95703125,0.152587890625,-12.634276390075684,29.479978561401367,-26.245115280151367
0.308837890625,-0.9593505859375,0.1441650390625,-13.122557640075684,26.611326217651367,-25.695798873901367
0.302490234375,-0.95556640625,0.135498046875,-13.183592796325684,25.024412155151367,-23.742673873901367
0.3033447265625,-0.950439453125,0.1357421875,-11.901854515075684,23.376462936401367,-20.996091842651367
0.3170166015625,-0.95166015625,0.13525390625,-9.46044921875,21.301267623901367,-18.6767578125
0.3363037109375,-0.9569091796875,0.1265869140625,-6.713866710662842,18.37158203125,-16.29638671875
0.3525390625,-0.957275390625,0.118896484375,-4.08935546875,13.244627952575684,-12.695311546325684
0.35595703125,-0.9468994140625,0.13037109375,-1.7089842557907104,5.554198741912842,-7.995604991912842
0.3526611328125,-0.93701171875,0.1492919921875,0.3662109076976776,-1.7700194120407104,-4.150390625
0.3551025390625,-0.93701171875,0.1517333984375,1.5869139432907104,-5.249022960662842,-2.868652105331421
0.3583984375,-0.9388427734375,0.149658203125,2.3193359375,-7.385253429412842,-1.7700194120407104
0.3570556640625,-0.933349609375,0.16455078125,3.540038824081421,-12.084959983825684,1.0986328125
0.354736328125,-0.9241943359375,0.1883544921875,5.0048828125,-17.51708984375,4.2724609375
0.355712890625,-0.9200439453125,0.1988525390625,6.225585460662842,-19.8974609375,6.347655773162842
0.3603515625,-0.9212646484375,0.19189453125,7.446288585662842,-19.95849609375,7.019042491912842
0.3638916015625,-0.9208984375,0.1884765625,8.72802734375,-21.057126998901367,7.080077648162842
0.361572265625,-0.916259765625,0.201171875,9.94873046875,-23.986814498901367,7.385253429412842
0.3558349609375,-0.9090576171875,0.22607421875,10.681151390075684,-25.634763717651367,9.21630859375
0.353271484375,-0.9110107421875,0.226806640625,10.314940452575684,-24.169919967651367,9.94873046875
0.351318359375,-0.9117431640625,0.2177734375,10.314940452575684,-23.925779342651367,10.009765625
0.3511962890625,-0.91162109375,0.2061767578125,10.375975608825684,-24.536130905151367,9.46044921875
0.3525390625,-0.9149169921875,0.20703125,10.375975608825684,-25.939939498901367,9.09423828125
0.353759765625,-0.9207763671875,0.2159423828125,10.375975608825684,-27.954099655151367,9.82666015625
0.351318359375,-0.9197998046875,0.22216796875,10.681151390075684,-30.639646530151367,11.901854515075684
0.3458251953125,-0.91455078125,0.22802734375,11.169432640075684,-33.02001953125,13.732909202575684
0.337890625,-0.9144287109375,0.2354736328125,10.986327171325684,-32.2265625,13.244627952575684
0.32958984375,-0.9185791015625,0.2362060546875,9.82666015625,-28.137205123901367,11.169432640075684
0.322998046875,-0.9244384765625,0.22802734375,8.48388671875,-24.108884811401367,10.070799827575684
0.3201904296875,-0.929443359375,0.223388671875,7.995604991912842,-23.742673873901367,11.108397483825684
0.3173828125,-0.93115234375,0.2264404296875,8.48388671875,-26.916501998901367,13.305663108825684
0.3115234375,-0.927978515625,0.2301025390625,8.9111328125,-29.602048873901367,15.136717796325684
0.3052978515625,-0.9251708984375,0.2335205078125,9.09423828125,-29.296873092651367,15.441893577575684
0.301513671875,-0.9263916015625,0.234619140625,9.58251953125,-26.611326217651367,13.916014671325684
0.2994384765625,-0.9287109375,0.2320556640625,9.82666015625,-22.888181686401367,11.657713890075684
0.2994384765625,-0.9287109375,0.233154296875,9.765625,-19.83642578125,9.70458984375
0.30126953125,-0.926513671875,0.239990234375,9.58251953125,-18.1884765625,7.690429210662842
0.3043212890625,-0.92431640625,0.2489013671875,8.9111328125,-16.54052734375,5.310058116912842
0.3089599609375,-0.9239501953125,0.2579345703125,7.995604991912842,-14.892577171325684,3.662109136581421
0.3114013671875,-0.9237060546875,0.255615234375,7.202147960662842,-13.000487327575684,3.601073980331421
0.3126220703125,-0.923095703125,0.2447509765625,6.530761241912842,-11.230467796325684,4.57763671875
0.315673828125,-0.924560546875,0.2401123046875,6.164550304412842,-11.169432640075684,5.493163585662842
0.3165283203125,-0.9254150390625,0.240966796875,5.859374523162842,-12.268065452575684,5.981444835662842
0.310791015625,-0.924072265625,0.242431640625,4.2724609375,-11.230467796325684,5.187987804412842
0.3109130859375,-0.924560546875,0.24072265625,3.295898199081421,-9.1552734375,3.906249761581421
0.3095703125,-0.925048828125,0.2366943359375,2.3193359375,-6.835937023162842,3.173827886581421
0.3060302734375,-0.9248046875,0.2353515625,1.5258787870407104,-5.310058116912842,2.929687261581421
0.302001953125,-0.924560546875,0.2386474609375,0.9155272841453552,-4.5166015625,2.563476324081421
0.2998046875,-0.9268798828125,0.2431640625,-0.0,-2.807616949081421,0.7934569716453552
0.2979736328125,-0.9293212890625,0.2393798828125,-0.6103515625,-0.6103515625,0.6103515625
0.294921875,-0.9312744140625,0.234375,-1.220703125,2.01416015625,0.7934569716453552
0.29248046875,-0.932373046875,0.229736328125,-1.7700194120407104,4.150390625,0.9765624403953552
0.2891845703125,-0.932373046875,0.2252197265625,-1.9531248807907104,5.737304210662842,1.4038084745407104
0.2833251953125,-0.935302734375,0.213623046875,-1.5258787870407104,8.11767578125,0.30517578125
0.2821044921875,-0.93603515625,0.2137451171875,-0.6713866591453552,7.263183116912842,-0.7934569716453552
0.2796630859375,-0.93701171875,0.2139892578125,0.4272460639476776,6.042479991912842,-1.5258787870407104
0.27685546875,-0.9388427734375,0.212646484375,1.5869139432907104,4.82177734375,-1.4648436307907104
0.2752685546875,-0.9388427734375,0.21435546875,2.50244140625,3.173827886581421,-0.6713866591453552
0.2738037109375,-0.933837890625,0.222900390625,3.234863042831421,1.0986328125,0.4882812201976776
0.2723388671875,-0.926513671875,0.2342529296875,3.845214605331421,-0.9765624403953552,1.2817381620407104
0.2711181640625,-0.922607421875,0.24072265625,4.0283203125,-1.3427733182907104,-0.0610351525247097
0.2684326171875,-0.92529296875,0.2373046875,3.112792730331421,1.4648436307907104,-4.0283203125
0.263671875,-0.931640625,0.228515625,1.0986328125,5.981444835662842,-8.97216796875
0.2603759765625,-0.940185546875,0.219970703125,-1.4038084745407104,10.070799827575684,-13.122557640075684
0.2647705078125,-0.9500732421875,0.206787109375,-3.601073980331421,13.916014671325684,-15.808104515075684
0.2742919921875,-0.96240234375,0.1910400390625,-4.638671875,16.4794921875,-16.11328125
0.279296875,-0.97412109375,0.172119140625,-5.371093273162842,15.441893577575684,-13.610838890075684
0.281005859375,-0.973876953125,0.1536865234375,-7.080077648162842,10.131834983825684,-9.8876953125
0.2904052734375,-0.9398193359375,0.158447265625,-10.498045921325684,-3.906249761581421,-6.469726085662842
0.2958984375,-0.937255859375,0.1636962890625,-11.718749046325684,-3.662109136581421,-9.21630859375
0.3016357421875,-0.9456787109375,0.1673583984375,-12.268065452575684,-0.30517578125,-12.634276390075684
0.310546875,-0.950439453125,0.1763916015625,-11.596678733825684,2.197265625,-14.343260765075684
0.31982421875,-0.947509765625,0.178955078125,-10.803221702575684,4.8828125,-14.831542015075684
0.32958984375,-0.94677734375,0.1578369140625,-11.169432640075684,9.3994140625,-15.441893577575684
0.34228515625,-0.9508056640625,0.132568359375,-11.901854515075684,11.413573265075684,-16.11328125
0.3546142578125,-0.953125,0.1341552734375,-11.108397483825684,6.469726085662842,-14.404295921325684
0.3614501953125,-0.949951171875,0.15673828125,-8.85009765625,-0.9765624403953552,-9.70458984375
0.36083984375,-0.9420166015625,0.1702880859375,-6.774901866912842,-3.540038824081421,-4.5166015625
0.3607177734375,-0.933349609375,0.1656494140625,-5.310058116912842,-0.6713866591453552,-1.4648436307907104
0.3681640625,-0.9305419921875,0.151611328125,-3.662109136581421,2.990722417831421,-0.0610351525247097
0.375244140625,-0.930419921875,0.1380615234375,-1.8920897245407104,4.21142578125,2.0751953125
0.3740234375,-0.9263916015625,0.1375732421875,-0.1831054538488388,1.8310545682907104,5.310058116912842
0.36962890625,-0.920654296875,0.1500244140625,1.5258787870407104,-2.0751953125,7.507323741912842
0.3682861328125,-0.916259765625,0.1640625,3.417968511581421,-4.7607421875,7.751464366912842
0.368896484375,-0.9144287109375,0.171875,5.554198741912842,-5.981444835662842,7.080077648162842
0.3687744140625,-0.913818359375,0.1771240234375,7.873534679412842,-7.629394054412842,6.774901866912842
0.3677978515625,-0.9136962890625,0.183837890625,10.070799827575684,-10.559081077575684,7.263183116912842
0.3653564453125,-0.913818359375,0.1898193359375,11.352538108825684,-13.427733421325684,7.812499523162842
0.3604736328125,-0.914306640625,0.191650390625,11.413573265075684,-14.831542015075684,7.873534679412842
0.3553466796875,-0.917236328125,0.1898193359375,10.803221702575684,-15.441893577575684,7.446288585662842
0.3502197265625,-0.921875,0.1922607421875,9.94873046875,-15.319823265075684,6.958007335662842
0.3460693359375,-0.9261474609375,0.198974609375,8.97216796875,-14.282225608825684,6.591796398162842
0.3416748046875,-0.928466796875,0.2022705078125,8.056640625,-11.657713890075684,6.408690929412842
0.3355712890625,-0.9268798828125,0.2117919921875,7.446288585662842,-6.896972179412842,8.97216796875
0.327392578125,-0.926025390625,0.212646484375,7.385253429412842,-5.798339366912842,11.596678733825684
0.318359375,-0.9259033203125,0.2171630859375,7.080077648162842,-4.82177734375,13.916014671325684
0.3118896484375,-0.92578125,0.2366943359375,6.958007335662842,-4.5166015625,15.258788108825684
0.3060302734375,-0.929931640625,0.2542724609375,6.713866710662842,-2.624511480331421,15.319823265075684
0.2978515625,-0.9403076171875,0.2532958984375,5.920409679412842,4.57763671875,14.648436546325684
0.28466796875,-0.9434814453125,0.2545166015625,5.493163585662842,12.207030296325684,14.709471702575684
0.2701416015625,-0.9361572265625,0.27197265625,5.554198741912842,13.793944358825684,15.869139671325684
0.2630615234375,-0.9305419921875,0.2830810546875,4.94384765625,12.512206077575684,15.991209983825684
0.259521484375,-0.9295654296875,0.27734375,3.479003667831421,12.634276390075684,14.770506858825684
0.2545166015625,-0.9310302734375,0.2706298828125,2.38037109375,12.390135765075684,13.549803733825684
0.2464599609375,-0.93212890625,0.272705078125,2.13623046875,8.4228515625,12.145995140075684
0.239501953125,-0.92431640625,0.28076171875,2.44140625,6.591796398162842,10.742186546325684
0.232177734375,-0.923095703125,0.283935546875,2.807616949081421,6.591796398162842,8.72802734375
0.2286376953125,-0.9332275390625,0.279296875,2.807616949081421,8.9111328125,6.347655773162842
0.2274169921875,-0.944580078125,0.2752685546875,2.3193359375,11.169432640075684,4.2724609375
0.2247314453125,-0.945556640625,0.2750244140625,1.5258787870407104,10.620116233825684,4.150390625
0.2171630859375,-0.9410400390625,0.2703857421875,0.2441406100988388,8.7890625,5.310058116912842
0.208740234375,-0.9385986328125,0.26220703125,-1.4038084745407104,7.202147960662842,5.615233898162842
0.2044677734375,-0.9364013671875,0.2598876953125,-2.563476324081421,5.065917491912842,4.45556640625
0.2017822265625,-0.9339599609375,0.2633056640625,-2.990722417831421,3.295898199081421,2.563476324081421
0.1978759765625,-0.94140625,0.2657470703125,-2.990722417831421,3.906249761581421,0.1831054538488388
0.1943359375,-0.95068359375,0.260986328125,-2.929687261581421,5.981444835662842,-1.6479490995407104
0.190673828125,-0.9508056640625,0.255126953125,-2.563476324081421,6.469726085662842,-1.8920897245407104
0.1890869140625,-0.951416015625,0.2542724609375,-1.8920897245407104,4.7607421875,-1.0986328125
0.191162109375,-0.9547119140625,0.2567138671875,-1.5258787870407104,3.234863042831421,-0.6713866591453552
0.194091796875,-0.952880859375,0.2569580078125,-1.7089842557907104,3.173827886581421,-1.3427733182907104
0.1949462890625,-0.9453125,0.248291015625,-2.25830078125,5.126952648162842,-3.479003667831421
0.1934814453125,-0.939208984375,0.2374267578125,-2.807616949081421,7.446288585662842,-6.164550304412842
0.1922607421875,-0.9423828125,0.2291259765625,-3.112792730331421,9.3994140625,-8.7890625
0.1939697265625,-0.950439453125,0.22021484375,-3.784179449081421,11.840819358825684,-11.352538108825684
0.1998291015625,-0.9534912109375,0.2110595703125,-4.150390625,12.512206077575684,-13.488768577575684
0.20751953125,-0.9495849609375,0.2044677734375,-3.662109136581421,9.70458984375,-14.404295921325684
0.2105712890625,-0.943359375,0.203369140625,-3.234863042831421,6.835937023162842,-14.953612327575684
0.2093505859375,-0.9429931640625,0.20556640625,-3.234863042831421,6.530761241912842,-16.11328125
0.208740234375,-0.954345703125,0.201416015625,-3.112792730331421,8.056640625,-17.2119140625
0.2100830078125,-0.97119140625,0.1885986328125,-3.112792730331421,9.46044921875,-16.6015625
0.2127685546875,-0.981689453125,0.176025390625,-3.662109136581421,9.21630859375,-13.671874046325684
0.2178955078125,-0.9842529296875,0.1717529296875,-4.08935546875,6.591796398162842,-9.82666015625
0.2220458984375,-0.9840087890625,0.172607421875,-4.21142578125,2.990722417831421,-6.958007335662842
0.2301025390625,-1.0068359375,0.1761474609375,-6.958007335662842,2.746581792831421,-6.591796398162842
0.2386474609375,-0.999267578125,0.16552734375,-9.765625,5.249022960662842,-7.934569835662842
0.232177734375,-0.9716796875,0.1427001953125,-13.000487327575684,9.1552734375,-9.94873046875
0.2301025390625,-0.9595947265625,0.1279296875,-15.258788108825684,11.718749046325684,-13.183592796325684
0.2379150390625,-0.9619140625,0.132568359375,-15.991209983825684,10.070799827575684,-15.563963890075684
0.24609375,-0.9639892578125,0.140380859375,-16.17431640625,6.286620616912842,-14.343260765075684
0.2503662109375,-0.9700927734375,0.140380859375,-15.808104515075684,2.929687261581421,-10.070799827575684
0.255859375,-0.9739990234375,0.1297607421875,-14.587401390075684,-0.3662109076976776,-5.371093273162842
0.26806640625,-0.96875,0.11279296875,-12.512206077575684,-4.33349609375,-2.624511480331421
0.2760009765625,-0.9620361328125,0.1029052734375,-10.437010765075684,-7.080077648162842,-2.0751953125
0.278564453125,-0.960205078125,0.108154296875,-8.6669921875,-7.629394054412842,-2.01416015625
0.2808837890625,-0.9603271484375,0.1258544921875,-6.652831554412842,-7.934569835662842,-1.5258787870407104
0.2803955078125,-0.95849609375,0.1373291015625,-4.0283203125,-7.995604991912842,-0.4882812201976776
0.282470703125,-0.95703125,0.134521484375,-0.9155272841453552,-7.568358898162842,1.0986328125
0.2908935546875,-0.956787109375,0.1253662109375,2.3193359375,-7.812499523162842,3.295898199081421
0.298828125,-0.9541015625,0.121337890625,4.8828125,-8.6669921875,5.615233898162842
0.3035888671875,-0.9471435546875,0.1280517578125,6.408690929412842,-9.70458984375,6.774901866912842
0.305419921875,-0.9423828125,0.1356201171875,6.652831554412842,-9.1552734375,5.432128429412842
0.304443359375,-0.9429931640625,0.141357421875,6.164550304412842,-7.446288585662842,2.0751953125
0.301025390625,-0.94677734375,0.1685791015625,6.652831554412842,-6.103515148162842,0.4882812201976776
0.3001708984375,-0.9468994140625,0.1788330078125,9.033203125,-8.7890625,5.371093273162842
0.2957763671875,-0.93798828125,0.2008056640625,13.122557640075684,-17.2119140625,14.038084983825684
0.2852783203125,-0.9378662109375,0.218994140625,13.183592796325684,-16.78466796875,13.793944358825684
0.275146484375,-0.94091796875,0.2254638671875,12.878417015075684,-12.878417015075684,12.451170921325684
0.270263671875,-0.947265625,0.2147216796875,12.939452171325684,-6.958007335662842,11.352538108825684
0.265869140625,-0.9580078125,0.19677734375,14.465331077575684,-0.0,12.756346702575684
0.2598876953125,-0.9556884765625,0.199462890625,14.404295921325684,-1.15966796875,14.770506858825684
0.25439453125,-0.95361328125,0.210693359375,13.610838890075684,-4.69970703125,16.6015625
0.2486572265625,-0.9495849609375,0.2318115234375,12.512206077575684,-9.27734375,17.822265625
0.239013671875,-0.939453125,0.256103515625,11.230467796325684,-12.512206077575684,17.9443359375
0.22705078125,-0.9320068359375,0.26904296875,9.521484375,-12.084959983825684,16.05224609375
0.2193603515625,-0.9349365234375,0.2691650390625,8.1787109375,-10.681151390075684,12.756346702575684
0.2227783203125,-0.9429931640625,0.2696533203125,7.751464366912842,-11.962889671325684,10.559081077575684
0.2279052734375,-0.946533203125,0.283203125,7.629394054412842,-14.709471702575684,11.596678733825684
0.2198486328125,-0.9447021484375,0.2989501953125,7.202147960662842,-16.6015625,15.808104515075684
0.201171875,-0.942138671875,0.294677734375,6.347655773162842,-14.831542015075684,19.34814453125
0.1845703125,-0.9407958984375,0.2777099609375,5.676269054412842,-10.681151390075684,19.34814453125
0.1754150390625,-0.939453125,0.273193359375,5.920409679412842,-9.3994140625,17.333984375
0.1697998046875,-0.94091796875,0.278076171875,6.408690929412842,-9.765625,14.343260765075684
0.1641845703125,-0.9453125,0.2763671875,6.042479991912842,-7.507323741912842,10.437010765075684
0.158935546875,-0.9495849609375,0.26806640625,5.0048828125,-3.295898199081421,6.225585460662842
0.1553955078125,-0.950927734375,0.2645263671875,3.723144292831421,-0.6713866591453552,3.051757574081421
0.1524658203125,-0.9537353515625,0.2625732421875,2.44140625,-0.0,1.7089842557907104
0.1494140625,-0.9605712890625,0.2562255859375,1.3427733182907104,0.1831054538488388,2.13623046875
0.146484375,-0.96533203125,0.2508544921875,0.7934569716453552,-0.30517578125,3.234863042831421
0.142822265625,-0.962890625,0.247802734375,0.6713866591453552,-1.4038084745407104,4.08935546875
0.1363525390625,-0.9537353515625,0.252685546875,0.54931640625,-2.13623046875,3.662109136581421
0.1268310546875,-0.945068359375,0.2620849609375,0.4882812201976776,-1.0986328125,1.5258787870407104
0.11865234375,-0.94287109375,0.2640380859375,0.3662109076976776,2.624511480331421,-2.25830078125
0.116943359375,-0.94677734375,0.2601318359375,-0.0610351525247097,7.568358898162842,-6.835937023162842
0.1268310546875,-0.960693359375,0.2489013671875,-1.8310545682907104,16.54052734375,-15.686034202575684
0.131103515625,-0.959716796875,0.241455078125,-3.479003667831421,19.6533203125,-20.01953125
0.1353759765625,-0.9532470703125,0.2340087890625,-5.187987804412842,22.094724655151367,-24.230955123901367
0.1458740234375,-0.952392578125,0.22802734375,-5.737304210662842,24.536130905151367,-28.015134811401367
0.1614990234375,-0.95947265625,0.218505859375,-5.249022960662842,26.794431686401367,-30.273435592651367
0.173095703125,-0.96435546875,0.2054443359375,-4.8828125,27.526853561401367,-30.273435592651367
0.1846923828125,-0.9696044921875,0.1988525390625,-5.310058116912842,26.000974655151367,-29.785154342651367
0.201416015625,-0.978515625,0.19775390625,-6.652831554412842,24.108884811401367,-29.907224655151367
0.2178955078125,-0.98388671875,0.1920166015625,-8.85009765625,23.376462936401367,-29.602048873901367
0.234375,-0.98876953125,0.1845703125,-10.925292015075684,22.033689498901367,-28.137205123901367
0.2650146484375,-0.9964599609375,0.15380859375,-12.817381858825684,21.118162155151367,-25.573728561401367
0.2686767578125,-0.987548828125,0.151123046875,-13.061522483825684,19.287109375,-23.315427780151367
0.2666015625,-0.9757080078125,0.1719970703125,-12.390135765075684,14.343260765075684,-19.6533203125
0.27197265625,-0.965576171875,0.191162109375,-10.864256858825684,10.986327171325684,-16.2353515625
0.28662109375,-0.9677734375,0.19091796875,-8.60595703125,11.047362327575684,-13.061522483825684
0.3060302734375,-0.978515625,0.17822265625,-5.676269054412842,11.474608421325684,-10.131834983825684
0.3197021484375,-0.9837646484375,0.1737060546875,-2.929687261581421,6.103515148162842,-5.859374523162842
0.3133544921875,-0.972900390625,0.180419921875,-1.5258787870407104,-6.774901866912842,2.197265625
0.29541015625,-0.9532470703125,0.1856689453125,-1.220703125,-20.385740280151367,11.779784202575684
0.2840576171875,-0.93994140625,0.18701171875,0.0610351525247097,-28.625486373901367,17.27294921875
0.2774658203125,-0.9349365234375,0.184814453125,3.479003667831421,-32.71484375,18.61572265625
0.2733154296875,-0.932373046875,0.1761474609375,7.080077648162842,-35.58349609375,18.61572265625
0.2789306640625,-0.932861328125,0.1810302734375,9.033203125,-40.344234466552734,18.37158203125
0.281494140625,-0.9337158203125,0.2056884765625,9.033203125,-45.349117279052734,19.59228515625
0.2718505859375,-0.9327392578125,0.2320556640625,7.263183116912842,-44.555660247802734,22.277830123901367
0.260009765625,-0.9327392578125,0.245361328125,5.0048828125,-36.7431640625,23.742673873901367
0.248779296875,-0.931396484375,0.234375,2.746581792831421,-24.536130905151367,23.559568405151367
0.2421875,-0.9345703125,0.216064453125,1.5258787870407104,-13.671874046325684,23.193357467651367
0.24169921875,-0.9453125,0.2078857421875,2.868652105331421,-8.9111328125,22.216794967651367
0.2359619140625,-0.9544677734375,0.204833984375,5.737304210662842,-9.58251953125,20.690916061401367
0.22216796875,-0.9552001953125,0.209228515625,8.48388671875,-13.671874046325684,20.01953125
0.2113037109375,-0.9520263671875,0.2265625,10.375975608825684,-19.1650390625,19.83642578125
0.2071533203125,-0.9495849609375,0.246826171875,11.352538108825684,-22.949216842651367,18.98193359375
0.200439453125,-0.94921875,0.253173828125,11.230467796325684,-22.583005905151367,17.9443359375
0.191650390625,-0.9520263671875,0.2509765625,10.620116233825684,-19.6533203125,17.578125
0.187255859375,-0.9505615234375,0.257568359375,10.498045921325684,-18.12744140625,17.822265625
0.1861572265625,-0.942626953125,0.268310546875,10.864256858825684,-17.4560546875,18.37158203125
0.192626953125,-0.9415283203125,0.2540283203125,11.535643577575684,-13.183592796325684,13.061522483825684
0.1951904296875,-0.948486328125,0.2384033203125,11.352538108825684,-13.549803733825684,7.507323741912842
0.1978759765625,-0.95556640625,0.240966796875,10.803221702575684,-16.41845703125,2.563476324081421
0.1962890625,-0.95458984375,0.256103515625,9.6435546875,-18.98193359375,0.30517578125
0.190185546875,-0.9471435546875,0.2716064453125,8.056640625,-18.00537109375,0.6103515625
0.1854248046875,-0.943603515625,0.283203125,6.835937023162842,-13.732909202575684,1.8920897245407104
0.184814453125,-0.94921875,0.286376953125,5.859374523162842,-8.60595703125,3.112792730331421
0.1844482421875,-0.9561767578125,0.2750244140625,4.39453125,-4.150390625,3.784179449081421
0.1822509765625,-0.9569091796875,0.2618408203125,2.929687261581421,-1.6479490995407104,3.723144292831421
0.178466796875,-0.953857421875,0.2618408203125,2.01416015625,-2.01416015625,3.234863042831421
0.17138671875,-0.950927734375,0.2635498046875,1.220703125,-2.38037109375,2.685546636581421
0.1627197265625,-0.9510498046875,0.2615966796875,0.3662109076976776,-0.8544921278953552,1.9531248807907104
0.1536865234375,-0.951904296875,0.2581787109375,-0.1831054538488388,1.3427733182907104,1.220703125
0.1458740234375,-0.9510498046875,0.2559814453125,-0.54931640625,2.990722417831421,1.0986328125
0.1419677734375,-0.96533203125,0.2677001953125,-0.6103515625,2.990722417831421,0.9155272841453552
0.1390380859375,-0.97216796875,0.2659912109375,-0.4882812201976776,3.295898199081421,0.4272460639476776
0.1287841796875,-0.96337890625,0.2596435546875,-0.7324218153953552,2.868652105331421,-0.0610351525247097
0.1168212890625,-0.9498291015625,0.260009765625,-0.7934569716453552,1.3427733182907104,-1.15966796875
0.1077880859375,-0.9429931640625,0.263427734375,-0.7324218153953552,1.15966796875,-3.051757574081421
0.1043701171875,-0.94580078125,0.267333984375,-0.7324218153953552,3.479003667831421,-5.676269054412842
0.109130859375,-0.9515380859375,0.2664794921875,-0.7324218153953552,7.141112804412842,-9.033203125
0.1171875,-0.953857421875,0.2568359375,-1.15966796875,11.657713890075684,-12.451170921325684
0.125244140625,-0.9559326171875,0.246337890625,-2.746581792831421,16.54052734375,-15.991209983825684
0.134765625,-0.959716796875,0.2352294921875,-5.493163585662842,21.667478561401367,-20.385740280151367
0.1448974609375,-0.9617919921875,0.221435546875,-8.7890625,26.550291061401367,-24.963376998901367
0.1549072265625,-0.962646484375,0.208984375,-11.291502952575684,30.578611373901367,-28.320310592651367
0.1658935546875,-0.9647216796875,0.1986083984375,-12.756346702575684,32.89794921875,-29.907224655151367
0.181884765625,-0.970947265625,0.193115234375,-13.488768577575684,32.28759765625,-30.212400436401367
0.199951171875,-0.9765625,0.1917724609375,-13.977049827575684,28.564451217651367,-29.235837936401367
0.2125244140625,-0.9771728515625,0.1856689453125,-14.709471702575684,24.780271530151367,-26.611326217651367
0.2220458984375,-0.980224609375,0.1710205078125,-16.05224609375,23.315427780151367,-23.742673873901367
0.2335205078125,-0.985107421875,0.155029296875,-17.578125,23.803709030151367,-22.827146530151367
0.2476806640625,-0.988037109375,0.1484375,-18.4326171875,24.414060592651367,-23.498533248901367
0.258544921875,-0.9862060546875,0.1461181640625,-18.310546875,23.376462936401367,-23.559568405151367
0.2659912109375,-0.9844970703125,0.14013671875,-17.51708984375,20.935056686401367,-21.789548873901367
0.27685546875,-0.9820556640625,0.134521484375,-16.41845703125,17.4560546875,-18.61572265625
0.287841796875,-0.9764404296875,0.1334228515625,-15.075682640075684,13.793944358825684,-14.770506858825684
0.2957763671875,-0.97119140625,0.1361083984375,-13.305663108825684,10.314940452575684,-10.742186546325684
0.3016357421875,-0.966552734375,0.139892578125,-10.070799827575684,3.845214605331421,-5.615233898162842
0.302001953125,-0.9622802734375,0.1405029296875,-6.042479991912842,-4.150390625,0.30517578125
0.2977294921875,-0.9566650390625,0.1405029296875,-2.807616949081421,-9.27734375,4.8828125
0.2955322265625,-0.9525146484375,0.1436767578125,-0.30517578125,-12.329100608825684,7.812499523162842
0.29443359375,-0.9493408203125,0.1475830078125,2.50244140625,-16.2353515625,10.742186546325684
0.2911376953125,-0.9473876953125,0.1517333984375,5.676269054412842,-21.179197311401367,14.404295921325684
0.2767333984375,-0.9444580078125,0.1729736328125,11.657713890075684,-27.832029342651367,19.95849609375
0.2674560546875,-0.9449462890625,0.18701171875,13.488768577575684,-27.893064498901367,20.935056686401367
0.2586669921875,-0.9466552734375,0.19189453125,14.099120140075684,-25.695798873901367,20.935056686401367
0.2547607421875,-0.9512939453125,0.1910400390625,13.793944358825684,-22.399900436401367,20.141599655151367
0.2509765625,-0.957275390625,0.1925048828125,13.183592796325684,-19.6533203125,19.47021484375
0.2430419921875,-0.9608154296875,0.2032470703125,12.756346702575684,-18.73779296875,19.71435546875
0.230712890625,-0.9620361328125,0.2235107421875,12.451170921325684,-19.10400390625,20.751951217651367
0.216064453125,-0.961669921875,0.2359619140625,12.207030296325684,-18.1884765625,22.216794967651367
0.2030029296875,-0.9581298828125,0.2364501953125,12.268065452575684,-14.892577171325684,23.254392623901367
0.194580078125,-0.9539794921875,0.238037109375,12.878417015075684,-12.084959983825684,24.230955123901367
0.1895751953125,-0.9549560546875,0.2420654296875,13.854979515075684,-11.169432640075684,24.963376998901367
0.185546875,-0.9588623046875,0.2437744140625,14.282225608825684,-11.169432640075684,24.658201217651367
0.1802978515625,-0.9560546875,0.2406005859375,13.427733421325684,-10.742186546325684,23.193357467651367
0.1717529296875,-0.9493408203125,0.23388671875,11.535643577575684,-8.97216796875,20.385740280151367
0.156005859375,-0.9569091796875,0.2352294921875,7.568358898162842,-4.45556640625,12.390135765075684
0.154052734375,-0.9571533203125,0.2490234375,6.774901866912842,-6.225585460662842,8.85009765625
0.154052734375,-0.951416015625,0.261474609375,7.263183116912842,-10.070799827575684,6.408690929412842
0.1563720703125,-0.94384765625,0.2764892578125,8.544921875,-14.404295921325684,5.371093273162842
0.154541015625,-0.939697265625,0.2989501953125,9.94873046875,-17.822265625,7.019042491912842
0.1456298828125,-0.944580078125,0.318115234375,10.803221702575684,-19.83642578125,10.437010765075684
0.1334228515625,-0.95166015625,0.325927734375,10.253905296325684,-20.446775436401367,13.366698265075684
0.1224365234375,-0.9522705078125,0.3206787109375,7.873534679412842,-19.22607421875,13.671874046325684
0.118896484375,-0.9468994140625,0.3096923828125,4.7607421875,-15.686034202575684,10.437010765075684
0.1192626953125,-0.9405517578125,0.3074951171875,2.990722417831421,-11.779784202575684,6.286620616912842
0.1163330078125,-0.937255859375,0.309814453125,2.746581792831421,-7.751464366912842,3.601073980331421
0.1124267578125,-0.9388427734375,0.3026123046875,2.563476324081421,-2.563476324081421,1.7089842557907104
0.109130859375,-0.9443359375,0.2904052734375,2.0751953125,1.8310545682907104,-0.4882812201976776
0.105224609375,-0.952880859375,0.2830810546875,1.220703125,4.21142578125,-2.807616949081421
0.1041259765625,-0.9617919921875,0.28271484375,0.2441406100988388,5.920409679412842,-5.126952648162842
0.1048583984375,-0.965576171875,0.28271484375,-0.7934569716453552,7.385253429412842,-6.896972179412842
0.1005859375,-0.9603271484375,0.281494140625,-1.7089842557907104,8.48388671875,-6.896972179412842
0.092529296875,-0.9503173828125,0.283935546875,-2.38037109375,9.765625,-6.652831554412842
0.0867919921875,-0.9449462890625,0.28662109375,-2.807616949081421,12.268065452575684,-8.36181640625
0.085693359375,-0.9466552734375,0.2840576171875,-3.601073980331421,15.991209983825684,-11.535643577575684
0.0877685546875,-0.950927734375,0.2813720703125,-5.0048828125,19.71435546875,-14.831542015075684
0.093017578125,-0.954833984375,0.28125,-6.225585460662842,23.559568405151367,-17.7001953125
0.09912109375,-0.956787109375,0.2744140625,-6.896972179412842,28.442380905151367,-20.385740280151367
0.1041259765625,-0.95751953125,0.2562255859375,-7.812499523162842,34.24072265625,-23.193357467651367
0.1126708984375,-0.960205078125,0.2347412109375,-9.521484375,39.1845703125,-26.733396530151367
0.1270751953125,-0.95751953125,0.226318359375,-11.230467796325684,42.236324310302734,-30.578611373901367
0.1458740234375,-0.947265625,0.2286376953125,-12.573241233825684,44.128414154052734,-34.85107421875
0.1705322265625,-0.93896484375,0.2191162109375,-14.282225608825684,47.973628997802734,-40.161128997802734
0.2008056640625,-0.9500732421875,0.201171875,-16.357421875,53.649898529052734,-46.813961029052734
0.221923828125,-0.980712890625,0.1815185546875,-18.73779296875,58.471675872802734,-52.856441497802734
0.23291015625,-1.0001220703125,0.1600341796875,-21.118162155151367,59.753414154052734,-53.344722747802734
0.26513671875,-0.984619140625,0.1580810546875,-22.033689498901367,39.85595703125,-40.832515716552734
0.2808837890625,-0.9715576171875,0.1624755859375,-21.789548873901367,28.015134811401367,-33.203125
0.298095703125,-0.973388671875,0.1502685546875,-21.667478561401367,20.385740280151367,-26.855466842651367
0.314453125,-0.9761962890625,0.12646484375,-21.850584030151367,16.2353515625,-21.850584030151367
0.3262939453125,-0.9732666015625,0.111083984375,-20.812986373901367,10.925292015075684,-17.9443359375
0.3323974609375,-0.9671630859375,0.10595703125,-17.822265625,4.5166015625,-14.587401390075684
0.3375244140625,-0.95654296875,0.1112060546875,-14.404295921325684,-0.8544921278953552,-10.498045921325684
0.34326171875,-0.9481201171875,0.122314453125,-11.291502952575684,-5.310058116912842,-6.774901866912842
0.3448486328125,-0.9456787109375,0.121337890625,-8.97216796875,-6.530761241912842,-4.2724609375
0.3431396484375,-0.94384765625,0.114501953125,-6.958007335662842,-5.676269054412842,-1.6479490995407104
0.346435546875,-0.937744140625,0.1180419921875,-3.784179449081421,-8.1787109375,1.9531248807907104
0.3529052734375,-0.9315185546875,0.126708984375,0.4882812201976776,-13.305663108825684,6.103515148162842
0.3546142578125,-0.9296875,0.1300048828125,4.57763671875,-18.24951171875,10.070799827575684
0.350341796875,-0.928955078125,0.1343994140625,7.873534679412842,-23.193357467651367,13.732909202575684
0.3416748046875,-0.9290771484375,0.149658203125,10.131834983825684,-28.381345748901367,16.66259765625
0.3314208984375,-0.928955078125,0.16650390625,11.047362327575684,-31.372068405151367,18.1884765625
0.3233642578125,-0.9306640625,0.170654296875,11.108397483825684,-30.029294967651367,17.9443359375
0.3212890625,-0.9354248046875,0.1651611328125,11.108397483825684,-27.343748092651367,17.39501953125
0.3192138671875,-0.93994140625,0.161865234375,11.535643577575684,-26.977537155151367,18.37158203125
0.3114013671875,-0.942626953125,0.1666259765625,12.023924827575684,-28.747556686401367,20.629880905151367
0.2994384765625,-0.94384765625,0.178466796875,12.268065452575684,-30.334470748901367,22.460935592651367
0.285400390625,-0.9444580078125,0.1971435546875,12.145995140075684,-29.785154342651367,22.521970748901367
0.2728271484375,-0.94384765625,0.2137451171875,12.023924827575684,-26.000974655151367,20.812986373901367
0.2625732421875,-0.9453125,0.2237548828125,11.962889671325684,-20.01953125,18.49365234375
0.25390625,-0.951171875,0.2230224609375,11.413573265075684,-13.671874046325684,16.78466796875
0.2457275390625,-0.954833984375,0.2138671875,10.009765625,-8.056640625,16.05224609375
0.23974609375,-0.9517822265625,0.2158203125,8.97216796875,-5.554198741912842,15.808104515075684
0.236328125,-0.9417724609375,0.2322998046875,9.21630859375,-5.371093273162842,12.634276390075684
0.2398681640625,-0.9434814453125,0.2271728515625,9.27734375,-4.0283203125,9.6435546875
0.242919921875,-0.948974609375,0.2227783203125,9.033203125,-2.807616949081421,6.164550304412842
0.2410888671875,-0.95166015625,0.2255859375,8.11767578125,-2.25830078125,3.723144292831421
0.239501953125,-0.9525146484375,0.2353515625,7.080077648162842,-2.624511480331421,3.601073980331421
0.2391357421875,-0.950927734375,0.2425537109375,6.530761241912842,-2.746581792831421,5.493163585662842
0.2379150390625,-0.9481201171875,0.240966796875,6.347655773162842,-2.50244140625,8.11767578125
0.2352294921875,-0.9468994140625,0.2315673828125,6.042479991912842,-2.0751953125,9.3994140625
0.2314453125,-0.947998046875,0.2244873046875,5.737304210662842,-1.8920897245407104,8.30078125
0.228515625,-0.9517822265625,0.22607421875,5.554198741912842,-2.25830078125,5.798339366912842
0.2257080078125,-0.9569091796875,0.2314453125,5.126952648162842,-2.685546636581421,3.723144292831421
0.2216796875,-0.9580078125,0.2369384765625,4.39453125,-3.723144292831421,3.479003667831421
0.2069091796875,-0.9498291015625,0.2376708984375,2.38037109375,-5.493163585662842,6.164550304412842
0.1953125,-0.9473876953125,0.2303466796875,1.4038084745407104,-4.33349609375,6.652831554412842
0.1826171875,-0.9515380859375,0.2235107421875,0.7324218153953552,-2.50244140625,6.286620616912842
0.1751708984375,-0.96337890625,0.228759765625,0.4882812201976776,-1.8310545682907104,5.981444835662842
0.169677734375,-0.9749755859375,0.2352294921875,0.1831054538488388,-1.7700194120407104,6.591796398162842
0.1597900390625,-0.9735107421875,0.229248046875,-0.6713866591453552,-0.1220703050494194,7.263183116912842
0.151611328125,-0.9677734375,0.2225341796875,-1.5258787870407104,2.624511480331421,5.676269054412842
0.144287109375,-0.9652099609375,0.22216796875,-2.197265625,5.249022960662842,2.44140625
0.13134765625,-0.960693359375,0.225341796875,-2.929687261581421,7.202147960662842,0.6103515625
0.11669921875,-0.9544677734375,0.2279052734375,-3.723144292831421,9.33837890625,-0.0610351525247097
0.10791015625,-0.955078125,0.22705078125,-4.0283203125,13.366698265075684,-2.25830078125
0.10546875,-0.96337890625,0.21728515625,-4.08935546875,19.4091796875,-6.164550304412842
0.103759765625,-0.9757080078125,0.1995849609375,-4.638671875,26.000974655151367,-9.94873046875
0.110107421875,-0.9920654296875,0.1915283203125,-5.737304210662842,30.212400436401367,-12.939452171325684
0.1231689453125,-0.9962158203125,0.1876220703125,-7.263183116912842,31.799314498901367,-15.075682640075684
0.128173828125,-0.9873046875,0.162841796875,-8.97216796875,35.2783203125,-16.78466796875
0.129638671875,-0.9801025390625,0.13671875,-9.8876953125,37.9638671875,-18.85986328125
0.1390380859375,-0.9864501953125,0.138671875,-9.1552734375,35.70556640625,-20.812986373901367
0.154541015625,-0.998779296875,0.151123046875,-8.056640625,31.738279342651367,-21.057126998901367
0.1632080078125,-1.00146484375,0.1497802734375,-7.995604991912842,29.235837936401367,-18.4326171875
0.1656494140625,-0.9986572265625,0.1370849609375,-8.85009765625,28.259275436401367,-14.404295921325684
0.17041015625,-0.993896484375,0.12939453125,-9.21630859375,26.062009811401367,-10.498045921325684
0.1729736328125,-0.984619140625,0.1279296875,-8.60595703125,22.521970748901367,-6.774901866912842
0.1717529296875,-0.97412109375,0.1234130859375,-8.056640625,21.484373092651367,-5.0048828125
0.1744384765625,-0.961181640625,0.119140625,-8.1787109375,23.193357467651367,-6.713866710662842
0.1859130859375,-0.953125,0.1168212890625,-8.544921875,25.939939498901367,-11.230467796325684
0.2025146484375,-0.9619140625,0.1112060546875,-8.85009765625,29.296873092651367,-16.845703125
0.2239990234375,-0.9786376953125,0.0980224609375,-8.85009765625,30.761716842651367,-21.240232467651367
0.246337890625,-0.99365234375,0.08740234375,-8.11767578125,28.259275436401367,-23.010251998901367
0.2615966796875,-1.00390625,0.094970703125,-7.019042491912842,22.094724655151367,-21.667478561401367
0.27197265625,-1.004150390625,0.12255859375,-5.859374523162842,13.671874046325684,-17.76123046875
0.2802734375,-0.98095703125,0.1580810546875,-4.7607421875,5.065917491912842,-13.916014671325684
0.2784423828125,-0.9495849609375,0.1748046875,-3.906249761581421,1.0986328125,-11.718749046325684
0.2701416015625,-0.9407958984375,0.1666259765625,-3.295898199081421,2.868652105331421,-10.253905296325684
0.273681640625,-0.9459228515625,0.154541015625,-2.563476324081421,2.868652105331421,-7.812499523162842
0.2841796875,-0.950439453125,0.14990234375,-1.7700194120407104,-2.624511480331421,-3.295898199081421
0.288330078125,-0.964111328125,0.1568603515625,-0.9155272841453552,-10.925292015075684,2.746581792831421
0.27880859375,-0.9781494140625,0.172607421875,-0.4882812201976776,-19.04296875,8.7890625
0.255859375,-0.9801025390625,0.185302734375,-0.54931640625,-24.353025436401367,15.136717796325684
0.2393798828125,-0.9732666015625,0.1861572265625,-0.0610351525247097,-26.733396530151367,20.812986373901367
0.233642578125,-0.9610595703125,0.17724609375,1.8920897245407104,-26.916501998901367,25.085447311401367
0.2332763671875,-0.9559326171875,0.166748046875,3.723144292831421,-23.071287155151367,26.611326217651367
0.2386474609375,-0.9591064453125,0.166015625,3.845214605331421,-18.310546875,23.620603561401367
0.237548828125,-0.9613037109375,0.1815185546875,3.417968511581421,-18.6767578125,19.71435546875
0.2249755859375,-0.959716796875,0.207275390625,3.784179449081421,-24.108884811401367,18.73779296875
0.207763671875,-0.95703125,0.2342529296875,5.676269054412842,-30.700681686401367,20.263669967651367
0.1953125,-0.960693359375,0.2490234375,9.09423828125,-35.0341796875,23.681638717651367
0.1885986328125,-0.96533203125,0.25,13.061522483825684,-37.90283203125,28.869626998901367
0.17724609375,-0.9595947265625,0.2535400390625,16.05224609375,-41.687007904052734,35.2783203125
0.156494140625,-0.9462890625,0.2623291015625,16.2353515625,-43.762203216552734,38.9404296875
0.1376953125,-0.9415283203125,0.2542724609375,13.610838890075684,-39.97802734375,35.400390625
0.1263427734375,-0.94775390625,0.2344970703125,11.352538108825684,-32.3486328125,25.878904342651367
0.1204833984375,-0.9490966796875,0.2393798828125,11.413573265075684,-28.991697311401367,16.2353515625
0.1143798828125,-0.9462890625,0.2581787109375,12.634276390075684,-28.808591842651367,9.521484375
0.1058349609375,-0.9461669921875,0.270263671875,13.366698265075684,-25.085447311401367,5.859374523162842
0.1038818359375,-0.9498291015625,0.2786865234375,13.427733421325684,-20.385740280151367,4.2724609375
0.103515625,-0.956298828125,0.2744140625,12.939452171325684,-16.6015625,3.356933355331421
0.1024169921875,-0.9588623046875,0.2545166015625,11.962889671325684,-13.793944358825684,2.624511480331421
0.10107421875,-0.954345703125,0.2362060546875,10.620116233825684,-12.573241233825684,0.54931640625
0.1044921875,-0.9542236328125,0.234619140625,8.97216796875,-10.986327171325684,-4.21142578125
0.126220703125,-0.9698486328125,0.243408203125,4.82177734375,-3.540038824081421,-14.404295921325684
0.13134765625,-0.97216796875,0.2454833984375,3.417968511581421,-2.929687261581421,-15.441893577575684
0.134033203125,-0.975830078125,0.23828125,2.25830078125,-4.21142578125,-14.221190452575684
0.135986328125,-0.978271484375,0.22265625,1.0986328125,-4.5166015625,-12.207030296325684
0.1365966796875,-0.975341796875,0.21728515625,-0.0,-5.310058116912842,-10.498045921325684
0.1356201171875,-0.968994140625,0.22021484375,-1.4038084745407104,-5.310058116912842,-10.253905296325684
0.1392822265625,-0.95751953125,0.2252197265625,-3.112792730331421,-2.50244140625,-12.329100608825684
0.1463623046875,-0.9488525390625,0.23046875,-4.57763671875,2.50244140625,-17.02880859375
0.1551513671875,-0.950927734375,0.2337646484375,-5.0048828125,8.36181640625,-23.193357467651367
0.167236328125,-0.9605712890625,0.2276611328125,-4.7607421875,14.526366233825684,-28.747556686401367
0.181396484375,-0.96923828125,0.2080078125,-4.82177734375,20.263669967651367,-31.921384811401367
0.1953125,-0.9759521484375,0.1849365234375,-5.187987804412842,23.742673873901367,-32.28759765625
0.206787109375,-0.977294921875,0.17431640625,-5.981444835662842,23.559568405151367,-30.517576217651367
0.2196044921875,-0.9755859375,0.171875,-7.080077648162842,21.606443405151367,-28.015134811401367
0.23876953125,-0.974609375,0.17236328125,-7.995604991912842,19.95849609375,-25.817869186401367
0.2618408203125,-0.96240234375,0.1763916015625,-9.09423828125,18.06640625,-23.498533248901367
0.2838134765625,-0.9508056640625,0.17724609375,-10.375975608825684,16.2353515625,-21.423337936401367
0.300537109375,-0.94775390625,0.175048828125,-10.986327171325684,14.709471702575684,-20.690916061401367
0.3082275390625,-0.940673828125,0.17138671875,-11.108397483825684,13.977049827575684,-20.812986373901367
0.3055419921875,-0.9381103515625,0.16845703125,-11.352538108825684,15.197752952575684,-20.874021530151367
0.3250732421875,-0.958740234375,0.17919921875,-10.803221702575684,16.90673828125,-20.263669967651367
0.3424072265625,-0.9617919921875,0.1746826171875,-10.986327171325684,18.00537109375,-17.15087890625
0.35205078125,-0.9525146484375,0.1622314453125,-11.413573265075684,19.22607421875,-12.329100608825684
0.350830078125,-0.949462890625,0.166015625,-8.48388671875,15.747069358825684,-2.01416015625
0.348876953125,-0.947265625,0.17822265625,-5.737304210662842,10.681151390075684,2.197265625
0.3436279296875,-0.93896484375,0.1876220703125,-3.295898199081421,5.493163585662842,6.347655773162842
0.3350830078125,-0.930419921875,0.19677734375,-1.4038084745407104,1.8920897245407104,10.864256858825684
0.32763671875,-0.927978515625,0.2119140625,0.30517578125,-0.6103515625,15.014647483825684
0.3197021484375,-0.9300537109375,0.226318359375,1.4648436307907104,-1.3427733182907104,17.02880859375
0.3118896484375,-0.9310302734375,0.2366943359375,1.4648436307907104,0.2441406100988388,16.845703125
0.3057861328125,-0.9329833984375,0.238525390625,0.7934569716453552,3.540038824081421,16.17431640625
0.302490234375,-0.935546875,0.2322998046875,0.7324218153953552,6.286620616912842,16.9677734375
0.296142578125,-0.938232421875,0.2215576171875,1.5258787870407104,6.652831554412842,19.10400390625
0.283935546875,-0.9398193359375,0.210205078125,2.3193359375,5.615233898162842,20.690916061401367
0.269287109375,-0.9359130859375,0.2113037109375,2.990722417831421,3.845214605331421,20.935056686401367
0.2601318359375,-0.9300537109375,0.220458984375,3.540038824081421,2.197265625,19.4091796875
0.258056640625,-0.927490234375,0.22314453125,3.479003667831421,2.197265625,15.380858421325684
0.258544921875,-0.9302978515625,0.22607421875,3.295898199081421,2.563476324081421,9.8876953125
0.2586669921875,-0.9359130859375,0.23291015625,3.784179449081421,1.5869139432907104,5.676269054412842
0.254150390625,-0.9403076171875,0.2354736328125,5.0048828125,-0.4272460639476776,4.08935546875
0.2440185546875,-0.9405517578125,0.2396240234375,6.713866710662842,-4.0283203125,4.638671875
0.232421875,-0.94140625,0.2532958984375,8.056640625,-8.97216796875,6.347655773162842
0.2216796875,-0.9488525390625,0.2642822265625,8.23974609375,-12.634276390075684,8.7890625
0.2091064453125,-0.95654296875,0.2650146484375,7.263183116912842,-13.793944358825684,12.084959983825684
0.1973876953125,-0.9552001953125,0.2694091796875,6.225585460662842,-15.930174827575684,16.17431640625
0.1903076171875,-0.950439453125,0.2713623046875,5.554198741912842,-18.98193359375,19.04296875
0.179931640625,-0.9490966796875,0.2650146484375,5.126952648162842,-18.61572265625,17.63916015625
0.173095703125,-0.9464111328125,0.271240234375,5.310058116912842,-18.12744140625,15.624999046325684
0.170654296875,-0.94677734375,0.2747802734375,5.249022960662842,-15.319823265075684,11.718749046325684
0.172119140625,-0.9486083984375,0.2755126953125,5.187987804412842,-12.084959983825684,7.690429210662842
0.1754150390625,-0.9515380859375,0.2718505859375,5.310058116912842,-9.8876953125,4.7607421875
0.177490234375,-0.9500732421875,0.267822265625,5.310058116912842,-8.4228515625,3.112792730331421
0.178466796875,-0.9482421875,0.2659912109375,5.065917491912842,-7.690429210662842,1.7700194120407104
0.180908203125,-0.9515380859375,0.2646484375,4.7607421875,-7.446288585662842,0.4882812201976776
0.1817626953125,-0.950439453125,0.2652587890625,4.45556640625,-7.812499523162842,0.2441406100988388
0.18115234375,-0.947265625,0.2686767578125,4.21142578125,-9.09423828125,0.9155272841453552
0.1802978515625,-0.9495849609375,0.272216796875,4.150390625,-10.131834983825684,1.7700194120407104
0.180908203125,-0.95361328125,0.2725830078125,4.21142578125,-10.131834983825684,2.868652105331421
0.1820068359375,-0.955322265625,0.269287109375,4.0283203125,-9.09423828125,3.723144292831421
0.1793212890625,-0.9537353515625,0.265380859375,3.601073980331421,-7.873534679412842,4.08935546875
0.1739501953125,-0.9505615234375,0.263671875,2.990722417831421,-6.774901866912842,3.356933355331421
0.168212890625,-0.95068359375,0.2607421875,2.13623046875,-4.638671875,1.2817381620407104
0.164306640625,-0.9541015625,0.25634765625,0.9765624403953552,-1.5258787870407104,-1.4038084745407104
0.1612548828125,-0.9571533203125,0.2503662109375,-0.54931640625,1.9531248807907104,-3.906249761581421
0.1595458984375,-0.9613037109375,0.2423095703125,-2.25830078125,5.798339366912842,-6.713866710662842
0.16357421875,-0.96435546875,0.236572265625,-3.540038824081421,8.6669921875,-10.192870140075684
0.1732177734375,-0.960693359375,0.236328125,-4.0283203125,8.7890625,-13.305663108825684
0.183349609375,-0.95263671875,0.236083984375,-4.08935546875,7.751464366912842,-15.624999046325684
0.1903076171875,-0.944091796875,0.2296142578125,-4.45556640625,8.4228515625,-17.578125
0.1962890625,-0.94287109375,0.22021484375,-5.371093273162842,11.291502952575684,-19.59228515625
0.204833984375,-0.9552001953125,0.2091064453125,-6.958007335662842,14.465331077575684,-22.277830123901367
0.2147216796875,-0.963134765625,0.199462890625,-9.33837890625,16.41845703125,-24.841306686401367
0.2269287109375,-0.958740234375,0.1937255859375,-11.413573265075684,16.357421875,-26.489255905151367
0.240966796875,-0.9564208984375,0.1842041015625,-11.962889671325684,15.075682640075684,-26.855466842651367
0.254638671875,-0.9608154296875,0.172607421875,-10.925292015075684,12.207030296325684,-25.268552780151367
0.266845703125,-0.9615478515625,0.169189453125,-9.521484375,6.530761241912842,-22.338865280151367
0.2769775390625,-0.95458984375,0.171875,-8.36181640625,1.7089842557907104,-19.6533203125
0.2838134765625,-0.9508056640625,0.1773681640625,-7.263183116912842,2.746581792831421,-19.22607421875
0.2952880859375,-0.95166015625,0.187255859375,-6.164550304412842,9.21630859375,-22.033689498901367
0.3128662109375,-0.9517822265625,0.190185546875,-5.432128429412842,18.61572265625,-25.695798873901367
0.3255615234375,-0.953125,0.1832275390625,-5.187987804412842,28.015134811401367,-26.489255905151367
0.3348388671875,-0.953125,0.1837158203125,-5.310058116912842,32.28759765625,-23.376462936401367
0.34423828125,-0.945068359375,0.1944580078125,-5.371093273162842,30.334470748901367,-18.00537109375
0.35009765625,-0.942626953125,0.194580078125,-6.469726085662842,19.34814453125,-8.11767578125
0.356201171875,-0.9432373046875,0.1942138671875,-6.469726085662842,13.854979515075684,-4.82177734375
0.361083984375,-0.927734375,0.21142578125,-5.493163585662842,7.751464366912842,-0.9765624403953552
0.349853515625,-0.915771484375,0.2247314453125,-4.638671875,3.906249761581421,2.990722417831421
0.3382568359375,-0.9185791015625,0.2274169921875,-4.39453125,4.150390625,6.164550304412842
0.3433837890625,-0.92236328125,0.2376708984375,-3.295898199081421,4.2724609375,9.09423828125
0.3475341796875,-0.9150390625,0.2464599609375,-1.6479490995407104,4.33349609375,11.718749046325684
0.3426513671875,-0.9105224609375,0.233154296875,-1.0986328125,7.446288585662842,11.901854515075684
0.337158203125,-0.9119873046875,0.2142333984375,-1.5869139432907104,10.620116233825684,9.8876953125
0.3375244140625,-0.912109375,0.2254638671875,-1.7089842557907104,6.286620616912842,9.521484375
0.3333740234375,-0.913330078125,0.25341796875,-1.2817381620407104,-2.25830078125,11.657713890075684
0.314453125,-0.9111328125,0.2713623046875,-1.220703125,-6.652831554412842,13.977049827575684
0.293701171875,-0.905517578125,0.2864990234375,-1.8920897245407104,-6.591796398162842,13.061522483825684
0.2869873046875,-0.9044189453125,0.29296875,-4.08935546875,-2.44140625,7.507323741912842
0.2994384765625,-0.9189453125,0.2801513671875,-6.896972179412842,5.249022960662842,0.8544921278953552
0.3231201171875,-0.9462890625,0.2532958984375,-8.36181640625,11.230467796325684,-2.44140625
0.337890625,-0.9698486328125,0.2254638671875,-8.4228515625,11.413573265075684,-2.25830078125
0.3251953125,-0.98046875,0.2252197265625,-7.446288585662842,6.347655773162842,-1.8920897245407104
0.3131103515625,-0.9810791015625,0.254638671875,-5.432128429412842,3.601073980331421,-5.0048828125
0.3382568359375,-0.99609375,0.2618408203125,-4.94384765625,15.075682640075684,-16.11328125
0.3828125,-0.9736328125,0.250244140625,-6.408690929412842,31.860349655151367,-27.893064498901367
0.3804931640625,-0.8739013671875,0.267333984375,-6.774901866912842,29.968259811401367,-25.695798873901367
0.30712890625,-0.8045654296875,0.293701171875,-5.554198741912842,12.145995140075684,-12.207030296325684
0.267578125,-0.814697265625,0.2845458984375,-3.967284917831421,0.8544921278953552,-3.295898199081421
0.3155517578125,-0.8924560546875,0.226806640625,-3.845214605331421,8.1787109375,-11.657713890075684
0.384033203125,-0.9569091796875,0.16650390625,-6.347655773162842,19.53125,-20.935056686401367
0.4219970703125,-0.9276123046875,0.1424560546875,-8.72802734375,17.76123046875,-12.634276390075684
0.419677734375,-0.8829345703125,0.15576171875,-7.324218273162842,3.479003667831421,-2.25830078125
0.387939453125,-0.8837890625,0.185546875,-1.4648436307907104,-14.343260765075684,0.1831054538488388
0.35302734375,-0.9090576171875,0.197265625,4.7607421875,-23.681638717651367,-1.4038084745407104
0.3497314453125,-0.920654296875,0.1900634765625,6.347655773162842,-22.949216842651367,-3.906249761581421
0.3746337890625,-0.913330078125,0.176025390625,3.540038824081421,-18.1884765625,-4.2724609375
0.395751953125,-0.9095458984375,0.165771484375,0.9765624403953552,-17.2119140625,-4.2724609375
0.3792724609375,-0.9091796875,0.1590576171875,3.173827886581421,-23.559568405151367,-3.356933355331421
0.37890625,-0.914794921875,0.1556396484375,3.356933355331421,-21.240232467651367,-2.50244140625
0.3939208984375,-0.9227294921875,0.146484375,1.4038084745407104,-15.136717796325684,-4.0283203125
0.4083251953125,-0.9222412109375,0.1292724609375,-0.9155272841453552,-9.82666015625,-6.225585460662842
0.412841796875,-0.9097900390625,0.113525390625,-2.563476324081421,-8.7890625,-6.958007335662842
0.4140625,-0.8934326171875,0.11572265625,-3.356933355331421,-12.023924827575684,-7.690429210662842
0.42138671875,-0.8843994140625,0.130126953125,-2.197265625,-16.6015625,-7.446288585662842
0.4354248046875,-0.88916015625,0.1368408203125,1.8310545682907104,-20.202634811401367,-3.540038824081421
0.4420166015625,-0.8966064453125,0.1339111328125,6.469726085662842,-22.827146530151367,1.03759765625
0.4185791015625,-0.8985595703125,0.11865234375,7.568358898162842,-21.850584030151367,-4.08935546875
0.413330078125,-0.9049072265625,0.116455078125,5.981444835662842,-20.629880905151367,-7.812499523162842
0.423095703125,-0.9105224609375,0.1158447265625,5.310058116912842,-19.4091796875,-5.432128429412842
0.436279296875,-0.9075927734375,0.1083984375,5.615233898162842,-16.90673828125,1.9531248807907104
0.4410400390625,-0.8961181640625,0.0965576171875,6.591796398162842,-13.977049827575684,7.385253429412842
0.44189453125,-0.88818359375,0.0926513671875,7.507323741912842,-13.305663108825684,7.080077648162842
0.444091796875,-0.89013671875,0.097900390625,8.056640625,-14.099120140075684,3.479003667831421
0.451416015625,-0.901123046875,0.1068115234375,7.629394054412842,-14.099120140075684,0.54931640625
0.4580078125,-0.9171142578125,0.1160888671875,6.408690929412842,-13.366698265075684,-0.0610351525247097
0.4512939453125,-0.9227294921875,0.1212158203125,5.065917491912842,-13.671874046325684,0.4272460639476776
0.423828125,-0.890380859375,0.1256103515625,4.0283203125,-14.831542015075684,2.807616949081421
0.4046630859375,-0.8489990234375,0.1343994140625,3.906249761581421,-14.038084983825684,7.019042491912842
0.4249267578125,-0.854248046875,0.1363525390625,4.57763671875,-8.60595703125,6.774901866912842
0.457763671875,-0.8892822265625,0.1239013671875,5.0048828125,-0.9765624403953552,2.807616949081421
0.4656982421875,-0.91064453125,0.1121826171875,5.798339366912842,1.4648436307907104,2.50244140625
0.455810546875,-0.9183349609375,0.1182861328125,7.568358898162842,-3.417968511581421,4.82177734375
0.44482421875,-0.9205322265625,0.1334228515625,8.85009765625,-10.681151390075684,5.371093273162842
0.43408203125,-0.9144287109375,0.142333984375,7.751464366912842,-15.747069358825684,5.187987804412842
0.42138671875,-0.9041748046875,0.1441650390625,4.57763671875,-19.10400390625,5.737304210662842
0.4090576171875,-0.894775390625,0.1402587890625,1.6479490995407104,-20.690916061401367,6.225585460662842
0.4088134765625,-0.8995361328125,0.134765625,0.1831054538488388,-17.333984375,6.408690929412842
0.40966796875,-0.9010009765625,0.1346435546875,-0.7324218153953552,-11.291502952575684,7.629394054412842
0.4014892578125,-0.8836669921875,0.144775390625,-2.0751953125,-6.286620616912842,9.765625
0.4002685546875,-0.8765869140625,0.1475830078125,-4.21142578125,0.4272460639476776,8.48388671875
0.4090576171875,-0.8934326171875,0.130126953125,-6.958007335662842,9.33837890625,3.295898199081421
0.4178466796875,-0.9078369140625,0.1107177734375,-8.97216796875,13.916014671325684,-0.1831054538488388
0.4222412109375,-0.908935546875,0.09228515625,-8.1787109375,13.122557640075684,0.2441406100988388
0.4229736328125,-0.9061279296875,0.0751953125,-4.21142578125,9.3994140625,0.9155272841453552
0.41796875,-0.89599609375,0.080078125,0.6713866591453552,1.9531248807907104,-0.1220703050494194
0.4068603515625,-0.88427734375,0.1121826171875,2.807616949081421,-5.126952648162842,-1.6479490995407104
0.4085693359375,-0.9251708984375,0.1298828125,3.051757574081421,-2.929687261581421,-0.3662109076976776
0.40576171875,-0.9241943359375,0.1021728515625,2.868652105331421,-0.8544921278953552,-0.0610351525247097
0.401611328125,-0.91064453125,0.095703125,2.0751953125,-2.929687261581421,-1.220703125
0.4036865234375,-0.908203125,0.104736328125,1.4648436307907104,-4.69970703125,-1.6479490995407104
0.407470703125,-0.91162109375,0.1163330078125,1.5258787870407104,-5.187987804412842,-0.8544921278953552
0.406005859375,-0.9168701171875,0.122802734375,1.8310545682907104,-6.286620616912842,-0.3662109076976776
0.401611328125,-0.9205322265625,0.123046875,1.5869139432907104,-7.019042491912842,-1.03759765625
0.399658203125,-0.91015625,0.1248779296875,1.03759765625,-6.103515148162842,-1.4038084745407104
0.397216796875,-0.89453125,0.127197265625,0.7324218153953552,-3.173827886581421,-0.7934569716453552
0.39453125,-0.8922119140625,0.1234130859375,0.9155272841453552,0.9765624403953552,-0.1831054538488388
0.397705078125,-0.8980712890625,0.1121826171875,1.8310545682907104,4.08935546875,0.2441406100988388
0.402099609375,-0.89697265625,0.1005859375,3.051757574081421,4.8828125,0.54931640625
0.4073486328125,-0.89990234375,0.101318359375,3.723144292831421,3.601073980331421,0.0
0.4149169921875,-0.912353515625,0.1082763671875,3.356933355331421,3.112792730331421,-1.8310545682907104
0.40771484375,-0.907958984375,0.1097412109375,2.50244140625,3.784179449081421,-1.220703125
0.385009765625,-0.896240234375,0.1121826171875,2.990722417831421,1.8920897245407104,3.112792730331421
0.3890380859375,-0.912109375,0.1026611328125,5.126952648162842,0.6713866591453552,0.1220703050494194
0.41943359375,-0.917236328125,0.0970458984375,6.103515148162842,0.6103515625,-0.8544921278953552
0.425048828125,-0.9189453125,0.110107421875,8.72802734375,-4.94384765625,0.4882812201976776
0.39453125,-0.910400390625,0.135009765625,10.925292015075684,-12.512206077575684,2.44140625
0.3714599609375,-0.920654296875,0.1546630859375,10.253905296325684,-13.305663108825684,5.554198741912842
0.3756103515625,-0.935791015625,0.168212890625,7.934569835662842,-8.11767578125,7.568358898162842
0.38818359375,-0.9266357421875,0.1839599609375,6.225585460662842,-5.371093273162842,8.85009765625
0.38671875,-0.9180908203125,0.196044921875,4.69970703125,-4.5166015625,11.169432640075684
0.3701171875,-0.923828125,0.1907958984375,2.624511480331421,0.7324218153953552,12.329100608825684
0.3590087890625,-0.9251708984375,0.176513671875,1.220703125,7.202147960662842,10.131834983825684
0.3624267578125,-0.92626953125,0.163818359375,1.5258787870407104,9.033203125,6.469726085662842
0.3673095703125,-0.927734375,0.1478271484375,1.9531248807907104,8.9111328125,3.234863042831421
0.3653564453125,-0.9136962890625,0.1346435546875,1.2817381620407104,8.36181640625,1.220703125
0.363525390625,-0.8939208984375,0.1392822265625,-0.0610351525247097,6.652831554412842,0.7324218153953552
0.3702392578125,-0.8875732421875,0.1500244140625,-1.0986328125,7.873534679412842,0.9765624403953552
0.3726806640625,-0.8994140625,0.1490478515625,-0.2441406100988388,11.962889671325684,0.1831054538488388
0.36474609375,-0.916748046875,0.1483154296875,2.50244140625,11.047362327575684,-1.03759765625
0.3634033203125,-0.917724609375,0.1531982421875,4.638671875,5.798339366912842,-1.6479490995407104
0.3651123046875,-0.8935546875,0.1588134765625,4.33349609375,3.540038824081421,-2.990722417831421
0.3604736328125,-0.8760986328125,0.1678466796875,2.38037109375,4.8828125,-8.056640625
0.370361328125,-0.88330078125,0.1741943359375,0.6103515625,8.85009765625,-18.798828125
0.393310546875,-0.94873046875,0.1846923828125,1.8310545682907104,9.6435546875,-31.860349655151367
0.4251708984375,-0.9573974609375,0.1943359375,6.774901866912842,4.7607421875,-39.0625
0.49072265625,-0.875,0.2034912109375,7.934569835662842,1.220703125,-19.8974609375
0.529296875,-0.8494873046875,0.2083740234375,1.5869139432907104,5.615233898162842,2.25830078125
0.460693359375,-0.8983154296875,0.213623046875,-6.103515148162842,9.6435546875,-6.286620616912842
0.3741455078125,-0.9107666015625,0.2174072265625,-8.6669921875,4.69970703125,-24.475095748901367
0.3924560546875,-0.841064453125,0.2021484375,-8.6669921875,0.2441406100988388,-25.451658248901367
0.4774169921875,-0.8123779296875,0.1805419921875,-13.427733421325684,9.21630859375,-4.08935546875
0.4906005859375,-0.8697509765625,0.187255859375,-18.61572265625,20.935056686401367,6.530761241912842
0.46435546875,-0.912353515625,0.2176513671875,-17.76123046875,19.10400390625,-5.187987804412842
0.504150390625,-0.8966064453125,0.1414794921875,-13.610838890075684,23.193357467651367,-25.146482467651367
0.5269775390625,-0.8900146484375,0.0933837890625,-10.559081077575684,22.460935592651367,-24.963376998901367
0.5469970703125,-0.8804931640625,0.09619140625,-6.225585460662842,11.352538108825684,-20.202634811401367
0.54736328125,-0.8717041015625,0.1334228515625,-2.0751953125,-2.44140625,-12.451170921325684
0.529541015625,-0.861328125,0.1746826171875,0.4272460639476776,-9.8876953125,-4.638671875
0.5087890625,-0.8505859375,0.198974609375,0.4882812201976776,-8.72802734375,0.6103515625
0.5001220703125,-0.8485107421875,0.20166015625,-0.9765624403953552,-3.417968511581421,2.746581792831421
0.501953125,-0.847900390625,0.1944580078125,-2.50244140625,0.1220703050494194,2.990722417831421
0.503662109375,-0.8466796875,0.181884765625,-2.990722417831421,0.8544921278953552,2.0751953125
0.5093994140625,-0.8541259765625,0.1568603515625,-2.197265625,2.929687261581421,-2.25830078125
0.5098876953125,-0.8582763671875,0.156494140625,-1.4038084745407104,3.784179449081421,-1.220703125
0.50341796875,-0.8580322265625,0.16259765625,-0.9765624403953552,3.112792730331421,1.8920897245407104
0.49560546875,-0.8551025390625,0.1636962890625,-1.4038084745407104,2.01416015625,3.601073980331421
0.49853515625,-0.856689453125,0.147216796875,-2.13623046875,1.2817381620407104,-0.3662109076976776
0.501953125,-0.859375,0.1488037109375,-1.3427733182907104,0.1831054538488388,-1.8310545682907104
0.5045166015625,-0.861328125,0.1552734375,-0.6103515625,-1.4038084745407104,-1.4038084745407104
0.5035400390625,-0.8604736328125,0.1610107421875,-0.3662109076976776,-2.197265625,0.54931640625
0.501220703125,-0.85986328125,0.162109375,-0.4882812201976776,-1.6479490995407104,2.50244140625
0.5,-0.8614501953125,0.158203125,-0.7934569716453552,-0.4882812201976776,3.906249761581421
0.497802734375,-0.8634033203125,0.1566162109375,-0.8544921278953552,-0.0,5.0048828125
0.4957275390625,-0.864013671875,0.153564453125,-0.8544921278953552,0.6713866591453552,5.249022960662842
0.494873046875,-0.8624267578125,0.1492919921875,-1.2817381620407104,1.8920897245407104,4.69970703125
0.4947509765625,-0.8612060546875,0.1473388671875,-1.9531248807907104,3.234863042831421,3.967284917831421
0.493896484375,-0.8604736328125,0.1446533203125,-2.685546636581421,4.57763671875,3.295898199081421
0.4910888671875,-0.8604736328125,0.1409912109375,-3.112792730331421,4.94384765625,2.624511480331421
0.48876953125,-0.8619384765625,0.14013671875,-2.868652105331421,3.967284917831421,2.01416015625
0.4871826171875,-0.8638916015625,0.1419677734375,-2.13623046875,2.624511480331421,1.4648436307907104
0.4869384765625,-0.86572265625,0.14208984375,-1.4038084745407104,1.6479490995407104,0.9765624403953552
0.484619140625,-0.865234375,0.14013671875,-1.220703125,0.7934569716453552,0.6713866591453552
0.4805908203125,-0.8653564453125,0.1407470703125,-1.0986328125,-0.7324218153953552,0.0
0.478515625,-0.8690185546875,0.14794921875,-0.6103515625,-2.624511480331421,-1.15966796875
0.479248046875,-0.87451171875,0.1536865234375,-0.1220703050494194,-3.601073980331421,-1.5258787870407104
0.482421875,-0.8790283203125,0.15185546875,0.4272460639476776,-3.234863042831421,-0.3662109076976776
0.47998046875,-0.8768310546875,0.151611328125,1.0986328125,-3.234863042831421,2.25830078125
0.4718017578125,-0.869384765625,0.1529541015625,1.4038084745407104,-3.051757574081421,4.39453125
0.4693603515625,-0.865966796875,0.1494140625,1.15966796875,-0.4882812201976776,3.112792730331421
0.47509765625,-0.8690185546875,0.1463623046875,1.0986328125,3.234863042831421,-0.30517578125
0.480712890625,-0.873779296875,0.1484375,1.220703125,5.371093273162842,-2.01416015625
0.4794921875,-0.8763427734375,0.1522216796875,0.9155272841453552,5.371093273162842,-0.7324218153953552
0.46826171875,-0.875244140625,0.156005859375,-1.220703125,3.479003667831421,3.295898199081421
0.468994140625,-0.876953125,0.1502685546875,-2.197265625,3.479003667831421,3.295898199081421
0.4722900390625,-0.8778076171875,0.1424560546875,-2.50244140625,3.417968511581421,2.685546636581421
0.4747314453125,-0.8763427734375,0.132568359375,-2.197265625,2.929687261581421,2.13623046875
0.474609375,-0.8702392578125,0.137939453125,-0.4272460639476776,-0.1831054538488388,1.5869139432907104
0.473388671875,-0.8709716796875,0.1473388671875,-0.0610351525247097,-0.7324218153953552,1.4648436307907104
0.472900390625,-0.8740234375,0.152587890625,-0.3662109076976776,0.3662109076976776,1.4038084745407104
0.47119140625,-0.8770751953125,0.1529541015625,-0.8544921278953552,1.7089842557907104,2.01416015625
0.4664306640625,-0.881103515625,0.148681640625,-1.0986328125,2.25830078125,3.234863042831421
0.464599609375,-0.8824462890625,0.1563720703125,-0.6103515625,1.03759765625,3.906249761581421
0.462646484375,-0.8795166015625,0.171142578125,-0.6103515625,0.4882812201976776,4.82177734375
0.4609375,-0.87744140625,0.178466796875,-2.50244140625,3.967284917831421,6.774901866912842
0.458251953125,-0.879150390625,0.1995849609375,-6.225585460662842,8.85009765625,10.620116233825684
0.427978515625,-0.884765625,0.195556640625,-11.779784202575684,15.136717796325684,18.06640625
0.4022216796875,-0.899658203125,0.13525390625,-14.770506858825684,21.606443405151367,20.690916061401367
0.4129638671875,-0.91357421875,0.0836181640625,-10.437010765075684,19.8974609375,12.451170921325684
0.420166015625,-0.9119873046875,0.095947265625,-3.479003667831421,9.3994140625,4.08935546875
0.410400390625,-0.90771484375,0.1273193359375,-0.30517578125,0.1220703050494194,1.9531248807907104
0.4029541015625,-0.9112548828125,0.1070556640625,-1.0986328125,-0.7934569716453552,1.03759765625
0.40087890625,-0.915283203125,0.086669921875,-0.6713866591453552,0.54931640625,-1.220703125
0.4063720703125,-0.903564453125,0.10986328125,9.21630859375,-11.413573265075684,-9.82666015625
0.42822265625,-0.891845703125,0.1300048828125,13.183592796325684,-20.385740280151367,-16.17431640625
0.4580078125,-0.885986328125,0.1719970703125,12.878417015075684,-25.634763717651367,-17.578125
0.4620361328125,-0.885009765625,0.1982421875,7.446288585662842,-18.12744140625,-10.803221702575684
0.44873046875,-0.88818359375,0.174072265625,1.03759765625,-3.479003667831421,-2.624511480331421
0.4453125,-0.8887939453125,0.130126953125,-1.2817381620407104,4.69970703125,-0.2441406100988388
0.4464111328125,-0.885009765625,0.1131591796875,0.0610351525247097,3.417968511581421,-1.5258787870407104
0.451416015625,-0.88427734375,0.1282958984375,2.197265625,-2.01416015625,-3.051757574081421
0.4549560546875,-0.889892578125,0.151123046875,3.051757574081421,-4.94384765625,-3.540038824081421
0.4547119140625,-0.894287109375,0.1600341796875,2.50244140625,-3.845214605331421,-2.25830078125
0.452880859375,-0.8914794921875,0.1572265625,2.0751953125,-1.4648436307907104,-0.3662109076976776
0.45263671875,-0.88671875,0.15234375,2.3193359375,0.0610351525247097,0.7324218153953552
0.4544677734375,-0.8834228515625,0.153564453125,2.868652105331421,0.1831054538488388,1.03759765625
0.4552001953125,-0.8817138671875,0.158935546875,2.990722417831421,-0.1831054538488388,1.15966796875
0.455810546875,-0.88134765625,0.1617431640625,2.563476324081421,0.30517578125,1.220703125
0.4549560546875,-0.8797607421875,0.1580810546875,2.01416015625,1.7089842557907104,1.15966796875
0.4522705078125,-0.8741455078125,0.1575927734375,1.9531248807907104,2.25830078125,0.6713866591453552
0.4552001953125,-0.871826171875,0.1629638671875,2.25830078125,2.25830078125,-0.9765624403953552
0.461181640625,-0.876953125,0.16259765625,2.44140625,4.39453125,-3.112792730331421
0.4638671875,-0.8819580078125,0.1597900390625,2.746581792831421,7.263183116912842,-3.723144292831421
0.463134765625,-0.8804931640625,0.16259765625,3.173827886581421,7.202147960662842,-2.50244140625
0.4637451171875,-0.868896484375,0.1669921875,3.417968511581421,5.0048828125,-0.9765624403953552
0.470703125,-0.8546142578125,0.170166015625,3.601073980331421,3.784179449081421,-1.7700194120407104
0.498779296875,-0.8746337890625,0.174072265625,4.0283203125,5.065917491912842,-6.042479991912842
0.5068359375,-0.9454345703125,0.1456298828125,7.934569835662842,7.141112804412842,12.329100608825684
0.43017578125,-0.9251708984375,0.148681640625,12.817381858825684,-11.291502952575684,35.82763671875
0.35595703125,-0.88818359375,0.1959228515625,15.014647483825684,-37.7197265625,43.640132904052734
0.324951171875,-0.8660888671875,0.27587890625,9.09423828125,-47.180171966552734,33.14208984375
0.331787109375,-0.86572265625,0.32275390625,-3.051757574081421,-27.465818405151367,14.709471702575684
0.3603515625,-0.8779296875,0.2691650390625,-13.610838890075684,8.48388671875,-2.929687261581421
0.3968505859375,-0.8785400390625,0.169921875,-16.7236328125,33.99658203125,-10.375975608825684
0.42333984375,-0.8643798828125,0.12890625,-13.000487327575684,34.11865234375,-7.751464366912842
0.4273681640625,-0.8609619140625,0.147216796875,-7.080077648162842,18.9208984375,-6.469726085662842
0.4041748046875,-0.8983154296875,0.1734619140625,-3.723144292831421,8.36181640625,-11.657713890075684
0.394287109375,-0.926025390625,0.17822265625,-4.2724609375,10.314940452575684,-15.441893577575684
0.412841796875,-0.901611328125,0.165283203125,-6.042479991912842,15.563963890075684,-15.014647483825684
0.4185791015625,-0.8641357421875,0.1573486328125,-6.652831554412842,14.099120140075684,-15.441893577575684
0.45166015625,-0.86328125,0.162353515625,-6.286620616912842,8.23974609375,-20.812986373901367
0.510986328125,-0.8941650390625,0.151123046875,-5.859374523162842,5.371093273162842,-25.817869186401367
0.5277099609375,-0.906982421875,0.125244140625,-4.82177734375,2.929687261581421,-18.98193359375
0.4727783203125,-0.8765869140625,0.14306640625,3.234863042831421,-12.023924827575684,4.150390625
0.454833984375,-0.8695068359375,0.1676025390625,6.469726085662842,-15.014647483825684,6.347655773162842
0.4522705078125,-0.8734130859375,0.1728515625,6.469726085662842,-11.596678733825684,3.784179449081421
0.457763671875,-0.8795166015625,0.1708984375,4.82177734375,-6.774901866912842,0.3662109076976776
0.4671630859375,-0.8822021484375,0.16943359375,2.807616949081421,-3.845214605331421,-1.8920897245407104
0.474609375,-0.880859375,0.1591796875,0.9155272841453552,-1.7700194120407104,-2.197265625
0.4761962890625,-0.8763427734375,0.1500244140625,0.1220703050494194,-1.4038084745407104,-0.7324218153953552
0.474609375,-0.8714599609375,0.1500244140625,0.4272460639476776,-3.173827886581421,0.7324218153953552
0.47314453125,-0.8687744140625,0.1551513671875,0.8544921278953552,-4.7607421875,1.03759765625
0.47314453125,-0.8695068359375,0.1605224609375,0.9155272841453552,-4.94384765625,0.30517578125
0.4725341796875,-0.8726806640625,0.1639404296875,0.8544921278953552,-4.57763671875,-0.4272460639476776
0.4720458984375,-0.8778076171875,0.167236328125,0.9155272841453552,-4.57763671875,-0.30517578125
0.4755859375,-0.8853759765625,0.164306640625,1.3427733182907104,-4.57763671875,1.3427733182907104
0.47119140625,-0.8875732421875,0.1484375,2.25830078125,-4.82177734375,6.103515148162842
0.4520263671875,-0.8818359375,0.142333984375,3.723144292831421,-8.7890625,12.573241233825684
0.441650390625,-0.8795166015625,0.157470703125,4.150390625,-15.747069358825684,14.648436546325684
0.4439697265625,-0.8831787109375,0.169677734375,1.7700194120407104,-19.10400390625,11.840819358825684
0.444580078125,-0.8876953125,0.166259765625,-1.8310545682907104,-15.747069358825684,8.544921875
0.4388427734375,-0.8865966796875,0.155029296875,-3.662109136581421,-7.934569835662842,6.652831554412842
0.42919921875,-0.879150390625,0.14208984375,-3.051757574081421,0.9765624403953552,4.0283203125
0.422607421875,-0.87353515625,0.1373291015625,-0.9765624403953552,7.507323741912842,-1.4038084745407104
0.4290771484375,-0.87744140625,0.1373291015625,0.9155272841453552,11.291502952575684,-8.6669921875
0.454833984375,-0.89306640625,0.1334228515625,1.7700194120407104,11.962889671325684,-13.427733421325684
0.4691162109375,-0.8975830078125,0.1357421875,2.01416015625,6.225585460662842,-10.437010765075684
0.4659423828125,-0.889404296875,0.1339111328125,1.8920897245407104,-1.6479490995407104,-3.662109136581421
0.472900390625,-0.89111328125,0.1231689453125,2.0751953125,-5.798339366912842,-0.8544921278953552
0.483154296875,-0.898193359375,0.1240234375,3.051757574081421,-9.21630859375,0.7934569716453552
0.4737548828125,-0.89453125,0.1297607421875,4.150390625,-13.183592796325684,5.798339366912842
0.4512939453125,-0.8763427734375,0.13134765625,4.638671875,-15.563963890075684,10.559081077575684
0.4447021484375,-0.8646240234375,0.1634521484375,5.310058116912842,-11.230467796325684,0.0
0.4674072265625,-0.8802490234375,0.163818359375,4.8828125,-2.746581792831421,-8.544921875
0.4859619140625,-0.904296875,0.1346435546875,4.39453125,5.371093273162842,-9.70458984375
0.47998046875,-0.902099609375,0.1285400390625,4.94384765625,3.051757574081421,-2.25830078125
0.4521484375,-0.8736572265625,0.1563720703125,5.432128429412842,-5.065917491912842,6.164550304412842
0.435791015625,-0.85205078125,0.195068359375,3.601073980331421,-5.187987804412842,6.164550304412842
0.4443359375,-0.865966796875,0.224609375,0.1831054538488388,6.164550304412842,-3.234863042831421
0.47509765625,-0.8880615234375,0.1923828125,-2.197265625,24.108884811401367,-12.634276390075684
0.4940185546875,-0.895263671875,0.1363525390625,-1.9531248807907104,31.494138717651367,-10.131834983825684
0.4737548828125,-0.8797607421875,0.14208984375,0.8544921278953552,17.39501953125,1.7089842557907104
0.447265625,-0.8582763671875,0.1824951171875,3.051757574081421,-0.4272460639476776,8.72802734375
0.4439697265625,-0.869384765625,0.1923828125,2.13623046875,-3.784179449081421,6.103515148162842
0.457763671875,-0.8922119140625,0.173583984375,-0.1220703050494194,1.7089842557907104,1.4648436307907104
0.463134765625,-0.8995361328125,0.1634521484375,-0.9155272841453552,3.417968511581421,1.8310545682907104
0.450439453125,-0.8897705078125,0.1739501953125,-0.30517578125,-0.0,5.554198741912842
0.4366455078125,-0.8790283203125,0.18603515625,-0.1220703050494194,-1.5869139432907104,7.873534679412842
0.4324951171875,-0.8792724609375,0.1837158203125,-1.15966796875,1.03759765625,7.141112804412842
0.42822265625,-0.8851318359375,0.18212890625,-2.624511480331421,3.845214605331421,5.554198741912842
0.4217529296875,-0.8856201171875,0.1873779296875,-3.662109136581421,4.638671875,4.21142578125
0.414794921875,-0.8802490234375,0.1883544921875,-4.33349609375,5.126952648162842,2.38037109375
0.4132080078125,-0.877685546875,0.18408203125,-4.94384765625,5.676269054412842,-1.0986328125
0.4261474609375,-0.88134765625,0.17822265625,-5.554198741912842,6.103515148162842,-6.164550304412842
0.443603515625,-0.887451171875,0.166259765625,-6.042479991912842,6.530761241912842,-9.521484375
0.4532470703125,-0.8897705078125,0.15087890625,-6.225585460662842,6.042479991912842,-9.33837890625
0.4571533203125,-0.8896484375,0.1429443359375,-5.737304210662842,2.38037109375,-7.080077648162842
0.46240234375,-0.89208984375,0.1396484375,-4.69970703125,-3.784179449081421,-4.21142578125
0.4522705078125,-0.8819580078125,0.1380615234375,-2.3193359375,-15.624999046325684,3.967284917831421
0.4530029296875,-0.880615234375,0.148681640625,-1.8920897245407104,-17.7001953125,3.967284917831421
0.4564208984375,-0.8804931640625,0.1419677734375,-2.44140625,-12.207030296325684,0.8544921278953552
0.455810546875,-0.8792724609375,0.1373291015625,-2.44140625,-5.493163585662842,-1.8310545682907104
0.4547119140625,-0.87548828125,0.1436767578125,-1.4038084745407104,-2.929687261581421,-3.601073980331421
0.4537353515625,-0.8699951171875,0.139892578125,-0.3662109076976776,-0.30517578125,-5.737304210662842
0.460693359375,-0.87060546875,0.1312255859375,0.9765624403953552,3.784179449081421,-8.72802734375
0.47705078125,-0.878173828125,0.1357421875,2.44140625,5.432128429412842,-10.742186546325684
0.494140625,-0.8878173828125,0.1416015625,2.746581792831421,3.295898199081421,-10.009765625
0.49267578125,-0.8873291015625,0.140625,2.3193359375,-0.9155272841453552,-5.737304210662842
0.4766845703125,-0.8780517578125,0.1414794921875,2.25830078125,-4.45556640625,-0.9155272841453552
0.4716796875,-0.8719482421875,0.1376953125,2.50244140625,-3.356933355331421,-0.4272460639476776
0.477294921875,-0.8697509765625,0.132080078125,2.44140625,0.7934569716453552,-2.685546636581421
0.4827880859375,-0.8660888671875,0.1356201171875,2.0751953125,3.356933355331421,-3.356933355331421
0.4884033203125,-0.86865234375,0.1429443359375,1.5258787870407104,5.432128429412842,-3.295898199081421
0.4918212890625,-0.8753662109375,0.152099609375,1.220703125,8.23974609375,-3.967284917831421
0.4884033203125,-0.8721923828125,0.17041015625,1.4038084745407104,9.09423828125,-2.624511480331421
0.48095703125,-0.8677978515625,0.189208984375,1.4038084745407104,8.48388671875,0.6713866591453552
0.472900390625,-0.8702392578125,0.1939697265625,0.7324218153953552,9.765625,2.990722417831421
0.4671630859375,-0.873046875,0.1951904296875,-0.0,11.657713890075684,3.967284917831421
0.46826171875,-0.87646484375,0.1978759765625,-0.7324218153953552,13.183592796325684,4.7607421875
0.4691162109375,-0.880859375,0.1865234375,-1.8310545682907104,16.90673828125,6.652831554412842
0.46142578125,-0.879638671875,0.1689453125,-2.50244140625,20.385740280151367,9.27734375
0.4495849609375,-0.8759765625,0.1572265625,-2.3193359375,19.10400390625,10.681151390075684
0.44384765625,-0.8795166015625,0.151611328125,-1.7700194120407104,14.221190452575684,9.09423828125
0.441162109375,-0.88232421875,0.1551513671875,-1.0986328125,8.30078125,5.981444835662842
0.439453125,-0.879638671875,0.16796875,-0.6103515625,2.50244140625,3.234863042831421
0.4398193359375,-0.877197265625,0.1790771484375,-0.7324218153953552,-0.9155272841453552,1.03759765625
0.454833984375,-0.8817138671875,0.17333984375,-0.9155272841453552,-0.7934569716453552,-0.8544921278953552
0.452880859375,-0.8831787109375,0.1636962890625,2.44140625,-5.371093273162842,2.563476324081421
0.4449462890625,-0.8814697265625,0.1737060546875,4.57763671875,-9.82666015625,3.356933355331421
0.439453125,-0.8804931640625,0.1824951171875,5.615233898162842,-11.596678733825684,2.38037109375
0.4375,-0.87939453125,0.1865234375,5.249022960662842,-10.864256858825684,0.4272460639476776
0.4403076171875,-0.880859375,0.1915283203125,4.21142578125,-10.253905296325684,-1.5869139432907104
0.4420166015625,-0.8828125,0.1943359375,2.929687261581421,-10.131834983825684,-2.868652105331421
0.443115234375,-0.8834228515625,0.197509765625,2.0751953125,-9.94873046875,-3.356933355331421
0.4462890625,-0.883056640625,0.1978759765625,1.7700194120407104,-8.6669921875,-3.295898199081421
0.44873046875,-0.882080078125,0.19140625,1.6479490995407104,-5.920409679412842,-2.685546636581421
0.449951171875,-0.8802490234375,0.18505859375,1.7089842557907104,-3.540038824081421,-1.7700194120407104
0.4501953125,-0.878662109375,0.1800537109375,1.7700194120407104,-1.8310545682907104,-0.0610351525247097
0.4508056640625,-0.8790283203125,0.174560546875,1.8310545682907104,-0.8544921278953552,0.7324218153953552
0.452880859375,-0.8804931640625,0.170654296875,1.8920897245407104,-0.54931640625,0.2441406100988388
0.453857421875,-0.8807373046875,0.1727294921875,1.5869139432907104,-0.0610351525247097,0.30517578125
0.44970703125,-0.87939453125,0.1773681640625,1.2817381620407104,0.1831054538488388,0.4272460639476776
0.4473876953125,-0.87939453125,0.1846923828125,1.03759765625,0.54931640625,-0.0610351525247097
0.4500732421875,-0.8802490234375,0.19677734375,0.30517578125,2.197265625,-0.30517578125
0.4500732421875,-0.8765869140625,0.2197265625,-3.051757574081421,9.3994140625,-0.1831054538488388
0.4464111328125,-0.8763427734375,0.2196044921875,-5.126952648162842,13.854979515075684,0.6713866591453552
0.44140625,-0.876220703125,0.224365234375,-6.652831554412842,16.6015625,1.8310545682907104
0.4361572265625,-0.8759765625,0.229736328125,-8.1787109375,18.6767578125,2.25830078125
0.43505859375,-0.87744140625,0.224609375,-10.131834983825684,22.399900436401367,1.03759765625
0.4356689453125,-0.880126953125,0.2144775390625,-12.145995140075684,26.367185592651367,-0.8544921278953552
0.43505859375,-0.884033203125,0.2103271484375,-13.732909202575684,28.442380905151367,-2.44140625
0.435546875,-0.88330078125,0.2098388671875,-15.136717796325684,29.296873092651367,-4.150390625
0.436279296875,-0.879638671875,0.19970703125,-16.29638671875,30.029294967651367,-6.225585460662842
0.4381103515625,-0.8807373046875,0.1834716796875,-17.08984375,30.212400436401367,-8.36181640625
0.44287109375,-0.8829345703125,0.18310546875,-17.2119140625,28.198240280151367,-9.21630859375
0.4456787109375,-0.88037109375,0.200927734375,-17.27294921875,25.085447311401367,-8.60595703125
0.44580078125,-0.8775634765625,0.217041015625,-18.1884765625,25.146482467651367,-8.544921875
0.4449462890625,-0.8790283203125,0.21484375,-19.83642578125,29.418943405151367,-9.27734375
0.4429931640625,-0.882568359375,0.198974609375,-20.935056686401367,33.99658203125,-9.09423828125
0.4422607421875,-0.883544921875,0.185302734375,-20.812986373901367,35.21728515625,-8.36181640625
0.444580078125,-0.8795166015625,0.1781005859375,-20.385740280151367,34.423828125,-8.9111328125
0.448486328125,-0.8758544921875,0.176513671875,-20.202634811401367,33.75244140625,-10.009765625
0.456298828125,-0.8760986328125,0.176025390625,-19.83642578125,33.203125,-10.192870140075684
0.463134765625,-0.8857421875,0.16796875,-16.6015625,29.846189498901367,-7.019042491912842
0.4571533203125,-0.8875732421875,0.1585693359375,-14.038084983825684,27.343748092651367,-4.5166015625
0.4541015625,-0.8909912109375,0.1510009765625,-11.474608421325684,24.047849655151367,-1.9531248807907104
0.457763671875,-0.8956298828125,0.15576171875,-9.033203125,18.6767578125,0.54931640625
0.46240234375,-0.875244140625,0.166259765625,-5.737304210662842,6.896972179412842,4.638671875
0.4588623046875,-0.8778076171875,0.1478271484375,-4.8828125,3.784179449081421,4.2724609375
0.454833984375,-0.8883056640625,0.1300048828125,-3.906249761581421,0.4882812201976776,4.7607421875
0.451416015625,-0.8916015625,0.131591796875,-2.44140625,-5.493163585662842,6.835937023162842
0.4512939453125,-0.8896484375,0.136962890625,-1.4038084745407104,-10.498045921325684,8.30078125
0.4569091796875,-0.8907470703125,0.1304931640625,-1.03759765625,-12.145995140075684,7.202147960662842
0.4576416015625,-0.888916015625,0.124267578125,-0.8544921278953552,-13.244627952575684,4.33349609375
0.449951171875,-0.8841552734375,0.1265869140625,-1.03759765625,-15.136717796325684,-0.7324218153953552
0.4423828125,-0.890380859375,0.1204833984375,-1.6479490995407104,-15.747069358825684,-7.507323741912842
0.43505859375,-0.905517578125,0.10205078125,-1.2817381620407104,-15.258788108825684,-10.192870140075684
0.4390869140625,-0.9078369140625,0.0936279296875,0.3662109076976776,-15.563963890075684,-5.249022960662842
0.451904296875,-0.899658203125,0.096435546875,1.7089842557907104,-15.991209983825684,1.0986328125
0.4498291015625,-0.8968505859375,0.093994140625,1.7700194120407104,-14.587401390075684,3.967284917831421
0.4388427734375,-0.9024658203125,0.0892333984375,0.7934569716453552,-11.901854515075684,3.601073980331421
0.4326171875,-0.91015625,0.083984375,-0.30517578125,-9.94873046875,1.9531248807907104
0.425048828125,-0.9107666015625,0.069091796875,-1.15966796875,-9.09423828125,2.13623046875
0.409423828125,-0.9105224609375,0.063232421875,-1.03759765625,-10.864256858825684,4.94384765625
0.3980712890625,-0.9156494140625,0.0748291015625,-0.0610351525247097,-14.160155296325684,7.995604991912842
0.40087890625,-0.9212646484375,0.0787353515625,-0.3662109076976776,-13.305663108825684,8.7890625
0.409423828125,-0.92236328125,0.06591796875,-2.197265625,-7.751464366912842,7.446288585662842
0.4130859375,-0.9178466796875,0.0511474609375,-3.967284917831421,-2.01416015625,6.042479991912842
0.4080810546875,-0.91259765625,0.0457763671875,-4.150390625,-0.3662109076976776,5.981444835662842
0.392578125,-0.9088134765625,0.0439453125,-2.50244140625,-2.197265625,5.371093273162842
0.3724365234375,-0.9056396484375,0.0616455078125,-0.9155272841453552,-4.0283203125,3.173827886581421
0.3587646484375,-0.902587890625,0.1092529296875,0.1831054538488388,-5.310058116912842,1.7089842557907104
0.359619140625,-0.903076171875,0.1473388671875,0.1831054538488388,-3.417968511581421,1.8310545682907104
0.37548828125,-0.9052734375,0.1416015625,-2.563476324081421,5.371093273162842,0.0610351525247097
0.3941650390625,-0.9088134765625,0.0966796875,-6.713866710662842,17.7001953125,-5.493163585662842
0.4061279296875,-0.9130859375,0.048583984375,-9.46044921875,25.817869186401367,-12.145995140075684
0.4110107421875,-0.9129638671875,0.0389404296875,-9.46044921875,25.329587936401367,-15.136717796325684
0.408447265625,-0.917236328125,0.068115234375,-7.934569835662842,19.34814453125,-13.916014671325684
0.403076171875,-0.9237060546875,0.1036376953125,-7.202147960662842,14.343260765075684,-11.291502952575684
0.4029541015625,-0.92919921875,0.1202392578125,-8.4228515625,13.916014671325684,-8.85009765625
0.4066162109375,-0.9266357421875,0.11181640625,-10.925292015075684,16.90673828125,-5.920409679412842
0.413330078125,-0.90673828125,0.0926513671875,-13.122557640075684,20.01953125,-1.8310545682907104
0.4180908203125,-0.89404296875,0.06640625,-13.793944358825684,26.672361373901367,0.30517578125
0.42138671875,-0.902587890625,0.0379638671875,-12.451170921325684,37.04833984375,-0.9155272841453552
0.431640625,-0.9130859375,0.03076171875,-9.21630859375,42.175289154052734,-3.417968511581421
0.433349609375,-0.904052734375,0.03271484375,-6.164550304412842,41.809078216552734,-5.737304210662842
0.4300537109375,-0.8953857421875,0.02490234375,-5.065917491912842,43.090816497802734,-6.713866710662842
0.4686279296875,-0.9053955078125,0.044677734375,-2.50244140625,41.992183685302734,-7.995604991912842
0.5068359375,-0.90185546875,0.1016845703125,1.4648436307907104,31.188962936401367,-10.070799827575684
0.4747314453125,-0.8704833984375,0.1412353515625,1.15966796875,19.287109375,-10.070799827575684
0.4417724609375,-0.8485107421875,0.1531982421875,-2.807616949081421,14.831542015075684,-9.27734375
0.4661865234375,-0.859375,0.1549072265625,-5.432128429412842,16.66259765625,-8.7890625
0.5001220703125,-0.87890625,0.1484375,-5.981444835662842,19.1650390625,-6.652831554412842
0.49755859375,-0.8765869140625,0.128662109375,-6.347655773162842,18.85986328125,-3.845214605331421
0.4793701171875,-0.857666015625,0.1156005859375,-6.286620616912842,16.357421875,-2.746581792831421
0.47900390625,-0.8465576171875,0.134521484375,-4.21142578125,12.878417015075684,-1.6479490995407104
0.488037109375,-0.8602294921875,0.1497802734375,-2.563476324081421,12.756346702575684,-1.2817381620407104
0.4854736328125,-0.8931884765625,0.153076171875,-3.662109136581421,15.747069358825684,-3.051757574081421
0.4820556640625,-0.8897705078125,0.1839599609375,-2.563476324081421,7.812499523162842,0.0
0.4761962890625,-0.8824462890625,0.1937255859375,-2.13623046875,0.9765624403953552,4.150390625
0.474609375,-0.8804931640625,0.172119140625,-3.051757574081421,0.9765624403953552,7.751464366912842
0.47314453125,-0.8822021484375,0.1568603515625,-3.112792730331421,2.563476324081421,10.925292015075684
0.466552734375,-0.8824462890625,0.1597900390625,-2.44140625,1.4038084745407104,12.634276390075684
0.4554443359375,-0.880859375,0.158203125,-2.990722417831421,1.2817381620407104,10.986327171325684
0.444580078125,-0.8798828125,0.1533203125,-3.906249761581421,3.540038824081421,7.507323741912842
0.44189453125,-0.882080078125,0.158203125,-3.356933355331421,6.042479991912842,3.784179449081421
0.443115234375,-0.8817138671875,0.1707763671875,-1.8310545682907104,8.60595703125,0.1220703050494194
0.4417724609375,-0.87548828125,0.182861328125,-1.03759765625,11.779784202575684,-3.295898199081421
0.442138671875,-0.8712158203125,0.19384765625,-1.4648436307907104,15.563963890075684,-6.164550304412842
0.4512939453125,-0.8787841796875,0.1956787109375,-2.624511480331421,19.775390625,-8.23974609375
0.46484375,-0.89599609375,0.1790771484375,-4.150390625,24.169919967651367,-8.9111328125
0.474365234375,-0.906982421875,0.153076171875,-5.493163585662842,26.550291061401367,-7.141112804412842
0.47119140625,-0.8914794921875,0.1351318359375,-6.530761241912842,25.512693405151367,-3.295898199081421
0.450927734375,-0.86865234375,0.1578369140625,-7.690429210662842,22.155759811401367,-0.30517578125
0.438232421875,-0.8653564453125,0.20068359375,-7.629394054412842,17.15087890625,-0.54931640625
0.4375,-0.876220703125,0.1978759765625,-7.141112804412842,16.05224609375,-3.601073980331421
0.437744140625,-0.8902587890625,0.1796875,-7.019042491912842,18.98193359375,-7.141112804412842
0.4420166015625,-0.89453125,0.1920166015625,-6.713866710662842,19.22607421875,-8.11767578125
0.446044921875,-0.8916015625,0.2039794921875,-7.202147960662842,19.04296875,-5.798339366912842
0.44873046875,-0.8909912109375,0.1949462890625,-8.4228515625,20.568845748901367,-2.624511480331421
0.447265625,-0.8916015625,0.1815185546875,-9.33837890625,20.324705123901367,0.6713866591453552
0.440185546875,-0.8885498046875,0.18212890625,-9.6435546875,16.4794921875,4.0283203125
0.43115234375,-0.888427734375,0.189453125,-9.82666015625,12.451170921325684,6.103515148162842
0.423828125,-0.894287109375,0.1878662109375,-10.070799827575684,11.047362327575684,6.713866710662842
0.4197998046875,-0.8984375,0.175048828125,-9.521484375,10.253905296325684,6.530761241912842
0.4200439453125,-0.89794921875,0.1617431640625,-7.812499523162842,8.4228515625,5.432128429412842
0.4205322265625,-0.8963623046875,0.1575927734375,-5.493163585662842,5.554198741912842,4.0283203125
0.4207763671875,-0.90087890625,0.1552734375,-3.234863042831421,2.990722417831421,3.173827886581421
0.424072265625,-0.912109375,0.1517333984375,-0.8544921278953552,2.0751953125,2.563476324081421
0.4322509765625,-0.9168701171875,0.1641845703125,1.6479490995407104,-2.50244140625,2.807616949081421
0.4285888671875,-0.90625,0.1759033203125,3.662109136581421,-12.268065452575684,5.065917491912842
0.4058837890625,-0.8953857421875,0.16455078125,4.82177734375,-20.874021530151367,8.48388671875
0.3895263671875,-0.8974609375,0.1474609375,5.981444835662842,-25.329587936401367,10.864256858825684
0.390625,-0.90576171875,0.1373291015625,7.202147960662842,-25.573728561401367,10.498045921325684
0.396240234375,-0.9093017578125,0.139404296875,7.934569835662842,-24.108884811401367,8.6669921875
0.395751953125,-0.907470703125,0.1500244140625,8.36181640625,-24.353025436401367,7.873534679412842
0.3895263671875,-0.910888671875,0.1500244140625,8.1787109375,-25.146482467651367,8.544921875
0.3819580078125,-0.91748046875,0.13623046875,7.568358898162842,-24.597166061401367,9.6435546875
0.3775634765625,-0.9217529296875,0.1241455078125,7.019042491912842,-24.414060592651367,10.498045921325684
0.375732421875,-0.9254150390625,0.117919921875,6.713866710662842,-25.573728561401367,10.925292015075684
0.3731689453125,-0.9273681640625,0.1173095703125,6.347655773162842,-27.282712936401367,11.108397483825684
0.3681640625,-0.929443359375,0.117431640625,5.859374523162842,-28.320310592651367,11.291502952575684
0.3614501953125,-0.9342041015625,0.1087646484375,5.126952648162842,-27.832029342651367,10.925292015075684
0.3570556640625,-0.9390869140625,0.0977783203125,4.39453125,-27.282712936401367,9.8876953125
0.3544921875,-0.942138671875,0.0924072265625,4.0283203125,-27.893064498901367,9.033203125
0.3511962890625,-0.940673828125,0.0869140625,3.723144292831421,-28.686521530151367,8.7890625
0.3507080078125,-0.93408203125,0.072509765625,3.417968511581421,-28.564451217651367,7.995604991912842
0.353759765625,-0.9273681640625,0.052001953125,2.929687261581421,-27.954099655151367,5.737304210662842
0.3614501953125,-0.9271240234375,0.0404052734375,2.0751953125,-28.686521530151367,2.3193359375
0.3707275390625,-0.932861328125,0.0391845703125,0.9765624403953552,-30.151365280151367,-1.15966796875
0.3760986328125,-0.938232421875,0.0401611328125,-0.3662109076976776,-30.029294967651367,-4.21142578125
0.3812255859375,-0.9373779296875,0.041748046875,-1.6479490995407104,-28.808591842651367,-7.446288585662842
0.3843994140625,-0.9322509765625,0.037841796875,-2.685546636581421,-28.747556686401367,-10.742186546325684
0.3721923828125,-0.945068359375,0.0302734375,-3.173827886581421,-30.639646530151367,-11.535643577575684
0.3466796875,-0.961181640625,0.049072265625,-1.5258787870407104,-36.07177734375,-6.896972179412842
0.349609375,-0.9439697265625,0.1051025390625,3.662109136581421,-46.142574310302734,0.4882812201976776
0.366943359375,-0.9222412109375,0.106201171875,8.9111328125,-45.104976654052734,4.33349609375
0.360595703125,-0.9298095703125,0.026123046875,10.864256858825684,-27.832029342651367,4.150390625
0.357666015625,-0.9488525390625,-0.0181884765625,12.084959983825684,-20.080564498901367,3.112792730331421
0.3583984375,-0.9534912109375,0.0081787109375,14.038084983825684,-28.747556686401367,3.906249761581421
0.34130859375,-0.94189453125,0.05029296875,14.709471702575684,-37.53662109375,7.324218273162842
0.3211669921875,-0.93359375,0.057861328125,13.671874046325684,-36.92626953125,10.437010765075684
0.3179931640625,-0.938232421875,0.0308837890625,12.084959983825684,-29.296873092651367,11.413573265075684
0.326416015625,-0.941162109375,0.0074462890625,11.474608421325684,-22.888181686401367,11.901854515075684
0.324951171875,-0.939453125,0.0008544921875,11.901854515075684,-19.95849609375,12.634276390075684
0.3175048828125,-0.9398193359375,0.0150146484375,13.183592796325684,-19.287109375,12.084959983825684
0.3155517578125,-0.94140625,0.037841796875,14.587401390075684,-19.47021484375,9.765625
0.314697265625,-0.9320068359375,0.0330810546875,14.160155296325684,-12.268065452575684,3.051757574081421
0.317138671875,-0.94287109375,0.0235595703125,14.221190452575684,-8.72802734375,0.4272460639476776
0.3182373046875,-0.9642333984375,0.0328369140625,15.136717796325684,-8.9111328125,0.6103515625
0.3182373046875,-0.9722900390625,0.0654296875,15.991209983825684,-13.061522483825684,3.051757574081421
0.319091796875,-0.958251953125,0.0943603515625,16.357421875,-17.02880859375,6.347655773162842
0.3289794921875,-0.944580078125,0.0989990234375,15.991209983825684,-18.24951171875,7.629394054412842
0.340087890625,-0.941162109375,0.08154296875,14.648436546325684,-16.845703125,5.981444835662842
0.333984375,-0.9339599609375,0.0509033203125,12.207030296325684,-13.732909202575684,3.723144292831421
0.314208984375,-0.9332275390625,0.0411376953125,10.375975608825684,-10.742186546325684,1.5869139432907104
0.323974609375,-0.9537353515625,0.0888671875,11.535643577575684,-13.916014671325684,-1.15966796875
0.34912109375,-0.9708251953125,0.1468505859375,13.305663108825684,-21.545408248901367,-2.13623046875
0.3414306640625,-0.96533203125,0.1627197265625,12.023924827575684,-24.658201217651367,0.9765624403953552
0.321044921875,-0.94677734375,0.1539306640625,8.9111328125,-23.925779342651367,3.784179449081421
0.31298828125,-0.9356689453125,0.14306640625,6.347655773162842,-21.789548873901367,2.685546636581421
0.3187255859375,-0.93603515625,0.1370849609375,5.187987804412842,-18.5546875,0.7934569716453552
0.3272705078125,-0.936767578125,0.1298828125,5.249022960662842,-16.9677734375,0.8544921278953552
0.330078125,-0.9376220703125,0.1195068359375,5.859374523162842,-16.78466796875,1.9531248807907104
0.3310546875,-0.93701171875,0.1217041015625,7.141112804412842,-18.1884765625,2.563476324081421
0.332275390625,-0.9315185546875,0.136962890625,8.72802734375,-20.629880905151367,2.685546636581421
0.33447265625,-0.9278564453125,0.145263671875,9.8876953125,-21.301267623901367,2.01416015625
0.3355712890625,-0.9315185546875,0.1429443359375,10.437010765075684,-19.8974609375,0.9155272841453552
0.3358154296875,-0.936279296875,0.1435546875,10.803221702575684,-19.6533203125,0.54931640625
0.336181640625,-0.9368896484375,0.1473388671875,11.169432640075684,-21.484373092651367,1.15966796875
0.33447265625,-0.9361572265625,0.1468505859375,11.169432640075684,-23.193357467651367,2.0751953125
0.3309326171875,-0.9371337890625,0.1456298828125,10.986327171325684,-23.681638717651367,2.50244140625
0.3314208984375,-0.93701171875,0.1475830078125,11.108397483825684,-23.986814498901367,2.3193359375
0.3319091796875,-0.927001953125,0.151611328125,11.596678733825684,-25.939939498901367,2.01416015625
0.3350830078125,-0.919677734375,0.161865234375,12.268065452575684,-28.015134811401367,1.0986328125
0.3489990234375,-0.9173583984375,0.169677734375,13.244627952575684,-28.869626998901367,-1.5869139432907104
0.3619384765625,-0.9210205078125,0.1685791015625,12.939452171325684,-28.137205123901367,-4.33349609375
0.37255859375,-0.9229736328125,0.1685791015625,11.474608421325684,-26.611326217651367,-4.8828125
0.37939453125,-0.91845703125,0.17578125,10.498045921325684,-24.414060592651367,-3.479003667831421
0.3765869140625,-0.90673828125,0.1827392578125,10.314940452575684,-21.789548873901367,-2.13623046875
0.3743896484375,-0.8992919921875,0.1925048828125,10.498045921325684,-19.71435546875,-2.746581792831421
0.3916015625,-0.8978271484375,0.20947265625,11.047362327575684,-18.85986328125,-4.82177734375
0.4044189453125,-0.8975830078125,0.2093505859375,10.864256858825684,-18.1884765625,-7.751464366912842
0.3892822265625,-0.9007568359375,0.1763916015625,9.033203125,-16.29638671875,-10.986327171325684
0.3907470703125,-0.9029541015625,0.15185546875,7.690429210662842,-12.390135765075684,-10.742186546325684
0.4075927734375,-0.91943359375,0.1602783203125,8.48388671875,-5.187987804412842,-6.774901866912842
0.407470703125,-0.94140625,0.1912841796875,10.742186546325684,-4.39453125,-2.25830078125
0.3956298828125,-0.944091796875,0.2320556640625,13.610838890075684,-19.59228515625,3.540038824081421
0.382568359375,-0.94384765625,0.23388671875,14.526366233825684,-36.62109375,11.169432640075684
0.374755859375,-0.945068359375,0.20263671875,13.427733421325684,-43.457027435302734,19.53125
0.3741455078125,-0.942626953125,0.193359375,13.854979515075684,-45.898433685302734,28.442380905151367
0.3779296875,-0.9425048828125,0.1981201171875,15.808104515075684,-45.898433685302734,35.46142578125
0.34130859375,-0.8763427734375,0.2244873046875,18.9208984375,-45.837398529052734,29.907224655151367
0.3134765625,-0.859130859375,0.239990234375,18.798828125,-44.494625091552734,18.85986328125
0.3145751953125,-0.888916015625,0.21044921875,15.319823265075684,-30.090330123901367,5.615233898162842
0.330078125,-0.9287109375,0.173583984375,10.620116233825684,-13.366698265075684,-4.39453125
0.3409423828125,-0.943115234375,0.1700439453125,6.958007335662842,-8.97216796875,-6.652831554412842
0.3397216796875,-0.9385986328125,0.185302734375,4.5166015625,-15.686034202575684,-1.15966796875
0.3310546875,-0.93603515625,0.177490234375,1.9531248807907104,-21.179197311401367,6.530761241912842
0.323974609375,-0.9447021484375,0.1497802734375,-1.4038084745407104,-21.118162155151367,10.742186546325684
0.3167724609375,-0.958984375,0.1348876953125,-4.82177734375,-20.996091842651367,11.779784202575684
0.30859375,-0.968994140625,0.133056640625,-7.873534679412842,-22.705076217651367,13.732909202575684
0.290771484375,-0.972900390625,0.12255859375,-10.559081077575684,-23.071287155151367,18.00537109375
0.266845703125,-0.9765625,0.1041259765625,-12.695311546325684,-21.728513717651367,20.690916061401367
0.2501220703125,-0.9842529296875,0.0848388671875,-13.305663108825684,-19.4091796875,18.24951171875
0.245361328125,-0.972412109375,0.0665283203125,-11.840819358825684,-16.66259765625,13.488768577575684
0.2518310546875,-0.94580078125,0.05029296875,-8.72802734375,-13.000487327575684,8.056640625
0.257080078125,-0.942626953125,0.0390625,-5.187987804412842,-6.103515148162842,1.8310545682907104
0.255126953125,-0.96142578125,0.048828125,-1.9531248807907104,0.0610351525247097,-1.7089842557907104
0.2552490234375,-0.978271484375,0.0743408203125,1.0986328125,-0.4882812201976776,-0.3662109076976776
0.2589111328125,-0.9776611328125,0.083251953125,2.685546636581421,-4.94384765625,5.249022960662842
0.2564697265625,-0.9757080078125,0.062255859375,1.9531248807907104,-7.873534679412842,11.413573265075684
0.240234375,-0.975830078125,0.036376953125,-0.0610351525247097,-8.6669921875,14.648436546325684
0.2169189453125,-0.967041015625,0.03466796875,-1.6479490995407104,-9.27734375,14.404295921325684
0.2052001953125,-0.9681396484375,0.063232421875,-1.7700194120407104,-9.70458984375,10.498045921325684
0.207763671875,-0.977783203125,0.09375,-1.2817381620407104,-7.507323741912842,4.8828125
0.2100830078125,-0.98095703125,0.09521484375,-1.5869139432907104,-2.38037109375,0.9765624403953552
0.20947265625,-0.9752197265625,0.064208984375,-3.784179449081421,4.2724609375,-1.0986328125
0.2127685546875,-0.97216796875,0.06103515625,-4.638671875,5.187987804412842,-2.01416015625
0.2100830078125,-0.9696044921875,0.05712890625,-5.0048828125,6.713866710662842,-3.417968511581421
0.2020263671875,-0.969970703125,0.05810546875,-4.39453125,7.324218273162842,-3.967284917831421
0.194580078125,-0.9697265625,0.07177734375,-2.746581792831421,6.103515148162842,-1.8920897245407104
0.1751708984375,-0.9847412109375,0.103271484375,0.8544921278953552,6.591796398162842,5.920409679412842
0.17626953125,-0.9874267578125,0.0946044921875,2.01416015625,16.7236328125,3.723144292831421
0.1695556640625,-0.978271484375,0.054443359375,1.5258787870407104,26.123044967651367,-0.6103515625
0.1734619140625,-0.9832763671875,0.0421142578125,2.868652105331421,31.982419967651367,-5.065917491912842
0.21044921875,-1.00341796875,0.0740966796875,5.432128429412842,29.907224655151367,-9.765625
0.2430419921875,-1.0052490234375,0.09912109375,4.69970703125,26.062009811401367,-11.352538108825684
0.2408447265625,-0.9813232421875,0.08837890625,0.3662109076976776,26.489255905151367,-8.6669921875
0.234619140625,-0.96337890625,0.0777587890625,-3.112792730331421,28.259275436401367,-6.347655773162842
0.2457275390625,-0.965576171875,0.091064453125,-3.723144292831421,26.794431686401367,-5.371093273162842
0.25732421875,-0.971923828125,0.1090087890625,-3.051757574081421,24.291990280151367,-3.051757574081421
0.25732421875,-0.947265625,0.122802734375,-2.868652105331421,25.878904342651367,-0.7324218153953552
0.2696533203125,-0.9356689453125,0.1334228515625,-2.990722417831421,29.052732467651367,-5.981444835662842
0.284912109375,-0.933837890625,0.137451171875,-3.723144292831421,34.0576171875,-12.756346702575684
0.2977294921875,-0.9342041015625,0.135009765625,-4.94384765625,39.61181640625,-17.822265625
0.3116455078125,-0.929931640625,0.1357421875,-5.737304210662842,42.358394622802734,-21.057126998901367
0.3243408203125,-0.9212646484375,0.1390380859375,-6.652831554412842,41.748043060302734,-24.414060592651367
0.3372802734375,-0.909912109375,0.1414794921875,-8.48388671875,41.198726654052734,-28.930662155151367
0.357421875,-0.896728515625,0.1492919921875,-10.498045921325684,42.358394622802734,-34.1796875
0.3787841796875,-0.8919677734375,0.164794921875,-11.962889671325684,44.555660247802734,-38.2080078125
0.3934326171875,-0.90185546875,0.1839599609375,-12.573241233825684,46.630855560302734,-39.306640625
0.4112548828125,-0.91552734375,0.202392578125,-11.962889671325684,46.813961029052734,-37.29248046875
0.4373779296875,-0.9208984375,0.21044921875,-10.314940452575684,45.349117279052734,-33.50830078125
0.462158203125,-0.913818359375,0.2049560546875,-9.3994140625,44.311519622802734,-29.357908248901367
0.467529296875,-0.898193359375,0.199951171875,-10.009765625,43.395992279052734,-26.184080123901367
0.45263671875,-0.8853759765625,0.2066650390625,-11.718749046325684,41.931148529052734,-24.658201217651367
0.4464111328125,-0.8748779296875,0.2044677734375,-13.183592796325684,42.175289154052734,-24.230955123901367
0.45654296875,-0.8741455078125,0.18798828125,-13.671874046325684,45.593257904052734,-24.780271530151367
0.4747314453125,-0.88427734375,0.17626953125,-12.939452171325684,49.194332122802734,-26.367185592651367
0.4913330078125,-0.8917236328125,0.1751708984375,-11.352538108825684,49.987789154052734,-26.733396530151367
0.494873046875,-0.8873291015625,0.187255859375,-9.6435546875,46.081539154052734,-23.010251998901367
0.492431640625,-0.87353515625,0.2154541015625,-8.23974609375,37.109375,-15.197752952575684
0.4873046875,-0.8636474609375,0.24169921875,-6.652831554412842,22.155759811401367,1.15966796875
0.4779052734375,-0.8643798828125,0.230712890625,-6.713866710662842,18.37158203125,5.676269054412842
0.4666748046875,-0.8665771484375,0.22119140625,-6.896972179412842,14.648436546325684,7.873534679412842
0.4608154296875,-0.8677978515625,0.223876953125,-6.958007335662842,11.108397483825684,8.544921875
0.450439453125,-0.8707275390625,0.244873046875,-7.263183116912842,6.896972179412842,10.314940452575684
0.4390869140625,-0.8685302734375,0.2510986328125,-8.23974609375,5.371093273162842,11.962889671325684
0.4273681640625,-0.8687744140625,0.2410888671875,-9.6435546875,4.39453125,12.084959983825684
0.422607421875,-0.8746337890625,0.2249755859375,-10.375975608825684,3.967284917831421,10.681151390075684
0.4190673828125,-0.883056640625,0.2259521484375,-9.27734375,2.746581792831421,8.97216796875
0.411865234375,-0.891845703125,0.238525390625,-4.7607421875,0.1831054538488388,8.36181640625
0.4158935546875,-0.9093017578125,0.213134765625,-3.234863042831421,-0.3662109076976776,9.21630859375
0.41455078125,-0.9354248046875,0.1673583984375,-2.13623046875,-1.8310545682907104,11.291502952575684
0.4071044921875,-0.9420166015625,0.149169921875,0.0610351525247097,-9.82666015625,14.648436546325684
0.38720703125,-0.921630859375,0.1702880859375,2.746581792831421,-24.780271530151367,20.01953125
0.3658447265625,-0.8997802734375,0.1842041015625,3.906249761581421,-35.09521484375,25.695798873901367
0.3580322265625,-0.8973388671875,0.1739501953125,3.479003667831421,-33.99658203125,26.672361373901367
0.3533935546875,-0.9088134765625,0.1402587890625,2.685546636581421,-25.512693405151367,20.263669967651367
0.3394775390625,-0.9224853515625,0.1024169921875,1.4648436307907104,-17.9443359375,10.314940452575684
0.3260498046875,-0.940673828125,0.0850830078125,0.7324218153953552,-16.17431640625,3.173827886581421
0.325927734375,-0.9508056640625,0.0950927734375,1.0986328125,-19.22607421875,1.220703125
0.330810546875,-0.9517822265625,0.1124267578125,1.7700194120407104,-22.460935592651367,2.3193359375
0.3353271484375,-0.954833984375,0.116455078125,2.13623046875,-23.254392623901367,4.45556640625
0.3375244140625,-0.957275390625,0.10546875,2.0751953125,-22.583005905151367,6.225585460662842
0.3343505859375,-0.96044921875,0.0880126953125,1.220703125,-21.545408248901367,7.263183116912842
0.327880859375,-0.9639892578125,0.072265625,-0.4882812201976776,-20.935056686401367,7.507323741912842
0.3162841796875,-0.9595947265625,0.05859375,-2.563476324081421,-21.850584030151367,8.1787109375
0.3055419921875,-0.947509765625,0.0484619140625,-4.08935546875,-24.597166061401367,8.97216796875
0.3057861328125,-0.9439697265625,0.04150390625,-4.08935546875,-27.587888717651367,7.934569835662842
0.3072509765625,-0.9581298828125,0.0313720703125,-3.173827886581421,-28.686521530151367,4.638671875
0.2989501953125,-0.966064453125,0.0235595703125,-2.746581792831421,-28.320310592651367,1.03759765625
0.28564453125,-0.952880859375,0.025146484375,-2.624511480331421,-28.686521530151367,-0.0610351525247097
0.274658203125,-0.9515380859375,0.0263671875,-1.4648436307907104,-28.991697311401367,1.3427733182907104
0.2689208984375,-0.97216796875,0.0301513671875,0.4882812201976776,-30.273435592651367,4.39453125
0.26416015625,-0.990234375,0.0465087890625,2.0751953125,-35.09521484375,8.4228515625
0.2542724609375,-0.990234375,0.06640625,2.25830078125,-40.893550872802734,12.939452171325684
0.2406005859375,-0.9647216796875,0.077392578125,1.5869139432907104,-43.579097747802734,18.9208984375
0.23046875,-0.9334716796875,0.075439453125,1.5258787870407104,-38.63525390625,24.353025436401367
0.2261962890625,-0.9158935546875,0.0518798828125,2.563476324081421,-24.047849655151367,23.315427780151367
0.2315673828125,-0.9144287109375,0.0126953125,4.21142578125,-4.638671875,13.000487327575684
0.2509765625,-0.9788818359375,-0.0001220703125,9.21630859375,18.12744140625,-16.11328125
0.2530517578125,-0.9971923828125,0.0487060546875,9.3994140625,12.329100608825684,-19.1650390625
0.2581787109375,-1.0048828125,0.0823974609375,8.056640625,5.065917491912842,-14.526366233825684
0.270751953125,-0.991943359375,0.0740966796875,5.676269054412842,5.798339366912842,-7.873534679412842
0.278564453125,-0.9561767578125,0.056640625,4.21142578125,9.8876953125,-0.1831054538488388
0.28564453125,-0.9423828125,0.048828125,4.8828125,12.390135765075684,4.69970703125
0.2952880859375,-0.9471435546875,0.0550537109375,5.920409679412842,13.000487327575684,2.197265625
0.2947998046875,-0.9365234375,0.080322265625,6.347655773162842,12.268065452575684,-5.187987804412842
0.298583984375,-0.9241943359375,0.1300048828125,6.896972179412842,11.291502952575684,-14.038084983825684
0.3193359375,-0.935546875,0.1806640625,7.934569835662842,13.183592796325684,-19.59228515625
0.331298828125,-0.951416015625,0.1898193359375,7.995604991912842,19.71435546875,-18.73779296875
0.324951171875,-0.9451904296875,0.172119140625,6.591796398162842,23.925779342651367,-14.465331077575684
0.319091796875,-0.9300537109375,0.1558837890625,4.82177734375,21.972654342651367,-10.253905296325684
0.32421875,-0.9276123046875,0.14794921875,3.234863042831421,18.49365234375,-5.737304210662842
0.3343505859375,-0.948486328125,0.1392822265625,2.01416015625,17.63916015625,-1.5869139432907104
0.339111328125,-0.9759521484375,0.1156005859375,1.7700194120407104,17.4560546875,1.2817381620407104
0.3350830078125,-0.9744873046875,0.104736328125,3.601073980331421,10.009765625,5.920409679412842
0.32958984375,-0.9410400390625,0.12744140625,7.690429210662842,-4.94384765625,12.390135765075684
0.328125,-0.910888671875,0.154296875,12.268065452575684,-15.014647483825684,14.465331077575684
0.32373046875,-0.9036865234375,0.1627197265625,14.770506858825684,-14.709471702575684,8.30078125
0.325439453125,-0.9156494140625,0.1630859375,14.770506858825684,-9.09423828125,-4.0283203125
0.3524169921875,-0.9326171875,0.190185546875,13.122557640075684,0.9155272841453552,-22.216794967651367
0.3592529296875,-0.9398193359375,0.1962890625,11.779784202575684,-3.112792730331421,-17.9443359375
0.3616943359375,-0.939697265625,0.1986083984375,10.375975608825684,-14.221190452575684,-8.4228515625
0.35888671875,-0.92724609375,0.1983642578125,9.6435546875,-25.512693405151367,0.7324218153953552
0.35791015625,-0.9158935546875,0.19189453125,9.33837890625,-31.555173873901367,5.798339366912842
0.3665771484375,-0.91943359375,0.183837890625,9.521484375,-33.447265625,6.408690929412842
0.386474609375,-0.9281005859375,0.19091796875,11.108397483825684,-35.888671875,5.187987804412842
0.399658203125,-0.9219970703125,0.2149658203125,13.977049827575684,-40.344234466552734,5.554198741912842
0.390625,-0.90087890625,0.2279052734375,16.66259765625,-43.579097747802734,7.995604991912842
0.37548828125,-0.8851318359375,0.2205810546875,17.88330078125,-43.823238372802734,8.72802734375
0.3687744140625,-0.8868408203125,0.2105712890625,17.27294921875,-41.381832122802734,5.371093273162842
0.370361328125,-0.905517578125,0.209228515625,15.502928733825684,-37.29248046875,0.8544921278953552
0.3756103515625,-0.9296875,0.2122802734375,14.160155296325684,-34.36279296875,-0.7324218153953552
0.381591796875,-0.9420166015625,0.2191162109375,14.221190452575684,-35.15625,2.38037109375
0.3839111328125,-0.9366455078125,0.241455078125,15.686034202575684,-39.794921875,10.375975608825684
0.3759765625,-0.923828125,0.2650146484375,16.54052734375,-43.640132904052734,21.057126998901367
0.35791015625,-0.915771484375,0.2796630859375,14.648436546325684,-42.053218841552734,29.663084030151367
0.3388671875,-0.91552734375,0.2840576171875,9.94873046875,-34.7900390625,32.53173828125
0.3297119140625,-0.9151611328125,0.2584228515625,3.540038824081421,-22.216794967651367,28.686521530151367
0.328857421875,-0.912109375,0.226318359375,-2.13623046875,-9.8876953125,20.202634811401367
0.3275146484375,-0.9149169921875,0.2227783203125,-5.859374523162842,-3.112792730331421,11.535643577575684
0.321044921875,-0.9178466796875,0.2322998046875,-8.9111328125,2.25830078125,6.164550304412842
0.3134765625,-0.91796875,0.2288818359375,-11.840819358825684,11.108397483825684,3.234863042831421
0.3128662109375,-0.9234619140625,0.2117919921875,-13.549803733825684,21.423337936401367,0.4272460639476776
0.3192138671875,-0.931396484375,0.2020263671875,-13.244627952575684,27.648923873901367,-1.220703125
0.3282470703125,-0.938232421875,0.205078125,-12.390135765075684,28.198240280151367,0.0
0.3304443359375,-0.94970703125,0.2059326171875,-12.756346702575684,26.672361373901367,2.807616949081421
0.31982421875,-0.9591064453125,0.200927734375,-13.610838890075684,24.719236373901367,6.774901866912842
0.3095703125,-0.9547119140625,0.1978759765625,-13.183592796325684,21.179197311401367,11.596678733825684
0.31103515625,-0.947021484375,0.189697265625,-11.718749046325684,18.98193359375,14.892577171325684
0.3153076171875,-0.9482421875,0.1627197265625,-11.291502952575684,22.399900436401367,13.244627952575684
0.2996826171875,-0.9473876953125,0.12451171875,-12.573241233825684,27.648923873901367,7.995604991912842
0.26416015625,-0.93701171875,0.0860595703125,-14.709471702575684,31.249998092651367,4.5166015625
0.240478515625,-0.9310302734375,0.0726318359375,-15.930174827575684,33.203125,2.44140625
0.24267578125,-0.939697265625,0.100830078125,-15.197752952575684,32.04345703125,-1.2817381620407104
0.248779296875,-0.9595947265625,0.1224365234375,-13.793944358825684,31.799314498901367,-4.8828125
0.244873046875,-0.9757080078125,0.10791015625,-13.305663108825684,34.60693359375,-6.103515148162842
0.2406005859375,-0.9775390625,0.0889892578125,-13.183592796325684,35.21728515625,-6.408690929412842
0.2435302734375,-0.972412109375,0.0810546875,-13.305663108825684,32.40966796875,-7.019042491912842
0.2440185546875,-0.9698486328125,0.07421875,-13.183592796325684,29.418943405151367,-6.408690929412842
0.2379150390625,-0.97216796875,0.064453125,-12.390135765075684,27.038572311401367,-4.08935546875
0.2354736328125,-0.9754638671875,0.0516357421875,-11.230467796325684,24.475095748901367,-2.25830078125
0.2362060546875,-0.974365234375,0.0418701171875,-10.192870140075684,21.484373092651367,-1.4038084745407104
0.23828125,-0.97119140625,0.0401611328125,-9.21630859375,18.1884765625,-1.2817381620407104
0.239501953125,-0.967529296875,0.0361328125,-8.1787109375,15.380858421325684,-1.4648436307907104
0.237060546875,-0.9677734375,0.02978515625,-7.202147960662842,12.878417015075684,-1.7089842557907104
0.23681640625,-0.9783935546875,0.03369140625,-6.347655773162842,8.9111328125,-2.38037109375
0.2371826171875,-0.9918212890625,0.043701171875,-5.798339366912842,4.33349609375,-2.563476324081421
0.232177734375,-0.9964599609375,0.0487060546875,-5.676269054412842,1.9531248807907104,-1.0986328125
0.2274169921875,-0.992919921875,0.0496826171875,-5.615233898162842,2.25830078125,0.9155272841453552
0.2174072265625,-0.984375,0.04541015625,-5.432128429412842,5.371093273162842,8.9111328125
0.1956787109375,-1.007080078125,0.03515625,-6.225585460662842,6.103515148162842,16.11328125
0.1680908203125,-1.0220947265625,0.033935546875,-8.544921875,3.784179449081421,21.118162155151367
0.12939453125,-1.014404296875,0.0516357421875,-11.962889671325684,0.1220703050494194,21.606443405151367
0.10400390625,-0.99658203125,0.085693359375,-14.465331077575684,0.7324218153953552,17.9443359375
0.112548828125,-0.987060546875,0.10107421875,-14.892577171325684,10.131834983825684,11.169432640075684
0.1309814453125,-0.9818115234375,0.0703125,-15.136717796325684,26.367185592651367,4.33349609375
0.1456298828125,-0.9671630859375,0.022216796875,-15.930174827575684,40.0390625,-0.6103515625
0.152099609375,-0.9542236328125,-0.005859375,-16.11328125,44.128414154052734,-3.479003667831421
0.1544189453125,-0.9593505859375,0.00146484375,-14.709471702575684,41.625972747802734,-4.8828125
0.166259765625,-0.9732666015625,0.0345458984375,-12.207030296325684,38.26904296875,-5.859374523162842
0.181396484375,-0.9803466796875,0.0565185546875,-10.803221702575684,38.02490234375,-6.652831554412842
0.18359375,-0.97509765625,0.035888671875,-12.329100608825684,43.395992279052734,-7.446288585662842
0.1678466796875,-0.9661865234375,-0.0130615234375,-15.258788108825684,53.344722747802734,-9.8876953125
0.1544189453125,-0.96142578125,-0.04248046875,-15.441893577575684,60.607906341552734,-13.916014671325684
0.1676025390625,-0.9688720703125,-0.04345703125,-11.901854515075684,60.363765716552734,-17.333984375
0.1820068359375,-0.982177734375,-0.041259765625,-7.202147960662842,55.969234466552734,-16.6015625
0.17822265625,-0.9921875,-0.041259765625,-2.685546636581421,51.147457122802734,-9.8876953125
0.2015380859375,-1.0220947265625,-0.032958984375,2.01416015625,46.264644622802734,-4.69970703125
0.257080078125,-1.0478515625,-0.0234375,4.8828125,42.236324310302734,-7.263183116912842
0.2705078125,-1.0157470703125,-0.04150390625,2.746581792831421,43.273921966552734,-11.047362327575684
0.2479248046875,-0.9583740234375,-0.06298828125,-1.15966796875,46.386714935302734,-13.000487327575684
0.2611083984375,-0.94140625,-0.047119140625,-0.9765624403953552,42.541500091552734,-16.6015625
0.3077392578125,-0.9598388671875,-0.0205078125,2.50244140625,31.921384811401367,-18.85986328125
0.336669921875,-0.9691162109375,-0.007568359375,5.249022960662842,17.76123046875,-14.160155296325684
0.3294677734375,-0.95751953125,0.0096435546875,6.164550304412842,3.356933355331421,-4.39453125
0.310791015625,-0.94384765625,0.0296630859375,6.347655773162842,-7.080077648162842,3.356933355331421
0.303466796875,-0.943115234375,0.041259765625,7.141112804412842,-13.244627952575684,5.554198741912842
0.3087158203125,-0.953857421875,0.0474853515625,8.544921875,-17.27294921875,4.39453125
0.3133544921875,-0.9608154296875,0.050537109375,9.765625,-20.141599655151367,3.356933355331421
0.311279296875,-0.958740234375,0.0601806640625,10.498045921325684,-23.498533248901367,3.784179449081421
0.305908203125,-0.956787109375,0.0728759765625,10.864256858825684,-26.489255905151367,4.8828125
0.2999267578125,-0.9549560546875,0.078125,10.803221702575684,-26.977537155151367,6.103515148162842
0.29345703125,-0.9547119140625,0.072021484375,10.375975608825684,-24.780271530151367,6.652831554412842
0.2879638671875,-0.9561767578125,0.0631103515625,10.437010765075684,-22.399900436401367,5.859374523162842
0.285888671875,-0.9539794921875,0.07080078125,11.352538108825684,-22.827146530151367,4.33349609375
0.287841796875,-0.9500732421875,0.091552734375,12.512206077575684,-24.780271530151367,2.685546636581421
0.2911376953125,-0.94970703125,0.10009765625,12.756346702575684,-24.291990280151367,0.7934569716453552
0.2928466796875,-0.9534912109375,0.0853271484375,12.023924827575684,-21.057126998901367,-1.220703125
0.2957763671875,-0.95849609375,0.0692138671875,11.657713890075684,-18.85986328125,-3.112792730331421
0.302490234375,-0.959716796875,0.0755615234375,12.268065452575684,-19.83642578125,-4.638671875
0.310791015625,-0.951904296875,0.1048583984375,13.061522483825684,-23.132322311401367,-4.8828125
0.31640625,-0.9423828125,0.1270751953125,12.939452171325684,-25.207517623901367,-3.662109136581421
0.319580078125,-0.9442138671875,0.11669921875,11.535643577575684,-22.644041061401367,-2.868652105331421
0.3255615234375,-0.9588623046875,0.09375,10.009765625,-19.10400390625,-3.173827886581421
0.3369140625,-0.9666748046875,0.0899658203125,9.8876953125,-20.935056686401367,-1.8920897245407104
0.3468017578125,-0.9578857421875,0.1160888671875,11.291502952575684,-28.442380905151367,2.929687261581421
0.3431396484375,-0.9495849609375,0.1458740234375,12.634276390075684,-35.7666015625,9.1552734375
0.331787109375,-0.951904296875,0.15234375,12.878417015075684,-37.90283203125,13.122557640075684
0.3218994140625,-0.95556640625,0.14013671875,12.573241233825684,-36.43798828125,13.916014671325684
0.3131103515625,-0.9493408203125,0.137939453125,12.573241233825684,-36.31591796875,13.671874046325684
0.306640625,-0.93994140625,0.1517333984375,12.451170921325684,-38.26904296875,13.793944358825684
0.30224609375,-0.939208984375,0.1585693359375,11.413573265075684,-38.87939453125,13.427733421325684
0.2991943359375,-0.9459228515625,0.154296875,9.765625,-37.841796875,11.840819358825684
0.29833984375,-0.9510498046875,0.154052734375,8.544921875,-37.4755859375,9.58251953125
0.297119140625,-0.9490966796875,0.16064453125,8.1787109375,-37.65869140625,7.446288585662842
0.29150390625,-0.947509765625,0.1590576171875,7.690429210662842,-36.07177734375,4.7607421875
0.2799072265625,-0.9547119140625,0.1524658203125,6.896972179412842,-33.203125,1.03759765625
0.27294921875,-0.9608154296875,0.168701171875,6.958007335662842,-32.77587890625,-1.8920897245407104
0.281494140625,-0.9678955078125,0.20703125,7.995604991912842,-35.2783203125,-1.4648436307907104
0.295654296875,-0.977294921875,0.2144775390625,8.48388671875,-34.36279296875,3.112792730331421
0.29150390625,-0.9642333984375,0.189697265625,8.1787109375,-30.090330123901367,9.765625
0.262451171875,-0.934814453125,0.163330078125,6.958007335662842,-27.282712936401367,14.770506858825684
0.234130859375,-0.9248046875,0.1337890625,4.2724609375,-22.155759811401367,13.671874046325684
0.2220458984375,-0.9405517578125,0.103515625,1.5869139432907104,-13.610838890075684,6.652831554412842
0.2301025390625,-0.9674072265625,0.0849609375,0.6713866591453552,-5.920409679412842,-2.01416015625
0.2469482421875,-0.98291015625,0.086181640625,0.7934569716453552,-1.9531248807907104,-7.873534679412842
0.255126953125,-0.978515625,0.1024169921875,0.1220703050494194,-1.7089842557907104,-8.36181640625
0.2569580078125,-0.9735107421875,0.1163330078125,-1.6479490995407104,-2.25830078125,-5.676269054412842
0.2540283203125,-0.9755859375,0.1114501953125,-3.601073980331421,-0.7324218153953552,-2.807616949081421
0.25048828125,-0.9775390625,0.096435546875,-4.69970703125,1.8920897245407104,-0.7934569716453552
0.251220703125,-0.977294921875,0.0859375,-4.69970703125,3.479003667831421,0.8544921278953552
0.2528076171875,-0.9739990234375,0.0794677734375,-4.7607421875,4.45556640625,2.685546636581421
0.25048828125,-0.9674072265625,0.072509765625,-5.554198741912842,5.493163585662842,3.784179449081421
0.2452392578125,-0.9654541015625,0.0693359375,-6.530761241912842,6.225585460662842,2.868652105331421
0.24462890625,-0.976318359375,0.0755615234375,-7.263183116912842,7.751464366912842,-0.54931640625
0.247802734375,-0.971435546875,0.0723876953125,-7.629394054412842,9.21630859375,-0.1220703050494194
0.2486572265625,-0.9638671875,0.06201171875,-7.629394054412842,10.559081077575684,1.220703125
0.2484130859375,-0.9576416015625,0.056884765625,-6.835937023162842,10.803221702575684,2.746581792831421
0.2496337890625,-0.953125,0.060302734375,-5.493163585662842,10.192870140075684,3.601073980331421
0.254150390625,-0.9542236328125,0.0648193359375,-4.21142578125,10.131834983825684,2.685546636581421
0.256103515625,-0.9569091796875,0.0614013671875,-3.479003667831421,11.657713890075684,-0.7324218153953552
0.250732421875,-0.9595947265625,0.054931640625,-3.723144292831421,14.526366233825684,-5.798339366912842
0.2491455078125,-0.96728515625,0.0592041015625,-4.150390625,16.845703125,-10.742186546325684
0.2520751953125,-0.9810791015625,0.06787109375,-4.5166015625,18.310546875,-13.244627952575684
0.2576904296875,-0.990966796875,0.0711669921875,-4.94384765625,18.6767578125,-11.840819358825684
0.2666015625,-0.98681640625,0.06005859375,-5.737304210662842,18.5546875,-8.30078125
0.26904296875,-0.970458984375,0.0372314453125,-6.591796398162842,18.61572265625,-4.7607421875
0.2640380859375,-0.95458984375,0.0228271484375,-6.713866710662842,17.27294921875,-1.6479490995407104
0.2650146484375,-0.957763671875,0.0224609375,-5.249022960662842,13.427733421325684,0.6713866591453552
0.275146484375,-0.9744873046875,0.026611328125,-2.44140625,6.896972179412842,1.6479490995407104
0.282470703125,-0.9813232421875,0.033203125,0.3662109076976776,0.7934569716453552,1.220703125
0.2822265625,-0.9715576171875,0.03759765625,1.4648436307907104,-0.9765624403953552,0.1220703050494194
0.2744140625,-0.96240234375,0.0228271484375,1.3427733182907104,0.9155272841453552,-0.6103515625
0.2724609375,-0.9647216796875,0.0128173828125,1.7089842557907104,0.9155272841453552,-0.54931640625
0.2816162109375,-0.966796875,0.031982421875,3.479003667831421,-4.94384765625,0.7934569716453552
0.2841796875,-0.9652099609375,0.05517578125,5.310058116912842,-12.145995140075684,3.479003667831421
0.2772216796875,-0.96533203125,0.064697265625,6.286620616912842,-16.357421875,5.676269054412842
0.27001953125,-0.9644775390625,0.0673828125,6.713866710662842,-18.61572265625,5.981444835662842
0.26611328125,-0.95703125,0.0697021484375,6.652831554412842,-19.95849609375,5.249022960662842
0.2618408203125,-0.950439453125,0.0667724609375,6.103515148162842,-19.71435546875,4.150390625
0.259765625,-0.96337890625,0.054931640625,5.371093273162842,-18.12744140625,2.25830078125
0.2679443359375,-0.978759765625,0.0533447265625,5.371093273162842,-18.37158203125,0.4882812201976776
0.2774658203125,-0.9747314453125,0.0631103515625,5.920409679412842,-21.179197311401367,0.1831054538488388
0.2779541015625,-0.9661865234375,0.0565185546875,5.615233898162842,-22.216794967651367,0.4882812201976776
0.27587890625,-0.9654541015625,0.0400390625,4.638671875,-21.240232467651367,-0.0610351525247097
0.27783203125,-0.96923828125,0.0380859375,4.2724609375,-22.766111373901367,-0.6103515625
0.2789306640625,-0.9710693359375,0.0467529296875,4.39453125,-26.611326217651367,0.30517578125
0.27001953125,-0.9708251953125,0.049560546875,4.150390625,-29.052732467651367,2.868652105331421
0.259033203125,-0.97412109375,0.044921875,3.356933355331421,-29.174802780151367,5.187987804412842
0.2518310546875,-0.9827880859375,0.041259765625,2.746581792831421,-28.808591842651367,6.530761241912842
0.2547607421875,-0.9869384765625,0.0460205078125,2.746581792831421,-29.968259811401367,7.446288585662842
0.26123046875,-0.9803466796875,0.0499267578125,3.234863042831421,-31.860349655151367,7.568358898162842
0.2557373046875,-0.9739990234375,0.0404052734375,3.051757574081421,-31.005857467651367,6.103515148162842
0.2445068359375,-0.9752197265625,0.0311279296875,2.25830078125,-28.625486373901367,3.784179449081421
0.2408447265625,-0.976806640625,0.0386962890625,1.7700194120407104,-28.259275436401367,2.563476324081421
0.244140625,-0.967529296875,0.0625,1.8310545682907104,-28.686521530151367,2.25830078125
0.2418212890625,-0.951904296875,0.0789794921875,1.7089842557907104,-25.451658248901367,-0.2441406100988388
0.2340087890625,-0.94384765625,0.0672607421875,1.4648436307907104,-16.6015625,-4.57763671875
0.2315673828125,-0.9449462890625,0.0467529296875,2.746581792831421,-7.690429210662842,-7.141112804412842
0.2442626953125,-0.953125,0.0318603515625,5.0048828125,-2.50244140625,-7.995604991912842
0.25634765625,-0.967529296875,0.015380859375,6.286620616912842,2.13623046875,-8.23974609375
0.25,-0.979248046875,0.004638671875,5.798339366912842,5.310058116912842,-6.164550304412842
0.24951171875,-0.9830322265625,0.0152587890625,4.8828125,3.356933355331421,-2.807616949081421
0.256591796875,-0.97802734375,0.0264892578125,4.82177734375,-0.0610351525247097,-0.8544921278953552
0.24755859375,-0.947998046875,0.0335693359375,7.446288585662842,0.1831054538488388,-0.9765624403953552
0.2490234375,-0.9464111328125,0.0374755859375,9.3994140625,3.173827886581421,-3.845214605331421
0.2625732421875,-0.9609375,0.0457763671875,11.047362327575684,7.751464366912842,-7.385253429412842
0.2830810546875,-0.9775390625,0.058837890625,12.023924827575684,11.169432640075684,-9.6435546875
0.29931640625,-0.981689453125,0.076171875,11.779784202575684,10.620116233825684,-9.765625
0.304443359375,-0.969970703125,0.0943603515625,10.498045921325684,6.713866710662842,-8.72802734375
0.2991943359375,-0.955078125,0.1024169921875,8.9111328125,4.150390625,-7.324218273162842
0.2978515625,-0.945556640625,0.1031494140625,7.995604991912842,4.33349609375,-5.737304210662842
0.305908203125,-0.93701171875,0.1033935546875,7.690429210662842,5.249022960662842,-3.356933355331421
0.3115234375,-0.9307861328125,0.09912109375,7.202147960662842,6.896972179412842,-0.8544921278953552
0.3089599609375,-0.9378662109375,0.0958251953125,6.347655773162842,8.48388671875,-0.9155272841453552
0.3111572265625,-0.960205078125,0.1134033203125,5.920409679412842,6.896972179412842,-3.967284917831421
0.3251953125,-0.966796875,0.140869140625,5.737304210662842,2.990722417831421,-7.568358898162842
0.3353271484375,-0.9500732421875,0.1441650390625,4.57763671875,3.173827886581421,-9.46044921875
0.3416748046875,-0.941162109375,0.1259765625,2.929687261581421,8.11767578125,-9.1552734375
0.35302734375,-0.942626953125,0.12060546875,2.685546636581421,9.8876953125,-6.408690929412842
0.359619140625,-0.9346923828125,0.1470947265625,4.08935546875,3.845214605331421,-2.44140625
0.36181640625,-0.914794921875,0.1884765625,5.493163585662842,-4.21142578125,0.30517578125
0.36083984375,-0.8951416015625,0.2216796875,4.638671875,-5.249022960662842,-0.1220703050494194
0.365234375,-0.8792724609375,0.2572021484375,-2.0751953125,13.244627952575684,-9.27734375
0.39111328125,-0.887939453125,0.2607421875,-4.0283203125,22.338865280151367,-15.563963890075684
0.411376953125,-0.898681640625,0.2430419921875,-4.57763671875,27.404783248901367,-22.277830123901367
0.4166259765625,-0.8994140625,0.2308349609375,-4.150390625,29.541013717651367,-27.099607467651367
0.4146728515625,-0.8804931640625,0.245849609375,-2.197265625,28.564451217651367,-28.625486373901367
0.4114990234375,-0.859130859375,0.263427734375,0.54931640625,27.893064498901367,-27.954099655151367
0.419921875,-0.863525390625,0.2608642578125,2.868652105331421,29.479978561401367,-26.855466842651367
0.4425048828125,-0.8975830078125,0.2518310546875,4.33349609375,31.677244186401367,-25.634763717651367
0.4630126953125,-0.91943359375,0.2496337890625,4.21142578125,29.846189498901367,-21.789548873901367
0.46533203125,-0.910400390625,0.249267578125,2.0751953125,22.644041061401367,-13.366698265075684
0.455810546875,-0.887451171875,0.2479248046875,-1.03759765625,13.671874046325684,-2.929687261581421
0.442626953125,-0.869873046875,0.252685546875,-4.150390625,7.751464366912842,5.065917491912842
0.4300537109375,-0.8671875,0.2672119140625,-7.385253429412842,7.202147960662842,8.30078125
0.4251708984375,-0.87744140625,0.2806396484375,-10.498045921325684,10.559081077575684,7.507323741912842
0.4288330078125,-0.894287109375,0.2803955078125,-12.634276390075684,15.869139671325684,5.187987804412842
0.4351806640625,-0.90380859375,0.2625732421875,-13.732909202575684,20.507810592651367,4.69970703125
0.43212890625,-0.9022216796875,0.2371826171875,-13.977049827575684,22.033689498901367,7.812499523162842
0.42333984375,-0.896484375,0.2349853515625,-13.183592796325684,19.287109375,13.244627952575684
0.4183349609375,-0.8917236328125,0.25830078125,-12.084959983825684,13.183592796325684,18.310546875
0.4130859375,-0.9005126953125,0.2645263671875,-12.268065452575684,9.765625,20.507810592651367
0.38330078125,-0.916015625,0.181884765625,-13.671874046325684,14.770506858825684,15.747069358825684
0.3641357421875,-0.9022216796875,0.168701171875,-12.817381858825684,11.901854515075684,12.145995140075684
0.3397216796875,-0.88720703125,0.17919921875,-11.047362327575684,7.507323741912842,10.192870140075684
0.3223876953125,-0.8916015625,0.1871337890625,-7.324218273162842,6.896972179412842,7.995604991912842
0.3277587890625,-0.9244384765625,0.1773681640625,-3.051757574081421,10.131834983825684,3.417968511581421
0.3427734375,-0.95849609375,0.1529541015625,-2.624511480331421,-0.0610351525247097,1.03759765625
0.31201171875,-0.9407958984375,0.1593017578125,-4.2724609375,-9.58251953125,4.45556640625
0.2569580078125,-0.927978515625,0.123779296875,-7.385253429412842,1.03759765625,2.25830078125
0.2667236328125,-0.9407958984375,0.0928955078125,-8.544921875,11.169432640075684,-3.417968511581421
0.2830810546875,-0.9498291015625,0.0814208984375,-8.544921875,11.840819358825684,-7.446288585662842
0.2884521484375,-0.960205078125,0.0904541015625,-6.774901866912842,4.33349609375,-8.48388671875
0.2877197265625,-0.975341796875,0.1212158203125,-3.540038824081421,-7.019042491912842,-6.530761241912842
0.2852783203125,-0.9788818359375,0.146728515625,-1.6479490995407104,-14.038084983825684,-1.8310545682907104
0.2779541015625,-0.96923828125,0.13671875,-2.563476324081421,-11.657713890075684,2.868652105331421
0.2701416015625,-0.958740234375,0.1087646484375,-3.662109136581421,-6.286620616912842,5.065917491912842
0.2716064453125,-0.95947265625,0.09033203125,-2.990722417831421,-4.150390625,5.0048828125
0.28125,-0.9678955078125,0.088623046875,-1.9531248807907104,-4.7607421875,3.967284917831421
0.287109375,-0.9639892578125,0.094970703125,-1.7089842557907104,-6.530761241912842,3.906249761581421
0.2822265625,-0.953369140625,0.0933837890625,-2.25830078125,-6.896972179412842,4.94384765625
0.270751953125,-0.9525146484375,0.0914306640625,-2.624511480331421,-5.126952648162842,5.249022960662842
0.2684326171875,-0.95849609375,0.099853515625,-2.01416015625,-3.601073980331421,3.967284917831421
0.273681640625,-0.9625244140625,0.112548828125,-0.8544921278953552,-2.563476324081421,2.563476324081421
0.2711181640625,-0.9578857421875,0.117431640625,0.30517578125,-0.6713866591453552,2.624511480331421
0.2620849609375,-0.9515380859375,0.1136474609375,1.15966796875,1.7089842557907104,3.845214605331421
0.256103515625,-0.9552001953125,0.11181640625,1.7700194120407104,3.051757574081421,4.39453125
0.253662109375,-0.9610595703125,0.111328125,2.197265625,3.295898199081421,3.662109136581421
0.25244140625,-0.9622802734375,0.1085205078125,2.3193359375,3.173827886581421,2.50244140625
0.2535400390625,-0.963134765625,0.1090087890625,2.563476324081421,2.685546636581421,1.6479490995407104
0.2496337890625,-0.963623046875,0.1092529296875,2.807616949081421,3.051757574081421,1.9531248807907104
0.2431640625,-0.96240234375,0.1109619140625,3.173827886581421,4.150390625,2.807616949081421
0.2454833984375,-0.961181640625,0.11572265625,4.8828125,5.920409679412842,0.7324218153953552
0.248291015625,-0.962646484375,0.1104736328125,5.432128429412842,7.873534679412842,-1.0986328125
0.252197265625,-0.9666748046875,0.1094970703125,5.798339366912842,8.85009765625,-3.173827886581421
0.2530517578125,-0.9710693359375,0.11279296875,6.103515148162842,7.690429210662842,-3.967284917831421
0.25439453125,-0.9727783203125,0.1229248046875,6.469726085662842,3.906249761581421,-3.173827886581421
0.25341796875,-0.96923828125,0.1368408203125,6.774901866912842,-0.8544921278953552,-1.5869139432907104
0.2569580078125,-0.9652099609375,0.1461181640625,6.591796398162842,-3.845214605331421,-0.30517578125
0.269775390625,-0.96044921875,0.1485595703125,5.859374523162842,-4.94384765625,-1.15966796875
0.276611328125,-0.95751953125,0.1512451171875,4.82177734375,-4.8828125,-3.967284917831421
0.2801513671875,-0.953857421875,0.1641845703125,4.33349609375,-5.737304210662842,-6.469726085662842
0.2877197265625,-0.943359375,0.182861328125,4.45556640625,-7.202147960662842,-7.019042491912842
0.293212890625,-0.93798828125,0.19189453125,4.0283203125,-6.225585460662842,-5.249022960662842
0.3011474609375,-0.94287109375,0.1873779296875,2.929687261581421,-2.3193359375,-3.234863042831421
0.312255859375,-0.9464111328125,0.18408203125,2.0751953125,1.220703125,-1.6479490995407104
0.3157958984375,-0.939208984375,0.1885986328125,2.0751953125,2.01416015625,0.4882812201976776
0.313720703125,-0.9339599609375,0.192626953125,2.38037109375,1.8310545682907104,2.868652105331421
0.31591796875,-0.936279296875,0.19189453125,2.38037109375,2.197265625,3.662109136581421
0.3182373046875,-0.93701171875,0.186279296875,2.624511480331421,1.9531248807907104,3.295898199081421
0.3206787109375,-0.933349609375,0.1888427734375,4.0283203125,0.1831054538488388,3.540038824081421
0.3243408203125,-0.927001953125,0.2005615234375,6.103515148162842,-1.7089842557907104,3.601073980331421
0.3248291015625,-0.9190673828125,0.2099609375,7.812499523162842,-1.8310545682907104,2.990722417831421
0.3267822265625,-0.9091796875,0.2169189453125,8.9111328125,-1.7089842557907104,1.8310545682907104
0.3302001953125,-0.904541015625,0.21923828125,9.765625,-2.13623046875,-0.2441406100988388
0.3353271484375,-0.908447265625,0.2177734375,10.192870140075684,-2.929687261581421,-3.356933355331421
0.3460693359375,-0.91552734375,0.22412109375,9.94873046875,-4.57763671875,-6.164550304412842
0.3529052734375,-0.912841796875,0.236083984375,8.97216796875,-5.920409679412842,-6.835937023162842
0.3515625,-0.8974609375,0.244140625,7.812499523162842,-5.249022960662842,-6.042479991912842
0.349609375,-0.88720703125,0.25,6.958007335662842,-3.417968511581421,-6.103515148162842
0.3614501953125,-0.9068603515625,0.26513671875,6.408690929412842,-3.601073980331421,-10.131834983825684
0.3680419921875,-0.9197998046875,0.2734375,6.347655773162842,-5.249022960662842,-10.864256858825684
0.37353515625,-0.927490234375,0.2799072265625,4.94384765625,-8.4228515625,-6.408690929412842
0.376953125,-0.9129638671875,0.259033203125,3.234863042831421,-8.60595703125,-3.112792730331421
0.37890625,-0.8948974609375,0.2412109375,1.3427733182907104,-9.94873046875,-1.8920897245407104
0.377685546875,-0.88671875,0.2366943359375,-0.9155272841453552,-10.498045921325684,-4.150390625
0.381591796875,-0.892578125,0.24560546875,-3.112792730331421,-9.33837890625,-8.1787109375
0.3880615234375,-0.9044189453125,0.2572021484375,-4.638671875,-8.30078125,-10.498045921325684
0.3956298828125,-0.9127197265625,0.25439453125,-5.798339366912842,-7.812499523162842,-9.58251953125
0.4022216796875,-0.9146728515625,0.2376708984375,-6.225585460662842,-9.1552734375,-6.225585460662842
0.399658203125,-0.910888671875,0.2275390625,-5.493163585662842,-14.099120140075684,-1.220703125
0.3917236328125,-0.9071044921875,0.2347412109375,-3.540038824081421,-20.629880905151367,4.5166015625
0.38330078125,-0.9088134765625,0.2479248046875,-1.3427733182907104,-24.597166061401367,9.94873046875
0.3773193359375,-0.9156494140625,0.2579345703125,0.30517578125,-25.695798873901367,14.709471702575684
0.376708984375,-0.923095703125,0.2647705078125,1.15966796875,-26.184080123901367,19.71435546875
0.3726806640625,-0.931396484375,0.2598876953125,1.5258787870407104,-25.695798873901367,25.756834030151367
0.3594970703125,-0.9368896484375,0.23486328125,1.5869139432907104,-23.376462936401367,30.700681686401367
0.33984375,-0.92431640625,0.2110595703125,2.197265625,-22.460935592651367,32.1044921875
0.2899169921875,-0.8896484375,0.2266845703125,5.187987804412842,-23.315427780151367,24.719236373901367
0.2755126953125,-0.918212890625,0.20849609375,6.164550304412842,-14.404295921325684,17.51708984375
0.2733154296875,-0.9542236328125,0.17529296875,6.469726085662842,-5.371093273162842,10.986327171325684
0.2752685546875,-0.9669189453125,0.162353515625,5.981444835662842,-3.417968511581421,7.934569835662842
0.2744140625,-0.9625244140625,0.171142578125,5.126952648162842,-6.713866710662842,8.36181640625
0.2716064453125,-0.9637451171875,0.178955078125,4.33349609375,-9.1552734375,9.82666015625
0.257080078125,-0.9661865234375,0.1484375,1.6479490995407104,-5.493163585662842,10.437010765075684
0.244873046875,-0.964111328125,0.1383056640625,0.30517578125,-6.774901866912842,10.681151390075684
0.2369384765625,-0.968505859375,0.13037109375,-1.15966796875,-8.72802734375,10.253905296325684
0.2362060546875,-0.9776611328125,0.1328125,-2.44140625,-10.070799827575684,9.46044921875
0.2369384765625,-0.97802734375,0.1483154296875,-3.112792730331421,-11.535643577575684,8.544921875
0.2296142578125,-0.968994140625,0.152099609375,-4.33349609375,-10.498045921325684,7.324218273162842
0.22216796875,-0.964111328125,0.1373291015625,-6.713866710662842,-5.981444835662842,4.39453125
0.2244873046875,-0.962890625,0.119384765625,-9.27734375,-1.8310545682907104,1.03759765625
0.223876953125,-0.96337890625,0.1085205078125,-10.681151390075684,-0.8544921278953552,0.4882812201976776
0.210693359375,-0.9698486328125,0.106689453125,-10.681151390075684,-3.234863042831421,3.295898199081421
0.1937255859375,-0.974365234375,0.116455078125,-9.6435546875,-7.446288585662842,7.690429210662842
0.168701171875,-0.9820556640625,0.1253662109375,-8.23974609375,-9.033203125,12.817381858825684
0.14453125,-1.004150390625,0.12451171875,-6.774901866912842,-5.0048828125,17.63916015625
0.136474609375,-1.017578125,0.1219482421875,-5.371093273162842,0.6103515625,20.874021530151367
0.1295166015625,-1.001220703125,0.1112060546875,-5.615233898162842,5.981444835662842,21.545408248901367
0.119140625,-0.974365234375,0.0860595703125,-8.30078125,13.122557640075684,16.845703125
0.113037109375,-0.96337890625,0.0721435546875,-10.925292015075684,19.59228515625,8.48388671875
0.116455078125,-0.9739990234375,0.0850830078125,-11.108397483825684,22.094724655151367,0.9765624403953552
0.1248779296875,-0.98828125,0.10107421875,-10.253905296325684,23.437498092651367,-3.356933355331421
0.127685546875,-0.988525390625,0.101318359375,-10.009765625,25.390623092651367,-3.906249761581421
0.123779296875,-0.979736328125,0.092041015625,-9.82666015625,27.038572311401367,-2.25830078125
0.11865234375,-0.977294921875,0.0765380859375,-9.09423828125,29.418943405151367,-1.5258787870407104
0.1192626953125,-0.9854736328125,0.0614013671875,-8.11767578125,32.71484375,-2.685546636581421
0.120361328125,-0.99560546875,0.0606689453125,-7.019042491912842,34.11865234375,-3.295898199081421
0.1192626953125,-1.0020751953125,0.0682373046875,-6.164550304412842,33.203125,-2.197265625
0.123291015625,-1.001708984375,0.0672607421875,-5.920409679412842,32.1044921875,-1.4038084745407104
0.12939453125,-0.9951171875,0.051025390625,-5.981444835662842,31.738279342651367,-0.9765624403953552
0.1351318359375,-0.9859619140625,0.031494140625,-5.310058116912842,32.1044921875,-0.0610351525247097
0.136962890625,-0.974853515625,0.026611328125,-3.723144292831421,32.16552734375,0.7934569716453552
0.128173828125,-0.9659423828125,0.03662109375,-1.4038084745407104,31.494138717651367,1.6479490995407104
0.1163330078125,-0.969482421875,0.0439453125,1.220703125,31.311033248901367,0.1831054538488388
0.114501953125,-0.987060546875,0.0511474609375,3.723144292831421,31.188962936401367,-5.0048828125
0.1292724609375,-1.00537109375,0.0677490234375,5.615233898162842,29.602048873901367,-10.925292015075684
0.1505126953125,-1.0084228515625,0.067626953125,5.371093273162842,30.029294967651367,-15.258788108825684
0.169189453125,-1.001708984375,0.0457763671875,3.234863042831421,33.38623046875,-18.5546875
0.184814453125,-0.9993896484375,0.035888671875,2.01416015625,31.921384811401367,-20.568845748901367
0.19091796875,-1.000244140625,0.0472412109375,2.25830078125,23.010251998901367,-18.4326171875
0.1898193359375,-0.996337890625,0.074462890625,2.990722417831421,12.145995140075684,-11.840819358825684
0.18798828125,-0.9866943359375,0.0965576171875,3.723144292831421,4.8828125,-4.82177734375
0.18896484375,-0.977294921875,0.10009765625,4.7607421875,2.0751953125,-0.8544921278953552
0.1939697265625,-0.9747314453125,0.10693359375,6.591796398162842,-1.220703125,0.3662109076976776
0.2012939453125,-0.9775390625,0.1195068359375,8.23974609375,-5.676269054412842,0.6713866591453552
0.2078857421875,-0.9775390625,0.1217041015625,8.23974609375,-7.080077648162842,1.3427733182907104
0.2100830078125,-0.9732666015625,0.114990234375,7.324218273162842,-5.493163585662842,2.01416015625
0.216064453125,-0.970458984375,0.1124267578125,7.446288585662842,-4.08935546875,1.2817381620407104
0.224365234375,-0.9710693359375,0.1143798828125,8.36181640625,-4.45556640625,-0.4882812201976776
0.2293701171875,-0.972412109375,0.1148681640625,8.85009765625,-6.225585460662842,-1.5258787870407104
0.2374267578125,-0.972412109375,0.1207275390625,8.9111328125,-8.97216796875,-2.624511480331421
0.241943359375,-0.9698486328125,0.133056640625,8.97216796875,-12.207030296325684,-4.39453125
0.238525390625,-0.964599609375,0.1416015625,9.1552734375,-14.953612327575684,-5.493163585662842
0.2381591796875,-0.95556640625,0.148681640625,9.58251953125,-17.333984375,-5.126952648162842
0.246337890625,-0.948974609375,0.154052734375,10.070799827575684,-18.6767578125,-4.2724609375
0.2587890625,-0.9552001953125,0.1531982421875,10.131834983825684,-18.310546875,-4.638671875
0.266845703125,-0.9654541015625,0.15185546875,9.82666015625,-18.37158203125,-5.798339366912842
0.265625,-0.9656982421875,0.159912109375,9.6435546875,-21.118162155151367,-6.042479991912842
0.264892578125,-0.9547119140625,0.1737060546875,9.765625,-25.207517623901367,-4.45556640625
0.27294921875,-0.9383544921875,0.181640625,10.131834983825684,-27.587888717651367,-1.220703125
0.2818603515625,-0.9215087890625,0.186279296875,10.681151390075684,-28.686521530151367,2.01416015625
0.2899169921875,-0.91015625,0.199462890625,10.437010765075684,-29.296873092651367,3.356933355331421
0.3038330078125,-0.9151611328125,0.2271728515625,8.72802734375,-26.733396530151367,2.746581792831421
0.3172607421875,-0.943359375,0.2564697265625,6.469726085662842,-20.629880905151367,0.1220703050494194
0.3231201171875,-0.9742431640625,0.2669677734375,5.493163585662842,-15.930174827575684,-3.723144292831421
0.32177734375,-0.9710693359375,0.236572265625,5.676269054412842,-14.892577171325684,-5.737304210662842
0.3160400390625,-0.9383544921875,0.1878662109375,5.981444835662842,-16.2353515625,-5.249022960662842
0.3126220703125,-0.911865234375,0.176025390625,5.981444835662842,-19.47021484375,-4.82177734375
0.316162109375,-0.9139404296875,0.1951904296875,4.7607421875,-20.690916061401367,-6.652831554412842
0.330078125,-0.9345703125,0.199462890625,1.8920897245407104,-15.930174827575684,-10.375975608825684
0.3458251953125,-0.9498291015625,0.1829833984375,-0.6713866591453552,-10.803221702575684,-12.756346702575684
0.357177734375,-0.9453125,0.175048828125,-0.4882812201976776,-13.488768577575684,-10.620116233825684
0.3626708984375,-0.9312744140625,0.194091796875,2.929687261581421,-24.536130905151367,-4.82177734375
0.3594970703125,-0.92919921875,0.22216796875,7.324218273162842,-36.4990234375,1.5258787870407104
0.3515625,-0.9390869140625,0.239990234375,10.803221702575684,-43.762203216552734,7.446288585662842
0.3441162109375,-0.9510498046875,0.254150390625,13.427733421325684,-47.790523529052734,13.977049827575684
0.3443603515625,-0.9615478515625,0.253173828125,14.770506858825684,-48.767086029052734,21.667478561401367
0.34423828125,-0.982666015625,0.21533203125,13.916014671325684,-43.090816497802734,29.479978561401367
0.3221435546875,-0.9720458984375,0.1754150390625,11.962889671325684,-37.41455078125,35.58349609375
0.2789306640625,-0.9080810546875,0.1881103515625,10.681151390075684,-42.297359466552734,37.53662109375
0.234619140625,-0.873046875,0.2052001953125,8.6669921875,-43.701168060302734,32.470703125
0.2098388671875,-0.90283203125,0.1732177734375,4.69970703125,-28.808591842651367,20.996091842651367
0.214599609375,-0.951904296875,0.1400146484375,1.7700194120407104,-14.526366233825684,8.6669921875
0.23046875,-0.9783935546875,0.1441650390625,1.7700194120407104,-15.441893577575684,1.8920897245407104
0.23095703125,-0.979736328125,0.1607666015625,3.051757574081421,-23.742673873901367,3.417968511581421
0.220703125,-0.974365234375,0.1624755859375,4.21142578125,-28.625486373901367,8.97216796875
0.21484375,-0.9705810546875,0.15625,5.249022960662842,-29.052732467651367,12.817381858825684
0.21240234375,-0.967529296875,0.1566162109375,5.859374523162842,-27.709959030151367,13.916014671325684
0.2109375,-0.96630859375,0.155029296875,5.310058116912842,-25.085447311401367,12.817381858825684
0.20947265625,-0.9669189453125,0.1378173828125,3.356933355331421,-20.202634811401367,10.192870140075684
0.209716796875,-0.9677734375,0.115234375,0.54931640625,-14.709471702575684,6.469726085662842
0.21728515625,-0.9671630859375,0.1002197265625,-2.563476324081421,-11.291502952575684,1.0986328125
0.2266845703125,-0.9652099609375,0.0877685546875,-6.286620616912842,-9.70458984375,-4.21142578125
0.230712890625,-0.966796875,0.0738525390625,-9.8876953125,-8.30078125,-7.507323741912842
0.234375,-0.97607421875,0.061767578125,-11.840819358825684,-8.056640625,-8.9111328125
0.224609375,-0.9935302734375,0.04833984375,-11.169432640075684,-9.521484375,-8.36181640625
0.20849609375,-1.0048828125,0.0438232421875,-8.72802734375,-11.718749046325684,-5.371093273162842
0.2071533203125,-1.0020751953125,0.0859375,-4.5166015625,-20.385740280151367,-1.8920897245407104
0.1990966796875,-0.993896484375,0.1368408203125,-0.3662109076976776,-31.494138717651367,1.7700194120407104
0.1822509765625,-0.989013671875,0.1304931640625,0.54931640625,-31.799314498901367,4.45556640625
0.1810302734375,-0.989501953125,0.0992431640625,-0.6103515625,-26.245115280151367,3.784179449081421
0.1932373046875,-0.987548828125,0.0931396484375,-0.6713866591453552,-25.329587936401367,2.0751953125
0.2012939453125,-0.983154296875,0.0987548828125,0.54931640625,-26.733396530151367,2.929687261581421
0.2010498046875,-0.973876953125,0.0947265625,1.6479490995407104,-25.085447311401367,5.920409679412842
0.1949462890625,-0.9647216796875,0.0828857421875,2.3193359375,-20.629880905151367,8.7890625
0.1907958984375,-0.964599609375,0.0611572265625,2.25830078125,-15.136717796325684,9.70458984375
0.189697265625,-0.9697265625,0.0404052734375,1.7700194120407104,-11.779784202575684,8.056640625
0.180419921875,-0.97607421875,0.043212890625,2.3193359375,-13.061522483825684,5.371093273162842
0.1661376953125,-0.981201171875,0.0709228515625,4.0283203125,-16.78466796875,3.234863042831421
0.157470703125,-0.9869384765625,0.105224609375,5.920409679412842,-18.12744140625,2.44140625
0.1522216796875,-0.99072265625,0.1273193359375,7.141112804412842,-13.610838890075684,4.08935546875
0.1483154296875,-0.989501953125,0.116943359375,6.958007335662842,-5.065917491912842,7.080077648162842
0.1563720703125,-0.989501953125,0.0670166015625,5.432128429412842,3.540038824081421,7.446288585662842
0.1673583984375,-0.9998779296875,-0.0035400390625,3.723144292831421,9.6435546875,4.45556640625
0.1600341796875,-1.0118408203125,-0.04248046875,3.295898199081421,10.009765625,2.990722417831421
0.1483154296875,-1.014892578125,-0.018310546875,4.57763671875,3.051757574081421,5.187987804412842
0.1495361328125,-1.0140380859375,0.0306396484375,6.164550304412842,-5.920409679412842,8.6669921875
0.1622314453125,-1.000732421875,0.0540771484375,6.469726085662842,-11.291502952575684,9.765625
0.1734619140625,-0.9725341796875,0.0570068359375,5.432128429412842,-14.648436546325684,7.812499523162842
0.1781005859375,-0.9488525390625,0.0836181640625,5.554198741912842,-20.507810592651367,3.967284917831421
0.189697265625,-0.94921875,0.1304931640625,7.812499523162842,-24.597166061401367,-0.3662109076976776
0.2041015625,-0.963623046875,0.14990234375,9.3994140625,-18.4326171875,-2.01416015625
0.1982421875,-0.9664306640625,0.092529296875,5.371093273162842,3.417968511581421,-1.03759765625
0.20361328125,-0.956298828125,0.0992431640625,3.845214605331421,1.8310545682907104,-2.3193359375
0.212158203125,-0.9561767578125,0.124267578125,3.234863042831421,-2.44140625,-4.57763671875
0.2119140625,-0.9791259765625,0.144775390625,2.746581792831421,-3.784179449081421,-5.493163585662842
0.216796875,-0.9991455078125,0.1666259765625,2.746581792831421,-5.615233898162842,-4.69970703125
0.21923828125,-0.990478515625,0.1650390625,2.38037109375,-4.7607421875,-4.0283203125
0.2108154296875,-0.98583984375,0.1409912109375,1.2817381620407104,1.7700194120407104,-5.249022960662842
0.214599609375,-0.999267578125,0.13720703125,1.03759765625,5.798339366912842,-8.30078125
0.2222900390625,-0.9947509765625,0.14794921875,1.220703125,4.08935546875,-9.21630859375
0.217529296875,-0.970458984375,0.1473388671875,1.03759765625,2.3193359375,-5.920409679412842
0.21728515625,-0.95751953125,0.140869140625,1.5258787870407104,1.5869139432907104,-2.929687261581421
0.2236328125,-0.957275390625,0.1378173828125,2.563476324081421,1.220703125,-2.746581792831421
0.2318115234375,-0.9559326171875,0.14599609375,3.479003667831421,1.4648436307907104,-3.723144292831421
0.23828125,-0.9571533203125,0.157470703125,3.906249761581421,2.746581792831421,-5.371093273162842
0.2423095703125,-0.9608154296875,0.162109375,3.784179449081421,5.432128429412842,-7.324218273162842
0.2491455078125,-0.9619140625,0.1658935546875,3.540038824081421,7.568358898162842,-9.3994140625
0.2562255859375,-0.959716796875,0.1654052734375,3.417968511581421,8.85009765625,-10.559081077575684
0.2613525390625,-0.956298828125,0.1583251953125,3.234863042831421,10.314940452575684,-10.498045921325684
0.2645263671875,-0.953125,0.1500244140625,2.746581792831421,11.413573265075684,-9.94873046875
0.2645263671875,-0.948486328125,0.1455078125,1.7089842557907104,12.023924827575684,-10.131834983825684
0.2642822265625,-0.9412841796875,0.151123046875,-0.1831054538488388,12.451170921325684,-12.573241233825684
0.2734375,-0.927978515625,0.1614990234375,-2.50244140625,14.648436546325684,-17.578125
0.29541015625,-0.911865234375,0.167236328125,-4.21142578125,19.22607421875,-21.606443405151367
0.3155517578125,-0.908203125,0.170166015625,-4.638671875,23.132322311401367,-23.010251998901367
0.33349609375,-0.9124755859375,0.1807861328125,-4.2724609375,23.437498092651367,-25.634763717651367
0.35595703125,-0.90185546875,0.197509765625,-3.723144292831421,21.972654342651367,-30.944822311401367
0.374267578125,-0.8824462890625,0.2041015625,-2.746581792831421,23.132322311401367,-37.04833984375
0.399658203125,-0.8734130859375,0.2127685546875,-1.03759765625,25.268552780151367,-43.640132904052734
0.4373779296875,-0.8927001953125,0.2340087890625,-0.7324218153953552,29.785154342651367,-50.476070404052734
0.46728515625,-0.9266357421875,0.2308349609375,-3.112792730331421,39.73388671875,-53.222652435302734
0.484619140625,-0.936279296875,0.191162109375,-6.103515148162842,47.363277435302734,-48.461910247802734
0.482421875,-0.923583984375,0.150634765625,-7.812499523162842,44.433589935302734,-38.2080078125
0.46923828125,-0.91162109375,0.147705078125,-7.385253429412842,32.04345703125,-26.000974655151367
0.468505859375,-0.9017333984375,0.1962890625,-4.7607421875,15.686034202575684,-13.549803733825684
0.472900390625,-0.887451171875,0.2664794921875,-0.9155272841453552,-0.30517578125,-0.3662109076976776
0.4676513671875,-0.8758544921875,0.302001953125,1.5258787870407104,-9.82666015625,10.681151390075684
0.458984375,-0.87255859375,0.28271484375,0.9765624403953552,-9.09423828125,15.808104515075684
0.4656982421875,-0.8692626953125,0.25244140625,-1.3427733182907104,-4.45556640625,15.991209983825684
0.482177734375,-0.8609619140625,0.2366943359375,-3.601073980331421,-2.807616949081421,15.563963890075684
0.4852294921875,-0.85595703125,0.235595703125,-5.0048828125,-4.33349609375,16.90673828125
0.4656982421875,-0.8546142578125,0.2498779296875,-5.126952648162842,-7.324218273162842,20.080564498901367
0.4444580078125,-0.8560791015625,0.2606201171875,-4.0283203125,-6.896972179412842,21.667478561401367
0.4359130859375,-0.8642578125,0.2579345703125,-3.356933355331421,0.7934569716453552,18.6767578125
0.432373046875,-0.889404296875,0.246337890625,-4.150390625,11.352538108825684,13.671874046325684
0.416015625,-0.92626953125,0.209228515625,-7.263183116912842,22.583005905151367,11.230467796325684
0.382568359375,-0.9505615234375,0.1480712890625,-13.488768577575684,33.87451171875,14.343260765075684
0.35400390625,-0.9495849609375,0.1033935546875,-19.04296875,38.02490234375,21.118162155151367
0.3409423828125,-0.923583984375,0.1239013671875,-17.7001953125,26.245115280151367,25.634763717651367
0.3272705078125,-0.8955078125,0.1917724609375,-10.559081077575684,4.150390625,25.451658248901367
0.30322265625,-0.8929443359375,0.2125244140625,-5.676269054412842,-6.530761241912842,21.362302780151367
0.2855224609375,-0.918212890625,0.162353515625,-6.835937023162842,3.662109136581421,13.366698265075684
0.288330078125,-0.9422607421875,0.1151123046875,-10.437010765075684,22.094724655151367,3.662109136581421
0.30517578125,-0.9439697265625,0.1201171875,-12.390135765075684,33.5693359375,-2.50244140625
0.3123779296875,-0.9395751953125,0.1583251953125,-11.413573265075684,33.38623046875,-3.051757574081421
0.3011474609375,-0.94677734375,0.185302734375,-9.46044921875,28.137205123901367,-0.6713866591453552
0.2877197265625,-0.9554443359375,0.1728515625,-9.033203125,25.634763717651367,1.0986328125
0.284912109375,-0.95556640625,0.151123046875,-8.056640625,21.728513717651367,1.7089842557907104
0.2861328125,-0.9510498046875,0.1553955078125,-4.21142578125,10.742186546325684,2.563476324081421
0.277099609375,-0.9439697265625,0.167724609375,-0.7324218153953552,0.9765624403953552,3.601073980331421
0.260986328125,-0.9384765625,0.1700439453125,-1.2817381620407104,1.03759765625,3.784179449081421
0.254150390625,-0.941650390625,0.167724609375,-3.967284917831421,8.36181640625,2.25830078125
0.2606201171875,-0.9508056640625,0.1676025390625,-6.164550304412842,17.39501953125,-0.6103515625
0.270751953125,-0.955322265625,0.1661376953125,-7.385253429412842,24.719236373901367,-3.784179449081421
0.27294921875,-0.9517822265625,0.1610107421875,-8.11767578125,28.442380905151367,-6.103515148162842
0.26513671875,-0.9510498046875,0.15478515625,-9.21630859375,30.395505905151367,-6.835937023162842
0.25830078125,-0.9600830078125,0.15087890625,-10.925292015075684,33.447265625,-7.202147960662842
0.254638671875,-0.9720458984375,0.14697265625,-12.878417015075684,37.59765625,-7.995604991912842
0.253662109375,-0.9764404296875,0.1439208984375,-14.282225608825684,39.97802734375,-8.6669921875
0.255126953125,-0.971923828125,0.159423828125,-13.244627952575684,36.07177734375,-7.751464366912842
0.25341796875,-0.9542236328125,0.1796875,-7.873534679412842,23.071287155151367,-0.4882812201976776
0.2423095703125,-0.9525146484375,0.1575927734375,-8.544921875,26.611326217651367,0.7324218153953552
0.2275390625,-0.9583740234375,0.14501953125,-10.986327171325684,34.7900390625,-0.7934569716453552
0.2301025390625,-0.9661865234375,0.154541015625,-13.854979515075684,43.457027435302734,-5.371093273162842
0.2430419921875,-0.9630126953125,0.1678466796875,-16.7236328125,51.940914154052734,-10.620116233825684
0.247802734375,-0.953369140625,0.1767578125,-19.22607421875,59.387203216552734,-13.366698265075684
0.2490234375,-0.9443359375,0.186279296875,-21.179197311401367,65.73486328125,-15.136717796325684
0.2589111328125,-0.936767578125,0.1822509765625,-22.521970748901367,72.69287109375,-17.822265625
0.293212890625,-0.9344482421875,0.1207275390625,-21.423337936401367,86.60887908935547,-20.080564498901367
0.306396484375,-0.940673828125,0.1051025390625,-18.98193359375,83.67919158935547,-20.01953125
0.312744140625,-0.952392578125,0.1025390625,-16.6015625,75.68359375,-18.85986328125
0.321044921875,-0.9552001953125,0.1142578125,-14.038084983825684,62.072750091552734,-20.812986373901367
0.3310546875,-0.9539794921875,0.1104736328125,-13.183592796325684,56.518550872802734,-23.986814498901367
0.3408203125,-0.9493408203125,0.09912109375,-12.878417015075684,51.269527435302734,-25.878904342651367
0.357177734375,-0.942626953125,0.0977783203125,-12.756346702575684,43.518062591552734,-26.367185592651367
0.3798828125,-0.9306640625,0.1094970703125,-13.671874046325684,36.9873046875,-26.367185592651367
0.38232421875,-0.93701171875,0.12353515625,-15.075682640075684,34.0576171875,-26.428220748901367
0.3779296875,-0.9451904296875,0.1270751953125,-16.05224609375,34.11865234375,-25.268552780151367
0.3856201171875,-0.93408203125,0.1224365234375,-15.380858421325684,33.935546875,-23.071287155151367
0.3958740234375,-0.919921875,0.1168212890625,-12.939452171325684,31.860349655151367,-18.61572265625
0.4061279296875,-0.9130859375,0.109375,-9.82666015625,28.381345748901367,-12.023924827575684
0.4095458984375,-0.9073486328125,0.112060546875,-6.958007335662842,23.559568405151367,-5.798339366912842
0.4061279296875,-0.8905029296875,0.1298828125,-4.5166015625,18.00537109375,-1.6479490995407104
0.398681640625,-0.875732421875,0.1380615234375,-2.25830078125,13.793944358825684,-1.8310545682907104
0.3966064453125,-0.8763427734375,0.135009765625,-1.7089842557907104,12.817381858825684,-7.263183116912842
0.41455078125,-0.8834228515625,0.14697265625,-2.868652105331421,13.427733421325684,-13.671874046325684
0.4322509765625,-0.882568359375,0.167236328125,-4.33349609375,14.160155296325684,-16.11328125
0.4322509765625,-0.8798828125,0.1839599609375,-4.7607421875,13.366698265075684,-16.357421875
0.43408203125,-0.8768310546875,0.1973876953125,-4.2724609375,10.681151390075684,-16.2353515625
0.4442138671875,-0.86328125,0.2060546875,-3.845214605331421,8.544921875,-15.014647483825684
0.452392578125,-0.8441162109375,0.218505859375,-3.723144292831421,7.568358898162842,-13.854979515075684
0.459716796875,-0.8228759765625,0.23291015625,-3.601073980331421,6.347655773162842,-14.465331077575684
0.474609375,-0.79736328125,0.22607421875,-4.638671875,7.385253429412842,-16.90673828125
0.489013671875,-0.8123779296875,0.2130126953125,-7.507323741912842,12.390135765075684,-22.155759811401367
0.503662109375,-0.8951416015625,0.212890625,-8.72802734375,14.526366233825684,-29.541013717651367
0.5167236328125,-0.971435546875,0.20068359375,-7.385253429412842,13.610838890075684,-32.3486328125
0.527099609375,-0.96630859375,0.17919921875,-6.774901866912842,13.061522483825684,-25.817869186401367
0.5341796875,-0.908447265625,0.1748046875,-7.019042491912842,10.192870140075684,-13.427733421325684
0.522216796875,-0.859130859375,0.1864013671875,-6.408690929412842,3.234863042831421,-0.6103515625
0.5045166015625,-0.8388671875,0.2080078125,-4.45556640625,-5.859374523162842,8.72802734375
0.5054931640625,-0.8372802734375,0.2325439453125,-1.7089842557907104,-12.634276390075684,12.756346702575684
0.518310546875,-0.840576171875,0.2354736328125,0.54931640625,-13.366698265075684,13.549803733825684
0.5223388671875,-0.845703125,0.2230224609375,2.25830078125,-10.803221702575684,15.441893577575684
0.51611328125,-0.859130859375,0.222900390625,5.065917491912842,-11.657713890075684,20.568845748901367
0.5025634765625,-0.8817138671875,0.224609375,8.9111328125,-14.648436546325684,28.320310592651367
0.4468994140625,-0.9044189453125,0.1636962890625,11.779784202575684,-13.488768577575684,41.748043060302734
0.4251708984375,-0.8975830078125,0.1396484375,11.291502952575684,-18.37158203125,43.762203216552734
0.4073486328125,-0.896484375,0.13037109375,10.192870140075684,-25.634763717651367,43.395992279052734
0.3876953125,-0.906005859375,0.130126953125,9.521484375,-31.127927780151367,42.358394622802734
0.3634033203125,-0.9122314453125,0.1265869140625,9.6435546875,-34.72900390625,40.771480560302734
0.33837890625,-0.91650390625,0.1136474609375,9.70458984375,-38.330078125,37.04833984375
0.318603515625,-0.92626953125,0.104248046875,9.765625,-41.870113372802734,31.982419967651367
0.3082275390625,-0.936279296875,0.108642578125,9.94873046875,-43.090816497802734,26.184080123901367
0.3021240234375,-0.9447021484375,0.1156005859375,9.33837890625,-39.61181640625,19.287109375
0.294189453125,-0.94921875,0.1175537109375,7.873534679412842,-34.36279296875,13.793944358825684
0.287353515625,-0.9503173828125,0.1256103515625,7.141112804412842,-32.65380859375,11.169432640075684
0.268310546875,-0.9610595703125,0.123779296875,7.812499523162842,-26.672361373901367,6.958007335662842
0.2623291015625,-0.964599609375,0.1002197265625,7.324218273162842,-26.977537155151367,4.8828125
0.2625732421875,-0.9771728515625,0.088623046875,7.080077648162842,-36.92626953125,4.57763671875
0.253662109375,-1.0008544921875,0.090087890625,6.408690929412842,-47.851558685302734,8.36181640625
0.2318115234375,-1.018798828125,0.0938720703125,4.2724609375,-51.025386810302734,14.770506858825684
0.2098388671875,-1.015380859375,0.095703125,2.01416015625,-49.316402435302734,19.1650390625
0.1982421875,-0.9921875,0.09619140625,0.8544921278953552,-47.668453216552734,19.775390625
0.19189453125,-0.97119140625,0.0941162109375,0.1220703050494194,-43.457027435302734,17.63916015625
0.186279296875,-0.9661865234375,0.0965576171875,-0.30517578125,-35.94970703125,15.136717796325684
0.185546875,-0.962890625,0.105712890625,0.3662109076976776,-30.700681686401367,14.709471702575684
0.170166015625,-0.948974609375,0.0924072265625,1.4038084745407104,-21.728513717651367,16.54052734375
0.1650390625,-0.9544677734375,0.0767822265625,1.9531248807907104,-15.014647483825684,14.221190452575684
0.1640625,-0.962158203125,0.069091796875,2.990722417831421,-9.1552734375,9.3994140625
0.16552734375,-0.9688720703125,0.0660400390625,3.906249761581421,-3.967284917831421,3.173827886581421
0.17431640625,-0.975341796875,0.0562744140625,4.82177734375,0.4272460639476776,-5.065917491912842
0.1761474609375,-0.97509765625,0.0494384765625,4.8828125,-0.1831054538488388,-6.286620616912842
0.1776123046875,-0.9759521484375,0.05126953125,4.69970703125,-0.4272460639476776,-8.30078125
0.177978515625,-0.9842529296875,0.0584716796875,4.69970703125,1.03759765625,-10.925292015075684
0.1773681640625,-0.9942626953125,0.06494140625,5.310058116912842,2.563476324081421,-11.474608421325684
0.1881103515625,-0.9912109375,0.0745849609375,6.652831554412842,0.8544921278953552,-9.27734375
0.2083740234375,-0.98291015625,0.07763671875,8.48388671875,-2.868652105331421,-6.713866710662842
0.2232666015625,-0.98046875,0.0537109375,9.70458984375,-4.638671875,-5.615233898162842
0.2288818359375,-0.9774169921875,0.0379638671875,10.131834983825684,-6.469726085662842,-5.065917491912842
0.2364501953125,-0.9710693359375,0.0654296875,11.291502952575684,-12.817381858825684,-4.2724609375
0.2447509765625,-0.967529296875,0.098876953125,12.939452171325684,-19.22607421875,-3.540038824081421
0.2503662109375,-0.97607421875,0.1094970703125,13.854979515075684,-21.362302780151367,-3.051757574081421
0.271484375,-0.9822998046875,0.115966796875,14.038084983825684,-23.498533248901367,-3.784179449081421
0.2918701171875,-0.96826171875,0.1341552734375,13.732909202575684,-27.282712936401367,-4.2724609375
0.2860107421875,-0.9449462890625,0.15234375,12.573241233825684,-28.442380905151367,-2.746581792831421
0.2783203125,-0.9354248046875,0.1578369140625,11.779784202575684,-26.855466842651367,-1.5869139432907104
0.2891845703125,-0.9390869140625,0.162109375,12.512206077575684,-26.245115280151367,-2.807616949081421
0.3040771484375,-0.9364013671875,0.181396484375,14.465331077575684,-28.381345748901367,-3.967284917831421
0.3165283203125,-0.92626953125,0.2056884765625,15.991209983825684,-31.066892623901367,-4.2724609375
0.3314208984375,-0.9205322265625,0.2200927734375,16.54052734375,-31.249998092651367,-5.432128429412842
0.3511962890625,-0.920654296875,0.2354736328125,17.27294921875,-30.090330123901367,-7.446288585662842
0.3505859375,-0.91796875,0.2359619140625,17.51708984375,-31.616209030151367,-7.446288585662842
0.3516845703125,-0.9105224609375,0.23291015625,16.9677734375,-31.982419967651367,-5.493163585662842
0.359375,-0.9029541015625,0.2471923828125,15.930174827575684,-29.418943405151367,-1.8920897245407104
0.3575439453125,-0.9039306640625,0.27001953125,14.831542015075684,-25.390623092651367,1.0986328125
0.3447265625,-0.9222412109375,0.2723388671875,15.624999046325684,-26.123044967651367,2.807616949081421
0.3494873046875,-0.9208984375,0.2647705078125,16.9677734375,-29.479978561401367,1.8920897245407104
0.3609619140625,-0.9141845703125,0.261962890625,16.9677734375,-29.296873092651367,1.3427733182907104
0.3670654296875,-0.9080810546875,0.259765625,15.258788108825684,-24.536130905151367,0.9765624403953552
0.363525390625,-0.901123046875,0.25634765625,13.183592796325684,-19.53125,0.4272460639476776
0.364501953125,-0.8958740234375,0.2564697265625,12.207030296325684,-17.4560546875,-1.3427733182907104
0.3746337890625,-0.8951416015625,0.2642822265625,11.535643577575684,-15.930174827575684,-4.0283203125
0.386962890625,-0.8973388671875,0.2841796875,6.713866710662842,-6.408690929412842,-5.493163585662842
0.385009765625,-0.8973388671875,0.2789306640625,3.784179449081421,-1.7700194120407104,-4.21142578125
0.3824462890625,-0.896484375,0.271728515625,1.6479490995407104,1.0986328125,-3.173827886581421
0.38427734375,-0.8958740234375,0.2667236328125,0.1831054538488388,3.234863042831421,-3.051757574081421
0.38427734375,-0.89501953125,0.2708740234375,-2.685546636581421,7.751464366912842,-2.0751953125
0.3848876953125,-0.8818359375,0.2762451171875,-4.45556640625,10.864256858825684,-0.7934569716453552
0.3880615234375,-0.8778076171875,0.2781982421875,-6.286620616912842,15.014647483825684,-1.2817381620407104
0.385498046875,-0.8934326171875,0.26416015625,-8.4228515625,20.141599655151367,-3.173827886581421
0.4010009765625,-0.9278564453125,0.238525390625,-10.559081077575684,20.01953125,-3.479003667831421
0.4051513671875,-0.9210205078125,0.227294921875,-9.6435546875,12.939452171325684,0.9765624403953552
0.392333984375,-0.91162109375,0.19873046875,-9.765625,7.568358898162842,4.94384765625
0.37451171875,-0.9083251953125,0.185302734375,-9.1552734375,1.4648436307907104,6.774901866912842
0.3653564453125,-0.9052734375,0.211669921875,-5.676269054412842,-8.48388671875,8.7890625
0.3681640625,-0.902587890625,0.25634765625,-0.3662109076976776,-18.85986328125,11.657713890075684
0.3673095703125,-0.9017333984375,0.2772216796875,3.479003667831421,-24.230955123901367,15.258788108825684
0.3612060546875,-0.9061279296875,0.259033203125,4.5166015625,-23.925779342651367,18.310546875
0.3604736328125,-0.921875,0.2205810546875,4.08935546875,-21.240232467651367,19.287109375
0.3525390625,-0.9351806640625,0.1849365234375,3.540038824081421,-20.996091842651367,18.798828125
0.334228515625,-0.93603515625,0.1693115234375,3.479003667831421,-26.000974655151367,17.822265625
0.3172607421875,-0.9383544921875,0.175537109375,3.540038824081421,-33.203125,16.78466796875
0.3018798828125,-0.9443359375,0.1951904296875,3.356933355331421,-37.7197265625,17.08984375
0.28515625,-0.94677734375,0.2193603515625,4.08935546875,-38.9404296875,19.95849609375
0.2696533203125,-0.946533203125,0.2283935546875,6.103515148162842,-38.330078125,23.376462936401367
0.2572021484375,-0.9495849609375,0.2144775390625,8.11767578125,-36.56005859375,25.207517623901367
0.2476806640625,-0.9486083984375,0.1942138671875,8.544921875,-34.36279296875,24.841306686401367
0.2471923828125,-0.938720703125,0.18505859375,7.690429210662842,-32.40966796875,21.240232467651367
0.246337890625,-0.93359375,0.1846923828125,6.225585460662842,-29.296873092651367,15.441893577575684
0.238525390625,-0.9368896484375,0.181884765625,4.33349609375,-22.949216842651367,10.009765625
0.2330322265625,-0.9425048828125,0.1756591796875,3.234863042831421,-16.2353515625,5.187987804412842
0.2314453125,-0.9515380859375,0.1705322265625,3.784179449081421,-13.000487327575684,1.220703125
0.228515625,-0.966552734375,0.1680908203125,5.0048828125,-12.329100608825684,-0.54931640625
0.2232666015625,-0.9796142578125,0.168212890625,5.554198741912842,-11.962889671325684,-0.7324218153953552
0.218017578125,-0.98486328125,0.1729736328125,5.798339366912842,-12.451170921325684,0.30517578125
0.2169189453125,-0.9837646484375,0.1834716796875,6.164550304412842,-14.526366233825684,4.08935546875
0.2161865234375,-0.979248046875,0.1905517578125,6.347655773162842,-17.08984375,10.192870140075684
0.211181640625,-0.973388671875,0.18505859375,5.493163585662842,-19.04296875,14.404295921325684
0.20361328125,-0.965576171875,0.167724609375,2.929687261581421,-18.4326171875,13.671874046325684
0.197509765625,-0.9591064453125,0.15478515625,-0.30517578125,-15.747069358825684,9.94873046875
0.196533203125,-0.9591064453125,0.159912109375,-2.13623046875,-12.756346702575684,6.469726085662842
0.1964111328125,-0.962646484375,0.176025390625,-2.746581792831421,-9.58251953125,4.2724609375
0.1923828125,-0.962646484375,0.1885986328125,-3.417968511581421,-5.920409679412842,2.990722417831421
0.186767578125,-0.9603271484375,0.185302734375,-5.0048828125,-1.220703125,1.3427733182907104
0.184326171875,-0.9566650390625,0.165283203125,-7.263183116912842,4.8828125,-0.6713866591453552
0.185302734375,-0.9708251953125,0.1483154296875,-8.9111328125,9.765625,-2.807616949081421
0.17626953125,-0.996826171875,0.142578125,-8.6669921875,10.620116233825684,-3.479003667831421
0.1644287109375,-0.9925537109375,0.14990234375,-6.835937023162842,6.652831554412842,-0.4882812201976776
0.1531982421875,-0.9696044921875,0.176025390625,-4.638671875,1.4648436307907104,3.662109136581421
0.1441650390625,-0.9693603515625,0.1787109375,-3.479003667831421,3.967284917831421,5.126952648162842
0.1527099609375,-0.9918212890625,0.147216796875,-3.967284917831421,12.573241233825684,3.479003667831421
0.1650390625,-0.998046875,0.132568359375,-4.638671875,16.845703125,1.220703125
0.1640625,-0.978759765625,0.1429443359375,-4.638671875,16.05224609375,0.2441406100988388
0.156005859375,-0.9613037109375,0.1505126953125,-4.21142578125,16.54052734375,-1.15966796875
0.1536865234375,-0.9578857421875,0.146240234375,-4.0283203125,20.263669967651367,-3.967284917831421
0.1605224609375,-0.961181640625,0.134033203125,-4.08935546875,25.024412155151367,-7.568358898162842
0.165771484375,-0.9681396484375,0.1231689453125,-4.39453125,28.320310592651367,-11.291502952575684
0.163818359375,-0.974365234375,0.12841796875,-4.57763671875,27.954099655151367,-13.488768577575684
0.159423828125,-0.9766845703125,0.149169921875,-4.150390625,24.475095748901367,-13.793944358825684
0.1517333984375,-0.9803466796875,0.1654052734375,-3.112792730331421,22.277830123901367,-12.268065452575684
0.15478515625,-0.9853515625,0.1646728515625,-1.7700194120407104,22.766111373901367,-9.521484375
0.1865234375,-0.9932861328125,0.150390625,-0.1220703050494194,22.521970748901367,-8.544921875
0.21923828125,-0.99560546875,0.116943359375,0.1220703050494194,22.705076217651367,-9.46044921875
0.2203369140625,-0.982666015625,0.083740234375,-1.9531248807907104,24.780271530151367,-10.009765625
0.2176513671875,-0.9725341796875,0.095458984375,-2.990722417831421,24.169919967651367,-10.253905296325684
0.2325439453125,-0.9775390625,0.1397705078125,-1.0986328125,20.141599655151367,-10.437010765075684
0.244384765625,-0.9791259765625,0.1680908203125,1.8310545682907104,16.66259765625,-9.521484375
0.24951171875,-0.9681396484375,0.168701171875,4.33349609375,13.488768577575684,-7.873534679412842
0.2698974609375,-0.9443359375,0.165283203125,5.676269054412842,7.385253429412842,-6.713866710662842
0.2767333984375,-0.943115234375,0.16796875,3.417968511581421,7.934569835662842,-4.638671875
0.283203125,-0.9423828125,0.166015625,1.0986328125,9.58251953125,-1.8920897245407104
0.29248046875,-0.942626953125,0.1700439453125,0.4272460639476776,9.58251953125,-0.7324218153953552
0.3017578125,-0.9415283203125,0.178955078125,0.9155272841453552,8.36181640625,-1.4648436307907104
0.306640625,-0.9364013671875,0.19189453125,1.6479490995407104,6.835937023162842,-3.051757574081421
0.3067626953125,-0.9290771484375,0.2034912109375,2.0751953125,5.798339366912842,-4.638671875
0.3031005859375,-0.921630859375,0.2093505859375,2.25830078125,6.164550304412842,-5.615233898162842
0.3033447265625,-0.9195556640625,0.216796875,2.746581792831421,6.774901866912842,-6.225585460662842
0.3104248046875,-0.9228515625,0.221435546875,3.601073980331421,7.507323741912842,-6.958007335662842
0.31982421875,-0.9232177734375,0.2158203125,4.39453125,8.544921875,-8.056640625
0.33056640625,-0.920166015625,0.2127685546875,5.432128429412842,7.629394054412842,-9.70458984375
0.344482421875,-0.9202880859375,0.2235107421875,6.652831554412842,4.7607421875,-11.291502952575684
0.353515625,-0.925048828125,0.2398681640625,7.202147960662842,3.601073980331421,-12.451170921325684
0.353271484375,-0.9222412109375,0.251220703125,6.347655773162842,5.065917491912842,-13.671874046325684
0.3492431640625,-0.908203125,0.253173828125,4.8828125,6.408690929412842,-15.136717796325684
0.34765625,-0.896240234375,0.249755859375,3.845214605331421,6.408690929412842,-16.9677734375
0.35595703125,-0.894775390625,0.2548828125,3.479003667831421,6.408690929412842,-18.37158203125
0.3670654296875,-0.8985595703125,0.2659912109375,3.173827886581421,7.385253429412842,-17.9443359375
0.380126953125,-0.8970947265625,0.2689208984375,2.563476324081421,8.23974609375,-16.7236328125
0.393310546875,-0.89013671875,0.2640380859375,1.15966796875,8.11767578125,-16.2353515625
0.402099609375,-0.8885498046875,0.2598876953125,-1.15966796875,7.934569835662842,-16.05224609375
0.4124755859375,-0.887451171875,0.255126953125,-5.310058116912842,5.981444835662842,-13.916014671325684
0.40966796875,-0.891845703125,0.2567138671875,-4.7607421875,0.9155272841453552,-11.535643577575684
0.4072265625,-0.898193359375,0.2723388671875,-2.197265625,-6.164550304412842,-8.85009765625
0.4080810546875,-0.9051513671875,0.28662109375,0.1831054538488388,-11.169432640075684,-6.225585460662842
0.4091796875,-0.9068603515625,0.2811279296875,0.6103515625,-11.779784202575684,-2.807616949081421
0.4078369140625,-0.9007568359375,0.261474609375,0.1220703050494194,-10.559081077575684,2.38037109375
0.400634765625,-0.897216796875,0.2484130859375,0.6713866591453552,-11.718749046325684,8.11767578125
0.3951416015625,-0.9052734375,0.2452392578125,1.8920897245407104,-14.404295921325684,12.084959983825684
0.3983154296875,-0.9228515625,0.2415771484375,2.0751953125,-15.380858421325684,14.099120140075684
0.4013671875,-0.9285888671875,0.237548828125,1.3427733182907104,-16.17431640625,16.6015625
0.4000244140625,-0.9102783203125,0.240478515625,0.9765624403953552,-21.057126998901367,19.59228515625
0.3912353515625,-0.8851318359375,0.248046875,1.5258787870407104,-28.137205123901367,21.606443405151367
0.37158203125,-0.8785400390625,0.260009765625,1.7089842557907104,-31.555173873901367,22.277830123901367
0.35205078125,-0.8985595703125,0.265625,0.7934569716453552,-25.695798873901367,20.568845748901367
0.3411865234375,-0.9210205078125,0.2501220703125,-0.8544921278953552,-10.620116233825684,15.441893577575684
0.339599609375,-0.9268798828125,0.2327880859375,-2.25830078125,3.173827886581421,8.1787109375
0.344970703125,-0.9246826171875,0.229248046875,-2.868652105331421,8.97216796875,2.50244140625
0.3505859375,-0.9185791015625,0.221923828125,-2.868652105331421,10.620116233825684,0.0610351525247097
0.3465576171875,-0.9149169921875,0.1986083984375,-2.197265625,10.803221702575684,0.4272460639476776
0.3399658203125,-0.920654296875,0.1790771484375,-1.3427733182907104,8.60595703125,3.479003667831421
0.341552734375,-0.9315185546875,0.1826171875,-1.6479490995407104,5.310058116912842,6.469726085662842
0.3416748046875,-0.9395751953125,0.1839599609375,-3.112792730331421,5.0048828125,7.629394054412842
0.33544921875,-0.942626953125,0.158203125,-3.662109136581421,6.103515148162842,8.6669921875
0.3253173828125,-0.9422607421875,0.1229248046875,-1.7089842557907104,2.01416015625,10.620116233825684
0.315185546875,-0.938720703125,0.1175537109375,0.9155272841453552,-7.019042491912842,12.695311546325684
0.3076171875,-0.932861328125,0.1484375,2.0751953125,-16.11328125,13.122557640075684
0.2923583984375,-0.93017578125,0.15869140625,-0.4882812201976776,-15.869139671325684,10.498045921325684
0.28662109375,-0.931396484375,0.13623046875,-1.5258787870407104,-13.061522483825684,9.94873046875
0.279296875,-0.9383544921875,0.1259765625,-1.220703125,-14.587401390075684,9.82666015625
0.2696533203125,-0.9552001953125,0.1343994140625,-0.6103515625,-18.06640625,9.46044921875
0.2587890625,-0.9656982421875,0.14599609375,-0.6103515625,-20.324705123901367,9.70458984375
0.2435302734375,-0.9605712890625,0.15185546875,-1.4038084745407104,-20.01953125,10.314940452575684
0.223876953125,-0.955078125,0.1488037109375,-2.624511480331421,-17.2119140625,11.596678733825684
0.2073974609375,-0.970947265625,0.13330078125,-2.746581792831421,-14.221190452575684,14.221190452575684
0.1954345703125,-0.9993896484375,0.135986328125,-0.6103515625,-16.41845703125,16.54052734375
0.1790771484375,-1.0089111328125,0.1771240234375,2.807616949081421,-23.681638717651367,18.12744140625
0.1585693359375,-0.99853515625,0.203857421875,3.601073980331421,-24.597166061401367,19.47021484375
0.1522216796875,-0.98486328125,0.188232421875,0.54931640625,-15.319823265075684,18.5546875
0.156494140625,-0.9736328125,0.157958984375,-3.662109136581421,-4.150390625,15.380858421325684
0.158935546875,-0.9656982421875,0.134765625,-6.774901866912842,3.417968511581421,11.352538108825684
0.158447265625,-0.9620361328125,0.125,-7.690429210662842,6.652831554412842,7.263183116912842
0.151611328125,-0.960205078125,0.13916015625,-7.080077648162842,6.103515148162842,5.065917491912842
0.14599609375,-0.96142578125,0.167724609375,-6.286620616912842,5.126952648162842,4.638671875
0.144287109375,-0.96728515625,0.1793212890625,-5.615233898162842,9.58251953125,3.295898199081421
0.143310546875,-0.9700927734375,0.1708984375,-5.432128429412842,19.1650390625,-0.1831054538488388
0.15380859375,-0.977294921875,0.125244140625,-6.408690929412842,36.7431640625,-9.3994140625
0.160888671875,-0.9808349609375,0.115234375,-6.591796398162842,40.222164154052734,-11.413573265075684
0.1591796875,-0.981201171875,0.113525390625,-6.896972179412842,41.503902435302734,-11.291502952575684
0.1630859375,-0.982421875,0.1077880859375,-7.751464366912842,43.090816497802734,-11.535643577575684
0.1717529296875,-0.9888916015625,0.093994140625,-8.4228515625,43.701168060302734,-11.901854515075684
0.1715087890625,-0.9849853515625,0.081787109375,-8.85009765625,40.283199310302734,-9.70458984375
0.1583251953125,-0.9752197265625,0.078369140625,-8.30078125,34.423828125,-6.408690929412842
0.1497802734375,-0.9796142578125,0.083984375,-6.103515148162842,31.860349655151367,-6.408690929412842
0.1529541015625,-0.9892578125,0.09033203125,-2.868652105331421,32.71484375,-8.60595703125
0.1444091796875,-0.9923095703125,0.08837890625,-0.0,33.38623046875,-7.629394054412842
0.14306640625,-0.9937744140625,0.0885009765625,2.01416015625,32.2265625,-5.859374523162842
0.1650390625,-0.99560546875,0.0926513671875,3.112792730331421,31.311033248901367,-6.774901866912842
0.1829833984375,-0.9945068359375,0.0980224609375,3.845214605331421,31.433103561401367,-6.652831554412842
0.195068359375,-0.9947509765625,0.123291015625,5.615233898162842,27.526853561401367,-5.981444835662842
0.20947265625,-0.98291015625,0.1556396484375,7.385253429412842,21.057126998901367,-8.11767578125
0.2227783203125,-0.9595947265625,0.16259765625,7.141112804412842,20.385740280151367,-11.596678733825684
0.2373046875,-0.9483642578125,0.152099609375,5.920409679412842,24.108884811401367,-13.488768577575684
0.2581787109375,-0.9541015625,0.1529541015625,5.493163585662842,24.169919967651367,-13.793944358825684
0.2789306640625,-0.962890625,0.170166015625,5.676269054412842,18.310546875,-14.160155296325684
0.28466796875,-0.9576416015625,0.19482421875,5.920409679412842,9.765625,-14.038084983825684
0.284423828125,-0.9337158203125,0.229736328125,6.591796398162842,0.30517578125,-12.573241233825684
0.3134765625,-0.9071044921875,0.2415771484375,4.82177734375,1.9531248807907104,-12.390135765075684
0.3314208984375,-0.91796875,0.2105712890625,2.197265625,12.329100608825684,-15.136717796325684
0.3427734375,-0.92138671875,0.2093505859375,1.2817381620407104,15.686034202575684,-17.333984375
0.3441162109375,-0.9141845703125,0.2398681640625,2.38037109375,13.427733421325684,-17.27294921875
0.342529296875,-0.900146484375,0.2659912109375,3.356933355331421,13.854979515075684,-17.15087890625
0.348388671875,-0.885986328125,0.2659912109375,2.990722417831421,20.080564498901367,-19.8974609375
0.3642578125,-0.8836669921875,0.254150390625,1.5869139432907104,28.198240280151367,-25.512693405151367
0.38330078125,-0.890869140625,0.2528076171875,0.6103515625,33.3251953125,-30.944822311401367
0.400390625,-0.8934326171875,0.26708984375,0.1831054538488388,34.24072265625,-33.8134765625
0.41357421875,-0.884521484375,0.285888671875,-1.0986328125,33.935546875,-34.85107421875
0.42333984375,-0.8695068359375,0.296875,-3.967284917831421,34.85107421875,-35.5224609375
0.4361572265625,-0.8572998046875,0.294189453125,-7.690429210662842,36.9873046875,-36.68212890625
0.456298828125,-0.84814453125,0.2822265625,-10.620116233825684,38.57421875,-38.14697265625
0.4678955078125,-0.844482421875,0.2789306640625,-11.657713890075684,36.376953125,-38.39111328125
0.468505859375,-0.8441162109375,0.293212890625,-11.047362327575684,30.029294967651367,-37.04833984375
0.4764404296875,-0.84375,0.307373046875,-10.070799827575684,23.803709030151367,-35.64453125
0.4915771484375,-0.851806640625,0.3092041015625,-10.375975608825684,22.277830123901367,-33.447265625
0.5047607421875,-0.86474609375,0.29345703125,-12.329100608825684,26.489255905151367,-28.869626998901367
0.507568359375,-0.8768310546875,0.26416015625,-14.648436546325684,33.26416015625,-22.705076217651367
0.5010986328125,-0.8770751953125,0.247314453125,-14.892577171325684,35.7666015625,-15.441893577575684
0.494140625,-0.8636474609375,0.2613525390625,-11.718749046325684,29.541013717651367,-6.225585460662842
0.4884033203125,-0.85546875,0.28759765625,-6.774901866912842,18.98193359375,3.479003667831421
0.4891357421875,-0.8525390625,0.3052978515625,-2.807616949081421,8.72802734375,10.070799827575684
0.485595703125,-0.8424072265625,0.32177734375,0.4882812201976776,-3.051757574081421,12.878417015075684
0.4720458984375,-0.826904296875,0.3360595703125,3.540038824081421,-15.930174827575684,15.686034202575684
0.47314453125,-0.820068359375,0.327880859375,5.371093273162842,-24.169919967651367,18.798828125
0.4931640625,-0.8240966796875,0.3021240234375,5.187987804412842,-25.817869186401367,19.59228515625
0.5118408203125,-0.826904296875,0.2933349609375,2.624511480331421,-23.071287155151367,18.37158203125
0.5146484375,-0.8216552734375,0.3184814453125,-2.01416015625,-17.4560546875,17.15087890625
0.4947509765625,-0.822265625,0.338623046875,-7.202147960662842,-9.6435546875,17.76123046875
0.4580078125,-0.83837890625,0.3052978515625,-13.610838890075684,2.868652105331421,19.6533203125
0.4017333984375,-0.8729248046875,0.2601318359375,-15.563963890075684,6.469726085662842,22.338865280151367
0.3983154296875,-0.8878173828125,0.2847900390625,-8.544921875,-9.6435546875,23.376462936401367
0.3936767578125,-0.8994140625,0.27685546875,-4.45556640625,-17.9443359375,24.719236373901367
0.38623046875,-0.905517578125,0.22412109375,-4.5166015625,-17.02880859375,24.902341842651367
0.37841796875,-0.9083251953125,0.176025390625,-5.554198741912842,-16.7236328125,24.108884811401367
0.3621826171875,-0.9134521484375,0.1705322265625,-4.5166015625,-23.315427780151367,24.230955123901367
0.334716796875,-0.9197998046875,0.1854248046875,-2.13623046875,-30.151365280151367,24.353025436401367
0.3104248046875,-0.92578125,0.1824951171875,-1.3427733182907104,-27.526853561401367,20.568845748901367
0.303955078125,-0.9266357421875,0.1568603515625,-2.990722417831421,-16.41845703125,12.329100608825684
0.30517578125,-0.933349609375,0.1282958984375,-4.94384765625,-7.934569835662842,2.990722417831421
0.300537109375,-0.9490966796875,0.0999755859375,-5.737304210662842,-7.263183116912842,-1.8310545682907104
0.287841796875,-0.95751953125,0.0743408203125,-5.859374523162842,-11.901854515075684,-0.2441406100988388
0.2694091796875,-0.9671630859375,0.0701904296875,-5.310058116912842,-19.287109375,3.784179449081421
0.2515869140625,-0.98681640625,0.0882568359375,-4.0283203125,-26.672361373901367,6.713866710662842
0.2392578125,-1.00244140625,0.1153564453125,-2.197265625,-33.0810546875,8.60595703125
0.2354736328125,-1.003173828125,0.1339111328125,-0.1220703050494194,-38.57421875,9.8876953125
0.2266845703125,-0.9832763671875,0.119140625,0.2441406100988388,-38.02490234375,11.657713890075684
0.2110595703125,-0.9520263671875,0.08203125,-1.220703125,-29.541013717651367,13.854979515075684
0.2088623046875,-0.9456787109375,0.072265625,-1.5869139432907104,-21.301267623901367,12.695311546325684
0.218017578125,-0.9638671875,0.103271484375,-0.0,-19.04296875,8.4228515625
0.2220458984375,-0.9737548828125,0.1392822265625,2.3193359375,-20.812986373901367,5.737304210662842
0.214111328125,-0.9669189453125,0.14404296875,4.33349609375,-19.59228515625,6.286620616912842
0.2044677734375,-0.954345703125,0.12353515625,5.615233898162842,-12.817381858825684,7.629394054412842
0.209228515625,-0.951904296875,0.101318359375,6.530761241912842,-4.638671875,6.835937023162842
0.219970703125,-0.95849609375,0.083251953125,7.019042491912842,1.4038084745407104,4.57763671875
0.2259521484375,-0.968017578125,0.0726318359375,7.263183116912842,4.21142578125,2.50244140625
0.2257080078125,-0.9736328125,0.069580078125,7.507323741912842,4.33349609375,0.30517578125
0.2236328125,-0.9718017578125,0.0733642578125,8.6669921875,0.9765624403953552,-1.5869139432907104
0.2225341796875,-0.97412109375,0.0750732421875,10.803221702575684,-4.69970703125,-2.624511480331421
0.22509765625,-0.9771728515625,0.0828857421875,12.268065452575684,-8.11767578125,-2.25830078125
0.2415771484375,-0.977783203125,0.099365234375,12.939452171325684,-10.131834983825684,-1.8920897245407104
0.2579345703125,-0.9718017578125,0.1024169921875,13.000487327575684,-10.498045921325684,-3.112792730331421
0.2606201171875,-0.9539794921875,0.113525390625,13.000487327575684,-10.742186546325684,-4.5166015625
0.2618408203125,-0.942626953125,0.1519775390625,13.854979515075684,-13.061522483825684,-5.187987804412842
0.2740478515625,-0.947509765625,0.1842041015625,14.465331077575684,-13.488768577575684,-6.164550304412842
0.2967529296875,-0.949462890625,0.19140625,14.160155296325684,-11.779784202575684,-8.11767578125
0.317626953125,-0.939453125,0.181884765625,13.366698265075684,-11.047362327575684,-11.108397483825684
0.328125,-0.9228515625,0.1763916015625,12.451170921325684,-11.596678733825684,-12.512206077575684
0.3367919921875,-0.9017333984375,0.19384765625,11.718749046325684,-12.207030296325684,-9.58251953125
0.3499755859375,-0.8895263671875,0.2188720703125,10.314940452575684,-9.70458984375,-6.530761241912842
0.3641357421875,-0.895263671875,0.2259521484375,7.568358898162842,-3.356933355331421,-7.629394054412842
0.3734130859375,-0.909423828125,0.2213134765625,4.8828125,2.44140625,-10.498045921325684
0.3751220703125,-0.9112548828125,0.228759765625,3.967284917831421,2.38037109375,-11.718749046325684
0.37451171875,-0.8984375,0.2493896484375,4.5166015625,-1.220703125,-11.718749046325684
0.37646484375,-0.8890380859375,0.2657470703125,4.57763671875,-1.7700194120407104,-12.939452171325684
0.38525390625,-0.887451171875,0.2757568359375,3.662109136581421,1.4648436307907104,-15.380858421325684
0.4017333984375,-0.88134765625,0.2816162109375,3.112792730331421,5.0048828125,-17.27294921875
0.418212890625,-0.8717041015625,0.2801513671875,3.051757574081421,7.690429210662842,-18.6767578125
0.431396484375,-0.8685302734375,0.2774658203125,2.929687261581421,10.131834983825684,-21.179197311401367
0.4378662109375,-0.8712158203125,0.281494140625,2.25830078125,12.390135765075684,-24.597166061401367
0.4373779296875,-0.875732421875,0.2928466796875,0.8544921278953552,15.014647483825684,-26.245115280151367
0.4384765625,-0.881591796875,0.3065185546875,-0.1831054538488388,16.7236328125,-24.536130905151367
0.4493408203125,-0.8841552734375,0.3057861328125,-0.1831054538488388,16.2353515625,-20.01953125
0.4664306640625,-0.881103515625,0.2718505859375,-0.3662109076976776,15.502928733825684,-15.624999046325684
0.4765625,-0.873291015625,0.2412109375,-0.4882812201976776,12.756346702575684,-12.023924827575684
0.474365234375,-0.8564453125,0.25244140625,0.9765624403953552,4.57763671875,-7.080077648162842
0.4698486328125,-0.8380126953125,0.297119140625,2.746581792831421,-8.544921875,-0.3662109076976776
0.4803466796875,-0.8525390625,0.3145751953125,1.15966796875,-8.6669921875,0.9155272841453552
0.4835205078125,-0.8656005859375,0.3287353515625,-0.7934569716453552,-6.774901866912842,4.08935546875
0.467041015625,-0.855224609375,0.2852783203125,-4.08935546875,0.4882812201976776,12.390135765075684
0.46435546875,-0.850341796875,0.2677001953125,-4.94384765625,2.44140625,11.596678733825684
0.463623046875,-0.8465576171875,0.2825927734375,-4.57763671875,-0.4882812201976776,10.009765625
0.4599609375,-0.84521484375,0.3038330078125,-4.638671875,-2.929687261581421,9.58251953125
0.4537353515625,-0.8477783203125,0.317138671875,-6.164550304412842,0.4882812201976776,9.46044921875
0.4476318359375,-0.857421875,0.3170166015625,-9.1552734375,9.70458984375,9.09423828125
0.4423828125,-0.8709716796875,0.2945556640625,-12.573241233825684,21.850584030151367,8.36181640625
0.4395751953125,-0.876708984375,0.2642822265625,-15.136717796325684,31.311033248901367,7.202147960662842
0.4342041015625,-0.870849609375,0.250244140625,-15.502928733825684,32.3486328125,6.469726085662842
0.4227294921875,-0.867919921875,0.25,-14.160155296325684,26.245115280151367,6.408690929412842
0.409423828125,-0.8778076171875,0.2470703125,-12.939452171325684,20.385740280151367,6.591796398162842
0.3992919921875,-0.892578125,0.2327880859375,-12.329100608825684,17.76123046875,7.324218273162842
0.39306640625,-0.90478515625,0.2108154296875,-11.535643577575684,15.624999046325684,8.85009765625
0.385986328125,-0.91162109375,0.1888427734375,-9.765625,10.620116233825684,10.986327171325684
0.374267578125,-0.914794921875,0.1705322265625,-7.324218273162842,2.868652105331421,12.695311546325684
0.358154296875,-0.91943359375,0.1541748046875,-6.164550304412842,-3.295898199081421,13.061522483825684
0.340087890625,-0.9267578125,0.1370849609375,-7.568358898162842,-4.33349609375,13.000487327575684
0.325439453125,-0.93359375,0.1226806640625,-10.192870140075684,-3.479003667831421,12.329100608825684
0.31884765625,-0.94775390625,0.09912109375,-13.793944358825684,-5.0048828125,4.82177734375
0.318115234375,-0.958740234375,0.077880859375,-15.563963890075684,-4.69970703125,-0.1831054538488388
0.3082275390625,-0.971435546875,0.0504150390625,-16.66259765625,-6.225585460662842,-4.33349609375
0.280517578125,-0.99072265625,0.0306396484375,-15.930174827575684,-13.854979515075684,-4.57763671875
0.259033203125,-0.9991455078125,0.035400390625,-13.610838890075684,-26.123044967651367,0.1831054538488388
0.2562255859375,-0.9874267578125,0.0760498046875,-9.09423828125,-39.73388671875,6.652831554412842
0.2508544921875,-0.96240234375,0.13037109375,-3.356933355331421,-48.156734466552734,12.145995140075684
0.236572265625,-0.9405517578125,0.14501953125,0.4882812201976776,-43.884273529052734,15.380858421325684
0.22705078125,-0.95068359375,0.090576171875,1.7700194120407104,-19.47021484375,8.6669921875
0.2200927734375,-0.9613037109375,0.083251953125,2.0751953125,-13.000487327575684,4.21142578125
0.2176513671875,-0.963134765625,0.09423828125,3.234863042831421,-10.375975608825684,2.25830078125
0.2216796875,-0.958740234375,0.0986328125,4.638671875,-6.225585460662842,2.38037109375
0.2236328125,-0.958251953125,0.0765380859375,4.5166015625,3.173827886581421,2.990722417831421
0.2376708984375,-0.958984375,0.0513916015625,4.150390625,10.864256858825684,0.0610351525247097
0.2637939453125,-0.962646484375,0.04541015625,5.126952648162842,12.207030296325684,-6.896972179412842
0.28173828125,-0.967041015625,0.04296875,5.859374523162842,13.122557640075684,-13.122557640075684
0.294677734375,-0.9698486328125,0.0533447265625,7.324218273162842,11.291502952575684,-15.136717796325684
0.2998046875,-0.9622802734375,0.0904541015625,9.70458984375,3.295898199081421,-12.512206077575684
0.3046875,-0.94970703125,0.1243896484375,12.817381858825684,-5.249022960662842,-6.164550304412842
0.312744140625,-0.9454345703125,0.1273193359375,14.709471702575684,-9.09423828125,0.4882812201976776
0.3253173828125,-0.94677734375,0.11376953125,15.258788108825684,-10.742186546325684,3.417968511581421
0.3380126953125,-0.9403076171875,0.1134033203125,16.54052734375,-16.11328125,4.08935546875
0.3494873046875,-0.9217529296875,0.13232421875,18.00537109375,-22.583005905151367,4.638671875
0.3555908203125,-0.911376953125,0.1617431640625,17.4560546875,-23.010251998901367,3.540038824081421
0.35791015625,-0.9110107421875,0.18994140625,15.258788108825684,-18.1884765625,0.2441406100988388
0.362548828125,-0.905517578125,0.2017822265625,12.817381858825684,-10.803221702575684,-2.38037109375
0.368896484375,-0.897705078125,0.2041015625,11.108397483825684,-2.13623046875,-2.38037109375
0.3719482421875,-0.89990234375,0.2138671875,11.169432640075684,3.051757574081421,-1.15966796875
0.369873046875,-0.9078369140625,0.23046875,13.000487327575684,1.7089842557907104,-0.9155272841453552
0.369384765625,-0.908935546875,0.243896484375,14.892577171325684,-2.990722417831421,-1.7700194120407104
0.372314453125,-0.9091796875,0.2476806640625,15.441893577575684,-5.126952648162842,-2.868652105331421
0.3734130859375,-0.9134521484375,0.245361328125,15.075682640075684,-4.57763671875,-3.479003667831421
0.3729248046875,-0.9132080078125,0.246337890625,15.075682640075684,-5.310058116912842,-3.112792730331421
0.375,-0.9093017578125,0.254150390625,15.136717796325684,-7.507323741912842,-2.38037109375
0.3736572265625,-0.9085693359375,0.2716064453125,14.160155296325684,-8.97216796875,-1.7700194120407104
0.3748779296875,-0.9046630859375,0.2923583984375,12.390135765075684,-9.3994140625,-0.6713866591453552
0.3853759765625,-0.8936767578125,0.303466796875,10.742186546325684,-8.36181640625,0.0610351525247097
0.3919677734375,-0.8831787109375,0.3040771484375,9.21630859375,-6.530761241912842,-0.1220703050494194
0.380859375,-0.8841552734375,0.2584228515625,4.0283203125,-4.21142578125,-3.967284917831421
0.3828125,-0.886474609375,0.2547607421875,1.6479490995407104,-4.0283203125,-6.774901866912842
0.3941650390625,-0.8885498046875,0.2696533203125,0.6103515625,-4.0283203125,-7.690429210662842
0.3997802734375,-0.892333984375,0.2835693359375,0.4882812201976776,-5.920409679412842,-5.187987804412842
0.3961181640625,-0.900146484375,0.27978515625,0.9765624403953552,-10.742186546325684,-0.30517578125
0.389892578125,-0.906005859375,0.2633056640625,1.7089842557907104,-16.4794921875,4.57763671875
0.3905029296875,-0.902099609375,0.25830078125,3.540038824081421,-23.498533248901367,8.4228515625
0.3966064453125,-0.891357421875,0.2705078125,6.286620616912842,-32.16552734375,11.657713890075684
0.396484375,-0.8831787109375,0.2838134765625,8.48388671875,-39.0625,14.465331077575684
0.3917236328125,-0.884033203125,0.2843017578125,8.97216796875,-39.9169921875,14.892577171325684
0.3902587890625,-0.891357421875,0.2745361328125,8.4228515625,-35.94970703125,12.512206077575684
0.388671875,-0.89697265625,0.26953125,8.48388671875,-33.38623046875,10.742186546325684
0.3857421875,-0.9002685546875,0.2698974609375,9.6435546875,-34.912109375,12.512206077575684
0.3858642578125,-0.9052734375,0.2711181640625,11.230467796325684,-38.4521484375,17.39501953125
0.390380859375,-0.9195556640625,0.266357421875,12.084959983825684,-41.076656341552734,23.071287155151367
0.38818359375,-0.9281005859375,0.2449951171875,12.145995140075684,-42.968746185302734,27.404783248901367
0.36572265625,-0.9111328125,0.2261962890625,12.573241233825684,-47.729488372802734,30.212400436401367
0.33251953125,-0.8953857421875,0.2203369140625,13.000487327575684,-52.062984466552734,31.311033248901367
0.3095703125,-0.9073486328125,0.215576171875,11.779784202575684,-47.546382904052734,28.686521530151367
0.31005859375,-0.95068359375,0.2086181640625,7.751464366912842,-27.893064498901367,16.2353515625
0.30517578125,-0.9605712890625,0.2098388671875,6.774901866912842,-25.207517623901367,14.831542015075684
0.2972412109375,-0.9656982421875,0.209716796875,5.920409679412842,-25.451658248901367,16.2353515625
0.28564453125,-0.956298828125,0.2117919921875,5.0048828125,-26.977537155151367,17.333984375
0.2669677734375,-0.9398193359375,0.217041015625,3.845214605331421,-28.442380905151367,17.51708984375
0.251220703125,-0.931396484375,0.207763671875,1.220703125,-24.414060592651367,16.357421875
0.24853515625,-0.9364013671875,0.181640625,-2.929687261581421,-13.305663108825684,12.817381858825684
0.2535400390625,-0.9466552734375,0.1632080078125,-6.774901866912842,-2.01416015625,7.995604991912842
0.2559814453125,-0.949951171875,0.16552734375,-8.97216796875,3.906249761581421,4.0283203125
0.253173828125,-0.9444580078125,0.17431640625,-9.94873046875,6.530761241912842,1.7089842557907104
0.247802734375,-0.9381103515625,0.172607421875,-10.498045921325684,8.6669921875,0.54931640625
0.2469482421875,-0.9512939453125,0.1326904296875,-8.48388671875,4.2724609375,-0.30517578125
0.2469482421875,-0.9598388671875,0.1209716796875,-6.103515148162842,-1.220703125,1.15966796875
0.24169921875,-0.960693359375,0.1265869140625,-4.2724609375,-4.7607421875,2.746581792831421
0.22705078125,-0.9539794921875,0.129638671875,-1.5258787870407104,-7.934569835662842,4.08935546875
0.2242431640625,-0.9573974609375,0.1173095703125,-0.0,-10.681151390075684,4.150390625
0.2142333984375,-0.9676513671875,0.1214599609375,1.5258787870407104,-14.099120140075684,4.33349609375
0.194091796875,-0.9884033203125,0.1463623046875,3.112792730331421,-15.319823265075684,4.94384765625
0.180419921875,-1.004638671875,0.1820068359375,4.5166015625,-13.671874046325684,6.042479991912842
0.173583984375,-1.0030517578125,0.2093505859375,5.310058116912842,-11.352538108825684,7.812499523162842
0.1734619140625,-0.982421875,0.1995849609375,3.662109136581421,-5.737304210662842,8.544921875
0.1776123046875,-0.956787109375,0.1624755859375,-0.1220703050494194,4.69970703125,6.042479991912842
0.17919921875,-0.9383544921875,0.139892578125,-2.990722417831421,16.05224609375,0.6103515625
0.1824951171875,-0.9385986328125,0.146240234375,-3.479003667831421,24.658201217651367,-6.713866710662842
0.1888427734375,-0.9556884765625,0.166748046875,-2.868652105331421,30.456541061401367,-12.939452171325684
0.1981201171875,-0.9666748046875,0.1905517578125,-2.25830078125,32.65380859375,-14.526366233825684
0.206787109375,-0.973876953125,0.2042236328125,-2.13623046875,31.799314498901367,-11.962889671325684
0.2156982421875,-0.9849853515625,0.1923828125,-3.356933355331421,30.334470748901367,-8.23974609375
0.2235107421875,-0.99072265625,0.164794921875,-5.981444835662842,28.442380905151367,-4.7607421875
0.2200927734375,-0.9844970703125,0.143798828125,-8.30078125,26.428220748901367,-2.13623046875
0.2064208984375,-0.9671630859375,0.1343994140625,-9.1552734375,27.282712936401367,-1.9531248807907104
0.193359375,-0.952880859375,0.129638671875,-9.09423828125,32.89794921875,-5.249022960662842
0.19091796875,-0.9537353515625,0.1278076171875,-8.7890625,40.405269622802734,-11.169432640075684
0.1981201171875,-0.966552734375,0.130126953125,-8.23974609375,45.104976654052734,-17.15087890625
0.2066650390625,-0.97900390625,0.1365966796875,-7.263183116912842,45.776363372802734,-19.83642578125
0.21044921875,-0.980712890625,0.14892578125,-5.737304210662842,43.334957122802734,-17.76123046875
0.2073974609375,-0.97265625,0.158935546875,-3.906249761581421,39.6728515625,-12.512206077575684
0.204345703125,-0.9722900390625,0.1483154296875,-2.3193359375,39.12353515625,-7.202147960662842
0.202392578125,-0.9813232421875,0.130859375,-0.2441406100988388,40.832515716552734,-3.906249761581421
0.224853515625,-1.0135498046875,0.1658935546875,6.408690929412842,31.677244186401367,-5.859374523162842
0.2451171875,-1.0029296875,0.2003173828125,7.568358898162842,21.484373092651367,-8.056640625
0.2392578125,-0.9627685546875,0.2149658203125,5.554198741912842,16.90673828125,-6.164550304412842
0.2373046875,-0.9342041015625,0.2196044921875,2.868652105331421,18.310546875,-3.906249761581421
0.2652587890625,-0.9317626953125,0.2188720703125,1.9531248807907104,18.85986328125,-4.69970703125
0.2982177734375,-0.9384765625,0.211181640625,2.3193359375,15.808104515075684,-6.469726085662842
0.3096923828125,-0.9327392578125,0.2044677734375,2.990722417831421,11.108397483825684,-7.141112804412842
0.315673828125,-0.916259765625,0.218994140625,3.234863042831421,7.446288585662842,-9.21630859375
0.3299560546875,-0.9010009765625,0.254638671875,2.44140625,8.1787109375,-14.404295921325684
0.34228515625,-0.884033203125,0.2774658203125,-0.4882812201976776,15.136717796325684,-19.71435546875
0.3531494140625,-0.8690185546875,0.27734375,-4.69970703125,24.169919967651367,-23.193357467651367
0.36572265625,-0.86572265625,0.27197265625,-8.1787109375,30.822751998901367,-25.573728561401367
0.375732421875,-0.875,0.26953125,-9.765625,34.3017578125,-27.770994186401367
0.3792724609375,-0.887451171875,0.2705078125,-10.253905296325684,35.7666015625,-28.808591842651367
0.3863525390625,-0.892822265625,0.275634765625,-11.169432640075684,37.04833984375,-28.686521530151367
0.4022216796875,-0.8905029296875,0.27734375,-13.427733421325684,39.794921875,-29.052732467651367
0.41796875,-0.88525390625,0.266357421875,-16.90673828125,44.372554779052734,-30.334470748901367
0.4322509765625,-0.8743896484375,0.2493896484375,-20.202634811401367,47.973628997802734,-32.04345703125
0.4425048828125,-0.8536376953125,0.2427978515625,-21.484373092651367,46.630855560302734,-33.63037109375
0.4434814453125,-0.841064453125,0.2572021484375,-20.507810592651367,40.405269622802734,-33.8134765625
0.443115234375,-0.861328125,0.2779541015625,-19.22607421875,36.376953125,-31.555173873901367
0.4454345703125,-0.9039306640625,0.2786865234375,-19.1650390625,39.306640625,-26.794431686401367
0.4520263671875,-0.9310302734375,0.2513427734375,-19.4091796875,45.043941497802734,-20.385740280151367
0.4613037109375,-0.924072265625,0.21630859375,-17.578125,44.006343841552734,-14.160155296325684
0.46533203125,-0.89697265625,0.202880859375,-11.474608421325684,28.503416061401367,-9.1552734375
0.464599609375,-0.8658447265625,0.2208251953125,-3.295898199081421,5.065917491912842,-5.737304210662842
0.461181640625,-0.8408203125,0.2615966796875,2.01416015625,-10.253905296325684,-2.746581792831421
0.459228515625,-0.8336181640625,0.302978515625,2.929687261581421,-10.864256858825684,0.8544921278953552
0.46142578125,-0.8438720703125,0.31591796875,2.3193359375,-3.967284917831421,4.33349609375
0.4608154296875,-0.853759765625,0.2979736328125,3.479003667831421,-0.54931640625,7.751464366912842
0.45947265625,-0.8570556640625,0.2784423828125,6.408690929412842,-4.39453125,10.253905296325684
0.4609375,-0.862060546875,0.2781982421875,8.72802734375,-10.681151390075684,11.169432640075684
0.4578857421875,-0.8670654296875,0.28466796875,8.72802734375,-13.610838890075684,11.962889671325684
0.44580078125,-0.86865234375,0.27734375,6.286620616912842,-11.596678733825684,13.305663108825684
0.4315185546875,-0.868896484375,0.2626953125,2.746581792831421,-7.873534679412842,14.892577171325684
0.4200439453125,-0.8714599609375,0.2633056640625,0.2441406100988388,-7.446288585662842,16.845703125
0.41015625,-0.8785400390625,0.2784423828125,-0.3662109076976776,-10.437010765075684,19.10400390625
0.4012451171875,-0.8917236328125,0.2821044921875,-1.03759765625,-11.291502952575684,20.629880905151367
0.392333984375,-0.9013671875,0.26513671875,-3.234863042831421,-7.629394054412842,20.568845748901367
0.38330078125,-0.900146484375,0.2515869140625,-6.225585460662842,-4.08935546875,18.9208984375
0.3729248046875,-0.9039306640625,0.2520751953125,-8.544921875,-3.112792730331421,16.66259765625
0.3597412109375,-0.9171142578125,0.2401123046875,-10.864256858825684,0.4882812201976776,14.526366233825684
0.3470458984375,-0.9290771484375,0.2081298828125,-13.671874046325684,8.1787109375,11.718749046325684
0.3355712890625,-0.9287109375,0.1756591796875,-16.11328125,14.526366233825684,7.751464366912842
0.3175048828125,-0.9193115234375,0.1595458984375,-17.333984375,15.502928733825684,3.723144292831421
0.296630859375,-0.9189453125,0.160888671875,-17.333984375,13.977049827575684,0.9765624403953552
0.284912109375,-0.9334716796875,0.1622314453125,-17.15087890625,14.892577171325684,-0.6103515625
0.2783203125,-0.953369140625,0.1475830078125,-16.54052734375,17.15087890625,-1.5258787870407104
0.26708984375,-0.9661865234375,0.1201171875,-14.953612327575684,17.51708984375,-1.5258787870407104
0.25341796875,-0.968017578125,0.1070556640625,-12.634276390075684,13.793944358825684,-0.6103515625
0.246826171875,-0.968017578125,0.120361328125,-10.009765625,6.164550304412842,0.30517578125
0.247314453125,-0.975830078125,0.1412353515625,-7.995604991912842,0.6103515625,1.8310545682907104
0.2513427734375,-0.98193359375,0.15185546875,-7.141112804412842,0.7324218153953552,4.21142578125
0.25048828125,-0.9761962890625,0.1392822265625,-7.446288585662842,5.432128429412842,5.920409679412842
0.2457275390625,-0.964599609375,0.1112060546875,-8.97216796875,11.779784202575684,4.39453125
0.2503662109375,-0.957763671875,0.0931396484375,-10.864256858825684,16.11328125,-1.0986328125
0.2568359375,-0.956298828125,0.093017578125,-11.535643577575684,16.6015625,-5.676269054412842
0.2449951171875,-0.953857421875,0.1063232421875,-11.047362327575684,14.404295921325684,-5.493163585662842
0.2274169921875,-0.9517822265625,0.127685546875,-10.375975608825684,12.145995140075684,-2.868652105331421
0.2327880859375,-0.95947265625,0.1376953125,-9.521484375,12.268065452575684,-1.15966796875
0.2459716796875,-0.977294921875,0.12353515625,-8.36181640625,14.221190452575684,-0.3662109076976776
0.2322998046875,-0.9759521484375,0.1414794921875,-2.44140625,5.981444835662842,6.103515148162842
0.23291015625,-0.955078125,0.1680908203125,1.3427733182907104,1.220703125,9.1552734375
0.239990234375,-0.9407958984375,0.1417236328125,-1.7089842557907104,13.366698265075684,5.310058116912842
0.232666015625,-0.9368896484375,0.0772705078125,-10.620116233825684,37.17041015625,-4.57763671875
0.2286376953125,-0.9405517578125,0.054931640625,-17.02880859375,52.490230560302734,-13.427733421325684
0.2392578125,-0.9522705078125,0.098876953125,-15.563963890075684,51.513668060302734,-16.29638671875
0.2418212890625,-0.9619140625,0.1646728515625,-8.11767578125,42.358394622802734,-12.084959983825684
0.2567138671875,-0.9693603515625,0.1982421875,0.4272460639476776,36.0107421875,-4.57763671875
0.2855224609375,-0.9853515625,0.156494140625,2.746581792831421,43.273921966552734,-3.051757574081421
0.3115234375,-0.98193359375,0.0867919921875,-2.44140625,56.701656341552734,-10.375975608825684
0.3360595703125,-0.94091796875,0.071044921875,-6.286620616912842,55.664058685302734,-19.287109375
0.34326171875,-0.9017333984375,0.0970458984375,-5.310058116912842,44.860836029052734,-21.606443405151367
0.341796875,-0.897216796875,0.1171875,-2.50244140625,38.87939453125,-18.1884765625
0.351806640625,-0.9110107421875,0.1282958984375,1.2817381620407104,33.935546875,-16.2353515625
0.3707275390625,-0.920166015625,0.1385498046875,4.94384765625,24.902341842651367,-18.1884765625
0.389404296875,-0.9176025390625,0.1468505859375,6.958007335662842,16.11328125,-20.324705123901367
0.3856201171875,-0.904541015625,0.1622314453125,7.141112804412842,10.742186546325684,-18.98193359375
0.3704833984375,-0.901123046875,0.187744140625,6.347655773162842,7.263183116912842,-15.441893577575684
0.38818359375,-0.920166015625,0.2103271484375,7.019042491912842,4.33349609375,-13.366698265075684
0.4237060546875,-0.9349365234375,0.2205810546875,10.314940452575684,0.4272460639476776,-11.596678733825684
0.4368896484375,-0.92626953125,0.215087890625,14.099120140075684,-4.638671875,-7.202147960662842
0.4327392578125,-0.904541015625,0.203125,15.502928733825684,-8.1787109375,-2.197265625
0.4228515625,-0.8831787109375,0.205810546875,14.404295921325684,-11.169432640075684,0.2441406100988388
0.419189453125,-0.873779296875,0.2215576171875,12.695311546325684,-15.197752952575684,-0.6103515625
0.424560546875,-0.881591796875,0.2322998046875,10.681151390075684,-16.6015625,-2.746581792831421
0.4290771484375,-0.8984375,0.2386474609375,8.4228515625,-15.136717796325684,-2.13623046875
0.4295654296875,-0.9058837890625,0.24609375,8.544921875,-17.333984375,2.50244140625
0.4276123046875,-0.896240234375,0.2528076171875,11.657713890075684,-25.756834030151367,8.1787109375
0.424072265625,-0.87841796875,0.2528076171875,15.014647483825684,-35.2783203125,11.962889671325684
0.4217529296875,-0.8658447265625,0.2550048828125,16.05224609375,-41.687007904052734,13.000487327575684
0.42333984375,-0.8662109375,0.2843017578125,14.831542015075684,-45.104976654052734,12.939452171325684
0.4267578125,-0.88916015625,0.3021240234375,11.108397483825684,-40.10009765625,15.258788108825684
0.42919921875,-0.8896484375,0.2540283203125,8.36181640625,-31.555173873901367,14.953612327575684
0.4222412109375,-0.886962890625,0.23583984375,8.056640625,-31.860349655151367,15.258788108825684
0.409423828125,-0.8846435546875,0.259765625,11.291502952575684,-40.893550872802734,17.4560546875
0.3984375,-0.8834228515625,0.29833984375,15.869139671325684,-48.950191497802734,20.996091842651367
0.385986328125,-0.8907470703125,0.3121337890625,18.98193359375,-49.194332122802734,24.291990280151367
0.3631591796875,-0.904541015625,0.294921875,18.310546875,-42.053218841552734,26.611326217651367
0.3421630859375,-0.9166259765625,0.2464599609375,12.817381858825684,-31.188962936401367,26.000974655151367
0.3485107421875,-0.9178466796875,0.1881103515625,5.371093273162842,-22.094724655151367,18.4326171875
0.3599853515625,-0.9033203125,0.1778564453125,1.7089842557907104,-23.620603561401367,10.070799827575684
0.3262939453125,-0.9132080078125,0.229736328125,4.8828125,-33.38623046875,9.94873046875
0.3187255859375,-0.936767578125,0.2025146484375,3.295898199081421,-23.071287155151367,8.056640625
0.326171875,-0.9425048828125,0.1705322265625,2.13623046875,-17.08984375,5.126952648162842
0.3309326171875,-0.9415283203125,0.15283203125,3.906249761581421,-21.606443405151367,4.08935546875
0.325439453125,-0.9425048828125,0.14111328125,5.065917491912842,-26.550291061401367,5.554198741912842
0.3162841796875,-0.9459228515625,0.1248779296875,4.0283203125,-27.160642623901367,7.934569835662842
0.30078125,-0.9512939453125,0.1124267578125,2.868652105331421,-28.198240280151367,9.94873046875
0.281982421875,-0.9573974609375,0.1246337890625,3.112792730331421,-33.50830078125,11.047362327575684
0.2755126953125,-0.9661865234375,0.14794921875,4.57763671875,-40.649410247802734,11.962889671325684
0.284423828125,-0.97265625,0.153564453125,5.554198741912842,-43.029781341552734,14.160155296325684
0.2894287109375,-0.9683837890625,0.148681640625,4.94384765625,-39.73388671875,17.02880859375
0.27685546875,-0.953125,0.14208984375,3.295898199081421,-35.46142578125,17.88330078125
0.25634765625,-0.9417724609375,0.1351318359375,1.4038084745407104,-32.40966796875,14.282225608825684
0.24267578125,-0.947509765625,0.1402587890625,0.4272460639476776,-31.249998092651367,7.934569835662842
0.2440185546875,-0.9573974609375,0.1575927734375,2.0751953125,-32.04345703125,5.187987804412842
0.24658203125,-0.960205078125,0.1783447265625,5.737304210662842,-31.738279342651367,8.60595703125
0.2362060546875,-0.9595947265625,0.18505859375,7.690429210662842,-26.245115280151367,12.390135765075684
0.228515625,-0.9573974609375,0.16650390625,5.493163585662842,-15.258788108825684,11.596678733825684
0.2252197265625,-0.9560546875,0.1453857421875,1.2817381620407104,-4.638671875,7.324218273162842
0.2225341796875,-0.958251953125,0.140380859375,-1.7089842557907104,1.2817381620407104,2.929687261581421
0.22998046875,-0.9615478515625,0.1390380859375,-2.38037109375,4.69970703125,0.0
0.2420654296875,-0.9617919921875,0.124755859375,-1.7700194120407104,8.36181640625,-0.9765624403953552
0.252685546875,-0.9580078125,0.0997314453125,-1.8310545682907104,12.634276390075684,-1.3427733182907104
0.2576904296875,-0.955322265625,0.076904296875,-2.44140625,14.892577171325684,-1.7700194120407104
0.2540283203125,-0.959716796875,0.06640625,-2.929687261581421,14.343260765075684,-2.13623046875
0.2518310546875,-0.9661865234375,0.06591796875,-3.295898199081421,13.549803733825684,-3.234863042831421
0.2557373046875,-0.971435546875,0.0614013671875,-2.807616949081421,13.122557640075684,-4.5166015625
0.2584228515625,-0.9774169921875,0.056884765625,-0.4272460639476776,9.94873046875,-4.2724609375
0.2667236328125,-0.974853515625,0.0726318359375,4.69970703125,-0.0610351525247097,-2.38037109375
0.2750244140625,-0.96240234375,0.096923828125,10.925292015075684,-12.390135765075684,0.0
0.276123046875,-0.9515380859375,0.1065673828125,14.770506858825684,-18.5546875,1.03759765625
0.276611328125,-0.943359375,0.109375,15.380858421325684,-19.95849609375,-0.6103515625
0.2711181640625,-0.9447021484375,0.1181640625,14.282225608825684,-20.629880905151367,-2.868652105331421
0.2650146484375,-0.95947265625,0.1412353515625,13.244627952575684,-21.118162155151367,-3.540038824081421
0.265869140625,-0.9658203125,0.1700439453125,12.207030296325684,-21.118162155151367,-2.3193359375
0.2711181640625,-0.953857421875,0.1693115234375,10.559081077575684,-18.12744140625,-0.9155272841453552
0.2833251953125,-0.9466552734375,0.1268310546875,10.070799827575684,-13.854979515075684,-1.7700194120407104
0.304443359375,-0.9559326171875,0.09130859375,13.183592796325684,-16.7236328125,-3.906249761581421
0.3184814453125,-0.956298828125,0.126220703125,17.76123046875,-29.541013717651367,-2.3193359375
0.322998046875,-0.942626953125,0.19384765625,18.1884765625,-38.6962890625,1.6479490995407104
0.321533203125,-0.9310302734375,0.210693359375,13.000487327575684,-31.921384811401367,2.44140625
0.3148193359375,-0.9266357421875,0.1822509765625,7.751464366912842,-18.85986328125,-0.4882812201976776
0.3165283203125,-0.931396484375,0.1619873046875,7.385253429412842,-12.634276390075684,-3.417968511581421
0.322998046875,-0.9384765625,0.1793212890625,10.742186546325684,-14.831542015075684,-3.112792730331421
0.3253173828125,-0.935791015625,0.2174072265625,13.732909202575684,-20.01953125,-0.9155272841453552
0.32958984375,-0.919677734375,0.24755859375,14.038084983825684,-22.216794967651367,0.1220703050494194
0.34033203125,-0.9041748046875,0.2501220703125,11.718749046325684,-17.9443359375,-1.4038084745407104
0.3619384765625,-0.9044189453125,0.2049560546875,7.446288585662842,-3.051757574081421,-7.019042491912842
0.360595703125,-0.90673828125,0.222412109375,8.72802734375,-4.8828125,-6.347655773162842
0.375,-0.90625,0.280029296875,10.925292015075684,-10.375975608825684,-2.746581792831421
0.3953857421875,-0.8990478515625,0.2728271484375,10.192870140075684,-7.507323741912842,-1.8920897245407104
0.4095458984375,-0.8992919921875,0.2513427734375,8.85009765625,-4.69970703125,-1.5869139432907104
0.4088134765625,-0.906005859375,0.253662109375,8.30078125,-6.042479991912842,0.0
0.399169921875,-0.902587890625,0.2840576171875,9.94873046875,-13.854979515075684,4.2724609375
0.3922119140625,-0.892822265625,0.2972412109375,12.451170921325684,-21.850584030151367,8.85009765625
0.391357421875,-0.8817138671875,0.2889404296875,13.977049827575684,-26.062009811401367,11.108397483825684
0.3897705078125,-0.8651123046875,0.28564453125,14.038084983825684,-28.869626998901367,10.009765625
0.385498046875,-0.85302734375,0.295654296875,11.840819358825684,-29.602048873901367,5.615233898162842
0.3837890625,-0.8548583984375,0.3155517578125,7.629394054412842,-26.367185592651367,-0.1220703050494194
0.379638671875,-0.8668212890625,0.3309326171875,2.38037109375,-18.73779296875,-4.39453125
0.3751220703125,-0.88330078125,0.3255615234375,-2.685546636581421,-8.48388671875,-7.019042491912842
0.3765869140625,-0.9036865234375,0.3009033203125,-7.202147960662842,2.38037109375,-9.033203125
0.3824462890625,-0.91943359375,0.2772216796875,-10.437010765075684,10.742186546325684,-9.46044921875
0.3826904296875,-0.919921875,0.2696533203125,-11.047362327575684,12.023924827575684,-5.981444835662842
0.3701171875,-0.9134521484375,0.2730712890625,-9.6435546875,7.507323741912842,0.0610351525247097
0.3604736328125,-0.911376953125,0.27587890625,-7.202147960662842,0.8544921278953552,4.5166015625
0.3587646484375,-0.9151611328125,0.269287109375,-3.906249761581421,-6.713866710662842,6.774901866912842
0.3585205078125,-0.926513671875,0.251220703125,-0.6713866591453552,-13.000487327575684,8.60595703125
0.3555908203125,-0.933349609375,0.239501953125,5.920409679412842,-26.184080123901367,15.624999046325684
0.359375,-0.9073486328125,0.2572021484375,10.009765625,-34.66796875,19.4091796875
0.3477783203125,-0.8818359375,0.2640380859375,13.427733421325684,-38.818359375,20.751951217651367
0.33203125,-0.8765869140625,0.2584228515625,14.282225608825684,-34.912109375,18.24951171875
0.3292236328125,-0.9007568359375,0.228759765625,10.864256858825684,-21.850584030151367,11.474608421325684
0.342041015625,-0.9266357421875,0.177734375,5.676269054412842,-8.11767578125,3.601073980331421
0.3636474609375,-0.9278564453125,0.158447265625,3.723144292831421,-7.934569835662842,-1.8920897245407104
0.376953125,-0.922119140625,0.1812744140625,5.126952648162842,-19.04296875,-4.150390625
0.369873046875,-0.9239501953125,0.1993408203125,5.737304210662842,-25.512693405151367,-2.563476324081421
0.34912109375,-0.923583984375,0.19970703125,3.417968511581421,-21.972654342651367,1.3427733182907104
0.350830078125,-0.927978515625,0.178466796875,-4.2724609375,-5.126952648162842,1.5869139432907104
0.356201171875,-0.93115234375,0.151611328125,-5.981444835662842,2.25830078125,-1.4648436307907104
0.355712890625,-0.93017578125,0.1324462890625,-6.225585460662842,5.371093273162842,-4.2724609375
0.357177734375,-0.9267578125,0.1348876953125,-5.432128429412842,1.03759765625,-4.7607421875
0.3599853515625,-0.918701171875,0.1473388671875,-3.662109136581421,-7.751464366912842,-1.7089842557907104
0.3570556640625,-0.912841796875,0.1456298828125,-2.01416015625,-13.000487327575684,2.563476324081421
0.35107421875,-0.9124755859375,0.12841796875,-1.2817381620407104,-13.122557640075684,5.126952648162842
0.34912109375,-0.919677734375,0.123779296875,-0.0,-14.221190452575684,5.615233898162842
0.3560791015625,-0.9378662109375,0.1495361328125,2.3193359375,-18.73779296875,5.187987804412842
0.3638916015625,-0.9522705078125,0.1822509765625,2.929687261581421,-20.751951217651367,5.0048828125
0.3516845703125,-0.9383544921875,0.183837890625,-1.5258787870407104,-14.953612327575684,5.371093273162842
0.3299560546875,-0.9091796875,0.144287109375,-7.995604991912842,-4.69970703125,5.371093273162842
0.3179931640625,-0.913330078125,0.0882568359375,-10.925292015075684,3.540038824081421,4.39453125
0.3101806640625,-0.95068359375,0.0611572265625,-9.58251953125,5.126952648162842,3.479003667831421
0.3062744140625,-0.9786376953125,0.08740234375,-5.859374523162842,-1.7700194120407104,3.662109136581421
0.301513671875,-0.9747314453125,0.1375732421875,-1.8310545682907104,-12.023924827575684,5.981444835662842
0.2822265625,-0.9466552734375,0.1572265625,1.4038084745407104,-16.66259765625,9.6435546875
0.26318359375,-0.9276123046875,0.137939453125,3.479003667831421,-12.268065452575684,9.3994140625
0.26025390625,-0.9383544921875,0.1319580078125,3.967284917831421,-3.967284917831421,4.2724609375
0.273681640625,-0.956787109375,0.14990234375,1.7089842557907104,3.723144292831421,-1.6479490995407104
0.2867431640625,-0.955322265625,0.14990234375,-3.601073980331421,13.122557640075684,-6.042479991912842
0.29248046875,-0.9344482421875,0.1229248046875,-8.85009765625,23.376462936401367,-9.033203125
0.3004150390625,-0.921142578125,0.0877685546875,-11.047362327575684,29.907224655151367,-12.390135765075684
0.2918701171875,-0.9354248046875,0.0625,-10.803221702575684,32.89794921875,-15.502928733825684
0.2633056640625,-0.962646484375,0.078125,-8.7890625,30.944822311401367,-15.502928733825684
0.2415771484375,-0.9769287109375,0.1463623046875,-4.150390625,22.644041061401367,-10.986327171325684
0.249755859375,-0.979248046875,0.212890625,1.4038084745407104,16.54052734375,-4.82177734375
0.281982421875,-0.982421875,0.20458984375,3.845214605331421,23.254392623901367,-0.3662109076976776
0.3289794921875,-0.978759765625,0.1456298828125,2.563476324081421,36.4990234375,0.0
0.378662109375,-0.9398193359375,0.1273193359375,0.7934569716453552,38.51318359375,-5.676269054412842
0.39404296875,-0.8857421875,0.1669921875,-1.7089842557907104,33.5693359375,-12.512206077575684
0.3741455078125,-0.8629150390625,0.2119140625,-6.164550304412842,37.41455078125,-15.258788108825684
0.3916015625,-0.8953857421875,0.2353515625,-10.925292015075684,53.894039154052734,-14.343260765075684
0.4296875,-0.8951416015625,0.2291259765625,-9.82666015625,53.894039154052734,-12.512206077575684
0.4581298828125,-0.875,0.223876953125,-9.27734375,51.208492279052734,-12.451170921325684
0.471923828125,-0.84814453125,0.222900390625,-10.192870140075684,48.706050872802734,-17.88330078125
0.4713134765625,-0.8294677734375,0.228759765625,-12.023924827575684,47.485347747802734,-27.770994186401367
0.4700927734375,-0.82763671875,0.25,-14.282225608825684,48.828121185302734,-36.62109375
0.47705078125,-0.8394775390625,0.27685546875,-15.747069358825684,51.513668060302734,-40.222164154052734
0.484619140625,-0.8509521484375,0.2802734375,-16.2353515625,54.016109466552734,-38.26904296875
0.48876953125,-0.859619140625,0.269287109375,-15.869139671325684,55.541988372802734,-34.11865234375
0.4864501953125,-0.86376953125,0.2725830078125,-13.549803733825684,52.368160247802734,-30.517576217651367
0.484375,-0.8575439453125,0.2869873046875,-9.82666015625,45.288082122802734,-26.977537155151367
0.4940185546875,-0.852783203125,0.2947998046875,-7.507323741912842,39.794921875,-23.986814498901367
0.5091552734375,-0.8515625,0.294189453125,-6.774901866912842,36.31591796875,-21.423337936401367
0.516845703125,-0.84619140625,0.2744140625,-4.21142578125,26.184080123901367,-11.352538108825684
0.5140380859375,-0.84716796875,0.2567138671875,-3.417968511581421,21.362302780151367,-5.798339366912842
0.509521484375,-0.8497314453125,0.2530517578125,-3.234863042831421,15.441893577575684,-0.3662109076976776
0.5074462890625,-0.84619140625,0.2647705078125,-2.685546636581421,7.751464366912842,5.0048828125
0.50341796875,-0.835693359375,0.28173828125,-1.4648436307907104,-0.4272460639476776,9.46044921875
0.4979248046875,-0.8260498046875,0.30126953125,0.1220703050494194,-8.97216796875,12.878417015075684
0.4893798828125,-0.824951171875,0.318115234375,0.4882812201976776,-15.380858421325684,15.563963890075684
0.4715576171875,-0.8408203125,0.32275390625,-1.6479490995407104,-16.4794921875,18.24951171875
0.454345703125,-0.8638916015625,0.306884765625,-5.920409679412842,-11.352538108825684,20.446775436401367
0.443603515625,-0.874755859375,0.283203125,-10.192870140075684,-4.45556640625,20.629880905151367
0.4254150390625,-0.866943359375,0.2681884765625,-12.390135765075684,-1.3427733182907104,19.47021484375
0.4024658203125,-0.856689453125,0.263916015625,-12.451170921325684,-1.5869139432907104,18.06640625
0.390380859375,-0.860107421875,0.27197265625,-11.291502952575684,-2.01416015625,16.2353515625
0.387939453125,-0.86572265625,0.272705078125,-10.742186546325684,-0.1831054538488388,14.221190452575684
0.3914794921875,-0.8724365234375,0.2615966796875,-11.108397483825684,2.50244140625,11.352538108825684
0.396240234375,-0.8984375,0.259033203125,-9.82666015625,2.929687261581421,8.72802734375
0.39111328125,-0.922607421875,0.2564697265625,-5.981444835662842,3.479003667831421,9.1552734375
0.37744140625,-0.9156494140625,0.23779296875,-2.0751953125,5.065917491912842,11.474608421325684
0.37060546875,-0.8963623046875,0.211181640625,0.30517578125,3.295898199081421,12.145995140075684
0.372802734375,-0.8955078125,0.204345703125,1.2817381620407104,-2.25830078125,10.803221702575684
0.3721923828125,-0.91455078125,0.21728515625,1.2817381620407104,-6.774901866912842,10.009765625
0.363525390625,-0.9375,0.2083740234375,0.30517578125,-5.432128429412842,10.925292015075684
0.3531494140625,-0.94482421875,0.1761474609375,-0.0610351525247097,-1.8920897245407104,11.962889671325684
0.33544921875,-0.9322509765625,0.1541748046875,2.25830078125,-4.69970703125,11.840819358825684
0.3046875,-0.9208984375,0.1419677734375,4.5166015625,-10.009765625,11.291502952575684
0.2861328125,-0.936279296875,0.1336669921875,2.990722417831421,-10.803221702575684,9.521484375
0.28515625,-0.9677734375,0.13427734375,-0.0,-11.230467796325684,7.202147960662842
0.2808837890625,-0.9840087890625,0.143798828125,-0.6103515625,-16.357421875,7.812499523162842
0.247314453125,-0.961669921875,0.164306640625,1.0986328125,-26.367185592651367,12.023924827575684
0.2054443359375,-0.9219970703125,0.1962890625,1.15966796875,-35.58349609375,13.610838890075684
0.21533203125,-0.9228515625,0.1885986328125,-4.638671875,-35.2783203125,6.774901866912842
0.2291259765625,-0.9647216796875,0.1368408203125,-12.573241233825684,-26.062009811401367,4.57763671875
0.2158203125,-0.972900390625,0.152587890625,-6.591796398162842,-13.061522483825684,1.5258787870407104
0.215576171875,-0.987060546875,0.1746826171875,-1.0986328125,2.50244140625,-5.920409679412842
0.218994140625,-0.992919921875,0.182861328125,-0.30517578125,9.70458984375,-8.72802734375
0.20751953125,-0.9927978515625,0.1700439453125,-2.624511480331421,11.779784202575684,-5.798339366912842
0.1962890625,-0.985595703125,0.14111328125,-4.94384765625,15.380858421325684,-1.7089842557907104
0.2060546875,-0.968505859375,0.1329345703125,-3.845214605331421,18.5546875,2.990722417831421
0.2359619140625,-0.95947265625,0.1524658203125,1.8310545682907104,18.06640625,7.141112804412842
0.2587890625,-0.946533203125,0.1505126953125,6.713866710662842,18.9208984375,7.141112804412842
0.249755859375,-0.938232421875,0.1177978515625,5.493163585662842,22.338865280151367,3.845214605331421
0.228759765625,-0.9544677734375,0.0965576171875,-0.4272460639476776,22.094724655151367,-1.3427733182907104
0.2296142578125,-0.9676513671875,0.14599609375,-4.08935546875,11.779784202575684,-6.896972179412842
0.2432861328125,-0.9537353515625,0.25830078125,-1.9531248807907104,-2.929687261581421,-7.995604991912842
0.2381591796875,-0.9232177734375,0.317138671875,0.4882812201976776,-2.25830078125,-5.371093273162842
0.2437744140625,-0.9122314453125,0.263916015625,-1.2817381620407104,19.8974609375,-7.995604991912842
0.28759765625,-0.927978515625,0.1600341796875,-4.21142578125,45.227046966552734,-17.02880859375
0.337158203125,-0.9466552734375,0.084228515625,-3.662109136581421,51.574703216552734,-22.277830123901367
0.36279296875,-0.9564208984375,0.0748291015625,1.7089842557907104,31.372068405151367,-19.53125
0.362060546875,-0.942626953125,0.1322021484375,9.033203125,-3.234863042831421,-13.183592796325684
0.358642578125,-0.9114990234375,0.2259521484375,13.305663108825684,-29.602048873901367,-8.60595703125
0.3668212890625,-0.8880615234375,0.2735595703125,10.986327171325684,-26.367185592651367,-8.85009765625
0.38134765625,-0.890380859375,0.241455078125,4.82177734375,3.295898199081421,-12.817381858825684
0.3927001953125,-0.905029296875,0.1968994140625,1.0986328125,28.381345748901367,-16.90673828125
0.3955078125,-0.8958740234375,0.2027587890625,2.197265625,27.099607467651367,-18.00537109375
0.3992919921875,-0.8697509765625,0.2481689453125,5.493163585662842,8.7890625,-17.4560546875
0.411376953125,-0.8597412109375,0.266845703125,7.263183116912842,-3.112792730331421,-17.39501953125
0.4288330078125,-0.8726806640625,0.253662109375,7.446288585662842,-3.845214605331421,-17.15087890625
0.446533203125,-0.87890625,0.2615966796875,8.6669921875,-6.347655773162842,-15.747069358825684
0.4556884765625,-0.869873046875,0.3062744140625,9.46044921875,-12.756346702575684,-14.221190452575684
0.4599609375,-0.85888671875,0.3472900390625,6.591796398162842,-13.122557640075684,-13.183592796325684
0.46875,-0.857666015625,0.3350830078125,0.3662109076976776,-3.356933355331421,-11.657713890075684
0.4697265625,-0.865234375,0.285400390625,-4.94384765625,8.36181640625,-8.97216796875
0.4658203125,-0.8701171875,0.263916015625,-6.347655773162842,13.000487327575684,-5.920409679412842
0.466552734375,-0.871826171875,0.2872314453125,-5.859374523162842,14.892577171325684,-4.69970703125
0.466064453125,-0.865234375,0.3070068359375,-6.347655773162842,18.85986328125,-3.906249761581421
0.4725341796875,-0.8548583984375,0.3084716796875,-6.530761241912842,19.04296875,-0.6713866591453552
0.480224609375,-0.84765625,0.305419921875,-5.0048828125,13.549803733825684,4.94384765625
0.4708251953125,-0.842529296875,0.299560546875,-4.7607421875,10.437010765075684,9.94873046875
0.4522705078125,-0.8428955078125,0.2957763671875,-6.713866710662842,11.169432640075684,10.803221702575684
0.4422607421875,-0.85107421875,0.29150390625,-9.09423828125,12.329100608825684,8.1787109375
0.4420166015625,-0.8685302734375,0.282470703125,-11.718749046325684,14.831542015075684,5.676269054412842
0.440185546875,-0.8828125,0.275146484375,-13.305663108825684,16.05224609375,6.164550304412842
0.430908203125,-0.880126953125,0.274169921875,-12.695311546325684,12.084959983825684,10.009765625
0.4232177734375,-0.8658447265625,0.280029296875,-10.437010765075684,2.685546636581421,15.258788108825684
0.4171142578125,-0.852294921875,0.2913818359375,-8.056640625,-8.7890625,20.568845748901367
0.3980712890625,-0.8662109375,0.278076171875,-7.934569835662842,-13.366698265075684,24.108884811401367
0.3773193359375,-0.9124755859375,0.2120361328125,-11.474608421325684,-3.845214605331421,23.010251998901367
0.373291015625,-0.9554443359375,0.1396484375,-16.05224609375,8.4228515625,17.333984375
0.355712890625,-0.963623046875,0.093994140625,-11.352538108825684,-17.822265625,18.98193359375
0.3211669921875,-0.9508056640625,0.0858154296875,-3.845214605331421,-42.297359466552734,27.038572311401367
0.27294921875,-0.9530029296875,0.0640869140625,0.1831054538488388,-55.725093841552734,30.395505905151367
0.244140625,-0.9775390625,0.0223388671875,-1.2817381620407104,-52.551265716552734,25.573728561401367
0.240478515625,-1.0028076171875,-0.0096435546875,-2.624511480331421,-46.691890716552734,17.7001953125
0.23486328125,-1.0078125,-0.013427734375,0.6103515625,-51.696773529052734,13.977049827575684
0.2216796875,-1.0057373046875,0.0084228515625,5.371093273162842,-62.133785247802734,14.648436546325684
0.208740234375,-1.012451171875,0.0679931640625,8.60595703125,-71.59423828125,16.7236328125
0.1856689453125,-1.02001953125,0.1495361328125,10.437010765075684,-76.5380859375,22.094724655151367
0.152099609375,-1.0201416015625,0.186767578125,10.742186546325684,-70.6787109375,30.883787155151367
0.1231689453125,-0.9981689453125,0.1580810546875,9.033203125,-56.152339935302734,37.90283203125
0.1082763671875,-0.9544677734375,0.113525390625,6.286620616912842,-42.785640716552734,37.9638671875
0.107421875,-0.9383544921875,0.0863037109375,4.5166015625,-33.87451171875,28.991697311401367
0.1041259765625,-0.9681396484375,0.088623046875,4.2724609375,-30.761716842651367,17.578125
0.085693359375,-0.9854736328125,0.14208984375,5.432128429412842,-37.7197265625,13.793944358825684
0.0633544921875,-0.9661865234375,0.1934814453125,6.652831554412842,-44.921871185302734,15.991209983825684
0.05517578125,-0.954833984375,0.1580810546875,4.638671875,-33.26416015625,16.17431640625
0.0567626953125,-0.96875,0.0701904296875,0.1831054538488388,-10.498045921325684,15.014647483825684
0.05810546875,-0.9884033203125,0.0186767578125,-2.3193359375,-0.1831054538488388,14.770506858825684
0.0579833984375,-0.9940185546875,0.0281982421875,-1.2817381620407104,-4.82177734375,13.854979515075684
0.052978515625,-0.9833984375,0.0589599609375,1.6479490995407104,-10.314940452575684,12.634276390075684
0.0562744140625,-0.9793701171875,0.051513671875,6.530761241912842,-0.7934569716453552,3.540038824081421
0.06640625,-0.991455078125,0.0623779296875,9.765625,0.30517578125,-5.676269054412842
0.0823974609375,-0.9991455078125,0.10107421875,12.084959983825684,-4.21142578125,-12.939452171325684
0.09716796875,-1.0020751953125,0.134765625,12.268065452575684,-6.896972179412842,-15.075682640075684
0.110595703125,-0.99658203125,0.13671875,10.925292015075684,-5.859374523162842,-13.671874046325684
0.1297607421875,-0.988525390625,0.1168212890625,9.21630859375,-4.2724609375,-12.390135765075684
0.1514892578125,-0.9810791015625,0.0924072265625,7.080077648162842,-2.685546636581421,-13.122557640075684
0.1671142578125,-0.9736328125,0.0870361328125,4.7607421875,-2.990722417831421,-14.831542015075684
0.179931640625,-0.9622802734375,0.1097412109375,2.868652105331421,-7.934569835662842,-15.380858421325684
0.1898193359375,-0.9534912109375,0.137939453125,1.8920897245407104,-12.817381858825684,-12.939452171325684
0.185546875,-0.9666748046875,0.1217041015625,1.0986328125,-5.0048828125,-9.6435546875
0.1842041015625,-0.96337890625,0.115234375,1.8920897245407104,-2.563476324081421,-11.962889671325684
0.1890869140625,-0.955078125,0.1197509765625,4.0283203125,-3.417968511581421,-13.671874046325684
0.1903076171875,-0.9603271484375,0.112548828125,6.591796398162842,-3.540038824081421,-13.244627952575684
0.20263671875,-1.0093994140625,0.1124267578125,9.1552734375,-5.615233898162842,-13.732909202575684
0.234130859375,-1.056884765625,0.1383056640625,11.230467796325684,-15.136717796325684,-15.686034202575684
0.247802734375,-1.02734375,0.159423828125,11.230467796325684,-24.902341842651367,-13.061522483825684
0.236328125,-0.9581298828125,0.1590576171875,10.437010765075684,-26.855466842651367,-6.286620616912842
0.239013671875,-0.918701171875,0.1517333984375,11.047362327575684,-23.498533248901367,-4.69970703125
0.2655029296875,-0.917724609375,0.158203125,12.084959983825684,-19.95849609375,-9.6435546875
0.294921875,-0.930908203125,0.1875,12.268065452575684,-18.37158203125,-15.502928733825684
0.31884765625,-0.943359375,0.2279052734375,11.718749046325684,-16.7236328125,-19.04296875
0.33642578125,-0.94677734375,0.252685546875,11.352538108825684,-12.817381858825684,-19.53125
0.3465576171875,-0.93603515625,0.2451171875,11.535643577575684,-7.751464366912842,-16.90673828125
0.3544921875,-0.9215087890625,0.2279052734375,12.573241233825684,-5.798339366912842,-13.061522483825684
0.36572265625,-0.91064453125,0.2276611328125,14.465331077575684,-9.82666015625,-10.314940452575684
0.3822021484375,-0.8922119140625,0.2606201171875,15.502928733825684,-23.376462936401367,-6.896972179412842
0.388916015625,-0.8876953125,0.2716064453125,12.878417015075684,-25.207517623901367,-5.676269054412842
0.399169921875,-0.8826904296875,0.27392578125,9.033203125,-22.644041061401367,-5.554198741912842
0.4051513671875,-0.875,0.27392578125,6.225585460662842,-20.263669967651367,-6.774901866912842
0.4027099609375,-0.869873046875,0.274658203125,4.57763671875,-18.85986328125,-8.9111328125
0.393798828125,-0.876220703125,0.2740478515625,2.868652105331421,-15.319823265075684,-11.291502952575684
0.391357421875,-0.892578125,0.2672119140625,0.4882812201976776,-8.11767578125,-13.000487327575684
0.4049072265625,-0.9053955078125,0.2554931640625,-2.0751953125,0.1220703050494194,-13.671874046325684
0.42041015625,-0.9036865234375,0.2515869140625,-2.868652105331421,2.01416015625,-11.474608421325684
0.4078369140625,-0.8997802734375,0.2900390625,3.784179449081421,-16.17431640625,1.0986328125
0.39697265625,-0.91015625,0.283447265625,4.94384765625,-17.63916015625,6.958007335662842
0.39208984375,-0.9205322265625,0.2593994140625,3.417968511581421,-11.840819358825684,11.779784202575684
0.387939453125,-0.9239501953125,0.241455078125,1.9531248807907104,-7.080077648162842,16.4794921875
0.3909912109375,-0.9283447265625,0.236083984375,1.7700194120407104,-7.812499523162842,20.263669967651367
0.3953857421875,-0.9322509765625,0.227783203125,2.746581792831421,-13.793944358825684,22.338865280151367
0.384033203125,-0.91357421875,0.2149658203125,5.065917491912842,-24.658201217651367,23.437498092651367
0.3642578125,-0.8856201171875,0.2181396484375,7.873534679412842,-35.46142578125,23.254392623901367
0.3494873046875,-0.8836669921875,0.224853515625,7.934569835662842,-33.935546875,20.385740280151367
0.3385009765625,-0.9046630859375,0.2056884765625,3.662109136581421,-16.41845703125,14.892577171325684
0.3314208984375,-0.92333984375,0.17724609375,-2.38037109375,4.2724609375,8.85009765625
0.329345703125,-0.931640625,0.16552734375,-5.310058116912842,12.756346702575684,5.065917491912842
0.3238525390625,-0.9398193359375,0.15673828125,-4.0283203125,9.09423828125,5.187987804412842
0.317138671875,-0.9549560546875,0.137451171875,-2.3193359375,4.8828125,7.080077648162842
0.31689453125,-0.9671630859375,0.1376953125,-1.03759765625,0.1220703050494194,8.48388671875
0.31396484375,-0.9635009765625,0.157958984375,1.2817381620407104,-9.27734375,11.047362327575684
0.3031005859375,-0.94482421875,0.1602783203125,1.7089842557907104,-14.587401390075684,14.099120140075684
0.2877197265625,-0.924560546875,0.1517333984375,-1.220703125,-11.413573265075684,14.587401390075684
0.2774658203125,-0.9185791015625,0.1495361328125,-4.5166015625,-4.2724609375,11.413573265075684
0.2791748046875,-0.9295654296875,0.1490478515625,-6.469726085662842,3.845214605331421,5.310058116912842
0.28564453125,-0.94287109375,0.146728515625,-7.141112804412842,10.925292015075684,-1.3427733182907104
0.2901611328125,-0.94677734375,0.1478271484375,-7.202147960662842,15.930174827575684,-6.225585460662842
0.2918701171875,-0.9407958984375,0.154052734375,-6.896972179412842,19.287109375,-9.09423828125
0.300537109375,-0.939208984375,0.1546630859375,-5.859374523162842,22.583005905151367,-11.535643577575684
0.3140869140625,-0.947021484375,0.147705078125,-4.150390625,24.475095748901367,-12.451170921325684
0.315673828125,-0.9501953125,0.14990234375,-2.807616949081421,20.690916061401367,-9.09423828125
0.2984619140625,-0.941162109375,0.1781005859375,-3.845214605331421,6.469726085662842,-0.7324218153953552
0.2926025390625,-0.9451904296875,0.177490234375,-5.920409679412842,7.751464366912842,0.0
0.2965087890625,-0.949462890625,0.1563720703125,-8.6669921875,13.061522483825684,-0.30517578125
0.2943115234375,-0.9495849609375,0.11376953125,-11.413573265075684,16.66259765625,-0.6103515625
0.264892578125,-0.951416015625,0.068115234375,-13.305663108825684,15.808104515075684,1.0986328125
0.239501953125,-0.968017578125,0.063720703125,-12.084959983825684,9.09423828125,5.493163585662842
0.2608642578125,-0.9830322265625,0.11572265625,-6.652831554412842,-1.8310545682907104,8.60595703125
0.2850341796875,-0.97265625,0.1419677734375,-2.563476324081421,-4.8828125,7.751464366912842
0.2730712890625,-0.942626953125,0.099609375,-4.08935546875,5.0048828125,1.5258787870407104
0.25439453125,-0.92236328125,0.0721435546875,-6.103515148162842,12.939452171325684,-8.30078125
0.2357177734375,-0.929443359375,0.1060791015625,-4.7607421875,12.390135765075684,-14.526366233825684
0.2213134765625,-0.9547119140625,0.17822265625,-0.9155272841453552,9.3994140625,-14.099120140075684
0.2266845703125,-0.9761962890625,0.2474365234375,3.662109136581421,9.1552734375,-11.535643577575684
0.2421875,-0.9837646484375,0.26611328125,4.08935546875,21.911619186401367,-11.108397483825684
0.251220703125,-0.9718017578125,0.23876953125,-0.0610351525247097,42.724605560302734,-9.521484375
0.26611328125,-0.931884765625,0.1905517578125,-2.624511480331421,55.114742279052734,-2.3193359375
0.283447265625,-0.916259765625,0.12255859375,-0.9155272841453552,67.07763671875,3.479003667831421
0.30078125,-0.9603271484375,0.084716796875,3.601073980331421,80.62743377685547,1.15966796875
0.3385009765625,-0.9920654296875,0.1107177734375,6.896972179412842,75.927734375,-7.812499523162842
0.3564453125,-0.9556884765625,0.143798828125,2.44140625,60.852046966552734,-18.73779296875
0.346435546875,-0.8953857421875,0.177001953125,-6.835937023162842,52.062984466552734,-26.306150436401367
0.3480224609375,-0.8636474609375,0.22900390625,-12.268065452575684,47.485347747802734,-30.761716842651367
0.3623046875,-0.8583984375,0.26416015625,-14.282225608825684,46.508785247802734,-33.99658203125
0.39013671875,-0.8577880859375,0.2716064453125,-16.29638671875,48.950191497802734,-39.36767578125
0.4293212890625,-0.8572998046875,0.2730712890625,-19.71435546875,53.344722747802734,-47.180171966552734
0.4559326171875,-0.860107421875,0.268310546875,-24.414060592651367,59.936519622802734,-51.818843841552734
0.4613037109375,-0.8658447265625,0.2496337890625,-27.038572311401367,64.3310546875,-51.147457122802734
0.4603271484375,-0.8739013671875,0.2296142578125,-25.268552780151367,62.438961029052734,-47.546382904052734
0.4608154296875,-0.8812255859375,0.2291259765625,-20.507810592651367,55.541988372802734,-42.541500091552734
0.463134765625,-0.882568359375,0.25634765625,-15.075682640075684,45.471187591552734,-35.09521484375
0.465576171875,-0.8782958984375,0.296142578125,-9.70458984375,34.11865234375,-25.390623092651367
0.4652099609375,-0.876953125,0.3209228515625,-5.493163585662842,25.817869186401367,-16.29638671875
0.468505859375,-0.8751220703125,0.315673828125,-4.45556640625,24.353025436401367,-10.620116233825684
0.4779052734375,-0.8714599609375,0.2923583984375,-6.652831554412842,26.977537155151367,-8.056640625
0.4886474609375,-0.8658447265625,0.27197265625,-8.9111328125,25.329587936401367,-5.676269054412842
0.494384765625,-0.8563232421875,0.2596435546875,-9.09423828125,18.24951171875,-1.2817381620407104
0.490966796875,-0.8463134765625,0.2601318359375,-6.896972179412842,9.94873046875,3.479003667831421
0.4810791015625,-0.838134765625,0.28173828125,-3.295898199081421,2.746581792831421,6.408690929412842
0.4757080078125,-0.8343505859375,0.304931640625,-0.1220703050494194,-0.8544921278953552,6.958007335662842
0.4796142578125,-0.8380126953125,0.314453125,1.2817381620407104,-0.6713866591453552,6.286620616912842
0.4786376953125,-0.840576171875,0.3121337890625,1.2817381620407104,0.2441406100988388,6.713866710662842
0.4720458984375,-0.83935546875,0.3017578125,0.54931640625,0.30517578125,7.934569835662842
0.4669189453125,-0.841064453125,0.2911376953125,-0.7934569716453552,-0.6713866591453552,8.23974609375
0.4619140625,-0.8465576171875,0.2796630859375,-2.685546636581421,-2.38037109375,8.48388671875
0.4390869140625,-0.8543701171875,0.2706298828125,-7.568358898162842,-8.9111328125,11.474608421325684
0.4189453125,-0.86083984375,0.279296875,-10.131834983825684,-8.97216796875,13.305663108825684
0.41064453125,-0.8739013671875,0.2880859375,-11.535643577575684,-3.967284917831421,13.732909202575684
0.409912109375,-0.8887939453125,0.28369140625,-11.291502952575684,1.7700194120407104,13.854979515075684
0.4046630859375,-0.89794921875,0.2708740234375,-10.070799827575684,4.0283203125,14.953612327575684
0.3922119140625,-0.8975830078125,0.2677001953125,-8.72802734375,1.8310545682907104,16.7236328125
0.38134765625,-0.8978271484375,0.263671875,-8.48388671875,0.2441406100988388,18.310546875
0.3765869140625,-0.906005859375,0.247314453125,-9.1552734375,1.7089842557907104,18.1884765625
0.374755859375,-0.9151611328125,0.225830078125,-9.033203125,2.01416015625,16.78466796875
0.3719482421875,-0.918701171875,0.205322265625,-7.934569835662842,-0.0,15.380858421325684
0.3704833984375,-0.9163818359375,0.1890869140625,-6.591796398162842,-1.4038084745407104,13.183592796325684
0.370849609375,-0.9151611328125,0.1693115234375,-6.286620616912842,0.6103515625,7.873534679412842
0.3656005859375,-0.920654296875,0.1405029296875,-7.873534679412842,6.164550304412842,0.9765624403953552
0.3565673828125,-0.939453125,0.1124267578125,-9.765625,11.047362327575684,-4.8828125
0.342529296875,-0.9605712890625,0.0848388671875,-10.009765625,11.779784202575684,-8.36181640625
0.313232421875,-0.9619140625,0.0548095703125,-9.6435546875,8.85009765625,-7.690429210662842
0.2906494140625,-0.927734375,0.07470703125,-5.371093273162842,-17.88330078125,-2.13623046875
0.2991943359375,-0.9405517578125,0.0914306640625,-1.7700194120407104,-29.663084030151367,2.01416015625
0.2901611328125,-0.9735107421875,0.0770263671875,-3.173827886581421,-25.939939498901367,5.981444835662842
0.269287109375,-0.997802734375,0.056640625,-6.103515148162842,-20.01953125,10.314940452575684
0.2420654296875,-1.0035400390625,0.0511474609375,-6.103515148162842,-23.681638717651367,15.197752952575684
0.228759765625,-0.99365234375,0.070556640625,-3.417968511581421,-34.36279296875,17.76123046875
0.2236328125,-0.97900390625,0.0966796875,-0.1220703050494194,-43.334957122802734,17.63916015625
0.2181396484375,-0.961181640625,0.1190185546875,1.8310545682907104,-44.494625091552734,16.41845703125
0.2161865234375,-0.9495849609375,0.1409912109375,3.601073980331421,-39.6728515625,14.343260765075684
0.215087890625,-0.95361328125,0.132568359375,4.94384765625,-27.526853561401367,11.047362327575684
0.20947265625,-0.96435546875,0.0958251953125,5.493163585662842,-13.122557640075684,8.36181640625
0.206787109375,-0.969970703125,0.0780029296875,6.774901866912842,-7.263183116912842,8.4228515625
0.2139892578125,-0.9671630859375,0.0853271484375,8.48388671875,-8.7890625,9.82666015625
0.2210693359375,-0.9610595703125,0.0821533203125,8.72802734375,-8.7890625,10.437010765075684
0.224609375,-0.9613037109375,0.0570068359375,8.23974609375,-5.737304210662842,9.09423828125
0.23046875,-0.9630126953125,0.039306640625,10.070799827575684,-5.615233898162842,6.469726085662842
0.242431640625,-0.9639892578125,0.055419921875,14.160155296325684,-11.230467796325684,4.45556640625
0.2520751953125,-0.9678955078125,0.0853271484375,16.4794921875,-14.892577171325684,1.220703125
0.2476806640625,-0.96728515625,0.1131591796875,15.441893577575684,-13.549803733825684,-3.906249761581421
0.23486328125,-0.9833984375,0.1624755859375,13.671874046325684,-13.244627952575684,-6.652831554412842
0.2430419921875,-0.9764404296875,0.1656494140625,13.244627952575684,-12.084959983825684,-3.845214605331421
0.251220703125,-0.9512939453125,0.147216796875,11.474608421325684,-7.873534679412842,-0.4272460639476776
0.2608642578125,-0.9404296875,0.12451171875,9.1552734375,-1.9531248807907104,-0.9155272841453552
0.2718505859375,-0.938720703125,0.1253662109375,8.1787109375,0.3662109076976776,-5.187987804412842
0.2900390625,-0.937255859375,0.14501953125,8.6669921875,-1.7089842557907104,-10.864256858825684
0.30517578125,-0.9415283203125,0.159423828125,8.11767578125,-2.44140625,-15.319823265075684
0.304443359375,-0.943603515625,0.175537109375,5.737304210662842,-2.01416015625,-15.319823265075684
0.3023681640625,-0.937744140625,0.194091796875,3.601073980331421,-2.990722417831421,-12.695311546325684
0.3065185546875,-0.9298095703125,0.19580078125,2.44140625,-3.295898199081421,-11.413573265075684
0.3173828125,-0.92333984375,0.189208984375,1.8920897245407104,-3.479003667831421,-11.962889671325684
0.3377685546875,-0.9189453125,0.1932373046875,1.2817381620407104,-5.0048828125,-13.916014671325684
0.35693359375,-0.9163818359375,0.2032470703125,-0.7324218153953552,-4.33349609375,-15.563963890075684
0.3663330078125,-0.9119873046875,0.2142333984375,-3.845214605331421,-0.30517578125,-15.930174827575684
0.3685302734375,-0.901123046875,0.2330322265625,-5.615233898162842,3.723144292831421,-16.11328125
0.3734130859375,-0.89306640625,0.2564697265625,-5.981444835662842,8.36181640625,-17.51708984375
0.385986328125,-0.89501953125,0.271484375,-6.347655773162842,16.2353515625,-19.775390625
0.39892578125,-0.91455078125,0.276123046875,-6.530761241912842,24.475095748901367,-20.751951217651367
0.412841796875,-0.9417724609375,0.2646484375,-5.981444835662842,29.968259811401367,-17.9443359375
0.4208984375,-0.947021484375,0.2271728515625,-4.69970703125,32.958984375,-11.718749046325684
0.4251708984375,-0.9227294921875,0.1981201171875,-2.990722417831421,31.249998092651367,-7.019042491912842
0.4207763671875,-0.87890625,0.2486572265625,-2.624511480331421,22.583005905151367,-7.385253429412842
0.41162109375,-0.87841796875,0.25634765625,-5.676269054412842,28.015134811401367,-6.591796398162842
0.4249267578125,-0.875732421875,0.240966796875,-8.7890625,34.0576171875,-7.629394054412842
0.4462890625,-0.8675537109375,0.2274169921875,-10.620116233825684,33.0810546875,-9.94873046875
0.4564208984375,-0.859375,0.226318359375,-10.742186546325684,24.108884811401367,-9.94873046875
0.455810546875,-0.8536376953125,0.23046875,-10.009765625,13.366698265075684,-7.141112804412842
0.45654296875,-0.8592529296875,0.2342529296875,-8.6669921875,4.2724609375,-3.356933355331421
0.459228515625,-0.872314453125,0.2347412109375,-6.347655773162842,-3.479003667831421,0.3662109076976776
0.4505615234375,-0.870849609375,0.242431640625,-3.234863042831421,-9.33837890625,3.906249761581421
0.4364013671875,-0.861328125,0.2593994140625,0.30517578125,-12.634276390075684,6.042479991912842
0.4322509765625,-0.8629150390625,0.2667236328125,3.173827886581421,-12.695311546325684,6.469726085662842
0.4371337890625,-0.8729248046875,0.266357421875,5.065917491912842,-12.145995140075684,7.324218273162842
0.4403076171875,-0.8814697265625,0.267578125,6.164550304412842,-13.854979515075684,10.192870140075684
0.4351806640625,-0.8922119140625,0.27099609375,6.408690929412842,-16.78466796875,14.160155296325684
0.4246826171875,-0.9014892578125,0.262451171875,4.7607421875,-16.357421875,17.822265625
0.4185791015625,-0.907958984375,0.2322998046875,0.2441406100988388,-8.544921875,19.83642578125
0.4002685546875,-0.9151611328125,0.196044921875,-4.45556640625,0.6103515625,20.874021530151367
0.3680419921875,-0.9234619140625,0.173095703125,-6.591796398162842,3.112792730331421,21.484373092651367
0.344970703125,-0.929931640625,0.1629638671875,-6.958007335662842,1.9531248807907104,19.34814453125
0.3297119140625,-0.93212890625,0.1668701171875,-6.958007335662842,2.624511480331421,14.343260765075684
0.3154296875,-0.9366455078125,0.175537109375,-7.019042491912842,5.554198741912842,9.27734375
0.2999267578125,-0.9429931640625,0.1685791015625,-7.751464366912842,9.70458984375,6.591796398162842
0.279296875,-0.953369140625,0.15185546875,-8.9111328125,12.634276390075684,6.286620616912842
0.2569580078125,-0.9652099609375,0.131103515625,-10.131834983825684,13.427733421325684,6.591796398162842
0.239990234375,-0.97216796875,0.115966796875,-10.986327171325684,11.718749046325684,7.446288585662842
0.2283935546875,-0.9735107421875,0.1329345703125,-10.131834983825684,5.249022960662842,9.3994140625
0.2176513671875,-0.9671630859375,0.155517578125,-8.6669921875,-0.54931640625,10.742186546325684
0.2073974609375,-0.9517822265625,0.139892578125,-9.58251953125,2.807616949081421,8.544921875
0.208251953125,-0.94140625,0.1124267578125,-11.108397483825684,10.498045921325684,4.45556640625
0.220458984375,-0.9478759765625,0.10595703125,-10.925292015075684,15.441893577575684,2.807616949081421
0.2249755859375,-0.9635009765625,0.113037109375,-10.925292015075684,19.6533203125,3.173827886581421
0.214599609375,-0.9718017578125,0.138916015625,-9.8876953125,20.324705123901367,3.723144292831421
0.2056884765625,-0.9697265625,0.1700439453125,-5.615233898162842,15.502928733825684,4.94384765625
0.208251953125,-0.9678955078125,0.150390625,-2.624511480331421,14.221190452575684,5.065917491912842
0.2176513671875,-0.9703369140625,0.0906982421875,-4.21142578125,20.690916061401367,1.7089842557907104
0.2208251953125,-0.980712890625,0.0345458984375,-9.58251953125,31.860349655151367,-7.934569835662842
0.2266845703125,-0.9796142578125,0.04150390625,-9.58251953125,27.832029342651367,-9.33837890625
0.2301025390625,-0.984130859375,0.072265625,-6.286620616912842,14.038084983825684,-7.812499523162842
0.21240234375,-0.989013671875,0.101806640625,-1.9531248807907104,-1.4038084745407104,-4.150390625
0.194091796875,-0.9766845703125,0.1278076171875,1.5869139432907104,-13.854979515075684,0.9155272841453552
0.1912841796875,-0.9522705078125,0.158203125,5.126952648162842,-21.667478561401367,5.493163585662842
0.196044921875,-0.93994140625,0.1644287109375,7.385253429412842,-15.380858421325684,7.812499523162842
0.194580078125,-0.9544677734375,0.13525390625,6.774901866912842,5.798339366912842,7.934569835662842
0.1907958984375,-0.9769287109375,0.12109375,5.432128429412842,22.949216842651367,4.94384765625
0.19921875,-1.0040283203125,0.1099853515625,3.051757574081421,30.090330123901367,-1.03759765625
0.2099609375,-1.0240478515625,0.049560546875,-1.5869139432907104,36.80419921875,-4.45556640625
0.2333984375,-1.021728515625,0.013671875,-2.624511480331421,33.8134765625,-4.8828125
0.2623291015625,-0.995849609375,0.0582275390625,2.01416015625,15.319823265075684,-6.164550304412842
0.2684326171875,-0.951171875,0.1146240234375,6.042479991912842,-1.15966796875,-7.080077648162842
0.263916015625,-0.924560546875,0.1256103515625,6.103515148162842,-3.356933355331421,-6.408690929412842
0.27294921875,-0.9381103515625,0.1160888671875,5.798339366912842,-0.2441406100988388,-4.69970703125
0.2926025390625,-0.9593505859375,0.1214599609375,8.9111328125,-2.990722417831421,-3.112792730331421
0.300537109375,-0.958251953125,0.1422119140625,14.038084983825684,-12.084959983825684,-1.15966796875
0.299072265625,-0.9388427734375,0.1678466796875,18.12744140625,-21.972654342651367,0.3662109076976776
0.30126953125,-0.9210205078125,0.1878662109375,19.8974609375,-28.381345748901367,-0.0610351525247097
0.3109130859375,-0.9215087890625,0.194091796875,19.59228515625,-30.456541061401367,-2.01416015625
0.319091796875,-0.931396484375,0.1961669921875,18.49365234375,-31.921384811401367,-3.540038824081421
0.32080078125,-0.9400634765625,0.204345703125,18.1884765625,-36.2548828125,-2.624511480331421
0.32080078125,-0.9443359375,0.2132568359375,17.9443359375,-39.12353515625,-0.3662109076976776
0.3172607421875,-0.9407958984375,0.2283935546875,17.27294921875,-38.330078125,1.7089842557907104
0.31396484375,-0.932861328125,0.24462890625,16.17431640625,-36.31591796875,2.868652105331421
0.31201171875,-0.9261474609375,0.24365234375,14.465331077575684,-33.935546875,3.417968511581421
0.3057861328125,-0.92041015625,0.2352294921875,12.329100608825684,-32.28759765625,4.638671875
0.301513671875,-0.9176025390625,0.233154296875,10.498045921325684,-31.127927780151367,5.371093273162842
0.3087158203125,-0.923583984375,0.2330322265625,9.09423828125,-28.686521530151367,4.0283203125
0.3203125,-0.9371337890625,0.2269287109375,7.873534679412842,-24.719236373901367,2.624511480331421
0.323486328125,-0.9427490234375,0.215576171875,6.713866710662842,-21.606443405151367,3.112792730331421
0.3203125,-0.938232421875,0.2060546875,6.103515148162842,-21.850584030151367,4.33349609375
0.3182373046875,-0.9312744140625,0.2000732421875,5.920409679412842,-24.414060592651367,4.7607421875
0.321044921875,-0.9215087890625,0.2017822265625,5.798339366912842,-27.404783248901367,4.45556640625
0.3309326171875,-0.9139404296875,0.2147216796875,6.286620616912842,-30.761716842651367,3.540038824081421
0.343017578125,-0.91650390625,0.225830078125,7.019042491912842,-31.921384811401367,2.563476324081421
0.3504638671875,-0.9217529296875,0.2200927734375,7.263183116912842,-29.235837936401367,2.563476324081421
0.3526611328125,-0.9183349609375,0.21533203125,7.873534679412842,-27.282712936401367,3.173827886581421
0.3525390625,-0.913330078125,0.22509765625,8.7890625,-27.465818405151367,3.295898199081421
0.3521728515625,-0.9176025390625,0.22900390625,8.60595703125,-25.695798873901367,2.624511480331421
0.351318359375,-0.93017578125,0.2076416015625,6.958007335662842,-21.057126998901367,1.5869139432907104
0.353271484375,-0.937255859375,0.1849365234375,5.0048828125,-18.1884765625,1.7089842557907104
0.349853515625,-0.930419921875,0.18701171875,4.21142578125,-20.751951217651367,4.94384765625
0.3387451171875,-0.9193115234375,0.194091796875,4.638671875,-23.193357467651367,9.765625
0.33642578125,-0.91796875,0.1900634765625,6.103515148162842,-20.507810592651367,11.413573265075684
0.3455810546875,-0.9193115234375,0.185791015625,8.1787109375,-16.7236328125,9.765625
0.353515625,-0.91455078125,0.189453125,9.8876953125,-15.808104515075684,7.507323741912842
0.35791015625,-0.9107666015625,0.198974609375,10.986327171325684,-17.08984375,5.493163585662842
0.3658447265625,-0.91162109375,0.2215576171875,11.779784202575684,-19.71435546875,2.01416015625
0.3582763671875,-0.9140625,0.232177734375,10.375975608825684,-19.04296875,3.356933355331421
0.3385009765625,-0.9132080078125,0.2396240234375,7.934569835662842,-17.63916015625,6.896972179412842
0.313232421875,-0.913818359375,0.24072265625,4.94384765625,-16.41845703125,10.620116233825684
0.30810546875,-0.9244384765625,0.2310791015625,1.8310545682907104,-13.244627952575684,10.253905296325684
0.3243408203125,-0.932373046875,0.2205810546875,-0.9765624403953552,-6.591796398162842,4.94384765625
0.339599609375,-0.9327392578125,0.2152099609375,-3.540038824081421,2.01416015625,-2.13623046875
0.3447265625,-0.9315185546875,0.20703125,-6.042479991912842,11.047362327575684,-8.4228515625
0.343505859375,-0.930908203125,0.203125,-7.141112804412842,15.502928733825684,-11.657713890075684
0.3394775390625,-0.928466796875,0.2012939453125,-5.737304210662842,13.122557640075684,-10.559081077575684
0.3358154296875,-0.9302978515625,0.197998046875,-3.112792730331421,6.774901866912842,-6.774901866912842
0.335693359375,-0.9383544921875,0.19775390625,-0.8544921278953552,-0.6713866591453552,-2.563476324081421
0.3404541015625,-0.945068359375,0.195068359375,-0.1831054538488388,-6.591796398162842,1.4648436307907104
0.3480224609375,-0.9462890625,0.1876220703125,-0.4272460639476776,-11.840819358825684,5.859374523162842
0.3475341796875,-0.9410400390625,0.18310546875,0.54931640625,-20.446775436401367,11.413573265075684
0.3363037109375,-0.9359130859375,0.1878662109375,3.112792730331421,-31.127927780151367,17.4560546875
0.3232421875,-0.932373046875,0.198486328125,5.737304210662842,-38.0859375,20.996091842651367
0.3123779296875,-0.927978515625,0.2120361328125,7.202147960662842,-38.818359375,20.080564498901367
0.3045654296875,-0.9276123046875,0.2218017578125,7.324218273162842,-35.0341796875,16.41845703125
0.3001708984375,-0.93359375,0.216796875,6.286620616912842,-28.503416061401367,13.305663108825684
0.29931640625,-0.93896484375,0.2127685546875,5.615233898162842,-23.864744186401367,12.023924827575684
0.29931640625,-0.9415283203125,0.2244873046875,6.469726085662842,-24.902341842651367,13.000487327575684
0.292236328125,-0.945556640625,0.2315673828125,7.812499523162842,-28.137205123901367,15.930174827575684
0.2806396484375,-0.95458984375,0.21484375,7.812499523162842,-27.648923873901367,18.73779296875
0.2720947265625,-0.958740234375,0.1865234375,6.286620616912842,-24.291990280151367,19.47021484375
0.26708984375,-0.9459228515625,0.179443359375,4.94384765625,-25.085447311401367,18.37158203125
0.2586669921875,-0.93017578125,0.19677734375,4.94384765625,-31.127927780151367,16.7236328125
0.2440185546875,-0.92724609375,0.2083740234375,5.432128429412842,-34.60693359375,15.014647483825684
0.23046875,-0.935546875,0.195068359375,5.0048828125,-30.090330123901367,11.230467796325684
0.222412109375,-0.9481201171875,0.1702880859375,2.807616949081421,-20.568845748901367,4.69970703125
0.224609375,-0.9586181640625,0.1683349609375,-0.1831054538488388,-14.160155296325684,-1.03759765625
0.2322998046875,-0.9637451171875,0.1947021484375,-2.0751953125,-13.427733421325684,-2.197265625
0.23828125,-0.9642333984375,0.2161865234375,-1.9531248807907104,-12.817381858825684,0.2441406100988388
0.23828125,-0.9632568359375,0.2078857421875,-1.15966796875,-9.09423828125,3.723144292831421
0.234619140625,-0.9669189453125,0.1790771484375,-1.220703125,-4.08935546875,5.859374523162842
0.2327880859375,-0.972412109375,0.1580810546875,-1.8920897245407104,-1.4038084745407104,5.981444835662842
0.2296142578125,-0.9744873046875,0.156005859375,-2.0751953125,-2.44140625,5.126952648162842
0.2235107421875,-0.976318359375,0.1575927734375,-2.38037109375,-2.807616949081421,3.845214605331421
0.2171630859375,-0.9747314453125,0.1480712890625,-3.784179449081421,1.2817381620407104,2.01416015625
0.2174072265625,-0.969482421875,0.1278076171875,-5.920409679412842,7.385253429412842,-0.8544921278953552
0.2196044921875,-0.956787109375,0.10595703125,-7.446288585662842,9.765625,-3.295898199081421
0.209228515625,-0.94921875,0.090576171875,-7.141112804412842,6.591796398162842,-2.807616949081421
0.19091796875,-0.966796875,0.0836181640625,-6.225585460662842,2.807616949081421,-0.30517578125
0.18408203125,-0.992919921875,0.0875244140625,-6.042479991912842,0.2441406100988388,1.6479490995407104
0.1856689453125,-1.006591796875,0.0970458984375,-5.981444835662842,-3.417968511581421,2.25830078125
0.187255859375,-0.9949951171875,0.09619140625,-6.042479991912842,-7.629394054412842,2.197265625
0.1834716796875,-0.9700927734375,0.0787353515625,-6.103515148162842,-10.070799827575684,2.01416015625
0.1748046875,-0.962890625,0.06396484375,-5.493163585662842,-10.314940452575684,1.0986328125
0.1708984375,-0.97607421875,0.0755615234375,-3.295898199081421,-10.314940452575684,-1.0986328125
0.1739501953125,-0.989501953125,0.11279296875,0.1831054538488388,-11.230467796325684,-2.929687261581421
0.1785888671875,-0.98876953125,0.156005859375,3.845214605331421,-12.390135765075684,-2.01416015625
0.1767578125,-0.98388671875,0.1729736328125,6.530761241912842,-10.559081077575684,1.7089842557907104
0.1695556640625,-0.9813232421875,0.158935546875,6.896972179412842,-4.638671875,6.042479991912842
0.1614990234375,-0.9749755859375,0.129638671875,4.638671875,3.051757574081421,7.934569835662842
0.15966796875,-0.973876953125,0.109375,1.9531248807907104,9.033203125,5.981444835662842
0.16064453125,-0.9783935546875,0.1131591796875,1.0986328125,11.596678733825684,2.0751953125
0.1546630859375,-0.98193359375,0.122802734375,0.7934569716453552,13.732909202575684,-1.220703125
0.14697265625,-0.985595703125,0.1270751953125,-0.1831054538488388,17.88330078125,-3.479003667831421
0.1470947265625,-0.988525390625,0.1280517578125,-1.15966796875,23.315427780151367,-3.784179449081421
0.15283203125,-0.9951171875,0.1156005859375,-1.6479490995407104,29.541013717651367,-1.7089842557907104
0.1607666015625,-1.005126953125,0.09130859375,-1.7089842557907104,33.69140625,0.7934569716453552
0.1717529296875,-0.99853515625,0.081787109375,-0.6103515625,30.456541061401367,2.3193359375
0.1732177734375,-0.9742431640625,0.0848388671875,0.7934569716453552,24.169919967651367,2.563476324081421
0.16845703125,-0.96142578125,0.0789794921875,0.7934569716453552,22.949216842651367,-0.0610351525247097
0.1768798828125,-0.97265625,0.07373046875,0.6103515625,23.193357467651367,-4.69970703125
0.2000732421875,-0.9949951171875,0.08203125,1.15966796875,18.12744140625,-7.690429210662842
0.2152099609375,-1.00732421875,0.08642578125,1.220703125,10.192870140075684,-6.896972179412842
0.205322265625,-1.0025634765625,0.0797119140625,0.0610351525247097,3.662109136581421,-2.807616949081421
0.19482421875,-0.997314453125,0.0911865234375,-1.03759765625,-3.112792730331421,0.9765624403953552
0.1988525390625,-0.988525390625,0.119384765625,-1.4648436307907104,-10.070799827575684,2.197265625
0.20068359375,-0.9622802734375,0.13330078125,-2.197265625,-12.451170921325684,1.5258787870407104
0.2052001953125,-0.942626953125,0.1341552734375,-2.13623046875,-7.995604991912842,-1.7700194120407104
0.222900390625,-0.948974609375,0.13623046875,-0.1831054538488388,0.9765624403953552,-7.263183116912842
0.2410888671875,-0.953369140625,0.1427001953125,1.9531248807907104,7.995604991912842,-10.925292015075684
0.25439453125,-0.9434814453125,0.1541748046875,3.234863042831421,9.6435546875,-12.512206077575684
0.266357421875,-0.9356689453125,0.1759033203125,4.08935546875,9.521484375,-14.953612327575684
0.27783203125,-0.9307861328125,0.200927734375,3.784179449081421,12.512206077575684,-18.49365234375
0.2906494140625,-0.92578125,0.212890625,1.9531248807907104,18.73779296875,-22.216794967651367
0.3125,-0.9210205078125,0.2193603515625,-0.0,23.742673873901367,-25.573728561401367
0.3348388671875,-0.9139404296875,0.2274169921875,-1.4038084745407104,26.733396530151367,-28.442380905151367
0.348388671875,-0.90625,0.2308349609375,-3.112792730331421,31.372068405151367,-30.639646530151367
0.36083984375,-0.9005126953125,0.2308349609375,-4.82177734375,37.29248046875,-32.77587890625
0.3775634765625,-0.89990234375,0.2333984375,-5.615233898162842,41.625972747802734,-34.97314453125
0.3973388671875,-0.9044189453125,0.23779296875,-5.065917491912842,42.297359466552734,-36.2548828125
0.41259765625,-0.9022216796875,0.2391357421875,-3.845214605331421,39.4287109375,-35.46142578125
0.4183349609375,-0.896240234375,0.2403564453125,-3.601073980331421,35.70556640625,-32.53173828125
0.4249267578125,-0.8973388671875,0.253173828125,-5.0048828125,34.3017578125,-29.418943405151367
0.4384765625,-0.9051513671875,0.260009765625,-7.568358898162842,37.29248046875,-27.709959030151367
0.4462890625,-0.9073486328125,0.2239990234375,-10.864256858825684,44.311519622802734,-26.672361373901367
0.447998046875,-0.9000244140625,0.180908203125,-13.305663108825684,48.828121185302734,-25.329587936401367
0.459228515625,-0.8797607421875,0.218994140625,-10.925292015075684,33.0810546875,-19.34814453125
0.4639892578125,-0.870361328125,0.25048828125,-8.72802734375,23.071287155151367,-13.427733421325684
0.463623046875,-0.8643798828125,0.260009765625,-7.324218273162842,17.27294921875,-8.1787109375
0.4620361328125,-0.8607177734375,0.2525634765625,-6.896972179412842,14.953612327575684,-5.737304210662842
0.4593505859375,-0.856689453125,0.24951171875,-6.591796398162842,12.145995140075684,-5.065917491912842
0.45458984375,-0.854248046875,0.2591552734375,-6.042479991912842,7.934569835662842,-4.39453125
0.4493408203125,-0.858642578125,0.2694091796875,-6.164550304412842,5.676269054412842,-3.234863042831421
0.4517822265625,-0.8677978515625,0.2694091796875,-7.202147960662842,7.141112804412842,-1.7089842557907104
0.4627685546875,-0.875,0.2606201171875,-8.4228515625,10.253905296325684,-0.2441406100988388
0.4593505859375,-0.870361328125,0.236083984375,-9.3994140625,13.854979515075684,2.563476324081421
0.454345703125,-0.866943359375,0.23828125,-9.58251953125,14.099120140075684,2.563476324081421
0.4544677734375,-0.86962890625,0.2418212890625,-10.437010765075684,15.319823265075684,2.50244140625
0.45458984375,-0.8785400390625,0.2369384765625,-11.535643577575684,18.37158203125,3.234863042831421
0.449462890625,-0.8895263671875,0.2239990234375,-12.634276390075684,22.155759811401367,4.69970703125
0.442626953125,-0.89501953125,0.214599609375,-13.610838890075684,23.986814498901367,5.737304210662842
0.4346923828125,-0.8936767578125,0.217529296875,-13.671874046325684,21.057126998901367,5.737304210662842
0.4224853515625,-0.889892578125,0.2288818359375,-12.390135765075684,13.854979515075684,6.896972179412842
0.409423828125,-0.8876953125,0.236328125,-10.009765625,6.469726085662842,10.314940452575684
0.403564453125,-0.887939453125,0.2333984375,-7.385253429412842,2.13623046875,13.610838890075684
0.404541015625,-0.88720703125,0.2193603515625,-5.0048828125,0.4882812201976776,15.197752952575684
0.400390625,-0.88916015625,0.203857421875,-3.112792730331421,0.0610351525247097,15.441893577575684
0.3868408203125,-0.8983154296875,0.1995849609375,-2.13623046875,0.1831054538488388,15.136717796325684
0.372802734375,-0.910400390625,0.198974609375,-2.13623046875,1.4038084745407104,14.953612327575684
0.3624267578125,-0.9217529296875,0.1947021484375,-2.50244140625,2.868652105331421,15.197752952575684
0.3548583984375,-0.92724609375,0.1929931640625,-2.44140625,1.8310545682907104,15.991209983825684
0.333740234375,-0.9266357421875,0.19775390625,-1.15966796875,-4.7607421875,19.53125
0.3140869140625,-0.9378662109375,0.1954345703125,-1.4038084745407104,-3.295898199081421,19.775390625
0.2957763671875,-0.9476318359375,0.183837890625,-2.685546636581421,2.0751953125,18.00537109375
0.2825927734375,-0.946533203125,0.170166015625,-3.967284917831421,6.408690929412842,15.014647483825684
0.2698974609375,-0.9498291015625,0.159912109375,-4.57763671875,7.812499523162842,11.352538108825684
0.2515869140625,-0.9619140625,0.15087890625,-5.554198741912842,9.27734375,8.11767578125
0.2313232421875,-0.970458984375,0.1363525390625,-7.934569835662842,13.305663108825684,6.591796398162842
0.2220458984375,-0.975830078125,0.123779296875,-9.765625,15.014647483825684,5.371093273162842
0.217041015625,-0.978515625,0.1173095703125,-9.8876953125,11.108397483825684,4.21142578125
0.205810546875,-0.9742431640625,0.111328125,-10.498045921325684,7.324218273162842,4.0283203125
0.1937255859375,-0.9664306640625,0.1094970703125,-12.390135765075684,6.469726085662842,3.845214605331421
0.1868896484375,-0.9664306640625,0.11083984375,-13.427733421325684,5.187987804412842,3.295898199081421
0.1837158203125,-0.9766845703125,0.106201171875,-12.878417015075684,2.50244140625,2.929687261581421
0.17724609375,-0.9827880859375,0.0966796875,-12.268065452575684,0.54931640625,2.685546636581421
0.17041015625,-0.975341796875,0.09228515625,-11.901854515075684,-1.4038084745407104,2.624511480331421
0.1636962890625,-0.965087890625,0.097900390625,-10.986327171325684,-2.807616949081421,2.746581792831421
0.153076171875,-0.9681396484375,0.109375,-9.521484375,-1.7089842557907104,2.25830078125
0.147705078125,-0.9766845703125,0.1171875,-8.48388671875,2.25830078125,0.4272460639476776
0.1612548828125,-0.9752197265625,0.1162109375,-8.11767578125,6.713866710662842,-1.9531248807907104
0.1781005859375,-0.9776611328125,0.10498046875,-7.934569835662842,10.925292015075684,-2.929687261581421
0.1790771484375,-0.9881591796875,0.0797119140625,-8.9111328125,17.27294921875,-3.051757574081421
0.1746826171875,-0.99072265625,0.05859375,-10.253905296325684,22.521970748901367,-3.845214605331421
0.1734619140625,-0.983154296875,0.0677490234375,-9.521484375,22.155759811401367,-5.554198741912842
0.189208984375,-0.950927734375,0.1170654296875,-4.2724609375,23.010251998901367,-7.995604991912842
0.2080078125,-0.9512939453125,0.1099853515625,-0.8544921278953552,30.090330123901367,-7.934569835662842
0.259033203125,-1.0084228515625,0.0745849609375,2.990722417831421,38.26904296875,-14.648436546325684
0.263427734375,-0.984130859375,0.0760498046875,1.4648436307907104,35.15625,-19.6533203125
0.2550048828125,-0.9588623046875,0.0859375,-0.30517578125,32.71484375,-18.49365234375
0.265869140625,-0.9576416015625,0.11865234375,0.4882812201976776,29.418943405151367,-12.695311546325684
0.2918701171875,-0.9603271484375,0.1527099609375,4.150390625,22.827146530151367,-6.347655773162842
0.306396484375,-0.9495849609375,0.1431884765625,6.103515148162842,20.507810592651367,-3.356933355331421
0.306884765625,-0.93408203125,0.099853515625,3.234863042831421,26.367185592651367,-6.347655773162842
0.30908203125,-0.9263916015625,0.090087890625,-0.2441406100988388,30.334470748901367,-12.573241233825684
0.3155517578125,-0.9239501953125,0.1314697265625,-0.7324218153953552,28.015134811401367,-16.7236328125
0.32275390625,-0.9232177734375,0.167724609375,-0.1831054538488388,27.221677780151367,-18.37158203125
0.330810546875,-0.9222412109375,0.1707763671875,-0.4272460639476776,30.700681686401367,-20.01953125
0.341796875,-0.92236328125,0.1669921875,-0.4882812201976776,31.921384811401367,-21.484373092651367
0.3572998046875,-0.9259033203125,0.1773681640625,0.4272460639476776,28.808591842651367,-21.179197311401367
0.3695068359375,-0.9239501953125,0.1925048828125,1.7700194120407104,24.047849655151367,-18.798828125
0.3743896484375,-0.91357421875,0.2054443359375,2.929687261581421,19.287109375,-17.15087890625
0.3759765625,-0.9100341796875,0.2197265625,2.990722417831421,15.991209983825684,-18.12744140625
0.376220703125,-0.919189453125,0.230712890625,1.5869139432907104,16.29638671875,-19.53125
0.3734130859375,-0.931640625,0.224609375,-0.9765624403953552,20.141599655151367,-18.9208984375
0.3746337890625,-0.9384765625,0.2135009765625,-3.112792730331421,23.132322311401367,-15.808104515075684
0.3848876953125,-0.9351806640625,0.2314453125,-2.563476324081421,18.49365234375,-10.192870140075684
0.388916015625,-0.922119140625,0.2691650390625,0.6713866591453552,7.080077648162842,-1.9531248807907104
0.3853759765625,-0.9080810546875,0.2911376953125,3.967284917831421,-2.746581792831421,6.225585460662842
0.3822021484375,-0.8988037109375,0.277587890625,4.5166015625,-3.479003667831421,10.009765625
0.3809814453125,-0.895751953125,0.23681640625,2.0751953125,3.417968511581421,8.11767578125
0.3819580078125,-0.8941650390625,0.21484375,-0.3662109076976776,7.873534679412842,4.08935546875
0.3818359375,-0.89501953125,0.2716064453125,-0.0610351525247097,0.2441406100988388,2.624511480331421
0.379638671875,-0.8990478515625,0.2896728515625,-0.1220703050494194,-1.0986328125,3.784179449081421
0.3785400390625,-0.8992919921875,0.2867431640625,-0.9155272841453552,-0.2441406100988388,4.8828125
0.378173828125,-0.89501953125,0.2762451171875,-1.8310545682907104,0.30517578125,5.676269054412842
0.375732421875,-0.8887939453125,0.27197265625,-2.563476324081421,-0.1831054538488388,6.530761241912842
0.3753662109375,-0.887451171875,0.2811279296875,-2.929687261581421,-1.2817381620407104,7.324218273162842
0.3775634765625,-0.8924560546875,0.292236328125,-2.746581792831421,-1.5869139432907104,7.873534679412842
0.35888671875,-0.914306640625,0.2757568359375,-2.685546636581421,2.13623046875,9.3994140625
0.3504638671875,-0.9337158203125,0.247802734375,-4.638671875,6.835937023162842,9.8876953125
0.34423828125,-0.9371337890625,0.2220458984375,-6.713866710662842,9.70458984375,9.27734375
0.3233642578125,-0.9173583984375,0.2158203125,-6.958007335662842,5.187987804412842,9.521484375
0.29638671875,-0.9107666015625,0.223876953125,-5.493163585662842,-2.3193359375,11.779784202575684
0.2818603515625,-0.9273681640625,0.2218017578125,-4.5166015625,-1.7089842557907104,13.122557640075684
0.2840576171875,-0.9453125,0.2110595703125,-4.638671875,5.920409679412842,10.803221702575684
0.2911376953125,-0.9517822265625,0.1968994140625,-5.065917491912842,12.145995140075684,5.0048828125
0.294189453125,-0.9522705078125,0.1689453125,-5.615233898162842,15.075682640075684,-1.03759765625
0.2894287109375,-0.9583740234375,0.129150390625,-6.408690929412842,15.686034202575684,-4.82177734375
0.278564453125,-0.970703125,0.0947265625,-7.934569835662842,14.526366233825684,-5.615233898162842
0.2674560546875,-0.980224609375,0.0799560546875,-9.58251953125,11.230467796325684,-4.150390625
0.260009765625,-0.9805908203125,0.080322265625,-10.131834983825684,5.981444835662842,-1.8920897245407104
0.2564697265625,-0.9698486328125,0.08447265625,-9.82666015625,0.7934569716453552,0.0
0.258544921875,-0.9488525390625,0.093505859375,-6.408690929412842,-9.82666015625,1.2817381620407104
0.2537841796875,-0.9560546875,0.09375,-4.82177734375,-12.084959983825684,1.8310545682907104
0.25244140625,-0.9622802734375,0.1051025390625,-3.295898199081421,-13.427733421325684,2.13623046875
0.2559814453125,-0.95703125,0.12646484375,-0.2441406100988388,-17.15087890625,2.3193359375
0.2525634765625,-0.948486328125,0.1226806640625,2.25830078125,-18.24951171875,1.9531248807907104
0.2431640625,-0.9515380859375,0.0943603515625,2.01416015625,-13.671874046325684,0.1220703050494194
0.2432861328125,-0.966552734375,0.0809326171875,1.4038084745407104,-9.94873046875,-2.38037109375
0.248779296875,-0.9783935546875,0.092529296875,2.01416015625,-10.681151390075684,-3.234863042831421
0.252685546875,-0.9757080078125,0.11572265625,2.44140625,-11.169432640075684,-2.25830078125
0.245849609375,-0.965087890625,0.14208984375,2.868652105331421,-9.765625,0.4272460639476776
0.2261962890625,-0.9603271484375,0.162353515625,3.906249761581421,-7.141112804412842,2.25830078125
0.208984375,-0.958740234375,0.1868896484375,6.408690929412842,-5.493163585662842,3.051757574081421
0.21240234375,-0.94921875,0.2178955078125,10.803221702575684,-6.042479991912842,4.39453125
0.22900390625,-0.9405517578125,0.2239990234375,13.366698265075684,-0.54931640625,3.723144292831421
0.2431640625,-0.9415283203125,0.2113037109375,11.840819358825684,11.230467796325684,-0.1220703050494194
0.26708984375,-0.950439453125,0.190673828125,7.568358898162842,21.545408248901367,-6.652831554412842
0.29345703125,-0.959716796875,0.15673828125,0.8544921278953552,31.494138717651367,-13.977049827575684
0.3076171875,-0.9534912109375,0.1507568359375,-5.0048828125,37.17041015625,-17.7001953125
0.3109130859375,-0.935546875,0.1864013671875,-6.164550304412842,33.63037109375,-16.54052734375
0.328125,-0.9156494140625,0.2012939453125,-5.187987804412842,32.3486328125,-10.620116233825684
0.336669921875,-0.9173583984375,0.18408203125,-6.896972179412842,37.41455078125,-11.230467796325684
0.3387451171875,-0.9163818359375,0.17919921875,-9.1552734375,40.527339935302734,-14.526366233825684
0.3441162109375,-0.912353515625,0.1943359375,-9.8876953125,39.1845703125,-18.12744140625
0.353515625,-0.9091796875,0.220458984375,-8.6669921875,34.11865234375,-20.629880905151367
0.3616943359375,-0.906982421875,0.2337646484375,-7.629394054412842,30.883787155151367,-22.277830123901367
0.3720703125,-0.905029296875,0.2362060546875,-7.629394054412842,31.127927780151367,-22.705076217651367
0.3790283203125,-0.9085693359375,0.2442626953125,-7.263183116912842,31.188962936401367,-20.507810592651367
0.3895263671875,-0.9122314453125,0.251220703125,-5.798339366912842,28.869626998901367,-17.08984375
0.4041748046875,-0.9053955078125,0.23876953125,-4.57763671875,26.550291061401367,-14.953612327575684
0.4044189453125,-0.899658203125,0.2200927734375,-5.310058116912842,26.855466842651367,-14.221190452575684
0.3995361328125,-0.905517578125,0.222412109375,-6.835937023162842,26.428220748901367,-13.549803733825684
0.40380859375,-0.9078369140625,0.240966796875,-6.408690929412842,21.667478561401367,-11.108397483825684
0.408935546875,-0.8995361328125,0.2618408203125,-4.21142578125,14.709471702575684,-6.347655773162842
0.4073486328125,-0.8917236328125,0.27783203125,-1.5869139432907104,8.1787109375,-1.8310545682907104
0.4022216796875,-0.889892578125,0.2744140625,-0.1220703050494194,5.065917491912842,-0.0610351525247097
0.4010009765625,-0.8919677734375,0.2493896484375,-1.3427733182907104,8.11767578125,-1.15966796875
0.4046630859375,-0.8916015625,0.2232666015625,-3.234863042831421,11.352538108825684,-3.234863042831421
0.40771484375,-0.8887939453125,0.2142333984375,-4.39453125,9.09423828125,-3.967284917831421
0.4095458984375,-0.889404296875,0.2244873046875,-4.8828125,3.051757574081421,-2.807616949081421
0.407470703125,-0.8919677734375,0.241943359375,-5.126952648162842,-3.173827886581421,-0.6713866591453552
0.403564453125,-0.892578125,0.2587890625,-4.7607421875,-8.6669921875,1.4648436307907104
0.4033203125,-0.8929443359375,0.267578125,-3.601073980331421,-13.916014671325684,3.662109136581421
0.40283203125,-0.8988037109375,0.2606201171875,-1.8310545682907104,-18.61572265625,7.141112804412842
0.4024658203125,-0.90673828125,0.2490234375,0.6103515625,-23.620603561401367,11.962889671325684
0.4033203125,-0.9073486328125,0.245849609375,2.990722417831421,-28.991697311401367,16.9677734375
0.39990234375,-0.90576171875,0.242431640625,4.33349609375,-32.470703125,21.362302780151367
0.3916015625,-0.9119873046875,0.231201171875,5.249022960662842,-34.423828125,24.902341842651367
0.3717041015625,-0.92919921875,0.2059326171875,5.493163585662842,-34.7900390625,27.648923873901367
0.3485107421875,-0.94091796875,0.1756591796875,4.39453125,-34.72900390625,28.930662155151367
0.3328857421875,-0.9327392578125,0.167236328125,3.356933355331421,-40.893550872802734,29.663084030151367
0.314208984375,-0.9190673828125,0.1678466796875,3.479003667831421,-49.499507904052734,30.883787155151367
0.294921875,-0.918212890625,0.154296875,4.08935546875,-50.048824310302734,29.113767623901367
0.289306640625,-0.933349609375,0.131103515625,5.065917491912842,-42.724605560302734,21.667478561401367
0.2989501953125,-0.949951171875,0.1124267578125,6.469726085662842,-35.82763671875,11.718749046325684
0.303955078125,-0.9560546875,0.099365234375,7.812499523162842,-33.447265625,4.33349609375
0.2872314453125,-0.9617919921875,0.0843505859375,7.934569835662842,-33.3251953125,0.9155272841453552
0.26123046875,-0.974609375,0.0645751953125,7.690429210662842,-34.3017578125,0.3662109076976776
0.2462158203125,-0.991455078125,0.0533447265625,8.60595703125,-37.90283203125,2.197265625
0.246826171875,-0.9974365234375,0.0703125,10.375975608825684,-45.898433685302734,6.958007335662842
0.2501220703125,-0.991455078125,0.1009521484375,12.512206077575684,-55.725093841552734,13.977049827575684
0.244140625,-0.979736328125,0.118408203125,14.221190452575684,-61.279293060302734,19.71435546875
0.22998046875,-0.9637451171875,0.130126953125,14.282225608825684,-61.462398529052734,20.812986373901367
0.214111328125,-0.955078125,0.1412353515625,12.634276390075684,-57.189937591552734,18.00537109375
0.202392578125,-0.9593505859375,0.136962890625,10.192870140075684,-49.255367279052734,14.038084983825684
0.199951171875,-0.96923828125,0.123291015625,8.544921875,-41.748043060302734,10.681151390075684
0.2109375,-0.97265625,0.1116943359375,7.690429210662842,-37.7197265625,7.202147960662842
0.218505859375,-0.96728515625,0.0987548828125,6.164550304412842,-34.423828125,2.868652105331421
0.2049560546875,-0.9591064453125,0.0819091796875,2.746581792831421,-27.465818405151367,-1.03759765625
0.19091796875,-0.964599609375,0.084228515625,-0.7324218153953552,-19.04296875,-4.57763671875
0.1944580078125,-0.977783203125,0.1275634765625,-0.7324218153953552,-15.747069358825684,-8.11767578125
0.2081298828125,-0.979248046875,0.1807861328125,2.685546636581421,-18.12744140625,-9.3994140625
0.2010498046875,-0.9766845703125,0.14697265625,3.051757574081421,-2.929687261581421,-6.408690929412842
0.2001953125,-0.98046875,0.1029052734375,-0.2441406100988388,8.7890625,-5.676269054412842
0.2127685546875,-0.971923828125,0.088134765625,-1.3427733182907104,9.94873046875,-4.39453125
0.2313232421875,-0.9576416015625,0.081787109375,-0.8544921278953552,7.019042491912842,-2.868652105331421
0.246826171875,-0.9521484375,0.0697021484375,-0.1220703050494194,6.958007335662842,-3.417968511581421
0.2562255859375,-0.9608154296875,0.0743408203125,1.7089842557907104,5.554198741912842,-5.310058116912842
0.2691650390625,-0.9652099609375,0.0941162109375,4.45556640625,0.9765624403953552,-6.958007335662842
0.2860107421875,-0.9527587890625,0.104248046875,6.530761241912842,-1.8310545682907104,-7.385253429412842
0.319580078125,-0.9407958984375,0.097412109375,8.72802734375,-1.4648436307907104,-8.23974609375
0.330322265625,-0.9415283203125,0.107177734375,9.46044921875,-3.051757574081421,-9.70458984375
0.3375244140625,-0.930419921875,0.13720703125,9.765625,-4.7607421875,-9.521484375
0.345458984375,-0.917236328125,0.1668701171875,10.925292015075684,-5.310058116912842,-8.056640625
0.3553466796875,-0.9150390625,0.179443359375,13.671874046325684,-5.554198741912842,-7.080077648162842
0.3660888671875,-0.924560546875,0.1824951171875,16.7236328125,-7.385253429412842,-7.141112804412842
0.3787841796875,-0.9326171875,0.182373046875,18.24951171875,-10.620116233825684,-7.202147960662842
0.391357421875,-0.931640625,0.183837890625,17.76123046875,-13.488768577575684,-6.042479991912842
0.3975830078125,-0.9246826171875,0.194091796875,15.380858421325684,-14.587401390075684,-3.662109136581421
0.3992919921875,-0.9107666015625,0.2060546875,12.573241233825684,-15.380858421325684,-0.6103515625
0.3997802734375,-0.8953857421875,0.2076416015625,10.742186546325684,-16.845703125,2.0751953125
0.40380859375,-0.8834228515625,0.20458984375,9.8876953125,-18.310546875,2.868652105331421
0.4117431640625,-0.875,0.2181396484375,9.70458984375,-20.324705123901367,1.03759765625
0.4185791015625,-0.881591796875,0.2430419921875,9.70458984375,-22.338865280151367,-2.0751953125
0.4287109375,-0.8970947265625,0.252197265625,8.97216796875,-21.118162155151367,-3.479003667831421
0.439208984375,-0.8935546875,0.2464599609375,7.141112804412842,-18.24951171875,-1.8310545682907104
0.4417724609375,-0.8653564453125,0.246337890625,5.737304210662842,-19.775390625,-0.0610351525247097
0.43896484375,-0.8392333984375,0.25244140625,5.554198741912842,-26.184080123901367,-1.7700194120407104
0.4322509765625,-0.843505859375,0.2523193359375,4.94384765625,-29.602048873901367,-6.286620616912842
0.427734375,-0.8675537109375,0.23828125,2.38037109375,-25.390623092651367,-10.803221702575684
0.434326171875,-0.8819580078125,0.2156982421875,-1.03759765625,-17.63916015625,-14.343260765075684
0.4454345703125,-0.8829345703125,0.2073974609375,-3.295898199081421,-11.413573265075684,-16.05224609375
0.45166015625,-0.8970947265625,0.2174072265625,-3.417968511581421,-9.33837890625,-14.160155296325684
0.4517822265625,-0.9249267578125,0.2191162109375,-2.13623046875,-10.986327171325684,-7.568358898162842
0.446533203125,-0.943115234375,0.2034912109375,1.0986328125,-16.9677734375,2.3193359375
0.445068359375,-0.9306640625,0.191162109375,12.207030296325684,-40.710445404052734,20.629880905151367
0.4576416015625,-0.9166259765625,0.18603515625,18.00537109375,-52.246089935302734,26.855466842651367
0.465087890625,-0.8919677734375,0.171630859375,23.315427780151367,-64.14794921875,31.494138717651367
0.4404296875,-0.875,0.164306640625,26.062009811401367,-73.8525390625,35.888671875
0.3958740234375,-0.8778076171875,0.16357421875,25.329587936401367,-75.1953125,38.6962890625
0.3643798828125,-0.9012451171875,0.1324462890625,20.874021530151367,-63.476558685302734,35.0341796875
0.350830078125,-0.935302734375,0.0706787109375,14.587401390075684,-46.630855560302734,26.611326217651367
0.3514404296875,-0.9527587890625,0.0499267578125,11.047362327575684,-42.968746185302734,20.629880905151367
0.349609375,-0.94580078125,0.0865478515625,11.657713890075684,-53.039546966552734,20.812986373901367
0.3248291015625,-0.9404296875,0.1199951171875,12.878417015075684,-59.448238372802734,23.986814498901367
0.2880859375,-0.95068359375,0.11669921875,11.962889671325684,-53.833003997802734,24.169919967651367
0.2664794921875,-0.9619140625,0.099365234375,9.70458984375,-43.518062591552734,20.01953125
0.2611083984375,-0.962890625,0.0909423828125,7.873534679412842,-36.1328125,14.465331077575684
0.26025390625,-0.965576171875,0.0943603515625,7.324218273162842,-32.77587890625,10.803221702575684
0.258544921875,-0.98095703125,0.1094970703125,7.690429210662842,-31.921384811401367,10.070799827575684
0.2481689453125,-0.9879150390625,0.133544921875,7.446288585662842,-32.1044921875,11.352538108825684
0.226806640625,-0.976318359375,0.1531982421875,4.69970703125,-30.212400436401367,13.366698265075684
0.1968994140625,-0.9659423828125,0.1431884765625,-1.0986328125,-21.362302780151367,14.282225608825684
0.1695556640625,-0.9661865234375,0.111083984375,-6.713866710662842,-8.85009765625,14.709471702575684
0.1602783203125,-0.96435546875,0.0928955078125,-8.23974609375,-2.807616949081421,16.05224609375
0.1767578125,-0.96044921875,0.086181640625,-6.103515148162842,-1.8310545682907104,15.869139671325684
0.1922607421875,-0.9595947265625,0.0638427734375,-4.45556640625,4.150390625,11.352538108825684
0.188232421875,-0.9595947265625,0.0428466796875,-5.0048828125,14.404295921325684,4.33349609375
0.179931640625,-0.963623046875,0.0494384765625,-5.737304210662842,21.301267623901367,-3.417968511581421
0.18017578125,-0.9698486328125,0.0751953125,-5.493163585662842,24.169919967651367,-10.314940452575684
0.188232421875,-0.9761962890625,0.096435546875,-5.0048828125,26.306150436401367,-14.282225608825684
0.1937255859375,-0.98095703125,0.1019287109375,-4.8828125,28.137205123901367,-14.160155296325684
0.1973876953125,-0.9805908203125,0.101806640625,-4.8828125,28.198240280151367,-11.718749046325684
0.19970703125,-0.9749755859375,0.1024169921875,-4.69970703125,28.259275436401367,-10.009765625
0.197021484375,-0.9693603515625,0.1038818359375,-4.5166015625,30.395505905151367,-9.3994140625
0.19677734375,-0.973388671875,0.1075439453125,-3.967284917831421,33.935546875,-8.97216796875
0.19482421875,-0.98681640625,0.1099853515625,-3.112792730331421,37.841796875,-7.995604991912842
0.1890869140625,-0.9959716796875,0.10791015625,-2.197265625,41.503902435302734,-5.676269054412842
0.19970703125,-0.9990234375,0.0921630859375,-1.220703125,44.616695404052734,-3.906249761581421
0.2344970703125,-1.00146484375,0.07421875,-0.2441406100988388,45.104976654052734,-5.371093273162842
0.2633056640625,-0.9906005859375,0.0736083984375,-0.4272460639476776,41.320796966552734,-9.27734375
0.261962890625,-0.9661865234375,0.0791015625,-2.990722417831421,38.51318359375,-13.671874046325684
0.2550048828125,-0.956298828125,0.0836181640625,-5.737304210662842,40.405269622802734,-16.54052734375
0.2728271484375,-0.957275390625,0.1148681640625,-4.638671875,38.0859375,-15.502928733825684
0.2960205078125,-0.9517822265625,0.1588134765625,-0.6713866591453552,29.235837936401367,-10.864256858825684
0.3033447265625,-0.940185546875,0.164794921875,1.6479490995407104,24.047849655151367,-6.652831554412842
0.306884765625,-0.9306640625,0.1419677734375,1.220703125,25.329587936401367,-5.737304210662842
0.3197021484375,-0.927978515625,0.1365966796875,0.54931640625,25.939939498901367,-6.347655773162842
0.34521484375,-0.9215087890625,0.1607666015625,1.5869139432907104,22.338865280151367,-6.896972179412842
0.37451171875,-0.907470703125,0.1845703125,2.929687261581421,18.98193359375,-9.21630859375
0.3958740234375,-0.887451171875,0.1993408203125,1.7089842557907104,20.812986373901367,-15.686034202575684
0.40478515625,-0.86279296875,0.2166748046875,-2.01416015625,25.939939498901367,-24.902341842651367
0.4090576171875,-0.847900390625,0.2322998046875,-6.225585460662842,31.921384811401367,-33.38623046875
0.430908203125,-0.901611328125,0.2208251953125,-9.33837890625,43.579097747802734,-41.015621185302734
0.4390869140625,-0.9248046875,0.2100830078125,-7.812499523162842,43.457027435302734,-37.04833984375
0.4482421875,-0.91796875,0.2230224609375,-5.554198741912842,36.4990234375,-29.846189498901367
0.458251953125,-0.89599609375,0.2469482421875,-5.554198741912842,28.808591842651367,-23.254392623901367
0.46728515625,-0.8861083984375,0.2525634765625,-8.4228515625,26.733396530151367,-18.98193359375
0.4700927734375,-0.8919677734375,0.23095703125,-11.718749046325684,30.029294967651367,-15.686034202575684
0.468505859375,-0.890869140625,0.208251953125,-13.305663108825684,33.203125,-12.451170921325684
0.4718017578125,-0.8709716796875,0.2117919921875,-11.840819358825684,29.968259811401367,-9.521484375
0.478271484375,-0.848388671875,0.235107421875,-7.873534679412842,20.812986373901367,-6.652831554412842
0.4822998046875,-0.8375244140625,0.25244140625,-4.2724609375,13.244627952575684,-3.967284917831421
0.4859619140625,-0.8443603515625,0.2474365234375,-2.929687261581421,11.230467796325684,-2.624511480331421
0.4891357421875,-0.858154296875,0.2286376953125,-3.479003667831421,11.901854515075684,-2.563476324081421
0.4873046875,-0.86376953125,0.2197265625,-3.967284917831421,10.253905296325684,-1.7700194120407104
0.4779052734375,-0.8592529296875,0.22998046875,-2.990722417831421,4.69970703125,0.3662109076976776
0.466064453125,-0.8553466796875,0.24560546875,-1.03759765625,-2.0751953125,2.685546636581421
0.462158203125,-0.8602294921875,0.25,0.2441406100988388,-5.615233898162842,4.150390625
0.4627685546875,-0.8648681640625,0.2430419921875,0.1220703050494194,-6.103515148162842,5.554198741912842
0.459716796875,-0.864990234375,0.2418212890625,-0.1220703050494194,-7.568358898162842,7.690429210662842
0.452392578125,-0.8665771484375,0.25390625,0.3662109076976776,-11.535643577575684,10.131834983825684
0.44189453125,-0.8734130859375,0.2672119140625,1.220703125,-15.014647483825684,12.390135765075684
0.4344482421875,-0.8875732421875,0.2686767578125,1.4648436307907104,-15.075682640075684,14.404295921325684
0.433837890625,-0.9073486328125,0.250732421875,0.9155272841453552,-11.169432640075684,16.357421875
0.4273681640625,-0.9193115234375,0.222900390625,-0.4272460639476776,-6.652831554412842,18.61572265625
0.4136962890625,-0.9078369140625,0.209716796875,-1.3427733182907104,-7.202147960662842,19.71435546875
0.3983154296875,-0.889892578125,0.212890625,-1.7089842557907104,-11.962889671325684,18.85986328125
0.3792724609375,-0.8939208984375,0.222412109375,-3.295898199081421,-12.939452171325684,18.1884765625
0.3651123046875,-0.9107666015625,0.23095703125,-6.652831554412842,-6.286620616912842,17.51708984375
0.357421875,-0.9161376953125,0.227294921875,-9.82666015625,3.723144292831421,14.221190452575684
0.3458251953125,-0.903076171875,0.205322265625,-10.986327171325684,12.939452171325684,9.033203125
0.3375244140625,-0.901611328125,0.155029296875,-10.925292015075684,21.179197311401367,3.723144292831421
0.3387451171875,-0.93603515625,0.06787109375,-10.803221702575684,26.184080123901367,-0.0610351525247097
0.3189697265625,-0.9854736328125,-0.014404296875,-10.314940452575684,22.583005905151367,0.54931640625
0.27978515625,-1.017822265625,-0.0216064453125,-10.192870140075684,11.108397483825684,3.295898199081421
0.2684326171875,-1.0130615234375,0.0361328125,-9.3994140625,-6.469726085662842,3.845214605331421
0.290283203125,-0.9876708984375,0.0660400390625,-8.60595703125,-21.240232467651367,4.2724609375
0.3048095703125,-0.9736328125,0.0311279296875,-10.986327171325684,-23.071287155151367,7.507323741912842
0.297119140625,-0.9794921875,-0.00927734375,-13.916014671325684,-23.803709030151367,12.329100608825684
0.282470703125,-0.9932861328125,0.0008544921875,-14.099120140075684,-33.75244140625,15.747069358825684
0.25439453125,-0.996826171875,0.0531005859375,-13.610838890075684,-45.471187591552734,17.7001953125
0.212890625,-0.9781494140625,0.1014404296875,-13.854979515075684,-49.926753997802734,20.446775436401367
0.182861328125,-0.927734375,0.1097412109375,-12.268065452575684,-31.249998092651367,21.728513717651367
0.193115234375,-0.920654296875,0.0518798828125,-10.986327171325684,-13.488768577575684,14.953612327575684
0.1934814453125,-0.95263671875,-0.010986328125,-4.150390625,2.197265625,1.220703125
0.1776123046875,-0.96337890625,0.007080078125,0.6103515625,-1.15966796875,-0.4272460639476776
0.17041015625,-0.9752197265625,0.019775390625,3.845214605331421,-2.746581792831421,-0.7324218153953552
0.1773681640625,-0.9862060546875,0.0216064453125,5.737304210662842,-1.03759765625,-0.6713866591453552
0.186767578125,-0.98095703125,0.017333984375,7.019042491912842,2.197265625,0.1220703050494194
0.1982421875,-0.968994140625,0.004638671875,7.751464366912842,7.507323741912842,0.1831054538488388
0.2138671875,-0.9705810546875,-0.0079345703125,8.60595703125,13.977049827575684,-2.0751953125
0.2291259765625,-0.973876953125,0.00439453125,10.437010765075684,15.258788108825684,-4.69970703125
0.246337890625,-0.972412109375,0.0322265625,12.512206077575684,10.803221702575684,-7.080077648162842
0.2615966796875,-0.9755859375,0.037841796875,12.695311546325684,9.1552734375,-9.70458984375
0.2696533203125,-0.97705078125,0.0250244140625,11.413573265075684,11.230467796325684,-11.169432640075684
0.2730712890625,-0.966064453125,0.026611328125,10.620116233825684,9.94873046875,-10.864256858825684
0.2742919921875,-0.9595947265625,0.049072265625,10.803221702575684,4.39453125,-9.33837890625
0.2808837890625,-0.9703369140625,0.07763671875,11.535643577575684,-2.01416015625,-7.141112804412842
0.289306640625,-0.9764404296875,0.0948486328125,12.207030296325684,-7.324218273162842,-4.08935546875
0.2886962890625,-0.964599609375,0.0892333984375,12.023924827575684,-8.97216796875,-0.9155272841453552
0.2838134765625,-0.94921875,0.072509765625,11.474608421325684,-6.591796398162842,0.54931640625
0.2882080078125,-0.9420166015625,0.072265625,11.901854515075684,-5.249022960662842,-0.0610351525247097
0.29736328125,-0.94287109375,0.08837890625,13.000487327575684,-7.019042491912842,-1.0986328125
0.30078125,-0.950927734375,0.1053466796875,13.549803733825684,-8.60595703125,-1.0986328125
0.302490234375,-0.962646484375,0.1220703125,13.366698265075684,-8.6669921875,-0.4272460639476776
0.302734375,-0.9677734375,0.13916015625,12.695311546325684,-9.09423828125,0.0
0.2996826171875,-0.9608154296875,0.15185546875,12.084959983825684,-11.657713890075684,0.2441406100988388
0.30126953125,-0.94580078125,0.1595458984375,11.840819358825684,-15.014647483825684,-0.2441406100988388
0.305419921875,-0.931884765625,0.1663818359375,11.657713890075684,-15.441893577575684,-1.8920897245407104
0.310546875,-0.925537109375,0.1995849609375,11.901854515075684,-12.756346702575684,-3.417968511581421
0.3218994140625,-0.9200439453125,0.220947265625,13.244627952575684,-13.244627952575684,-2.746581792831421
0.3258056640625,-0.9234619140625,0.223876953125,13.610838890075684,-10.131834983825684,-2.13623046875
0.3228759765625,-0.9381103515625,0.217529296875,13.000487327575684,-5.065917491912842,-1.7089842557907104
0.3265380859375,-0.943359375,0.2161865234375,12.939452171325684,-3.906249761581421,-1.4038084745407104
0.3338623046875,-0.9346923828125,0.212646484375,13.122557640075684,-5.920409679412842,-1.4038084745407104
0.339599609375,-0.92724609375,0.2081298828125,12.084959983825684,-7.812499523162842,-1.6479490995407104
0.350830078125,-0.9241943359375,0.2220458984375,10.620116233825684,-10.986327171325684,-1.6479490995407104
0.3629150390625,-0.9197998046875,0.245849609375,9.70458984375,-15.319823265075684,-0.9765624403953552
0.3673095703125,-0.9112548828125,0.2529296875,8.1787109375,-17.08984375,-0.3662109076976776
0.3653564453125,-0.9019775390625,0.24853515625,5.126952648162842,-16.66259765625,0.0610351525247097
0.364013671875,-0.9013671875,0.2576904296875,1.8310545682907104,-17.4560546875,0.3662109076976776
0.3670654296875,-0.9063720703125,0.2724609375,-0.4272460639476776,-19.287109375,-0.0610351525247097
0.3743896484375,-0.91259765625,0.2637939453125,-2.3193359375,-19.10400390625,-0.54931640625
0.381591796875,-0.9197998046875,0.239501953125,-3.356933355331421,-17.9443359375,-0.1220703050494194
0.3826904296875,-0.91748046875,0.229248046875,-2.929687261581421,-20.202634811401367,1.8920897245407104
0.379638671875,-0.911376953125,0.240478515625,-1.8920897245407104,-25.695798873901367,4.21142578125
0.3701171875,-0.914306640625,0.2462158203125,-1.0986328125,-29.541013717651367,5.249022960662842
0.3570556640625,-0.9189453125,0.239013671875,-0.9155272841453552,-31.127927780151367,7.080077648162842
0.34228515625,-0.9268798828125,0.2393798828125,-1.9531248807907104,-32.89794921875,12.268065452575684
0.3228759765625,-0.943115234375,0.2225341796875,-3.906249761581421,-30.578611373901367,18.1884765625
0.3157958984375,-0.956787109375,0.1658935546875,-4.8828125,-18.98193359375,17.578125
0.3323974609375,-0.9619140625,0.13525390625,-3.723144292831421,-8.6669921875,12.756346702575684
0.347412109375,-0.951904296875,0.1800537109375,-0.0,-13.122557640075684,13.977049827575684
0.329345703125,-0.9195556640625,0.2568359375,5.126952648162842,-26.733396530151367,21.301267623901367
0.2806396484375,-0.896728515625,0.28515625,7.507323741912842,-29.724119186401367,25.085447311401367
0.2432861328125,-0.9134521484375,0.2225341796875,3.784179449081421,-11.108397483825684,17.822265625
0.2481689453125,-0.9456787109375,0.1339111328125,-3.540038824081421,12.695311546325684,2.563476324081421
0.27392578125,-0.957275390625,0.1025390625,-8.544921875,21.118162155151367,-7.751464366912842
0.286865234375,-0.9486083984375,0.115478515625,-8.11767578125,13.366698265075684,-6.774901866912842
0.2794189453125,-0.946044921875,0.126708984375,-5.0048828125,2.3193359375,-0.7324218153953552
0.268310546875,-0.9547119140625,0.1201171875,-3.417968511581421,-2.624511480331421,2.807616949081421
0.2684326171875,-0.9713134765625,0.1051025390625,-3.051757574081421,-3.845214605331421,3.112792730331421
0.2705078125,-0.989501953125,0.085693359375,-1.03759765625,-5.859374523162842,4.0283203125
0.2623291015625,-0.997314453125,0.05859375,2.197265625,-9.3994140625,7.568358898162842
0.247802734375,-0.9927978515625,0.039794921875,4.8828125,-15.624999046325684,11.352538108825684
0.231201171875,-0.9879150390625,0.037109375,5.676269054412842,-23.071287155151367,13.122557640075684
0.2091064453125,-0.988525390625,0.0394287109375,2.807616949081421,-26.306150436401367,13.183592796325684
0.198486328125,-0.99267578125,0.0557861328125,-2.929687261581421,-26.916501998901367,12.023924827575684
0.1998291015625,-0.9915771484375,0.0859375,-6.591796398162842,-28.869626998901367,10.742186546325684
0.178466796875,-0.9808349609375,0.100341796875,-5.676269054412842,-28.869626998901367,12.023924827575684
0.1474609375,-0.9788818359375,0.096923828125,-2.13623046875,-24.780271530151367,12.878417015075684
0.1383056640625,-0.979736328125,0.1038818359375,1.2817381620407104,-20.385740280151367,10.681151390075684
0.1448974609375,-0.9639892578125,0.1162109375,2.50244140625,-15.991209983825684,8.23974609375
0.1563720703125,-0.9517822265625,0.0985107421875,0.1831054538488388,-3.784179449081421,4.0283203125
0.172607421875,-0.974853515625,0.046630859375,-4.08935546875,23.498533248901367,-9.6435546875
0.1666259765625,-0.9879150390625,0.0513916015625,0.0610351525247097,14.770506858825684,-9.765625
0.14599609375,-0.9915771484375,0.0792236328125,5.310058116912842,-0.1220703050494194,-5.126952648162842
0.1292724609375,-0.98779296875,0.11376953125,8.544921875,-7.751464366912842,-0.1220703050494194
0.1275634765625,-0.9805908203125,0.11328125,8.9111328125,-3.173827886581421,2.624511480331421
0.1221923828125,-0.979736328125,0.0908203125,8.1787109375,6.530761241912842,4.57763671875
0.1173095703125,-0.9947509765625,0.097412109375,9.33837890625,9.521484375,5.371093273162842
0.1341552734375,-1.019287109375,0.127685546875,12.207030296325684,7.385253429412842,1.8920897245407104
0.165283203125,-1.021240234375,0.15234375,13.854979515075684,8.11767578125,-4.82177734375
0.1961669921875,-0.98974609375,0.1507568359375,12.634276390075684,14.770506858825684,-11.474608421325684
0.2200927734375,-0.9593505859375,0.129638671875,8.85009765625,24.108884811401367,-14.892577171325684
0.24560546875,-0.96044921875,0.1192626953125,5.920409679412842,27.770994186401367,-14.587401390075684
0.2764892578125,-0.9737548828125,0.131103515625,5.859374523162842,23.986814498901367,-12.695311546325684
0.3018798828125,-0.97265625,0.152587890625,7.568358898162842,17.822265625,-10.253905296325684
0.3150634765625,-0.9642333984375,0.160888671875,8.85009765625,14.709471702575684,-8.23974609375
0.318359375,-0.94970703125,0.154296875,7.995604991912842,15.014647483825684,-7.385253429412842
0.3253173828125,-0.9300537109375,0.1575927734375,5.981444835662842,12.329100608825684,-8.9111328125
0.3370361328125,-0.9112548828125,0.1748046875,4.638671875,5.310058116912842,-12.268065452575684
0.3447265625,-0.89990234375,0.1915283203125,3.845214605331421,0.2441406100988388,-14.831542015075684
0.3487548828125,-0.8985595703125,0.2012939453125,2.990722417831421,0.4882812201976776,-15.930174827575684
0.3494873046875,-0.9053955078125,0.20263671875,1.8920897245407104,4.08935546875,-15.869139671325684
0.3485107421875,-0.9119873046875,0.1981201171875,1.2817381620407104,6.774901866912842,-14.709471702575684
0.350830078125,-0.914306640625,0.1959228515625,2.38037109375,4.39453125,-13.305663108825684
0.3526611328125,-0.9171142578125,0.202880859375,4.82177734375,-2.807616949081421,-11.108397483825684
0.3563232421875,-0.915771484375,0.224853515625,7.080077648162842,-11.718749046325684,-8.48388671875
0.3834228515625,-0.88330078125,0.277099609375,4.39453125,-14.526366233825684,-8.6669921875
0.394775390625,-0.8692626953125,0.2811279296875,-1.220703125,-3.112792730331421,-13.061522483825684
0.3988037109375,-0.8665771484375,0.279541015625,-6.774901866912842,8.6669921875,-19.95849609375
0.4041748046875,-0.873046875,0.271728515625,-10.375975608825684,16.90673828125,-26.916501998901367
0.412353515625,-0.879638671875,0.256103515625,-12.817381858825684,24.291990280151367,-30.761716842651367
0.429443359375,-0.873779296875,0.2464599609375,-13.732909202575684,28.442380905151367,-30.090330123901367
0.4478759765625,-0.870849609375,0.2449951171875,-12.634276390075684,26.367185592651367,-28.076169967651367
0.4573974609375,-0.8773193359375,0.237548828125,-11.962889671325684,22.827146530151367,-26.916501998901367
0.4674072265625,-0.88525390625,0.220703125,-13.122557640075684,24.414060592651367,-26.184080123901367
0.4803466796875,-0.8984375,0.202880859375,-14.709471702575684,29.846189498901367,-24.780271530151367
0.4822998046875,-0.906005859375,0.19482421875,-15.014647483825684,33.5693359375,-21.118162155151367
0.4677734375,-0.90771484375,0.2039794921875,-13.610838890075684,32.40966796875,-14.709471702575684
0.4532470703125,-0.90380859375,0.2164306640625,-10.803221702575684,28.198240280151367,-6.713866710662842
0.4422607421875,-0.877197265625,0.2550048828125,-4.5166015625,16.2353515625,7.202147960662842
0.4542236328125,-0.8673095703125,0.2734375,-4.2724609375,14.282225608825684,8.72802734375
0.4693603515625,-0.86181640625,0.271484375,-5.493163585662842,16.845703125,7.629394054412842
0.4742431640625,-0.8607177734375,0.24951171875,-7.507323741912842,22.033689498901367,6.225585460662842
0.474609375,-0.864990234375,0.2117919921875,-11.718749046325684,30.029294967651367,3.906249761581421
0.475830078125,-0.8673095703125,0.17578125,-16.357421875,36.0107421875,2.197265625
0.471923828125,-0.8594970703125,0.166259765625,-17.51708984375,33.26416015625,3.295898199081421
0.46923828125,-0.8604736328125,0.1861572265625,-15.258788108825684,24.780271530151367,4.39453125
0.4500732421875,-0.833984375,0.1942138671875,-13.244627952575684,17.822265625,-0.7324218153953552
0.423828125,-0.8140869140625,0.187255859375,-15.075682640075684,16.357421875,-5.371093273162842
0.429443359375,-0.82470703125,0.1605224609375,-20.996091842651367,24.353025436401367,-9.27734375
0.478271484375,-0.8817138671875,0.137451171875,-27.587888717651367,38.51318359375,-11.901854515075684
0.37451171875,-1.04931640625,0.19775390625,-18.37158203125,26.000974655151367,6.408690929412842
0.264892578125,-0.9705810546875,0.2423095703125,-6.958007335662842,0.1831054538488388,22.094724655151367
0.2392578125,-0.8941650390625,0.2823486328125,-2.197265625,-13.549803733825684,20.568845748901367
0.2655029296875,-0.890380859375,0.2867431640625,-5.737304210662842,-0.7324218153953552,7.934569835662842
0.306884765625,-0.9368896484375,0.225830078125,-13.732909202575684,27.832029342651367,-1.9531248807907104
0.3494873046875,-0.96826171875,0.1539306640625,-19.34814453125,47.302242279052734,-5.676269054412842
0.3629150390625,-0.95263671875,0.1373291015625,-19.22607421875,44.189449310302734,-2.01416015625
0.343017578125,-0.9312744140625,0.1412353515625,-17.27294921875,31.494138717651367,6.225585460662842
0.3203125,-0.9334716796875,0.1268310546875,-17.2119140625,28.137205123901367,11.291502952575684
0.32177734375,-0.9478759765625,0.1229248046875,-17.2119140625,32.71484375,9.09423828125
0.33447265625,-0.9525146484375,0.12109375,-16.41845703125,36.19384765625,3.540038824081421
0.3319091796875,-0.9412841796875,0.0970458984375,-15.319823265075684,35.2783203125,0.7934569716453552
0.3162841796875,-0.94384765625,0.06494140625,-10.925292015075684,21.118162155151367,0.9155272841453552
0.3140869140625,-0.9642333984375,0.0714111328125,-8.36181640625,12.695311546325684,0.8544921278953552
0.3099365234375,-0.9715576171875,0.0782470703125,-6.042479991912842,3.723144292831421,1.7089842557907104
0.3028564453125,-0.9613037109375,0.0802001953125,-3.906249761581421,-6.408690929412842,2.44140625
0.284912109375,-0.949462890625,0.077392578125,-2.990722417831421,-13.244627952575684,2.868652105331421
0.2681884765625,-0.947509765625,0.08203125,-2.990722417831421,-15.747069358825684,3.967284917831421
0.2589111328125,-0.9520263671875,0.1087646484375,-0.4882812201976776,-19.4091796875,7.507323741912842
0.250732421875,-0.9595947265625,0.1474609375,5.249022960662842,-26.062009811401367,12.634276390075684
0.2491455078125,-0.9639892578125,0.15380859375,10.070799827575684,-28.808591842651367,14.831542015075684
0.2454833984375,-0.962158203125,0.1239013671875,11.535643577575684,-24.414060592651367,13.427733421325684
0.2371826171875,-0.9559326171875,0.09912109375,12.145995140075684,-20.751951217651367,10.986327171325684
0.23876953125,-0.947998046875,0.0924072265625,13.916014671325684,-22.644041061401367,6.896972179412842
0.248291015625,-0.946044921875,0.0872802734375,14.648436546325684,-25.085447311401367,2.746581792831421
0.2493896484375,-0.9534912109375,0.0797119140625,13.122557640075684,-24.047849655151367,0.9765624403953552
0.239501953125,-0.9710693359375,0.097412109375,10.925292015075684,-22.399900436401367,0.7934569716453552
0.2420654296875,-0.9853515625,0.098388671875,12.573241233825684,-23.986814498901367,0.54931640625
0.2412109375,-0.9949951171875,0.10498046875,15.502928733825684,-28.259275436401367,2.563476324081421
0.2486572265625,-0.98681640625,0.1285400390625,20.324705123901367,-38.2080078125,6.164550304412842
0.308349609375,-0.9798583984375,0.1494140625,25.695798873901367,-50.048824310302734,-1.8310545682907104
0.3065185546875,-0.9493408203125,0.1732177734375,22.033689498901367,-49.804683685302734,-1.6479490995407104
0.299072265625,-0.8956298828125,0.2286376953125,15.624999046325684,-48.583980560302734,4.0283203125
0.2900390625,-0.887939453125,0.257080078125,7.629394054412842,-36.19384765625,7.629394054412842
0.3023681640625,-0.927978515625,0.210693359375,1.6479490995407104,-14.892577171325684,5.676269054412842
0.3243408203125,-0.9583740234375,0.148681640625,0.1831054538488388,-2.807616949081421,0.54931640625
0.3287353515625,-0.9486083984375,0.1385498046875,3.295898199081421,-10.986327171325684,-1.2817381620407104
0.326904296875,-0.926025390625,0.1634521484375,8.36181640625,-28.259275436401367,1.03759765625
0.3236083984375,-0.9168701171875,0.1873779296875,12.939452171325684,-39.24560546875,4.8828125
0.3228759765625,-0.92041015625,0.1920166015625,15.686034202575684,-39.97802734375,7.446288585662842
0.3302001953125,-0.926025390625,0.183349609375,16.41845703125,-34.0576171875,7.629394054412842
0.3406982421875,-0.92724609375,0.18359375,15.747069358825684,-28.137205123901367,6.774901866912842
0.3421630859375,-0.9244384765625,0.1937255859375,14.343260765075684,-24.597166061401367,5.676269054412842
0.337646484375,-0.9237060546875,0.1983642578125,12.268065452575684,-21.606443405151367,3.662109136581421
0.333740234375,-0.92431640625,0.19677734375,9.46044921875,-18.798828125,1.8310545682907104
0.3319091796875,-0.932373046875,0.1976318359375,6.286620616912842,-18.798828125,2.990722417831421
0.331298828125,-0.9429931640625,0.2039794921875,3.845214605331421,-23.193357467651367,7.751464366912842
0.32373046875,-0.9439697265625,0.2076416015625,2.746581792831421,-30.456541061401367,14.404295921325684
0.3116455078125,-0.9412841796875,0.199462890625,2.44140625,-35.888671875,19.8974609375
0.2989501953125,-0.9403076171875,0.1812744140625,1.6479490995407104,-36.62109375,22.399900436401367
0.28564453125,-0.9395751953125,0.1658935546875,0.4272460639476776,-34.24072265625,21.911619186401367
0.2752685546875,-0.935546875,0.16845703125,0.7324218153953552,-32.53173828125,18.49365234375
0.2703857421875,-0.9327392578125,0.1893310546875,2.746581792831421,-30.883787155151367,13.305663108825684
0.2734375,-0.93798828125,0.206298828125,4.0283203125,-25.756834030151367,7.690429210662842
0.2886962890625,-0.953125,0.183349609375,4.8828125,-7.141112804412842,-6.408690929412842
0.2930908203125,-0.9427490234375,0.2081298828125,4.5166015625,1.5869139432907104,-9.8876953125
0.2899169921875,-0.9390869140625,0.2178955078125,4.45556640625,4.21142578125,-7.873534679412842
0.299072265625,-0.9442138671875,0.2177734375,4.638671875,6.896972179412842,-6.652831554412842
0.315185546875,-0.9486083984375,0.2044677734375,4.08935546875,7.812499523162842,-5.737304210662842
0.3216552734375,-0.9482421875,0.1800537109375,1.8920897245407104,5.615233898162842,-3.112792730331421
0.3167724609375,-0.947509765625,0.163818359375,-0.8544921278953552,1.3427733182907104,0.9765624403953552
0.3084716796875,-0.947509765625,0.166259765625,-3.173827886581421,-3.173827886581421,4.45556640625
0.301513671875,-0.9493408203125,0.1795654296875,-4.39453125,-6.347655773162842,7.446288585662842
0.2933349609375,-0.951416015625,0.1903076171875,-4.45556640625,-8.544921875,10.314940452575684
0.28369140625,-0.9508056640625,0.1905517578125,-3.723144292831421,-9.70458984375,11.840819358825684
0.2779541015625,-0.951904296875,0.181884765625,-2.624511480331421,-8.7890625,11.291502952575684
0.2755126953125,-0.9571533203125,0.1707763671875,-1.0986328125,-6.652831554412842,9.033203125
0.2720947265625,-0.9586181640625,0.1673583984375,0.4272460639476776,-6.164550304412842,6.958007335662842
0.2672119140625,-0.9564208984375,0.1766357421875,1.6479490995407104,-7.507323741912842,7.019042491912842
0.2618408203125,-0.9599609375,0.1829833984375,1.9531248807907104,-6.835937023162842,9.3994140625
0.2569580078125,-0.9727783203125,0.170654296875,2.01416015625,-5.065917491912842,12.756346702575684
0.2557373046875,-0.98046875,0.148193359375,3.295898199081421,-11.352538108825684,15.624999046325684
0.25439453125,-0.965576171875,0.1510009765625,6.591796398162842,-30.944822311401367,16.9677734375
0.240234375,-0.9388427734375,0.1851806640625,10.009765625,-52.368160247802734,17.88330078125
0.1868896484375,-0.9510498046875,0.1907958984375,8.97216796875,-44.006343841552734,15.991209983825684
0.1910400390625,-0.9771728515625,0.14697265625,6.347655773162842,-26.000974655151367,9.1552734375
0.207275390625,-0.9825439453125,0.1370849609375,4.8828125,-19.22607421875,3.906249761581421
0.2105712890625,-0.9739990234375,0.1556396484375,4.7607421875,-22.644041061401367,3.845214605331421
0.20361328125,-0.974853515625,0.16015625,4.94384765625,-25.512693405151367,5.798339366912842
0.2003173828125,-0.9866943359375,0.14599609375,4.94384765625,-24.536130905151367,6.774901866912842
0.1982421875,-0.9901123046875,0.138427734375,5.187987804412842,-24.353025436401367,7.507323741912842
0.1923828125,-0.982177734375,0.14306640625,5.187987804412842,-25.634763717651367,8.4228515625
0.1865234375,-0.9769287109375,0.1453857421875,4.33349609375,-24.536130905151367,8.1787109375
0.1856689453125,-0.9776611328125,0.14306640625,3.356933355331421,-21.423337936401367,7.324218273162842
0.1884765625,-0.9810791015625,0.1439208984375,2.746581792831421,-19.8974609375,7.629394054412842
0.1881103515625,-0.9844970703125,0.14599609375,2.25830078125,-19.775390625,9.1552734375
0.1834716796875,-0.986328125,0.14306640625,1.3427733182907104,-19.4091796875,10.742186546325684
0.1783447265625,-0.9849853515625,0.1363525390625,0.1220703050494194,-18.98193359375,11.596678733825684
0.1729736328125,-0.9769287109375,0.138427734375,-0.7934569716453552,-19.53125,11.962889671325684
0.164306640625,-0.966552734375,0.1468505859375,-1.2817381620407104,-19.287109375,11.291502952575684
0.152587890625,-0.9659423828125,0.1451416015625,-1.8920897245407104,-10.986327171325684,6.591796398162842
0.150146484375,-0.9703369140625,0.14013671875,-2.0751953125,-6.652831554412842,3.967284917831421
0.1455078125,-0.97705078125,0.1365966796875,-2.38037109375,-3.601073980331421,1.6479490995407104
0.138427734375,-0.9852294921875,0.13623046875,-2.929687261581421,-1.5258787870407104,-0.0610351525247097
0.1314697265625,-0.9879150390625,0.1416015625,-3.723144292831421,-1.0986328125,-0.9155272841453552
0.121337890625,-0.9840087890625,0.146484375,-4.69970703125,-1.03759765625,-1.15966796875
0.1029052734375,-0.98291015625,0.1409912109375,-5.249022960662842,2.13623046875,-0.0610351525247097
0.0889892578125,-0.990478515625,0.132568359375,-4.638671875,5.798339366912842,1.8920897245407104
0.0828857421875,-1.0023193359375,0.1290283203125,-3.173827886581421,6.469726085662842,3.601073980331421
0.0802001953125,-1.0145263671875,0.1256103515625,-1.8920897245407104,6.530761241912842,5.065917491912842
0.082763671875,-1.0166015625,0.1224365234375,-0.9155272841453552,7.629394054412842,5.737304210662842
0.0849609375,-0.975830078125,0.10107421875,-1.8310545682907104,15.808104515075684,2.624511480331421
0.08642578125,-0.9661865234375,0.106689453125,-2.929687261581421,17.02880859375,-0.1831054538488388
0.09375,-0.974609375,0.12255859375,-3.295898199081421,15.197752952575684,-2.50244140625
0.0975341796875,-0.990234375,0.1243896484375,-3.784179449081421,14.709471702575684,-3.051757574081421
0.0989990234375,-1.0030517578125,0.1103515625,-4.5166015625,17.39501953125,-4.08935546875
0.0994873046875,-1.0020751953125,0.11181640625,-4.82177734375,18.98193359375,-3.967284917831421
0.0943603515625,-0.995361328125,0.1055908203125,-5.432128429412842,22.155759811401367,-2.01416015625
0.08935546875,-0.988037109375,0.1002197265625,-5.554198741912842,23.986814498901367,0.1220703050494194
0.088623046875,-0.986572265625,0.09765625,-4.7607421875,23.559568405151367,0.8544921278953552
0.0850830078125,-0.9837646484375,0.09375,-3.906249761581421,23.498533248901367,0.0
0.07958984375,-0.98095703125,0.0908203125,-3.112792730331421,24.353025436401367,-1.5869139432907104
0.0806884765625,-0.9857177734375,0.0919189453125,-2.197265625,25.207517623901367,-3.295898199081421
0.08447265625,-0.9942626953125,0.094482421875,-1.4038084745407104,25.756834030151367,-4.150390625
0.0833740234375,-0.997314453125,0.0927734375,-1.0986328125,27.099607467651367,-4.0283203125
0.0877685546875,-0.99169921875,0.085693359375,-0.7934569716453552,29.724119186401367,-4.94384765625
0.102294921875,-0.980224609375,0.0782470703125,0.3662109076976776,32.1044921875,-9.1552734375
0.115966796875,-0.9791259765625,0.0732421875,2.13623046875,32.8369140625,-16.11328125
0.1307373046875,-1.0040283203125,0.06640625,3.417968511581421,32.1044921875,-22.094724655151367
0.1512451171875,-1.02880859375,0.066162109375,3.479003667831421,27.770994186401367,-22.277830123901367
0.1622314453125,-1.029052734375,0.086181640625,2.563476324081421,19.10400390625,-15.686034202575684
0.1649169921875,-1.01171875,0.11572265625,1.8310545682907104,10.925292015075684,-7.141112804412842
0.1700439453125,-0.983154296875,0.132080078125,2.01416015625,7.202147960662842,-1.5258787870407104
0.1727294921875,-0.9569091796875,0.13232421875,2.746581792831421,7.751464366912842,0.54931640625
0.197265625,-0.9693603515625,0.1107177734375,1.8310545682907104,15.991209983825684,-7.263183116912842
0.2099609375,-0.97216796875,0.1240234375,1.03759765625,17.02880859375,-12.451170921325684
0.2266845703125,-0.9530029296875,0.1624755859375,0.9155272841453552,16.2353515625,-18.73779296875
0.2388916015625,-0.9482421875,0.1744384765625,1.5258787870407104,16.4794921875,-20.629880905151367
0.25390625,-0.9478759765625,0.1851806640625,1.7700194120407104,16.66259765625,-20.812986373901367
0.26513671875,-0.9466552734375,0.1876220703125,0.54931640625,18.98193359375,-19.22607421875
0.28564453125,-0.9398193359375,0.1942138671875,-2.685546636581421,25.573728561401367,-15.380858421325684
0.3031005859375,-0.9376220703125,0.198486328125,-3.356933355331421,27.648923873901367,-16.41845703125
0.3157958984375,-0.9342041015625,0.190185546875,-4.69970703125,32.1044921875,-18.6767578125
0.3214111328125,-0.92724609375,0.191650390625,-6.225585460662842,37.04833984375,-20.690916061401367
0.3319091796875,-0.9156494140625,0.211181640625,-6.774901866912842,38.9404296875,-22.460935592651367
0.3447265625,-0.908447265625,0.2269287109375,-7.080077648162842,41.259761810302734,-24.230955123901367
0.3544921875,-0.913330078125,0.2249755859375,-8.11767578125,47.180171966552734,-26.611326217651367
0.366455078125,-0.926513671875,0.2109375,-9.33837890625,54.016109466552734,-29.785154342651367
0.377197265625,-0.9329833984375,0.19580078125,-10.314940452575684,56.213375091552734,-31.494138717651367
0.38330078125,-0.92919921875,0.1947021484375,-10.559081077575684,50.720211029052734,-29.296873092651367
0.38818359375,-0.9256591796875,0.2091064453125,-10.131834983825684,42.236324310302734,-23.986814498901367
0.3939208984375,-0.9259033203125,0.2159423828125,-9.3994140625,37.7197265625,-18.5546875
0.4002685546875,-0.925537109375,0.21044921875,-8.056640625,35.7666015625,-15.197752952575684
0.4002685546875,-0.91650390625,0.20703125,-6.469726085662842,32.2265625,-13.122557640075684
0.3924560546875,-0.9012451171875,0.2091064453125,-5.432128429412842,27.099607467651367,-10.559081077575684
