-0.140869140625,-0.984619140625,0.220458984375,-0.3662109076976776,50.231929779052734,-12.695311546325684
-0.1025390625,-0.960205078125,0.320068359375,5.920409679412842,-0.0610351525247097,2.50244140625
-0.0655517578125,-0.927001953125,0.3968505859375,9.33837890625,-10.864256858825684,8.11767578125
-0.070068359375,-0.9117431640625,0.3748779296875,9.70458984375,21.362302780151367,-4.0283203125
-0.085693359375,-0.9261474609375,0.290283203125,8.544921875,59.387203216552734,-28.076169967651367
-0.092529296875,-0.9517822265625,0.1920166015625,4.57763671875,84.65575408935547,-48.706050872802734
-0.0994873046875,-0.9693603515625,0.1212158203125,-3.112792730331421,104.12596893310547,-59.204097747802734
-0.0966796875,-0.955322265625,0.0916748046875,-8.72802734375,104.85839080810547,-64.39208984375
-0.07666015625,-0.939208984375,0.127197265625,-6.591796398162842,69.27490234375,-72.93701171875
-0.03466796875,-0.972412109375,0.2294921875,2.3193359375,1.3427733182907104,-85.51024627685547
0.041748046875,-1.0146484375,0.30615234375,12.207030296325684,-59.326168060302734,-87.52440643310547
0.13916015625,-0.98876953125,0.2989501953125,15.258788108825684,-69.88525390625,-71.59423828125
0.240234375,-0.9317626953125,0.2669677734375,14.221190452575684,-53.161617279052734,-52.001949310302734
0.277099609375,-0.9326171875,0.32421875,20.874021530151367,-57.434078216552734,-33.87451171875
0.197021484375,-0.98583984375,0.335693359375,9.765625,-22.399900436401367,-33.50830078125
0.1463623046875,-1.011962890625,0.3006591796875,-3.479003667831421,20.751951217651367,-26.794431686401367
0.1815185546875,-0.9892578125,0.287353515625,-6.164550304412842,31.799314498901367,-8.6669921875
0.210205078125,-0.9989013671875,0.3173828125,-1.5869139432907104,22.766111373901367,11.230467796325684
0.12939453125,-1.0631103515625,0.3126220703125,4.33349609375,24.963376998901367,46.447750091552734
0.12451171875,-1.017822265625,0.1107177734375,16.11328125,0.9765624403953552,128.0517578125
0.4530029296875,-0.819580078125,-0.09326171875,28.076169967651367,-79.58984375,203.36912536621094
0.50732421875,-0.796142578125,0.169189453125,27.099607467651367,-168.27391052246094,159.24072265625
-0.2640380859375,-1.028076171875,0.746337890625,14.038084983825684,-32.16552734375,27.221677780151367
-0.304443359375,-0.8978271484375,0.5218505859375,-0.9765624403953552,122.25341033935547,49.621578216552734
-0.23193359375,-0.8642578125,0.27294921875,-17.4560546875,177.79539489746094,37.7197265625
-0.1888427734375,-0.92822265625,0.16845703125,-19.8974609375,151.0009765625,4.2724609375
-0.2109375,-0.984375,0.179931640625,-12.329100608825684,99.67040252685547,-5.310058116912842
-0.2427978515625,-0.9833984375,0.21337890625,-1.3427733182907104,54.565425872802734,11.291502952575684
-0.3067626953125,-0.881103515625,0.3004150390625,12.145995140075684,9.521484375,27.099607467651367
-0.3262939453125,-0.886962890625,0.3077392578125,9.27734375,13.854979515075684,12.084959983825684
-0.33349609375,-0.90771484375,0.2784423828125,7.385253429412842,25.146482467651367,-5.371093273162842
-0.330078125,-0.9052734375,0.2523193359375,11.413573265075684,30.578611373901367,-18.85986328125
-0.3070068359375,-0.9058837890625,0.2359619140625,20.568845748901367,27.221677780151367,-29.296873092651367
-0.2593994140625,-0.921142578125,0.2418212890625,28.076169967651367,15.197752952575684,-37.4755859375
-0.2216796875,-0.9228515625,0.322509765625,26.489255905151367,-5.126952648162842,-43.823238372802734
-0.15478515625,-0.9544677734375,0.3475341796875,15.686034202575684,-15.319823265075684,-50.720211029052734
-0.073486328125,-0.9925537109375,0.3094482421875,5.310058116912842,-16.2353515625,-49.377437591552734
-0.041259765625,-0.9761962890625,0.3563232421875,2.624511480331421,-31.555173873901367,-28.137205123901367
-0.05810546875,-0.94921875,0.3748779296875,3.845214605331421,-32.958984375,-5.432128429412842
-0.0848388671875,-0.9317626953125,0.3214111328125,4.638671875,-12.573241233825684,2.25830078125
-0.07958984375,-0.9273681640625,0.3297119140625,4.7607421875,-5.798339366912842,-0.3662109076976776
-0.06640625,-0.9085693359375,0.3038330078125,4.57763671875,-3.173827886581421,-4.82177734375
-0.047607421875,-0.9083251953125,0.2803955078125,6.652831554412842,4.33349609375,-7.324218273162842
-0.038818359375,-0.949951171875,0.3973388671875,10.864256858825684,4.82177734375,-11.840819358825684
-0.05029296875,-0.9918212890625,0.4608154296875,9.765625,15.258788108825684,-9.521484375
-0.105712890625,-0.9969482421875,0.4019775390625,3.295898199081421,35.7666015625,11.779784202575684
-0.1748046875,-0.9776611328125,0.352294921875,-8.4228515625,37.353515625,45.959468841552734
-0.181396484375,-0.9578857421875,0.33349609375,-16.05224609375,30.761716842651367,43.395992279052734
-0.2191162109375,-0.8609619140625,0.2991943359375,-20.690916061401367,19.59228515625,46.691890716552734
-0.2705078125,-0.789794921875,0.2646484375,-18.85986328125,8.544921875,51.513668060302734
-0.3148193359375,-0.817626953125,0.26416015625,-15.441893577575684,1.8920897245407104,49.987789154052734
-0.3504638671875,-0.8768310546875,0.2982177734375,-16.7236328125,-1.2817381620407104,43.701168060302734
-0.3677978515625,-0.9013671875,0.3084716796875,-21.118162155151367,-0.7324218153953552,34.36279296875
-0.3739013671875,-0.906494140625,0.281982421875,-23.559568405151367,4.0283203125,23.986814498901367
-0.391845703125,-0.9302978515625,0.234375,-21.606443405151367,11.718749046325684,13.671874046325684
-0.40771484375,-0.940185546875,0.194580078125,-17.02880859375,16.17431640625,6.530761241912842
-0.40283203125,-0.9195556640625,0.1883544921875,-10.314940452575684,13.183592796325684,6.042479991912842
-0.4033203125,-0.888427734375,0.2060546875,-0.9765624403953552,7.751464366912842,9.033203125
-0.4149169921875,-0.858154296875,0.2220458984375,7.080077648162842,4.57763671875,12.573241233825684
-0.43896484375,-0.812744140625,0.23193359375,11.779784202575684,1.4038084745407104,16.7236328125
-0.4451904296875,-0.781494140625,0.2265625,15.686034202575684,-8.85009765625,15.747069358825684
-0.367431640625,-0.8065185546875,0.2393798828125,19.6533203125,-21.972654342651367,2.50244140625
-0.2982177734375,-0.878662109375,0.312255859375,20.263669967651367,-20.935056686401367,-23.742673873901367
-0.255615234375,-0.900634765625,0.3377685546875,19.287109375,-0.9765624403953552,-49.743648529052734
-0.2479248046875,-0.8541259765625,0.3466796875,22.644041061401367,25.024412155151367,-82.03124237060547
-0.2930908203125,-0.9267578125,0.383544921875,24.353025436401367,49.194332122802734,-136.962890625
-0.2459716796875,-1.0443115234375,0.3558349609375,14.892577171325684,57.312007904052734,-155.8837890625
-0.13232421875,-1.081298828125,0.2884521484375,1.4648436307907104,39.4287109375,-102.29491424560547
-0.0965576171875,-1.090087890625,0.260009765625,-3.662109136581421,11.291502952575684,-19.59228515625
-0.13134765625,-1.0111083984375,0.3043212890625,-1.6479490995407104,-8.1787109375,56.091304779052734
-0.1986083984375,-0.9259033203125,0.3701171875,-1.6479490995407104,-9.09423828125,84.83885955810547
-0.259765625,-0.9251708984375,0.3751220703125,-5.371093273162842,-0.6103515625,59.692378997802734
-0.2694091796875,-0.912109375,0.327880859375,-8.85009765625,0.30517578125,26.123044967651367
-0.25146484375,-0.8643798828125,0.3046875,-9.82666015625,-4.69970703125,4.7607421875
-0.19091796875,-0.852783203125,0.3262939453125,-9.27734375,-7.019042491912842,-18.12744140625
-0.1016845703125,-0.9140625,0.3564453125,-9.765625,-6.408690929412842,-43.823238372802734
-0.0377197265625,-0.9918212890625,0.3653564453125,-7.385253429412842,-3.906249761581421,-47.241207122802734
-0.0343017578125,-1.0211181640625,0.3682861328125,2.807616949081421,-0.54931640625,-18.06640625
-0.051513671875,-0.9820556640625,0.37060546875,15.197752952575684,3.906249761581421,18.12744140625
-0.0916748046875,-0.919677734375,0.3409423828125,20.324705123901367,13.000487327575684,29.174802780151367
-0.1695556640625,-0.8916015625,0.2879638671875,16.7236328125,29.724119186401367,10.192870140075684
-0.1900634765625,-0.9449462890625,0.1968994140625,-2.01416015625,52.795406341552734,-32.28759765625
-0.164306640625,-1.0,0.1724853515625,-9.46044921875,53.222652435302734,-31.738279342651367
-0.164306640625,-1.0130615234375,0.158935546875,-9.3994140625,46.569820404052734,-16.54052734375
-0.182861328125,-0.986572265625,0.15087890625,-4.33349609375,31.982419967651367,0.9765624403953552
-0.25048828125,-0.964599609375,0.1475830078125,0.4882812201976776,10.681151390075684,13.549803733825684
-0.2720947265625,-0.981689453125,0.14453125,-1.15966796875,10.742186546325684,12.451170921325684
-0.288818359375,-1.00048828125,0.1343994140625,-4.08935546875,15.624999046325684,10.681151390075684
-0.31396484375,-0.9937744140625,0.11865234375,-5.493163585662842,20.324705123901367,10.742186546325684
-0.343505859375,-0.9488525390625,0.1063232421875,-3.723144292831421,18.6767578125,11.901854515075684
-0.3477783203125,-0.901611328125,0.110595703125,0.30517578125,10.192870140075684,7.385253429412842
-0.314208984375,-0.8951416015625,0.1412353515625,3.845214605331421,-0.1220703050494194,-6.408690929412842
-0.2685546875,-0.920166015625,0.1796875,4.2724609375,-6.896972179412842,-21.850584030151367
-0.235595703125,-0.95263671875,0.2073974609375,1.2817381620407104,-8.85009765625,-30.517576217651367
-0.221923828125,-0.9786376953125,0.233154296875,-2.929687261581421,-7.873534679412842,-32.77587890625
-0.2049560546875,-0.9989013671875,0.20361328125,-5.615233898162842,-5.554198741912842,-32.04345703125
-0.1768798828125,-1.0076904296875,0.134033203125,-4.2724609375,-10.131834983825684,-27.648923873901367
-0.1783447265625,-1.0177001953125,0.1048583984375,0.1220703050494194,-27.038572311401367,-21.179197311401367
-0.15478515625,-1.0093994140625,0.1551513671875,2.868652105331421,-58.044429779052734,-12.817381858825684
-0.092529296875,-0.9654541015625,0.21484375,0.9765624403953552,-84.22850799560547,0.0
-0.0413818359375,-0.941162109375,0.220947265625,-1.4648436307907104,-74.462890625,3.967284917831421
-0.0087890625,-0.96923828125,0.2117919921875,-0.1831054538488388,-39.36767578125,4.21142578125
-0.0611572265625,-0.980224609375,0.2662353515625,5.920409679412842,-3.356933355331421,23.559568405151367
-0.2025146484375,-0.9482421875,0.3590087890625,14.465331077575684,29.846189498901367,53.405757904052734
-0.290283203125,-0.9052734375,0.3580322265625,17.9443359375,51.818843841552734,66.10107421875
-0.2813720703125,-0.8916015625,0.289306640625,14.160155296325684,52.551265716552734,49.865718841552734
-0.267578125,-0.9388427734375,0.2340087890625,8.85009765625,44.128414154052734,21.606443405151367
-0.2916259765625,-0.9622802734375,0.1953125,3.479003667831421,37.841796875,5.737304210662842
-0.3255615234375,-0.929443359375,0.177734375,-2.38037109375,29.663084030151367,5.0048828125
-0.32568359375,-0.8975830078125,0.18017578125,-4.82177734375,18.5546875,4.7607421875
-0.30712890625,-0.896240234375,0.19580078125,-2.197265625,7.690429210662842,-2.624511480331421
-0.2603759765625,-0.9442138671875,0.22314453125,6.469726085662842,5.920409679412842,-25.207517623901367
-0.257080078125,-0.969970703125,0.2275390625,8.97216796875,17.15087890625,-31.982419967651367
-0.243896484375,-0.9586181640625,0.2237548828125,8.85009765625,27.099607467651367,-32.89794921875
-0.2122802734375,-0.9180908203125,0.2183837890625,8.36181640625,27.404783248901367,-38.0859375
-0.1468505859375,-0.954833984375,0.2215576171875,8.6669921875,12.939452171325684,-57.861324310302734
-0.065673828125,-0.998291015625,0.235595703125,7.019042491912842,-18.310546875,-61.523433685302734
-0.017333984375,-0.9940185546875,0.2554931640625,5.065917491912842,-44.616695404052734,-37.17041015625
-0.02392578125,-0.9874267578125,0.2662353515625,4.69970703125,-41.076656341552734,-13.427733421325684
-0.07568359375,-0.9630126953125,0.2642822265625,4.69970703125,-22.277830123901367,-1.7700194120407104
-0.0567626953125,-0.95263671875,0.331787109375,4.57763671875,-13.793944358825684,-9.09423828125
-0.05126953125,-0.961669921875,0.3377685546875,5.126952648162842,-9.8876953125,-9.8876953125
-0.084716796875,-0.9617919921875,0.31591796875,6.652831554412842,-9.58251953125,-4.21142578125
-0.1015625,-0.95703125,0.301025390625,8.97216796875,-20.507810592651367,-0.1220703050494194
-0.055908203125,-0.95263671875,0.3143310546875,10.559081077575684,-36.62109375,-2.624511480331421
0.0321044921875,-0.9407958984375,0.353271484375,10.131834983825684,-45.898433685302734,-8.36181640625
0.1131591796875,-0.9232177734375,0.39697265625,8.1787109375,-40.649410247802734,-13.977049827575684
0.1461181640625,-0.93359375,0.419921875,5.310058116912842,-18.4326171875,-20.202634811401367
0.1090087890625,-0.963623046875,0.384765625,2.3193359375,17.822265625,-21.972654342651367
0.0228271484375,-0.9908447265625,0.3082275390625,-0.0,54.443355560302734,-15.014647483825684
-0.0634765625,-0.9962158203125,0.2691650390625,-0.30517578125,63.598628997802734,-1.03759765625
-0.073974609375,-0.9539794921875,0.308837890625,1.2817381620407104,38.51318359375,11.169432640075684
0.001708984375,-0.9326171875,0.361083984375,1.8920897245407104,18.06640625,5.126952648162842
0.06201171875,-0.9595947265625,0.3287353515625,1.15966796875,20.935056686401367,-12.390135765075684
0.068603515625,-0.958251953125,0.26025390625,1.8310545682907104,16.7236328125,-15.991209983825684
0.0693359375,-0.934814453125,0.267822265625,3.540038824081421,-6.958007335662842,-7.202147960662842
0.0830078125,-0.9361572265625,0.3333740234375,3.295898199081421,-25.756834030151367,-2.38037109375
0.0897216796875,-0.9439697265625,0.36279296875,0.4882812201976776,-20.568845748901367,0.2441406100988388
0.078369140625,-0.9466552734375,0.3370361328125,-1.6479490995407104,-4.8828125,4.0283203125
0.0494384765625,-0.9620361328125,0.30517578125,-0.7324218153953552,-0.7324218153953552,6.042479991912842
-0.003173828125,-0.9759521484375,0.2867431640625,2.197265625,-9.94873046875,9.58251953125
-0.0618896484375,-0.967041015625,0.2764892578125,4.69970703125,-24.291990280151367,14.831542015075684
-0.0733642578125,-0.9541015625,0.288818359375,5.676269054412842,-40.161128997802734,12.268065452575684
-0.0164794921875,-0.9527587890625,0.311767578125,4.638671875,-48.461910247802734,-0.2441406100988388
0.0640869140625,-0.9554443359375,0.3118896484375,1.9531248807907104,-40.0390625,-9.94873046875
0.1141357421875,-0.9542236328125,0.29931640625,-0.54931640625,-24.963376998901367,-6.347655773162842
0.1033935546875,-0.955078125,0.3038330078125,-1.2817381620407104,-18.24951171875,7.019042491912842
0.04248046875,-0.95458984375,0.328125,-0.54931640625,-20.263669967651367,21.057126998901367
-0.0162353515625,-0.948486328125,0.346435546875,0.1220703050494194,-23.620603561401367,26.489255905151367
-0.020263671875,-0.9444580078125,0.3387451171875,-0.0610351525247097,-23.193357467651367,19.59228515625
0.026611328125,-0.9493408203125,0.3148193359375,-0.9765624403953552,-18.24951171875,8.4228515625
0.062744140625,-0.94970703125,0.294921875,-2.38037109375,-9.8876953125,6.469726085662842
0.04345703125,-0.9415283203125,0.3013916015625,-3.479003667831421,-2.990722417831421,14.709471702575684
-0.0115966796875,-0.9385986328125,0.326171875,-3.845214605331421,-0.1220703050494194,20.080564498901367
-0.04345703125,-0.93994140625,0.328125,-3.967284917831421,2.868652105331421,15.075682640075684
-0.01025390625,-0.93310546875,0.3272705078125,-4.39453125,6.958007335662842,4.69970703125
0.038330078125,-0.928955078125,0.340087890625,-5.859374523162842,20.01953125,-2.563476324081421
-0.01171875,-0.9471435546875,0.2962646484375,-8.72802734375,48.706050872802734,-2.624511480331421
-0.145751953125,-0.9813232421875,0.2125244140625,-10.498045921325684,61.218257904052734,1.15966796875
-0.1905517578125,-0.990478515625,0.20947265625,-8.11767578125,26.245115280151367,1.2817381620407104
-0.091064453125,-0.9700927734375,0.28271484375,-3.601073980331421,-21.972654342651367,-4.2724609375
0.00244140625,-0.945556640625,0.3133544921875,-1.7089842557907104,-31.555173873901367,-7.019042491912842
0.01513671875,-0.9339599609375,0.2840576171875,-3.662109136581421,-6.530761241912842,-4.94384765625
0.001220703125,-0.9510498046875,0.276123046875,-7.080077648162842,17.15087890625,-5.554198741912842
-0.0291748046875,-0.968017578125,0.2906494140625,-10.375975608825684,31.372068405151367,-8.7890625
-0.0716552734375,-0.9766845703125,0.2830810546875,-12.512206077575684,43.884273529052734,-11.657713890075684
-0.0849609375,-0.973876953125,0.275390625,-12.084959983825684,47.912593841552734,-13.916014671325684
-0.08447265625,-0.979736328125,0.2843017578125,-8.4228515625,37.59765625,-13.244627952575684
-0.1043701171875,-0.9998779296875,0.2816162109375,-2.746581792831421,20.141599655151367,-7.324218273162842
-0.1126708984375,-1.006103515625,0.265869140625,2.624511480331421,5.249022960662842,0.7934569716453552
-0.098876953125,-0.995849609375,0.244140625,5.859374523162842,-2.44140625,7.080077648162842
-0.0875244140625,-0.98046875,0.2237548828125,7.385253429412842,-10.253905296325684,9.1552734375
0.0986328125,-0.9229736328125,0.348388671875,10.803221702575684,-40.0390625,-1.8310545682907104
0.1295166015625,-0.9365234375,0.3427734375,8.9111328125,-12.145995140075684,-8.85009765625
0.0228271484375,-0.967041015625,0.28369140625,5.798339366912842,25.451658248901367,-8.97216796875
-0.0574951171875,-0.97705078125,0.291015625,5.249022960662842,32.958984375,-5.126952648162842
-0.0604248046875,-0.981689453125,0.2958984375,6.408690929412842,26.916501998901367,-4.7607421875
-0.053955078125,-0.9813232421875,0.26318359375,8.11767578125,22.399900436401367,-4.57763671875
-0.0374755859375,-0.9688720703125,0.248046875,10.009765625,12.145995140075684,-2.0751953125
0.001953125,-0.9493408203125,0.2384033203125,10.131834983825684,5.798339366912842,-0.4882812201976776
0.0477294921875,-0.916259765625,0.2462158203125,1.5258787870407104,32.8369140625,-1.03759765625
-0.0137939453125,-0.925537109375,0.235107421875,-5.493163585662842,53.344722747802734,-2.50244140625
-0.07421875,-0.953125,0.2606201171875,-10.681151390075684,52.062984466552734,-7.385253429412842
-0.091796875,-0.9774169921875,0.2838134765625,-12.268065452575684,34.48486328125,-14.221190452575684
-0.0889892578125,-0.9981689453125,0.2764892578125,-10.131834983825684,15.686034202575684,-18.1884765625
-0.0953369140625,-1.010498046875,0.28515625,-6.225585460662842,-1.0986328125,-15.075682640075684
-0.07861328125,-0.9974365234375,0.3095703125,-4.45556640625,-3.112792730331421,-6.286620616912842
-0.0345458984375,-0.9708251953125,0.3001708984375,-6.408690929412842,18.12744140625,-0.30517578125
0.005615234375,-0.947021484375,0.271240234375,-9.46044921875,42.663570404052734,-1.0986328125
0.0166015625,-0.9537353515625,0.25830078125,-10.253905296325684,50.842281341552734,-6.774901866912842
-0.0255126953125,-0.97216796875,0.2431640625,-7.995604991912842,44.799800872802734,-9.58251953125
-0.0821533203125,-0.985595703125,0.2298583984375,-3.845214605331421,31.127927780151367,-8.4228515625
-0.08056640625,-0.9862060546875,0.2353515625,-0.0610351525247097,16.05224609375,-8.23974609375
-0.0321044921875,-0.97265625,0.2369384765625,1.2817381620407104,11.230467796325684,-10.009765625
-0.010498046875,-0.973388671875,0.2261962890625,0.3662109076976776,17.578125,-11.535643577575684
-0.02880859375,-0.98193359375,0.226806640625,-0.3662109076976776,18.4326171875,-10.375975608825684
-0.04736328125,-0.991943359375,0.2322998046875,-0.30517578125,9.8876953125,-12.268065452575684
0.010498046875,-0.9598388671875,0.2359619140625,-0.9765624403953552,-1.03759765625,-15.930174827575684
0.05078125,-0.9619140625,0.248291015625,-2.50244140625,1.3427733182907104,-15.808104515075684
0.0477294921875,-0.99462890625,0.2322998046875,-4.8828125,14.587401390075684,-17.63916015625
0.0162353515625,-1.006103515625,0.1915283203125,-6.530761241912842,24.658201217651367,-13.549803733825684
0.0037841796875,-0.995849609375,0.171630859375,-5.798339366912842,16.11328125,-10.925292015075684
0.0338134765625,-0.9742431640625,0.1834716796875,-4.0283203125,-3.479003667831421,-12.207030296325684
0.08935546875,-0.956787109375,0.202392578125,-3.906249761581421,-14.892577171325684,-13.000487327575684
0.1307373046875,-0.96923828125,0.212158203125,-5.310058116912842,-11.413573265075684,-13.366698265075684
0.12158203125,-0.98974609375,0.212646484375,-6.530761241912842,-1.4038084745407104,-9.765625
0.0145263671875,-0.9901123046875,0.189208984375,-5.249022960662842,1.220703125,5.432128429412842
0.0213623046875,-0.9825439453125,0.181884765625,-3.662109136581421,-8.11767578125,5.126952648162842
0.0523681640625,-0.9873046875,0.18212890625,-2.929687261581421,-14.892577171325684,1.15966796875
0.0621337890625,-0.9893798828125,0.1763916015625,-3.356933355331421,-14.648436546325684,0.7934569716453552
0.059326171875,-0.986083984375,0.1746826171875,-3.784179449081421,-12.084959983825684,4.638671875
0.0616455078125,-0.9901123046875,0.187744140625,-2.990722417831421,-13.061522483825684,7.019042491912842
0.05615234375,-0.999267578125,0.200927734375,-1.8310545682907104,-15.136717796325684,7.019042491912842
0.0411376953125,-0.9967041015625,0.204833984375,-1.220703125,-14.587401390075684,6.530761241912842
0.0345458984375,-0.9871826171875,0.2044677734375,-1.220703125,-12.268065452575684,5.737304210662842
0.0364990234375,-0.985595703125,0.198486328125,-1.03759765625,-9.46044921875,5.249022960662842
0.0357666015625,-0.9886474609375,0.19775390625,-0.1831054538488388,-8.60595703125,7.446288585662842
0.0357666015625,-0.990966796875,0.208251953125,1.15966796875,-10.253905296325684,9.33837890625
0.0623779296875,-0.981689453125,0.2308349609375,2.44140625,-7.995604991912842,6.591796398162842
0.061767578125,-0.978515625,0.2421875,2.685546636581421,-4.45556640625,5.126952648162842
0.026611328125,-0.969482421875,0.220458984375,2.0751953125,11.413573265075684,2.746581792831421
0.0340576171875,-0.968994140625,0.2117919921875,1.7089842557907104,15.258788108825684,1.7089842557907104
0.0418701171875,-0.9744873046875,0.2083740234375,1.3427733182907104,15.624999046325684,1.7089842557907104
0.035400390625,-0.9857177734375,0.1953125,0.9155272841453552,15.075682640075684,0.54931640625
0.0296630859375,-0.9853515625,0.1689453125,0.3662109076976776,12.268065452575684,-1.4648436307907104
0.0225830078125,-0.9825439453125,0.1328125,-0.2441406100988388,7.446288585662842,-3.173827886581421
-0.0115966796875,-0.9970703125,0.1083984375,-0.7324218153953552,1.9531248807907104,-3.295898199081421
-0.0751953125,-1.02685546875,0.1307373046875,-0.3662109076976776,-5.432128429412842,-2.01416015625
-0.1251220703125,-1.0413818359375,0.19970703125,0.9765624403953552,-12.023924827575684,-3.784179449081421
0.517578125,-0.790283203125,0.236083984375,-4.94384765625,69.88525390625,-35.0341796875
0.21044921875,-0.9464111328125,0.261474609375,-11.840819358825684,141.7236328125,-82.64159393310547
0.122802734375,-0.8876953125,0.4163818359375,-23.498533248901367,176.63572692871094,-32.77587890625
0.2340087890625,-0.8245849609375,0.4041748046875,-31.066892623901367,194.45799255371094,4.39453125
0.284912109375,-0.888427734375,0.2694091796875,-24.475095748901367,182.12889099121094,-7.385253429412842
0.200927734375,-0.9967041015625,0.2310791015625,-4.7607421875,116.21092987060547,-25.268552780151367
0.182861328125,-1.0054931640625,0.2454833984375,6.896972179412842,54.931636810302734,-24.047849655151367
0.306640625,-0.9447021484375,0.20947265625,0.30517578125,53.955074310302734,-18.73779296875
0.33447265625,-0.9581298828125,0.15771484375,-8.85009765625,89.78270721435547,-24.047849655151367
0.117919921875,-1.0579833984375,0.1968994140625,-7.202147960662842,115.35643768310547,-25.146482467651367
-0.1612548828125,-1.0848388671875,0.3243408203125,0.7934569716453552,110.47362518310547,0.8544921278953552
-0.2005615234375,-0.969482421875,0.438232421875,7.080077648162842,87.15819549560547,34.912109375
0.3314208984375,-0.96923828125,0.4434814453125,13.305663108825684,88.25682830810547,2.13623046875
0.43701171875,-0.9482421875,0.298583984375,12.145995140075684,114.68505096435547,-32.8369140625
0.3856201171875,-0.8797607421875,0.3013916015625,4.8828125,109.49706268310547,-58.349605560302734
0.2574462890625,-0.9033203125,0.4266357421875,-5.554198741912842,90.08788299560547,-75.50048828125
0.16259765625,-0.887939453125,0.4189453125,-18.85986328125,101.86766815185547,-71.77734375
0.093017578125,-0.8043212890625,0.3079833984375,-23.132322311401367,108.82567596435547,-61.401363372802734
0.144287109375,-0.737060546875,0.3544921875,-11.108397483825684,48.950191497802734,-59.387203216552734
0.3057861328125,-0.73388671875,0.5068359375,-2.746581792831421,-7.812499523162842,-55.725093841552734
0.381103515625,-0.8125,0.529541015625,-9.46044921875,18.12744140625,-49.804683685302734
0.3447265625,-0.9263916015625,0.4305419921875,-20.996091842651367,72.6318359375,-49.621578216552734
0.224853515625,-0.997802734375,0.3218994140625,-25.695798873901367,75.74462890625,-37.78076171875
0.20556640625,-1.0948486328125,0.3031005859375,-26.184080123901367,72.75390625,-25.756834030151367
0.1805419921875,-1.22216796875,0.287109375,-29.052732467651367,81.72606658935547,-5.0048828125
0.132080078125,-1.25439453125,0.2698974609375,-27.954099655151367,70.61767578125,31.555173873901367
0.1868896484375,-1.243896484375,0.2899169921875,-22.583005905151367,26.306150436401367,57.312007904052734
0.3251953125,-1.0552978515625,0.2098388671875,-20.385740280151367,-9.33837890625,62.499996185302734
0.3922119140625,-0.7406005859375,0.034423828125,-19.34814453125,-18.24951171875,48.706050872802734
0.347900390625,-0.6666259765625,-0.0091552734375,-12.145995140075684,-20.568845748901367,4.69970703125
0.1953125,-0.7762451171875,0.0450439453125,-3.723144292831421,-7.690429210662842,-27.099607467651367
0.0863037109375,-0.8599853515625,0.166748046875,-0.6103515625,5.126952648162842,-22.338865280151367
0.109130859375,-0.8834228515625,0.2523193359375,-5.615233898162842,10.925292015075684,-21.057126998901367
0.091552734375,-0.9251708984375,0.1925048828125,-12.329100608825684,31.738279342651367,-34.7900390625
-0.0457763671875,-1.0108642578125,0.156005859375,-7.568358898162842,34.7900390625,-32.3486328125
-0.1146240234375,-1.0145263671875,0.183837890625,6.591796398162842,-8.48388671875,-2.746581792831421
-0.0318603515625,-0.9527587890625,0.1365966796875,20.324705123901367,-62.011714935302734,16.2353515625
0.0648193359375,-0.9720458984375,0.0430908203125,30.029294967651367,-95.58104705810547,15.808104515075684
0.1959228515625,-1.046630859375,0.04150390625,29.968259811401367,-107.36083221435547,34.7900390625
0.3385009765625,-1.1025390625,0.22802734375,17.822265625,-78.369140625,64.02587890625
0.26123046875,-1.2093505859375,0.466796875,10.498045921325684,-20.751951217651367,48.400875091552734
0.151123046875,-1.115966796875,0.1517333984375,16.90673828125,44.616695404052734,-44.677730560302734
0.322509765625,-0.6783447265625,-0.052001953125,17.15087890625,-3.662109136581421,-24.414060592651367
0.4716796875,-0.493896484375,0.0496826171875,19.8974609375,-76.171875,-7.812499523162842
0.5386962890625,-0.666015625,0.23779296875,12.756346702575684,-71.4111328125,-25.695798873901367
0.450439453125,-0.931396484375,0.2861328125,-15.319823265075684,27.282712936401367,-28.930662155151367
0.19775390625,-1.0296630859375,0.1929931640625,-43.762203216552734,131.34765625,4.39453125
-0.013427734375,-0.8416748046875,0.138916015625,-22.399900436401367,88.07372283935547,-11.596678733825684
0.1314697265625,-0.9027099609375,0.14208984375,5.676269054412842,-2.563476324081421,-74.15771484375
0.2342529296875,-1.0140380859375,0.1417236328125,12.695311546325684,-37.04833984375,-91.55272674560547
0.23291015625,-1.119140625,0.19287109375,-0.0,-18.5546875,-46.569820404052734
0.2032470703125,-1.188720703125,0.203857421875,-8.6669921875,0.30517578125,5.676269054412842
0.2498779296875,-1.17138671875,0.187744140625,-1.6479490995407104,-21.728513717651367,32.28759765625
0.39599609375,-1.173828125,0.2071533203125,22.460935592651367,-96.25243377685547,30.883787155151367
0.496826171875,-1.156005859375,0.1292724609375,54.321285247802734,-168.94529724121094,21.118162155151367
0.458740234375,-1.0123291015625,-0.0726318359375,71.4111328125,-180.54197692871094,33.63037109375
0.38623046875,-0.8497314453125,-0.168701171875,68.29833984375,-159.72900390625,55.175777435302734
0.3421630859375,-0.7027587890625,-0.0460205078125,58.471675872802734,-150.7568359375,64.75830078125
0.3294677734375,-0.6195068359375,0.1680908203125,42.724605560302734,-130.31005859375,53.344722747802734
0.3326416015625,-0.671630859375,0.3358154296875,19.775390625,-80.93260955810547,31.127927780151367
0.2786865234375,-0.835693359375,0.3707275390625,-3.356933355331421,-22.521970748901367,20.202634811401367
0.1219482421875,-1.0185546875,0.291748046875,-19.53125,18.61572265625,20.629880905151367
-0.0697021484375,-1.0589599609375,0.2027587890625,-22.155759811401367,21.667478561401367,33.14208984375
-0.1800537109375,-0.98046875,0.172607421875,-10.742186546325684,-7.019042491912842,38.14697265625
-0.157470703125,-0.9678955078125,0.2222900390625,8.4228515625,-47.607418060302734,17.4560546875
-0.0364990234375,-1.031982421875,0.285400390625,25.085447311401367,-74.76806640625,2.868652105331421
0.15283203125,-1.1180419921875,0.3216552734375,30.883787155151367,-72.44873046875,13.793944358825684
0.3646240234375,-1.2703857421875,0.3756103515625,27.893064498901367,-45.227046966552734,27.526853561401367
0.4541015625,-1.3116455078125,0.362060546875,23.620603561401367,-7.751464366912842,31.433103561401367
0.4053955078125,-1.00537109375,0.2215576171875,14.831542015075684,22.888181686401367,35.0341796875
0.3634033203125,-0.66845703125,0.1556396484375,3.417968511581421,23.010251998901367,10.986327171325684
0.3134765625,-0.6583251953125,0.156494140625,-2.197265625,11.901854515075684,-42.968746185302734
0.21630859375,-0.83642578125,0.0980224609375,-9.09423828125,33.0810546875,-59.020992279052734
0.1568603515625,-0.912841796875,0.12646484375,-21.728513717651367,70.068359375,-8.9111328125
0.179443359375,-0.829833984375,0.28369140625,-30.273435592651367,84.41161346435547,50.415035247802734
0.1966552734375,-0.822509765625,0.3302001953125,-29.724119186401367,92.16307830810547,40.710445404052734
0.080078125,-0.9525146484375,0.2171630859375,-26.184080123901367,116.14989471435547,-12.023924827575684
-0.107177734375,-0.9791259765625,0.163818359375,-20.324705123901367,110.10741424560547,-21.850584030151367
-0.1441650390625,-0.9288330078125,0.227783203125,-9.3994140625,46.691890716552734,-7.507323741912842
0.02197265625,-1.0703125,0.320068359375,1.3427733182907104,-22.583005905151367,-23.986814498901367
0.1119384765625,-1.3021240234375,0.376708984375,3.295898199081421,-35.5224609375,-26.672361373901367
-0.1014404296875,-1.369384765625,0.32470703125,-4.69970703125,8.6669921875,24.475095748901367
-0.2547607421875,-1.2744140625,0.177001953125,-11.169432640075684,38.330078125,72.08251953125
0.0794677734375,-1.1416015625,0.0947265625,-0.6103515625,-27.343748092651367,57.861324310302734
0.552978515625,-0.9083251953125,0.0999755859375,19.83642578125,-136.04736328125,23.559568405151367
0.5750732421875,-0.6544189453125,0.049072265625,30.334470748901367,-148.74267578125,8.4228515625
0.2152099609375,-0.7052001953125,0.0404052734375,29.663084030151367,-67.44384765625,-19.775390625
-0.103515625,-0.8702392578125,0.289794921875,0.6713866591453552,29.968259811401367,-1.3427733182907104
0.0640869140625,-0.925537109375,0.350341796875,-11.108397483825684,22.216794967651367,-17.76123046875
0.1217041015625,-0.92333984375,0.3272705078125,-7.812499523162842,-5.310058116912842,-36.80419921875
0.050537109375,-0.8626708984375,0.2769775390625,0.54931640625,-25.512693405151367,-24.597166061401367
-0.0128173828125,-0.8712158203125,0.259521484375,2.807616949081421,-29.968259811401367,-5.065917491912842
-0.0103759765625,-0.934326171875,0.2999267578125,-3.051757574081421,-17.9443359375,19.1650390625
0.0347900390625,-1.0185546875,0.3779296875,-9.09423828125,10.681151390075684,38.57421875
0.03076171875,-1.1341552734375,0.3843994140625,-10.009765625,48.522945404052734,30.029294967651367
-0.0511474609375,-1.2314453125,0.374267578125,-5.187987804412842,75.25634765625,4.39453125
0.001953125,-1.258056640625,0.4068603515625,6.225585460662842,69.2138671875,-18.12744140625
0.4659423828125,-0.781005859375,0.3262939453125,12.451170921325684,36.31591796875,-6.347655773162842
0.412841796875,-0.6846923828125,0.3182373046875,11.596678733825684,19.59228515625,-14.160155296325684
0.2296142578125,-0.7940673828125,0.2813720703125,6.713866710662842,26.184080123901367,-41.503902435302734
0.1318359375,-0.8629150390625,0.224609375,-4.638671875,55.908199310302734,-37.353515625
0.1832275390625,-0.83740234375,0.222412109375,-12.329100608825684,71.71630859375,-9.521484375
0.1939697265625,-0.86572265625,0.2314453125,-9.8876953125,61.950679779052734,-2.25830078125
0.0736083984375,-0.9500732421875,0.2186279296875,-3.479003667831421,46.142574310302734,-15.075682640075684
-0.048583984375,-0.9576416015625,0.22265625,-1.15966796875,33.69140625,-14.892577171325684
-0.0704345703125,-0.92822265625,0.27001953125,-3.540038824081421,23.681638717651367,-7.446288585662842
0.0010986328125,-0.985595703125,0.3297119140625,-7.385253429412842,19.287109375,-8.4228515625
0.108154296875,-1.26220703125,0.40625,-14.953612327575684,37.841796875,18.61572265625
0.0343017578125,-1.262451171875,0.4197998046875,-15.258788108825684,41.015621185302734,40.954586029052734
0.024169921875,-1.154296875,0.34716796875,-9.33837890625,33.5693359375,40.283199310302734
0.1243896484375,-1.0364990234375,0.16552734375,0.4272460639476776,20.935056686401367,23.986814498901367
0.2271728515625,-0.9305419921875,0.026123046875,10.803221702575684,-13.732909202575684,7.995604991912842
0.2264404296875,-0.79541015625,0.0689697265625,16.41845703125,-45.654293060302734,4.57763671875
0.1025390625,-0.7242431640625,0.1607666015625,12.145995140075684,-24.475095748901367,4.33349609375
-0.046630859375,-0.7532958984375,0.1795654296875,-1.5258787870407104,19.71435546875,-5.371093273162842
-0.0931396484375,-0.826904296875,0.2144775390625,-17.578125,33.447265625,-19.04296875
-0.02001953125,-0.870849609375,0.3135986328125,-25.939939498901367,19.8974609375,-30.395505905151367
0.057861328125,-0.8590087890625,0.3433837890625,-22.277830123901367,5.920409679412842,-40.649410247802734
0.048583984375,-0.8802490234375,0.246337890625,-16.41845703125,16.78466796875,-53.222652435302734
-0.0185546875,-0.9578857421875,0.1605224609375,-18.6767578125,49.621578216552734,-57.189937591552734
-0.0400390625,-1.0340576171875,0.18701171875,-24.597166061401367,75.37841796875,-50.231929779052734
0.0166015625,-1.1348876953125,0.27783203125,-27.893064498901367,84.35057830810547,-51.635738372802734
0.048828125,-1.2796630859375,0.3123779296875,-28.259275436401367,90.08788299560547,-57.189937591552734
0.1353759765625,-1.3648681640625,0.258544921875,-20.385740280151367,77.63671875,-48.278804779052734
0.3565673828125,-1.239013671875,0.15380859375,0.4272460639476776,26.611326217651367,-34.0576171875
0.448974609375,-0.637939453125,0.2080078125,52.978511810302734,-76.72119140625,10.498045921325684
0.427490234375,-0.5899658203125,0.3848876953125,50.231929779052734,-72.265625,22.155759811401367
0.3837890625,-0.819580078125,0.23388671875,-24.230955123901367,73.66943359375,-40.10009765625
0.303466796875,-0.9267578125,0.0623779296875,-38.9404296875,112.67089080810547,-79.28466796875
0.183349609375,-0.9437255859375,0.055908203125,-34.97314453125,102.35594940185547,-70.25146484375
0.1060791015625,-0.9237060546875,0.3486328125,-2.990722417831421,-9.46044921875,-26.977537155151367
0.189208984375,-0.955810546875,0.401611328125,10.925292015075684,-47.851558685302734,-26.916501998901367
0.356689453125,-1.081298828125,0.3690185546875,15.197752952575684,-42.602535247802734,-28.686521530151367
0.5240478515625,-1.190673828125,0.334228515625,15.075682640075684,-23.559568405151367,-28.442380905151367
0.594970703125,-1.185791015625,0.31591796875,14.221190452575684,-10.559081077575684,-8.97216796875
0.5811767578125,-1.093994140625,0.2177734375,13.061522483825684,-0.3662109076976776,19.83642578125
0.508544921875,-0.92333984375,0.00927734375,15.502928733825684,-0.30517578125,39.55078125
0.4437255859375,-0.753173828125,-0.1666259765625,23.559568405151367,-24.597166061401367,55.419918060302734
0.41845703125,-0.6566162109375,-0.139892578125,34.1796875,-72.998046875,56.396480560302734
0.4320068359375,-0.656494140625,0.1202392578125,35.0341796875,-106.20116424560547,26.855466842651367
0.441162109375,-0.7041015625,0.4276123046875,15.258788108825684,-81.42089080810547,-8.30078125
0.383544921875,-0.7554931640625,0.515380859375,-21.179197311401367,0.2441406100988388,-30.883787155151367
0.306884765625,-0.8697509765625,0.3267822265625,-55.664058685302734,89.29442596435547,-55.480953216552734
0.2236328125,-0.9818115234375,0.0740966796875,-67.0166015625,125.18309783935547,-63.781734466552734
0.12451171875,-1.0283203125,0.0087890625,-54.260250091552734,99.12108612060547,-34.85107421875
0.099609375,-1.0291748046875,0.1273193359375,-32.1044921875,47.851558685302734,7.690429210662842
0.237060546875,-1.01171875,0.23779296875,-10.375975608825684,5.432128429412842,33.3251953125
0.4195556640625,-1.0501708984375,0.2537841796875,9.58251953125,-21.667478561401367,32.77587890625
0.500244140625,-1.148681640625,0.2091064453125,18.1884765625,-23.315427780151367,9.1552734375
0.5638427734375,-1.1629638671875,0.18017578125,13.305663108825684,-4.45556640625,-12.695311546325684
0.625,-0.96435546875,0.1943359375,17.27294921875,-7.934569835662842,-1.4648436307907104
0.601806640625,-0.6846923828125,0.2264404296875,33.14208984375,-40.0390625,30.517576217651367
0.458740234375,-0.6236572265625,0.2022705078125,14.953612327575684,-22.094724655151367,21.606443405151367
0.4041748046875,-0.7957763671875,0.1292724609375,-10.131834983825684,30.456541061401367,-21.728513717651367
0.3441162109375,-0.9014892578125,0.06103515625,-21.728513717651367,58.105464935302734,-45.593257904052734
0.29833984375,-0.9141845703125,0.10400390625,-16.90673828125,39.306640625,-42.297359466552734
0.2958984375,-0.876220703125,0.2481689453125,-1.220703125,-10.803221702575684,-26.733396530151367
0.3118896484375,-0.8214111328125,0.336181640625,11.779784202575684,-44.250484466552734,-13.122557640075684
0.3028564453125,-0.8447265625,0.317138671875,13.793944358825684,-41.931148529052734,-11.840819358825684
0.2828369140625,-1.0164794921875,0.291259765625,10.742186546325684,-27.587888717651367,-15.136717796325684
0.3529052734375,-1.19775390625,0.3653564453125,10.620116233825684,-21.179197311401367,-7.629394054412842
0.446044921875,-1.198974609375,0.45166015625,14.770506858825684,-19.10400390625,12.695311546325684
0.515380859375,-1.0853271484375,0.411376953125,21.057126998901367,-13.183592796325684,31.005857467651367
0.567138671875,-0.985107421875,0.212646484375,24.475095748901367,0.1220703050494194,31.677244186401367
0.542236328125,-0.902099609375,-0.0677490234375,19.8974609375,21.301267623901367,27.893064498901367
0.499755859375,-0.8331298828125,-0.2430419921875,15.441893577575684,20.01953125,39.0625
0.4600830078125,-0.7572021484375,-0.19384765625,26.000974655151367,-35.70556640625,55.664058685302734
0.460205078125,-0.68994140625,0.0931396484375,42.480464935302734,-117.18749237060547,50.537105560302734
0.4957275390625,-0.644775390625,0.4326171875,34.97314453125,-137.63427734375,19.287109375
0.459716796875,-0.6348876953125,0.561767578125,-5.065917491912842,-54.992671966552734,-19.59228515625
0.316162109375,-0.8057861328125,0.458740234375,-50.903316497802734,52.001949310302734,-66.5283203125
0.1519775390625,-1.0255126953125,0.225830078125,-75.1953125,104.06493377685547,-96.25243377685547
0.186279296875,-0.988525390625,0.1927490234375,-27.648923873901367,26.794431686401367,-1.9531248807907104
0.3875732421875,-0.9100341796875,0.3271484375,3.051757574081421,-12.145995140075684,52.429195404052734
0.465087890625,-1.0330810546875,0.336181640625,3.540038824081421,5.126952648162842,53.588863372802734
0.3399658203125,-1.163818359375,0.265869140625,-10.559081077575684,34.5458984375,11.047362327575684
0.4237060546875,-1.0714111328125,0.2359619140625,-11.291502952575684,35.64453125,-10.986327171325684
0.6480712890625,-0.8818359375,0.26220703125,-0.54931640625,31.982419967651367,-5.065917491912842
0.701416015625,-0.701171875,0.261962890625,6.591796398162842,33.935546875,-0.30517578125
0.6663818359375,-0.6173095703125,0.2843017578125,6.042479991912842,25.939939498901367,-4.21142578125
0.604736328125,-0.664306640625,0.3115234375,-5.798339366912842,28.991697311401367,-25.085447311401367
0.482177734375,-0.82080078125,0.2239990234375,-23.559568405151367,56.030269622802734,-48.217769622802734
0.319091796875,-0.9320068359375,0.112060546875,-30.883787155151367,74.89013671875,-46.264644622802734
0.262451171875,-0.8729248046875,0.1300048828125,-17.63916015625,46.752925872802734,-18.24951171875
0.3460693359375,-0.781494140625,0.2420654296875,1.220703125,-4.150390625,-0.0610351525247097
0.4029541015625,-0.7730712890625,0.31787109375,7.141112804412842,-23.681638717651367,-4.08935546875
0.3656005859375,-0.8228759765625,0.3331298828125,5.371093273162842,-19.10400390625,-8.544921875
0.28466796875,-0.90625,0.362548828125,7.507323741912842,-24.963376998901367,-1.03759765625
0.27734375,-1.025146484375,0.4228515625,10.131834983825684,-30.212400436401367,11.169432640075684
0.4315185546875,-1.1279296875,0.4853515625,6.103515148162842,-11.596678733825684,12.084959983825684
0.6513671875,-1.14501953125,0.501953125,2.38037109375,10.559081077575684,6.713866710662842
0.7197265625,-1.0321044921875,0.376953125,2.929687261581421,22.033689498901367,1.5869139432907104
0.5731201171875,-0.80078125,0.142822265625,-2.197265625,41.564937591552734,-0.9155272841453552
0.4305419921875,-0.643798828125,-0.0269775390625,-13.366698265075684,62.072750091552734,6.835937023162842
0.44482421875,-0.6807861328125,-0.079345703125,-18.5546875,61.340328216552734,10.375975608825684
0.5234375,-0.757568359375,0.0150146484375,-11.413573265075684,28.137205123901367,5.554198741912842
0.561767578125,-0.7578125,0.2254638671875,-0.9765624403953552,-22.216794967651367,0.4882812201976776
0.5389404296875,-0.728759765625,0.3570556640625,-3.051757574081421,-39.61181640625,-14.770506858825684
0.4481201171875,-0.7705078125,0.3677978515625,-16.4794921875,-15.930174827575684,-43.457027435302734
0.2093505859375,-0.9456787109375,0.379638671875,-28.076169967651367,11.901854515075684,-58.410640716552734
0.033447265625,-1.031005859375,0.34033203125,-32.65380859375,32.71484375,-30.273435592651367
0.1466064453125,-0.962890625,0.2384033203125,-29.479978561401367,46.264644622802734,9.1552734375
0.35009765625,-0.9033203125,0.2142333984375,-22.766111373901367,44.433589935302734,30.212400436401367
0.47265625,-0.931396484375,0.2591552734375,-18.73779296875,34.11865234375,31.555173873901367
0.4537353515625,-1.0751953125,0.286376953125,-19.10400390625,33.26416015625,5.554198741912842
0.5338134765625,-1.1331787109375,0.330810546875,-16.66259765625,34.36279296875,-20.446775436401367
0.77001953125,-1.0013427734375,0.3592529296875,-4.69970703125,26.977537155151367,-25.207517623901367
0.7845458984375,-0.72021484375,0.2801513671875,7.934569835662842,20.324705123901367,-11.596678733825684
0.60205078125,-0.4810791015625,0.20947265625,9.8876953125,12.512206077575684,5.493163585662842
0.490478515625,-0.5052490234375,0.2110595703125,0.3662109076976776,10.009765625,-1.2817381620407104
0.48291015625,-0.7020263671875,0.2130126953125,-18.798828125,30.761716842651367,-29.357908248901367
0.4742431640625,-0.86328125,0.23291015625,-31.311033248901367,46.386714935302734,-47.241207122802734
0.4287109375,-0.887939453125,0.2874755859375,-26.855466842651367,31.555173873901367,-37.841796875
0.393798828125,-0.8427734375,0.3221435546875,-18.1884765625,14.587401390075684,-19.71435546875
0.384521484375,-0.7960205078125,0.31005859375,-12.207030296325684,10.070799827575684,-9.8876953125
0.38427734375,-0.768798828125,0.2904052734375,-6.408690929412842,4.69970703125,-6.408690929412842
0.3489990234375,-0.837646484375,0.3165283203125,-1.3427733182907104,-3.723144292831421,-5.798339366912842
0.3543701171875,-0.9840087890625,0.3974609375,2.13623046875,-6.896972179412842,2.01416015625
0.489501953125,-1.080810546875,0.4775390625,3.662109136581421,0.1831054538488388,12.512206077575684
0.6422119140625,-1.0609130859375,0.48681640625,5.493163585662842,9.58251953125,18.00537109375
0.7078857421875,-0.996337890625,0.379150390625,6.225585460662842,18.98193359375,15.686034202575684
0.64404296875,-0.8966064453125,0.153076171875,-5.981444835662842,49.194332122802734,6.896972179412842
0.526123046875,-0.765869140625,-0.0672607421875,-26.428220748901367,84.28954315185547,12.756346702575684
0.4871826171875,-0.7119140625,-0.146240234375,-30.090330123901367,71.47216796875,27.160642623901367
0.5181884765625,-0.71484375,0.0030517578125,-8.48388671875,2.25830078125,29.968259811401367
0.561767578125,-0.70703125,0.30810546875,10.742186546325684,-62.805171966552734,17.578125
0.5244140625,-0.700439453125,0.5015869140625,0.9765624403953552,-57.678218841552734,-7.690429210662842
0.2955322265625,-0.8599853515625,0.482421875,-28.869626998901367,6.164550304412842,-39.12353515625
0.1365966796875,-0.95556640625,0.28662109375,-52.368160247802734,63.903804779052734,-51.330562591552734
0.271728515625,-0.897705078125,0.1156005859375,-31.860349655151367,44.433589935302734,-2.38037109375
0.3187255859375,-0.904052734375,0.19921875,-9.94873046875,22.888181686401367,39.36767578125
0.3475341796875,-1.0015869140625,0.26953125,-0.4882812201976776,24.353025436401367,53.527828216552734
0.3074951171875,-1.12939453125,0.30419921875,5.249022960662842,25.146482467651367,40.832515716552734
0.4141845703125,-1.162353515625,0.28271484375,14.282225608825684,10.437010765075684,17.51708984375
0.653564453125,-1.0404052734375,0.24658203125,17.02880859375,4.08935546875,-8.48388671875
0.741455078125,-0.7899169921875,0.23828125,16.7236328125,3.540038824081421,-13.854979515075684
0.6319580078125,-0.5819091796875,0.240966796875,11.047362327575684,5.920409679412842,-7.080077648162842
0.4556884765625,-0.6055908203125,0.1973876953125,-7.995604991912842,33.0810546875,-15.991209983825684
0.315673828125,-0.8421630859375,0.0888671875,-22.827146530151367,64.75830078125,-29.296873092651367
0.3040771484375,-0.9827880859375,0.0400390625,-14.770506858825684,51.208492279052734,-23.132322311401367
0.4027099609375,-0.8958740234375,0.119140625,4.5166015625,-1.6479490995407104,-6.225585460662842
0.4656982421875,-0.7767333984375,0.257080078125,13.183592796325684,-40.588375091552734,-2.13623046875
0.3909912109375,-0.784423828125,0.3465576171875,10.559081077575684,-44.921871185302734,-10.437010765075684
0.260498046875,-0.8360595703125,0.374267578125,9.46044921875,-39.794921875,-11.840819358825684
0.170654296875,-0.9071044921875,0.373779296875,11.291502952575684,-36.9873046875,-4.8828125
0.1973876953125,-1.0213623046875,0.3624267578125,9.3994140625,-18.12744140625,-0.4272460639476776
0.380615234375,-1.0789794921875,0.3759765625,8.056640625,1.9531248807907104,-0.4272460639476776
0.535400390625,-1.045166015625,0.3828125,12.268065452575684,2.0751953125,4.82177734375
0.6322021484375,-1.0396728515625,0.3353271484375,21.057126998901367,-10.620116233825684,14.526366233825684
0.6922607421875,-1.0841064453125,0.1407470703125,23.071287155151367,-7.995604991912842,10.559081077575684
0.6336669921875,-0.9857177734375,-0.1490478515625,10.620116233825684,14.221190452575684,11.962889671325684
0.4932861328125,-0.76953125,-0.278564453125,6.469726085662842,-2.990722417831421,30.151365280151367
0.3853759765625,-0.624267578125,-0.123291015625,21.179197311401367,-68.17626953125,30.334470748901367
0.4033203125,-0.62939453125,0.2047119140625,29.174802780151367,-112.97606658935547,0.8544921278953552
0.4766845703125,-0.6949462890625,0.4515380859375,14.282225608825684,-95.09276580810547,-25.085447311401367
0.4188232421875,-0.8695068359375,0.458740234375,-16.29638671875,-25.939939498901367,-30.029294967651367
0.283203125,-1.01611328125,0.2489013671875,-39.55078125,35.58349609375,-23.925779342651367
0.22998046875,-0.977783203125,0.0966796875,-30.517576217651367,30.761716842651367,-12.390135765075684
0.206787109375,-0.9044189453125,0.201416015625,2.807616949081421,-24.047849655151367,9.33837890625
0.242919921875,-0.8524169921875,0.333251953125,26.550291061401367,-54.931636810302734,41.992183685302734
0.385986328125,-0.8951416015625,0.3289794921875,23.681638717651367,-28.381345748901367,56.213375091552734
0.4088134765625,-1.1341552734375,0.30126953125,8.60595703125,7.080077648162842,30.395505905151367
0.466552734375,-1.1878662109375,0.2509765625,0.1831054538488388,-1.220703125,-1.8310545682907104
0.8311767578125,-0.8055419921875,0.161376953125,33.0810546875,-28.808591842651367,2.929687261581421
0.55322265625,-0.681884765625,0.187744140625,22.460935592651367,-10.742186546325684,-3.845214605331421
0.31787109375,-0.683349609375,0.2459716796875,-2.25830078125,15.747069358825684,8.72802734375
0.2998046875,-0.755859375,0.28955078125,-16.54052734375,42.541500091552734,22.277830123901367
0.405029296875,-0.8330078125,0.3074951171875,-17.15087890625,45.715328216552734,1.0986328125
0.481201171875,-0.8480224609375,0.3037109375,-14.404295921325684,32.04345703125,-38.75732421875
0.4656982421875,-0.798095703125,0.279296875,-21.179197311401367,35.70556640625,-57.983394622802734
0.4063720703125,-0.772705078125,0.2789306640625,-30.883787155151367,45.837398529052734,-54.748531341552734
0.3665771484375,-0.78125,0.3272705078125,-31.066892623901367,39.97802734375,-42.602535247802734
0.3551025390625,-0.795166015625,0.3863525390625,-24.108884811401367,24.658201217651367,-27.893064498901367
0.3658447265625,-0.8680419921875,0.4140625,-17.2119140625,18.1884765625,-14.221190452575684
0.4508056640625,-0.9969482421875,0.4376220703125,-13.122557640075684,25.573728561401367,-1.9531248807907104
0.569580078125,-1.05078125,0.43603515625,-10.131834983825684,37.41455078125,6.225585460662842
0.7176513671875,-0.9920654296875,0.24951171875,-9.765625,51.879878997802734,4.638671875
0.60498046875,-0.8270263671875,0.0833740234375,-21.362302780151367,71.533203125,10.864256858825684
0.4854736328125,-0.6646728515625,0.0062255859375,-28.198240280151367,71.47216796875,21.850584030151367
0.495849609375,-0.608642578125,0.11669921875,-24.169919967651367,45.654293060302734,13.244627952575684
0.583984375,-0.6048583984375,0.3653564453125,-20.690916061401367,29.296873092651367,-3.479003667831421
0.6195068359375,-0.612548828125,0.4940185546875,-27.893064498901367,48.950191497802734,-22.033689498901367
0.3985595703125,-0.946533203125,0.2054443359375,-51.208492279052734,100.03661346435547,-91.36962127685547
0.246337890625,-1.018310546875,0.13916015625,-57.922359466552734,98.57176971435547,-74.64599609375
0.3060302734375,-0.8946533203125,0.236328125,-54.504390716552734,79.40673828125,-37.04833984375
0.3984375,-0.810791015625,0.364013671875,-47.790523529052734,68.54248046875,-5.859374523162842
0.4622802734375,-0.78173828125,0.4234619140625,-45.349117279052734,82.03124237060547,16.4794921875
0.4638671875,-0.8475341796875,0.4058837890625,-45.349117279052734,103.33251190185547,7.263183116912842
0.4434814453125,-0.92138671875,0.3697509765625,-44.799800872802734,112.73192596435547,-17.7001953125
0.59130859375,-0.923583984375,0.4368896484375,-42.480464935302734,106.81151580810547,-35.5224609375
0.8021240234375,-0.8348388671875,0.5556640625,-40.527339935302734,97.96141815185547,-54.138179779052734
0.80908203125,-0.6678466796875,0.5257568359375,-47.851558685302734,110.65673065185547,-69.15283203125
0.6810302734375,-0.564453125,0.3731689453125,-62.194820404052734,130.4931640625,-69.3359375
0.6102294921875,-0.6002197265625,0.2730712890625,-66.5283203125,117.85887908935547,-59.692378997802734
0.625244140625,-0.683837890625,0.2694091796875,-59.692378997802734,85.87645721435547,-47.729488372802734
0.63232421875,-0.7183837890625,0.288330078125,-55.908199310302734,70.37353515625,-37.2314453125
0.606689453125,-0.7108154296875,0.2939453125,-59.082027435302734,74.5849609375,-30.517576217651367
0.589111328125,-0.708251953125,0.30810546875,-59.326168060302734,75.3173828125,-28.808591842651367
0.5849609375,-0.7030029296875,0.3599853515625,-48.156734466552734,56.579586029052734,-25.451658248901367
0.562255859375,-0.674560546875,0.4405517578125,-30.944822311401367,30.151365280151367,-19.34814453125
0.363525390625,-0.8912353515625,0.5023193359375,-16.6015625,10.375975608825684,-17.63916015625
0.2266845703125,-1.064453125,0.574462890625,-3.173827886581421,-0.6103515625,13.122557640075684
0.412841796875,-0.93896484375,0.6129150390625,2.746581792831421,23.376462936401367,50.903316497802734
0.6834716796875,-0.8856201171875,0.5191650390625,-14.465331077575684,78.06396484375,25.817869186401367
0.8131103515625,-0.9029541015625,0.3243408203125,-45.104976654052734,107.97118377685547,-20.996091842651367
0.7364501953125,-0.8514404296875,0.1253662109375,-64.14794921875,110.59569549560547,-24.597166061401367
0.609130859375,-0.727783203125,0.0191650390625,-64.39208984375,104.30907440185547,-4.7607421875
0.5797119140625,-0.601806640625,0.107666015625,-49.011226654052734,78.0029296875,4.69970703125
0.6171875,-0.518310546875,0.3245849609375,-27.587888717651367,44.677730560302734,5.432128429412842
0.632568359375,-0.5535888671875,0.3973388671875,-20.080564498901367,34.72900390625,-14.282225608825684
0.591552734375,-0.7353515625,0.2872314453125,-31.005857467651367,49.804683685302734,-62.377925872802734
0.3917236328125,-0.9981689453125,0.1959228515625,-48.095699310302734,67.81005859375,-93.56688690185547
0.1595458984375,-1.0596923828125,0.1915283203125,-60.180660247802734,75.37841796875,-68.54248046875
0.2005615234375,-0.9122314453125,0.2386474609375,-59.326168060302734,69.39697265625,-24.963376998901367
0.4267578125,-0.829345703125,0.3209228515625,-50.292964935302734,61.340328216552734,1.5258787870407104
0.5657958984375,-0.85107421875,0.3900146484375,-45.715328216552734,70.6787109375,13.549803733825684
0.4962158203125,-0.948486328125,0.423583984375,-45.654293060302734,89.90477752685547,6.286620616912842
0.4251708984375,-0.9713134765625,0.4970703125,-37.59765625,85.14403533935547,-1.5869139432907104
0.6219482421875,-0.861083984375,0.6248779296875,-22.338865280151367,60.485836029052734,-8.544921875
0.8211669921875,-0.7022705078125,0.572265625,-18.73779296875,68.90869140625,-34.3017578125
0.772705078125,-0.5621337890625,0.306396484375,-32.470703125,107.36083221435547,-55.175777435302734
0.6619873046875,-0.5521240234375,0.1424560546875,-42.114253997802734,109.68016815185547,-52.856441497802734
0.6138916015625,-0.64990234375,0.185302734375,-42.663570404052734,79.77294921875,-41.992183685302734
0.606201171875,-0.745849609375,0.279296875,-50.964351654052734,73.3642578125,-36.68212890625
0.5968017578125,-0.787841796875,0.2967529296875,-59.265132904052734,82.15331268310547,-36.56005859375
0.56005859375,-0.74658203125,0.2479248046875,-39.00146484375,45.349117279052734,-19.22607421875
0.54833984375,-0.7357177734375,0.289794921875,-28.503416061401367,23.559568405151367,-14.526366233825684
0.5223388671875,-0.747314453125,0.3505859375,-23.071287155151367,11.230467796325684,-16.845703125
0.419921875,-0.86669921875,0.4217529296875,-16.66259765625,-2.0751953125,-19.59228515625
0.33154296875,-1.032958984375,0.536865234375,-7.995604991912842,-11.779784202575684,-4.94384765625
0.4449462890625,-1.0303955078125,0.6085205078125,1.2817381620407104,-1.15966796875,21.301267623901367
0.662353515625,-0.95166015625,0.492431640625,2.685546636581421,26.916501998901367,21.057126998901367
0.7574462890625,-0.9193115234375,0.2646484375,-9.33837890625,48.461910247802734,4.08935546875
0.6590576171875,-0.830322265625,0.0662841796875,-27.099607467651367,63.720699310302734,14.465331077575684
0.5181884765625,-0.7213134765625,-0.0535888671875,-40.466304779052734,78.18603515625,40.649410247802734
0.4859619140625,-0.68896484375,-0.0667724609375,-39.36767578125,69.88525390625,40.710445404052734
0.5474853515625,-0.68408203125,0.078857421875,-22.766111373901367,27.404783248901367,21.972654342651367
0.59326171875,-0.6319580078125,0.31396484375,-1.2817381620407104,-23.925779342651367,11.840819358825684
0.552001953125,-0.5692138671875,0.4326171875,7.080077648162842,-34.11865234375,-2.01416015625
0.4830322265625,-0.6685791015625,0.3677978515625,-3.906249761581421,2.990722417831421,-43.762203216552734
0.2623291015625,-1.02099609375,0.2281494140625,-22.338865280151367,48.461910247802734,-77.63671875
0.0740966796875,-1.1729736328125,0.12744140625,-29.296873092651367,61.279293060302734,-44.860836029052734
0.2020263671875,-1.0233154296875,0.172607421875,-14.282225608825684,29.907224655151367,11.901854515075684
0.3914794921875,-0.9266357421875,0.3096923828125,5.126952648162842,-5.615233898162842,40.161128997802734
0.4102783203125,-0.9615478515625,0.409912109375,11.108397483825684,-9.033203125,51.208492279052734
0.3525390625,-1.0447998046875,0.4818115234375,15.014647483825684,0.7324218153953552,49.438472747802734
0.4573974609375,-0.990478515625,0.48583984375,21.057126998901367,10.437010765075684,27.160642623901367
0.67724609375,-0.859130859375,0.3856201171875,15.869139671325684,40.405269622802734,-15.197752952575684
0.7921142578125,-0.735107421875,0.2427978515625,8.72802734375,62.927242279052734,-43.640132904052734
0.7349853515625,-0.6328125,0.1497802734375,4.7607421875,54.138179779052734,-44.433589935302734
0.567626953125,-0.630126953125,0.122802734375,-7.202147960662842,43.518062591552734,-40.710445404052734
0.3895263671875,-0.76025390625,0.1275634765625,-18.85986328125,39.55078125,-34.912109375
0.3487548828125,-0.8497314453125,0.1961669921875,-13.488768577575684,17.578125,-17.2119140625
0.4410400390625,-0.7933349609375,0.3223876953125,3.845214605331421,-26.367185592651367,1.8920897245407104
0.5037841796875,-0.7318115234375,0.4044189453125,9.70458984375,-48.522945404052734,0.9155272841453552
0.464111328125,-0.802490234375,0.386962890625,2.01416015625,-34.423828125,-25.512693405151367
0.3642578125,-0.9044189453125,0.3443603515625,-0.1220703050494194,-24.719236373901367,-38.02490234375
0.2598876953125,-0.941162109375,0.3482666015625,6.225585460662842,-32.1044921875,-10.070799827575684
0.259765625,-0.9508056640625,0.4046630859375,11.291502952575684,-34.66796875,27.465818405151367
0.4447021484375,-0.9859619140625,0.4793701171875,11.169432640075684,-24.291990280151367,37.29248046875
0.6207275390625,-1.0093994140625,0.494873046875,10.375975608825684,-12.634276390075684,25.512693405151367
0.680419921875,-0.9915771484375,0.413330078125,12.023924827575684,-4.21142578125,15.747069358825684
0.662841796875,-0.9681396484375,0.2237548828125,8.30078125,16.845703125,7.202147960662842
0.544677734375,-0.842529296875,-0.0137939453125,-5.065917491912842,51.391597747802734,12.145995140075684
0.45654296875,-0.7139892578125,-0.16650390625,-14.404295921325684,58.471675872802734,31.372068405151367
0.5010986328125,-0.72119140625,-0.1468505859375,-2.3193359375,9.82666015625,33.63037109375
0.583251953125,-0.771728515625,0.053466796875,24.291990280151367,-66.58935546875,22.460935592651367
0.6070556640625,-0.7572021484375,0.2899169921875,38.14697265625,-112.73192596435547,19.8974609375
0.5560302734375,-0.7115478515625,0.3956298828125,28.686521530151367,-103.02733612060547,15.014647483825684
0.4669189453125,-0.74462890625,0.3646240234375,10.986327171325684,-68.05419921875,-10.498045921325684
0.259521484375,-0.951904296875,0.318115234375,-5.615233898162842,-32.04345703125,-36.0107421875
0.043212890625,-1.0789794921875,0.260009765625,-16.11328125,-5.065917491912842,-12.878417015075684
0.10546875,-1.0035400390625,0.211181640625,-10.498045921325684,-9.8876953125,39.306640625
0.3609619140625,-0.9327392578125,0.265625,2.3193359375,-33.8134765625,55.419918060302734
0.4366455078125,-0.9952392578125,0.3192138671875,3.845214605331421,-29.113767623901367,34.97314453125
0.4010009765625,-1.095703125,0.2474365234375,-2.563476324081421,4.150390625,15.380858421325684
0.5440673828125,-1.0933837890625,0.1455078125,0.4882812201976776,15.747069358825684,3.051757574081421
0.6607666015625,-0.950927734375,0.1060791015625,15.136717796325684,-7.385253429412842,4.21142578125
0.6064453125,-0.6937255859375,0.1163330078125,22.827146530151367,-30.761716842651367,20.507810592651367
0.5374755859375,-0.570068359375,0.1885986328125,12.023924827575684,-30.639646530151367,17.7001953125
0.5169677734375,-0.671142578125,0.2330322265625,-3.906249761581421,-9.46044921875,-8.23974609375
0.494384765625,-0.8515625,0.1663818359375,-8.48388671875,12.023924827575684,-25.878904342651367
0.4412841796875,-0.92724609375,0.06396484375,-1.4648436307907104,11.901854515075684,-24.108884811401367
0.3863525390625,-0.888671875,0.0484619140625,6.958007335662842,-11.535643577575684,-16.2353515625
0.350830078125,-0.845947265625,0.137939453125,13.610838890075684,-45.837398529052734,-12.817381858825684
0.29736328125,-0.849609375,0.2763671875,22.888181686401367,-79.04052734375,-6.469726085662842
0.237060546875,-0.8736572265625,0.393798828125,32.40966796875,-98.02245330810547,10.681151390075684
0.231201171875,-0.9542236328125,0.38916015625,31.921384811401367,-77.7587890625,20.507810592651367
0.353271484375,-1.067626953125,0.293212890625,24.169919967651367,-30.761716842651367,14.038084983825684
0.5167236328125,-1.0616455078125,0.24951171875,23.925779342651367,-12.207030296325684,12.023924827575684
0.5743408203125,-1.017333984375,0.2919921875,33.38623046875,-31.005857467651367,25.634763717651367
0.576416015625,-1.0400390625,0.266357421875,39.48974609375,-41.931148529052734,34.5458984375
0.558349609375,-1.00634765625,0.0460205078125,28.991697311401367,-11.535643577575684,28.442380905151367
0.5294189453125,-0.867431640625,-0.2193603515625,12.084959983825684,19.71435546875,23.376462936401367
0.504150390625,-0.749755859375,-0.3082275390625,15.258788108825684,-14.343260765075684,24.353025436401367
0.4586181640625,-0.7403564453125,-0.164306640625,37.2314453125,-93.32274627685547,19.8974609375
0.425537109375,-0.7847900390625,0.0872802734375,49.926753997802734,-145.93505859375,6.225585460662842
0.4344482421875,-0.799560546875,0.300537109375,41.564937591552734,-146.54541015625,-0.54931640625
0.43408203125,-0.7921142578125,0.40625,19.775390625,-107.36083221435547,1.2817381620407104
0.32373046875,-0.872802734375,0.39501953125,-5.126952648162842,-50.109859466552734,-2.25830078125
0.162109375,-0.994873046875,0.267822265625,-18.37158203125,-10.498045921325684,-9.46044921875
0.1021728515625,-1.0372314453125,0.1505126953125,-12.268065452575684,-4.8828125,-0.0610351525247097
0.2083740234375,-0.998779296875,0.17919921875,6.408690929412842,-16.6015625,31.066892623901367
0.3270263671875,-1.0418701171875,0.2928466796875,18.98193359375,-16.2353515625,46.630855560302734
0.357177734375,-1.115966796875,0.317626953125,16.4794921875,4.69970703125,34.36279296875
0.5045166015625,-1.108642578125,0.230712890625,11.474608421325684,26.184080123901367,9.58251953125
0.70703125,-1.0343017578125,0.15234375,18.798828125,28.503416061401367,-13.061522483825684
0.7020263671875,-0.808349609375,0.0809326171875,32.16552734375,9.765625,-8.60595703125
0.5634765625,-0.6103515625,0.0595703125,32.8369140625,-11.352538108825684,5.615233898162842
0.4949951171875,-0.614013671875,0.1270751953125,25.329587936401367,-27.832029342651367,-0.0610351525247097
0.4971923828125,-0.7275390625,0.1934814453125,21.545408248901367,-39.36767578125,-9.94873046875
0.493896484375,-0.804443359375,0.1937255859375,16.2353515625,-35.5224609375,-7.690429210662842
0.4404296875,-0.8277587890625,0.19384765625,4.82177734375,-24.291990280151367,-8.72802734375
0.293701171875,-0.8663330078125,0.2637939453125,-1.6479490995407104,-29.479978561401367,-16.7236328125
0.2310791015625,-0.845703125,0.3648681640625,3.601073980331421,-50.598140716552734,-12.878417015075684
0.319091796875,-0.7977294921875,0.41015625,7.019042491912842,-54.016109466552734,-10.986327171325684
0.337646484375,-0.8916015625,0.3731689453125,4.0283203125,-30.883787155151367,-16.9677734375
0.3922119140625,-1.0462646484375,0.3502197265625,7.995604991912842,-13.854979515075684,-7.324218273162842
0.5592041015625,-1.1124267578125,0.3804931640625,18.24951171875,-9.521484375,11.474608421325684
0.6724853515625,-1.0875244140625,0.3914794921875,26.794431686401367,-10.437010765075684,32.04345703125
0.6907958984375,-1.031005859375,0.3126220703125,29.663084030151367,-10.986327171325684,46.874996185302734
0.6051025390625,-0.9202880859375,0.1275634765625,17.7001953125,11.230467796325684,45.532222747802734
0.480224609375,-0.78662109375,-0.0567626953125,-2.01416015625,41.687007904052734,36.43798828125
0.421630859375,-0.7186279296875,-0.12353515625,-8.544921875,35.5224609375,26.000974655151367
0.43017578125,-0.690185546875,-0.03173828125,1.9531248807907104,-13.183592796325684,14.770506858825684
0.4620361328125,-0.6826171875,0.1651611328125,16.845703125,-72.93701171875,2.0751953125
0.484375,-0.7176513671875,0.3330078125,16.357421875,-92.22411346435547,-13.366698265075684
0.349365234375,-0.868896484375,0.4132080078125,-4.7607421875,-53.405757904052734,-22.705076217651367
0.2025146484375,-0.934326171875,0.3189697265625,-24.963376998901367,-6.225585460662842,-11.352538108825684
0.223876953125,-0.904541015625,0.1893310546875,-27.160642623901367,5.859374523162842,-2.197265625
0.2532958984375,-0.9354248046875,0.2183837890625,-15.014647483825684,-9.09423828125,8.85009765625
0.3143310546875,-0.943359375,0.2852783203125,-2.807616949081421,-15.686034202575684,40.10009765625
0.334716796875,-1.036376953125,0.333740234375,-0.6713866591453552,8.1787109375,54.687496185302734
0.269287109375,-1.1412353515625,0.323974609375,-1.9531248807907104,35.09521484375,41.503902435302734
0.376708984375,-1.104736328125,0.263427734375,4.21142578125,31.616209030151367,19.1650390625
0.6339111328125,-0.9913330078125,0.2459716796875,14.404295921325684,17.39501953125,-3.540038824081421
0.731201171875,-0.8184814453125,0.232421875,12.268065452575684,25.451658248901367,-20.263669967651367
0.6396484375,-0.6522216796875,0.202392578125,-5.737304210662842,46.874996185302734,-25.695798873901367
0.5230712890625,-0.61865234375,0.2073974609375,-22.583005905151367,56.030269622802734,-25.085447311401367
0.4462890625,-0.7108154296875,0.1951904296875,-27.404783248901367,56.579586029052734,-29.968259811401367
0.389892578125,-0.866943359375,0.1229248046875,-22.216794967651367,55.664058685302734,-41.503902435302734
0.3424072265625,-0.9400634765625,0.052001953125,-17.51708984375,52.490230560302734,-44.860836029052734
0.34375,-0.9063720703125,0.0845947265625,-15.808104515075684,34.66796875,-32.470703125
0.3800048828125,-0.858154296875,0.235107421875,-7.629394054412842,-9.765625,-19.22607421875
0.3795166015625,-0.810546875,0.380859375,0.7324218153953552,-47.058101654052734,-13.061522483825684
0.279541015625,-0.8460693359375,0.4046630859375,-1.7089842557907104,-40.344234466552734,-11.352538108825684
0.2403564453125,-0.97314453125,0.34130859375,-8.23974609375,-4.0283203125,-10.009765625
0.4302978515625,-1.0718994140625,0.30859375,-4.57763671875,16.7236328125,-8.48388671875
0.6326904296875,-1.0521240234375,0.3280029296875,10.437010765075684,4.39453125,2.44140625
0.6986083984375,-1.0272216796875,0.34521484375,24.108884811401367,-17.08984375,18.98193359375
0.666748046875,-1.042724609375,0.2431640625,22.766111373901367,-8.72802734375,19.95849609375
0.5545654296875,-0.96044921875,-0.00634765625,7.568358898162842,34.7900390625,17.27294921875
0.4599609375,-0.799560546875,-0.2432861328125,-4.33349609375,59.692378997802734,20.996091842651367
0.4478759765625,-0.6588134765625,-0.275146484375,2.25830078125,15.319823265075684,22.827146530151367
0.5025634765625,-0.615478515625,-0.03857421875,29.235837936401367,-85.38817596435547,22.583005905151367
0.558837890625,-0.66796875,0.2969970703125,48.217769622802734,-154.96826171875,15.808104515075684
0.52587890625,-0.743408203125,0.427734375,24.658201217651367,-113.46434783935547,2.197265625
0.36279296875,-0.9041748046875,0.3363037109375,-23.315427780151367,-9.1552734375,-16.54052734375
0.16748046875,-1.033447265625,0.203857421875,-46.936031341552734,46.264644622802734,-22.094724655151367
0.11962890625,-1.0128173828125,0.12451171875,-31.921384811401367,25.817869186401367,-0.54931640625
0.205810546875,-0.936279296875,0.1337890625,-4.7607421875,-16.4794921875,27.343748092651367
0.3304443359375,-0.9395751953125,0.2362060546875,9.94873046875,-36.376953125,42.663570404052734
0.3466796875,-1.1016845703125,0.37060546875,12.207030296325684,-29.479978561401367,40.405269622802734
0.364013671875,-1.1517333984375,0.3690185546875,10.009765625,-13.122557640075684,28.320310592651367
0.607666015625,-1.0517578125,0.265869140625,9.8876953125,10.803221702575684,14.831542015075684
0.7640380859375,-0.88427734375,0.1788330078125,8.9111328125,43.090816497802734,-2.3193359375
0.646240234375,-0.6640625,0.1322021484375,-0.1831054538488388,57.312007904052734,-21.362302780151367
0.4901123046875,-0.602294921875,0.1551513671875,-14.404295921325684,55.908199310302734,-37.7197265625
0.4320068359375,-0.7376708984375,0.188720703125,-22.644041061401367,56.640621185302734,-46.997066497802734
0.424560546875,-0.907958984375,0.1314697265625,-18.4326171875,55.358882904052734,-39.9169921875
0.41064453125,-0.9290771484375,0.0211181640625,-12.390135765075684,51.086421966552734,-23.864744186401367
0.4036865234375,-0.846923828125,0.003662109375,-6.835937023162842,29.602048873901367,-15.258788108825684
0.407470703125,-0.8134765625,0.1256103515625,7.507323741912842,-20.935056686401367,-11.657713890075684
0.3839111328125,-0.82568359375,0.3038330078125,24.475095748901367,-71.8994140625,0.30517578125
0.296630859375,-0.8514404296875,0.41796875,28.869626998901367,-88.50096893310547,13.916014671325684
0.19873046875,-0.9185791015625,0.39306640625,16.357421875,-57.922359466552734,16.6015625
0.3031005859375,-1.015869140625,0.3172607421875,-0.0,-6.103515148162842,4.69970703125
0.5509033203125,-1.0523681640625,0.3023681640625,-1.7700194120407104,15.502928733825684,-6.469726085662842
0.66748046875,-1.056640625,0.3074951171875,14.282225608825684,-7.507323741912842,8.30078125
0.600341796875,-1.07373046875,0.044189453125,19.22607421875,-4.150390625,22.399900436401367
0.5091552734375,-0.88525390625,-0.166015625,-1.4038084745407104,32.77587890625,16.05224609375
0.454345703125,-0.68505859375,-0.2232666015625,-0.7934569716453552,7.202147960662842,16.845703125
0.432373046875,-0.60791015625,-0.0699462890625,22.888181686401367,-71.22802734375,14.709471702575684
0.447998046875,-0.6756591796875,0.1800537109375,37.841796875,-122.37548065185547,2.50244140625
0.4490966796875,-0.7884521484375,0.3316650390625,20.629880905151367,-96.98485565185547,-10.559081077575684
0.36376953125,-0.90966796875,0.31005859375,-13.977049827575684,-26.428220748901367,-11.047362327575684
0.259765625,-0.9654541015625,0.1785888671875,-30.822751998901367,10.070799827575684,-2.868652105331421
0.2181396484375,-0.9383544921875,0.1014404296875,-20.263669967651367,-13.000487327575684,6.225585460662842
0.21435546875,-0.9273681640625,0.1427001953125,-1.7089842557907104,-40.954586029052734,19.59228515625
0.268310546875,-0.9195556640625,0.178466796875,8.85009765625,-36.62109375,37.109375
0.3116455078125,-1.0489501953125,0.2236328125,13.244627952575684,-14.953612327575684,39.9169921875
0.3004150390625,-1.21240234375,0.258056640625,16.54052734375,-5.859374523162842,30.212400436401367
0.443603515625,-1.140625,0.204833984375,17.2119140625,-11.047362327575684,17.15087890625
0.677001953125,-0.96044921875,0.15234375,20.141599655151367,-2.807616949081421,1.5869139432907104
0.697021484375,-0.766845703125,0.143310546875,20.263669967651367,17.9443359375,-11.962889671325684
0.5560302734375,-0.62060546875,0.1646728515625,6.286620616912842,34.1796875,-23.071287155151367
0.474609375,-0.6396484375,0.18798828125,-14.953612327575684,50.842281341552734,-37.17041015625
0.44482421875,-0.82861328125,0.14111328125,-27.587888717651367,66.89453125,-48.950191497802734
0.4140625,-0.95849609375,0.0416259765625,-24.047849655151367,67.32177734375,-35.82763671875
0.400390625,-0.9073486328125,0.0023193359375,-9.94873046875,40.283199310302734,-14.648436546325684
0.3868408203125,-0.84228515625,0.080810546875,7.507323741912842,-8.4228515625,-7.690429210662842
0.368896484375,-0.8294677734375,0.209716796875,20.996091842651367,-50.292964935302734,-3.540038824081421
0.338623046875,-0.8526611328125,0.3250732421875,27.709959030151367,-69.64111328125,3.051757574081421
0.2672119140625,-0.9210205078125,0.375,25.878904342651367,-64.88037109375,8.11767578125
0.2615966796875,-1.0113525390625,0.32666015625,14.831542015075684,-32.5927734375,10.070799827575684
0.4332275390625,-1.053466796875,0.2386474609375,5.859374523162842,0.9765624403953552,5.554198741912842
0.592529296875,-1.031982421875,0.1837158203125,7.019042491912842,4.33349609375,3.356933355331421
0.6337890625,-1.0594482421875,0.203125,13.244627952575684,-18.85986328125,12.451170921325684
0.6199951171875,-1.1109619140625,0.1905517578125,17.76123046875,-38.818359375,19.71435546875
0.530517578125,-0.996826171875,0.0347900390625,17.51708984375,-30.334470748901367,27.038572311401367
0.44140625,-0.7857666015625,-0.1590576171875,16.9677734375,-13.916014671325684,34.85107421875
0.44384765625,-0.669921875,-0.28271484375,24.169919967651367,-28.625486373901367,26.245115280151367
0.4857177734375,-0.6717529296875,-0.2540283203125,44.555660247802734,-87.82958221435547,16.54052734375
0.5194091796875,-0.735595703125,-0.059814453125,64.39208984375,-154.6630859375,15.747069358825684
0.5411376953125,-0.8193359375,0.1676025390625,58.288570404052734,-169.12840270996094,10.192870140075684
0.5048828125,-0.8564453125,0.3079833984375,29.113767623901367,-127.38036346435547,5.0048828125
0.4014892578125,-0.861083984375,0.3563232421875,2.0751953125,-77.2705078125,0.2441406100988388
0.263671875,-0.9178466796875,0.3409423828125,-15.441893577575684,-38.51318359375,-9.21630859375
0.1209716796875,-1.02294921875,0.235107421875,-27.832029342651367,3.234863042831421,-0.54931640625
0.119873046875,-1.0484619140625,0.0836181640625,-24.047849655151367,25.146482467651367,38.4521484375
0.234375,-1.06591796875,0.0692138671875,2.13623046875,-3.173827886581421,60.424800872802734
0.2919921875,-1.11279296875,0.19482421875,34.24072265625,-58.166500091552734,53.222652435302734
0.401611328125,-1.0899658203125,0.2701416015625,49.377437591552734,-82.51952362060547,39.6728515625
0.61474609375,-1.025146484375,0.24072265625,43.334957122802734,-53.283687591552734,17.51708984375
0.6134033203125,-0.663818359375,0.08642578125,18.49365234375,12.573241233825684,-17.76123046875
0.482177734375,-0.5836181640625,0.1112060546875,1.3427733182907104,24.902341842651367,-29.785154342651367
0.4315185546875,-0.71826171875,0.153076171875,-16.17431640625,43.579097747802734,-49.499507904052734
0.4100341796875,-0.8961181640625,0.0980224609375,-24.047849655151367,64.3310546875,-52.062984466552734
0.3582763671875,-0.9619140625,0.002685546875,-18.73779296875,65.12451171875,-31.860349655151367
0.308349609375,-0.932861328125,0.0162353515625,-4.08935546875,27.648923873901367,-10.681151390075684
0.316650390625,-0.8787841796875,0.1790771484375,16.357421875,-40.161128997802734,4.33349609375
0.34228515625,-0.83740234375,0.3958740234375,27.587888717651367,-88.31786346435547,13.366698265075684
0.2821044921875,-0.8558349609375,0.500244140625,19.34814453125,-75.927734375,16.41845703125
0.2509765625,-0.94775390625,0.4158935546875,1.7089842557907104,-14.404295921325684,12.268065452575684
0.4117431640625,-1.0516357421875,0.295166015625,-8.48388671875,38.51318359375,-5.859374523162842
0.5557861328125,-1.09765625,0.27001953125,-4.39453125,40.0390625,-15.502928733825684
0.5634765625,-1.1065673828125,0.274169921875,5.126952648162842,14.892577171325684,-0.9765624403953552
0.571044921875,-1.08642578125,0.1910400390625,9.1552734375,5.310058116912842,13.000487327575684
0.5614013671875,-0.9818115234375,-0.0050048828125,6.103515148162842,21.850584030151367,23.864744186401367
0.5086669921875,-0.8270263671875,-0.188232421875,1.4648436307907104,37.17041015625,33.8134765625
0.4683837890625,-0.7032470703125,-0.224853515625,7.690429210662842,8.97216796875,26.977537155151367
0.46044921875,-0.640380859375,-0.0869140625,30.944822311401367,-67.93212890625,10.681151390075684
0.5010986328125,-0.6385498046875,0.176513671875,50.842281341552734,-137.451171875,-0.9155272841453552
0.5399169921875,-0.6749267578125,0.3924560546875,34.36279296875,-125.67137908935547,-8.48388671875
0.446044921875,-0.808349609375,0.4283447265625,-14.648436546325684,-36.80419921875,-19.1650390625
0.1968994140625,-0.98974609375,0.28955078125,-53.649898529052734,47.790523529052734,-28.625486373901367
0.0438232421875,-1.04296875,0.1177978515625,-54.016109466552734,67.81005859375,-16.41845703125
0.1202392578125,-0.966552734375,0.093505859375,-22.094724655151367,22.399900436401367,15.319823265075684
0.3157958984375,-0.923583984375,0.23388671875,11.169432640075684,-32.89794921875,40.893550872802734
0.3975830078125,-1.0672607421875,0.39990234375,20.080564498901367,-37.59765625,41.931148529052734
0.3587646484375,-1.1883544921875,0.42138671875,12.756346702575684,-7.385253429412842,29.296873092651367
0.5364990234375,-1.107421875,0.3359375,8.11767578125,18.85986328125,15.808104515075684
0.7967529296875,-0.91748046875,0.2589111328125,7.873534679412842,42.236324310302734,-0.1220703050494194
0.7833251953125,-0.679931640625,0.1849365234375,1.8920897245407104,56.213375091552734,-18.24951171875
0.604736328125,-0.5679931640625,0.1480712890625,-13.366698265075684,58.532711029052734,-39.85595703125
0.490478515625,-0.658935546875,0.144775390625,-33.447265625,73.3642578125,-59.814449310302734
0.4417724609375,-0.82421875,0.12060546875,-44.616695404052734,90.57616424560547,-65.91796875
0.4107666015625,-0.9019775390625,0.0745849609375,-37.04833984375,79.40673828125,-49.682613372802734
0.4188232421875,-0.8629150390625,0.0501708984375,-21.545408248901367,45.837398529052734,-27.465818405151367
0.4691162109375,-0.8162841796875,0.1082763671875,-7.690429210662842,6.408690929412842,-18.00537109375
0.504150390625,-0.786865234375,0.236328125,2.13623046875,-26.733396530151367,-11.291502952575684
0.4100341796875,-0.861083984375,0.3343505859375,5.0048828125,-38.9404296875,-2.990722417831421
0.23876953125,-0.97998046875,0.3519287109375,3.723144292831421,-31.127927780151367,14.282225608825684
0.29736328125,-1.0404052734375,0.3631591796875,3.662109136581421,-15.319823265075684,26.855466842651367
0.53662109375,-1.040771484375,0.3665771484375,5.371093273162842,0.4272460639476776,14.221190452575684
0.6962890625,-1.044677734375,0.318115234375,9.70458984375,7.995604991912842,8.056640625
0.7086181640625,-1.0687255859375,0.1983642578125,14.099120140075684,12.207030296325684,15.808104515075684
0.582763671875,-0.9501953125,0.01220703125,9.1552734375,29.113767623901367,27.648923873901367
0.45751953125,-0.7630615234375,-0.13671875,-1.7700194120407104,43.090816497802734,38.4521484375
0.4462890625,-0.665283203125,-0.1351318359375,-3.723144292831421,22.888181686401367,29.357908248901367
0.5078125,-0.6455078125,0.034912109375,8.85009765625,-29.785154342651367,13.549803733825684
0.5499267578125,-0.644775390625,0.2611083984375,24.780271530151367,-79.52880859375,5.432128429412842
0.528076171875,-0.6763916015625,0.364013671875,20.874021530151367,-79.16259765625,-9.09423828125
0.4486083984375,-0.77978515625,0.28173828125,-7.446288585662842,-24.047849655151367,-37.841796875
0.186767578125,-1.0386962890625,0.2093505859375,-35.21728515625,32.04345703125,-54.382320404052734
-0.0380859375,-1.1353759765625,0.18603515625,-40.222164154052734,49.011226654052734,-23.193357467651367
0.1474609375,-1.002685546875,0.1771240234375,-20.080564498901367,29.296873092651367,24.230955123901367
0.4774169921875,-0.9915771484375,0.333251953125,6.774901866912842,3.479003667831421,26.184080123901367
0.3990478515625,-1.064208984375,0.37451171875,-0.4272460639476776,11.901854515075684,5.737304210662842
0.6688232421875,-0.9954833984375,0.337890625,-3.723144292831421,25.329587936401367,-5.981444835662842
0.9000244140625,-0.855712890625,0.2884521484375,-2.746581792831421,44.372554779052734,-10.192870140075684
0.8231201171875,-0.63330078125,0.2386474609375,-7.568358898162842,49.194332122802734,-15.624999046325684
0.659423828125,-0.5452880859375,0.2188720703125,-15.441893577575684,43.579097747802734,-32.40966796875
0.545166015625,-0.6275634765625,0.2088623046875,-21.545408248901367,48.156734466552734,-53.222652435302734
0.4910888671875,-0.76025390625,0.1895751953125,-25.329587936401367,54.748531341552734,-59.387203216552734
0.473876953125,-0.8216552734375,0.1820068359375,-29.663084030151367,52.856441497802734,-48.828121185302734
0.5108642578125,-0.8177490234375,0.2392578125,-33.0810546875,44.250484466552734,-38.2080078125
0.5048828125,-0.767822265625,0.295654296875,-26.062009811401367,27.282712936401367,-20.935056686401367
0.42529296875,-0.8687744140625,0.2369384765625,-26.306150436401367,33.8134765625,-13.427733421325684
0.3922119140625,-0.9239501953125,0.19482421875,-22.644041061401367,30.212400436401367,-1.0986328125
0.4725341796875,-0.889404296875,0.2159423828125,-13.854979515075684,11.413573265075684,9.58251953125
0.5623779296875,-0.8804931640625,0.330078125,-9.21630859375,-4.69970703125,13.061522483825684
0.555908203125,-0.936767578125,0.4510498046875,-8.056640625,-7.385253429412842,21.179197311401367
0.603271484375,-0.9913330078125,0.46435546875,-5.737304210662842,2.13623046875,33.02001953125
0.67333984375,-0.951416015625,0.3248291015625,-5.554198741912842,18.24951171875,35.33935546875
0.57666015625,-0.78125,0.138427734375,-12.084959983825684,40.161128997802734,34.11865234375
0.501708984375,-0.6429443359375,0.095947265625,-20.751951217651367,55.969234466552734,23.010251998901367
0.5794677734375,-0.63916015625,0.216064453125,-25.939939498901367,58.959957122802734,-7.873534679412842
0.6610107421875,-0.6253662109375,0.3465576171875,-30.761716842651367,64.39208984375,-24.353025436401367
0.64794921875,-0.605712890625,0.3472900390625,-36.9873046875,73.42529296875,-27.954099655151367
0.5198974609375,-0.8232421875,0.2513427734375,-43.334957122802734,80.2001953125,-51.879878997802734
0.3502197265625,-0.9925537109375,0.129150390625,-54.199214935302734,88.92821502685547,-66.7724609375
0.36328125,-0.87939453125,0.113525390625,-58.898921966552734,83.98436737060547,-45.043941497802734
0.48095703125,-0.769775390625,0.2373046875,-49.560543060302734,67.19970703125,-23.681638717651367
0.56689453125,-0.748779296875,0.323486328125,-45.776363372802734,75.86669921875,-18.98193359375
0.59228515625,-0.8079833984375,0.316162109375,-53.894039154052734,109.00878143310547,-21.789548873901367
0.51513671875,-0.8670654296875,0.284423828125,-62.927242279052734,131.53076171875,-29.968259811401367
0.422119140625,-0.8912353515625,0.2652587890625,-64.63623046875,129.69970703125,-37.7197265625
0.4010009765625,-0.8690185546875,0.2821044921875,-56.518550872802734,112.60985565185547,-39.1845703125
0.5333251953125,-0.82861328125,0.3779296875,-42.114253997802734,87.52440643310547,-28.442380905151367
0.7802734375,-0.8521728515625,0.5374755859375,-35.64453125,77.08740234375,-24.536130905151367
0.91650390625,-0.81640625,0.6234130859375,-49.926753997802734,105.34667205810547,-42.785640716552734
0.8079833984375,-0.64013671875,0.526123046875,-72.1435546875,151.7333984375,-56.213375091552734
0.639404296875,-0.495849609375,0.369140625,-78.9794921875,167.35838317871094,-50.903316497802734
0.6212158203125,-0.51318359375,0.3077392578125,-71.044921875,145.32470703125,-41.564937591552734
0.7314453125,-0.6285400390625,0.3468017578125,-67.56591796875,127.19725799560547,-33.02001953125
0.8204345703125,-0.70361328125,0.404296875,-74.03564453125,134.1552734375,-21.118162155151367
0.806884765625,-0.685546875,0.4320068359375,-75.86669921875,143.61572265625,-11.962889671325684
0.7261962890625,-0.61279296875,0.45703125,-63.476558685302734,131.2255859375,-12.512206077575684
0.6431884765625,-0.5367431640625,0.469970703125,-47.973628997802734,108.82567596435547,-23.071287155151367
0.5975341796875,-0.51513671875,0.4329833984375,-41.564937591552734,95.27587127685547,-46.752925872802734
0.584228515625,-0.563720703125,0.37255859375,-43.334957122802734,86.18163299560547,-74.3408203125
0.5943603515625,-0.6539306640625,0.3419189453125,-47.973628997802734,75.50048828125,-92.28514862060547
0.617919921875,-0.7408447265625,0.3455810546875,-53.466793060302734,69.2138671875,-99.12108612060547
0.625732421875,-0.7869873046875,0.3587646484375,-57.189937591552734,66.7724609375,-93.26171112060547
0.47119140625,-1.0047607421875,0.3929443359375,-52.551265716552734,56.030269622802734,-68.4814453125
0.358642578125,-1.1287841796875,0.51220703125,-36.56005859375,39.794921875,-5.371093273162842
0.48779296875,-0.9407958984375,0.6085205078125,-20.568845748901367,38.6962890625,57.983394622802734
0.683349609375,-0.8525390625,0.550048828125,-20.385740280151367,40.954586029052734,55.114742279052734
0.73974609375,-0.8046875,0.3519287109375,-35.888671875,42.846675872802734,17.63916015625
0.602294921875,-0.6634521484375,0.1517333984375,-56.274410247802734,64.39208984375,6.225585460662842
0.5262451171875,-0.6397705078125,0.1051025390625,-70.37353515625,81.42089080810547,0.6713866591453552
0.56298828125,-0.7332763671875,0.164794921875,-72.509765625,76.84326171875,-16.05224609375
0.5816650390625,-0.781982421875,0.2381591796875,-66.650390625,62.561031341552734,-19.59228515625
0.542236328125,-0.7939453125,0.25244140625,-62.683101654052734,51.818843841552734,-21.240232467651367
0.4234619140625,-0.8331298828125,0.2210693359375,-67.626953125,58.898921966552734,-31.311033248901367
0.302978515625,-0.8353271484375,0.1986083984375,-74.21875,71.533203125,-34.48486328125
0.3433837890625,-0.789794921875,0.16650390625,-71.533203125,73.79150390625,-31.494138717651367
0.455078125,-0.799072265625,0.0936279296875,-61.035152435302734,74.15771484375,-30.517576217651367
0.40771484375,-0.9371337890625,-0.021728515625,-26.794431686401367,56.152339935302734,-4.150390625
0.3607177734375,-1.025634765625,0.041015625,-5.310058116912842,22.216794967651367,12.634276390075684
0.3533935546875,-1.1279296875,0.1702880859375,11.413573265075684,-9.33837890625,21.362302780151367
0.5289306640625,-1.1009521484375,0.3355712890625,29.357908248901367,-18.73779296875,39.6728515625
0.667236328125,-0.9307861328125,0.2843017578125,24.169919967651367,5.0048828125,31.799314498901367
0.6658935546875,-0.6754150390625,0.1768798828125,19.4091796875,15.075682640075684,15.747069358825684
0.565185546875,-0.4700927734375,0.1162109375,16.90673828125,6.713866710662842,8.056640625
0.548828125,-0.496337890625,0.1981201171875,10.192870140075684,-0.8544921278953552,-6.896972179412842
0.608154296875,-0.712890625,0.30859375,-2.868652105331421,13.061522483825684,-35.33935546875
0.561279296875,-0.9505615234375,0.257568359375,-16.54052734375,43.640132904052734,-53.405757904052734
0.361572265625,-0.883544921875,0.08447265625,-9.70458984375,32.958984375,-15.258788108825684
0.3868408203125,-0.7938232421875,0.189697265625,10.131834983825684,-16.66259765625,0.4272460639476776
0.3876953125,-0.814697265625,0.256103515625,23.742673873901367,-46.264644622802734,7.995604991912842
0.3548583984375,-0.90185546875,0.2337646484375,26.489255905151367,-42.053218841552734,15.258788108825684
0.384033203125,-0.9429931640625,0.2701416015625,33.935546875,-55.786128997802734,25.634763717651367
0.452880859375,-1.0247802734375,0.354248046875,41.137691497802734,-69.88525390625,33.87451171875
0.51611328125,-1.075927734375,0.4005126953125,39.9169921875,-63.598628997802734,39.12353515625
0.6368408203125,-1.073974609375,0.318359375,32.958984375,-44.311519622802734,39.55078125
0.7149658203125,-1.01171875,0.1202392578125,24.108884811401367,-26.855466842651367,33.26416015625
0.614990234375,-0.8262939453125,-0.0704345703125,17.15087890625,-24.719236373901367,39.306640625
0.476318359375,-0.6427001953125,-0.14501953125,14.953612327575684,-45.349117279052734,48.583980560302734
0.4384765625,-0.5941162109375,-0.0587158203125,18.24951171875,-78.9794921875,35.33935546875
0.48095703125,-0.6715087890625,0.1925048828125,23.681638717651367,-107.17772674560547,4.7607421875
0.45263671875,-0.844482421875,0.47802734375,20.507810592651367,-105.10253143310547,-18.6767578125
0.3038330078125,-0.9591064453125,0.5159912109375,3.417968511581421,-60.913082122802734,-20.324705123901367
0.2669677734375,-0.9404296875,0.3076171875,-13.183592796325684,-11.535643577575684,-15.319823265075684
0.338134765625,-0.898681640625,0.1534423828125,-16.17431640625,4.08935546875,-17.333984375
0.2962646484375,-0.9056396484375,0.1466064453125,-12.573241233825684,-5.737304210662842,-10.620116233825684
0.2149658203125,-0.8983154296875,0.1944580078125,-9.46044921875,-10.009765625,18.1884765625
0.2635498046875,-0.903076171875,0.275390625,-1.220703125,-2.868652105331421,54.809566497802734
0.2967529296875,-1.099365234375,0.3031005859375,2.38037109375,23.132322311401367,63.110347747802734
0.2869873046875,-1.2418212890625,0.21728515625,-9.27734375,54.687496185302734,30.212400436401367
0.510986328125,-1.0965576171875,0.20263671875,-9.27734375,43.579097747802734,-1.9531248807907104
0.7906494140625,-0.8880615234375,0.259521484375,21.728513717651367,0.0610351525247097,-6.652831554412842
0.7606201171875,-0.678955078125,0.2216796875,35.70556640625,-9.94873046875,-13.854979515075684
0.5626220703125,-0.539794921875,0.1451416015625,8.11767578125,22.155759811401367,-29.785154342651367
0.475341796875,-0.6397705078125,0.1351318359375,-21.972654342651367,52.429195404052734,-45.593257904052734
0.46484375,-0.882080078125,0.1470947265625,-33.935546875,66.0400390625,-56.701656341552734
0.441650390625,-0.9749755859375,0.125244140625,-28.320310592651367,59.020992279052734,-40.954586029052734
0.4559326171875,-0.8681640625,0.140380859375,-10.620116233825684,23.437498092651367,-15.930174827575684
0.492919921875,-0.76318359375,0.199951171875,6.347655773162842,-18.73779296875,-9.521484375
0.470947265625,-0.7476806640625,0.210693359375,13.427733421325684,-35.82763671875,-12.817381858825684
0.387451171875,-0.828857421875,0.2147216796875,16.17431640625,-42.358394622802734,-14.404295921325684
0.2911376953125,-0.91357421875,0.2857666015625,19.1650390625,-54.077144622802734,-3.417968511581421
0.32861328125,-0.9652099609375,0.380126953125,20.568845748901367,-56.030269622802734,15.930174827575684
0.5140380859375,-1.0325927734375,0.4154052734375,19.53125,-37.841796875,20.996091842651367
0.6422119140625,-1.0650634765625,0.4000244140625,20.324705123901367,-20.202634811401367,20.324705123901367
0.674560546875,-1.0595703125,0.3553466796875,23.315427780151367,-17.08984375,24.536130905151367
0.6173095703125,-0.96728515625,0.2115478515625,17.08984375,-1.0986328125,26.489255905151367
0.4752197265625,-0.7667236328125,0.0206298828125,1.0986328125,30.700681686401367,31.311033248901367
0.4049072265625,-0.6639404296875,-0.080322265625,-9.6435546875,41.870113372802734,30.273435592651367
0.4749755859375,-0.70849609375,-0.043701171875,-9.21630859375,19.95849609375,12.145995140075684
0.57666015625,-0.751953125,0.145751953125,-0.1220703050494194,-22.705076217651367,-2.197265625
0.5853271484375,-0.71923828125,0.35498046875,4.0283203125,-48.461910247802734,-3.234863042831421
0.4935302734375,-0.6868896484375,0.391845703125,-12.329100608825684,-20.507810592651367,-12.084959983825684
0.271484375,-0.8643798828125,0.30224609375,-33.69140625,25.878904342651367,-35.21728515625
0.1378173828125,-0.9742431640625,0.19287109375,-41.625972747802734,32.958984375,-45.776363372802734
0.2412109375,-0.9322509765625,0.1512451171875,-36.92626953125,15.136717796325684,-23.559568405151367
0.3348388671875,-0.91796875,0.1768798828125,-26.672361373901367,18.9208984375,15.991209983825684
0.37841796875,-0.9105224609375,0.2486572265625,-11.413573265075684,27.709959030151367,52.001949310302734
0.362548828125,-1.076904296875,0.3121337890625,-0.7934569716453552,31.799314498901367,57.678218841552734
0.3359375,-1.18994140625,0.276123046875,-3.234863042831421,42.053218841552734,31.860349655151367
0.50390625,-1.0733642578125,0.290283203125,0.4272460639476776,31.433103561401367,18.12744140625
0.7135009765625,-0.88818359375,0.3687744140625,9.8876953125,17.9443359375,2.990722417831421
0.6768798828125,-0.68115234375,0.3382568359375,2.25830078125,42.968746185302734,-32.3486328125
0.5057373046875,-0.5693359375,0.2664794921875,-16.9677734375,78.06396484375,-55.236812591552734
0.4129638671875,-0.678466796875,0.2552490234375,-30.273435592651367,87.34130096435547,-52.673336029052734
0.4605712890625,-0.8260498046875,0.2552490234375,-33.63037109375,81.48192596435547,-38.63525390625
0.5643310546875,-0.86376953125,0.2236328125,-27.099607467651367,63.415523529052734,-38.57421875
0.5745849609375,-0.815673828125,0.1610107421875,-21.850584030151367,45.532222747802734,-42.358394622802734
0.5045166015625,-0.779052734375,0.15234375,-20.507810592651367,33.69140625,-29.724119186401367
0.43017578125,-0.8223876953125,0.2362060546875,-13.427733421325684,9.765625,-14.038084983825684
0.3814697265625,-0.8612060546875,0.33203125,-6.042479991912842,-13.854979515075684,-5.615233898162842
0.3272705078125,-0.8822021484375,0.3671875,-7.568358898162842,-14.892577171325684,-4.150390625
0.306396484375,-0.9375,0.3629150390625,-12.573241233825684,2.13623046875,-0.30517578125
0.457763671875,-1.009765625,0.3680419921875,-10.864256858825684,15.380858421325684,8.1787109375
0.65966796875,-1.0128173828125,0.35302734375,-2.624511480331421,15.136717796325684,16.9677734375
0.729248046875,-0.978515625,0.29638671875,3.540038824081421,8.6669921875,23.132322311401367
0.6734619140625,-0.9482421875,0.202392578125,-2.868652105331421,13.366698265075684,16.29638671875
0.5262451171875,-0.8416748046875,0.06591796875,-22.033689498901367,36.56005859375,8.85009765625
0.40869140625,-0.7313232421875,-0.054443359375,-37.04833984375,54.931636810302734,8.85009765625
0.4205322265625,-0.7142333984375,-0.055908203125,-33.87451171875,44.006343841552734,-2.746581792831421
0.4678955078125,-0.777587890625,0.1109619140625,-13.854979515075684,0.7934569716453552,-17.15087890625
0.3916015625,-0.8614501953125,0.31005859375,9.58251953125,-44.555660247802734,-12.756346702575684
0.30908203125,-0.8511962890625,0.336669921875,16.845703125,-49.194332122802734,4.0283203125
0.3109130859375,-0.817626953125,0.2132568359375,3.356933355331421,-11.047362327575684,6.042479991912842
0.2877197265625,-0.85595703125,0.0972900390625,-13.122557640075684,24.414060592651367,-2.868652105331421
0.2216796875,-0.916748046875,0.0726318359375,-17.7001953125,28.869626998901367,3.479003667831421
0.186279296875,-0.9415283203125,0.147216796875,-9.27734375,11.901854515075684,28.930662155151367
0.23828125,-0.9822998046875,0.2589111328125,2.807616949081421,-2.868652105331421,50.537105560302734
0.2716064453125,-1.115478515625,0.3211669921875,7.995604991912842,3.295898199081421,46.325679779052734
0.3157958984375,-1.1649169921875,0.2972412109375,7.080077648162842,12.145995140075684,27.648923873901367
0.527099609375,-1.07470703125,0.2171630859375,4.150390625,16.7236328125,4.08935546875
0.701416015625,-0.94091796875,0.143310546875,1.8310545682907104,29.663084030151367,-27.221677780151367
0.6446533203125,-0.7393798828125,0.119384765625,-1.8310545682907104,37.353515625,-39.00146484375
0.537109375,-0.6136474609375,0.1712646484375,-5.737304210662842,27.832029342651367,-24.536130905151367
0.5010986328125,-0.6971435546875,0.2451171875,-7.446288585662842,16.357421875,-20.202634811401367
0.4459228515625,-0.8883056640625,0.234619140625,-9.21630859375,20.141599655151367,-30.456541061401367
0.392333984375,-0.94921875,0.156982421875,-10.803221702575684,32.5927734375,-29.602048873901367
0.3956298828125,-0.8668212890625,0.11279296875,-8.11767578125,29.541013717651367,-21.728513717651367
0.37451171875,-0.825927734375,0.1324462890625,1.220703125,5.676269054412842,-15.258788108825684
0.3408203125,-0.831298828125,0.2069091796875,13.183592796325684,-24.047849655151367,-1.3427733182907104
0.3070068359375,-0.8406982421875,0.286376953125,20.01953125,-44.921871185302734,9.6435546875
0.224853515625,-0.9068603515625,0.295654296875,16.4794921875,-42.297359466552734,6.347655773162842
0.25634765625,-1.0201416015625,0.27734375,10.375975608825684,-25.207517623901367,-1.5869139432907104
0.4569091796875,-1.06201171875,0.3133544921875,11.108397483825684,-18.98193359375,-0.1831054538488388
0.5748291015625,-1.053466796875,0.37744140625,19.59228515625,-31.921384811401367,18.4326171875
0.587158203125,-1.0528564453125,0.3616943359375,26.611326217651367,-42.907711029052734,36.43798828125
0.570556640625,-1.025146484375,0.1815185546875,17.02880859375,-15.930174827575684,25.146482467651367
0.498046875,-0.9251708984375,-0.0697021484375,-3.479003667831421,32.5927734375,4.33349609375
0.4376220703125,-0.786376953125,-0.1768798828125,-10.742186546325684,39.24560546875,0.6713866591453552
0.458740234375,-0.689208984375,-0.06787109375,0.1831054538488388,-7.202147960662842,4.39453125
0.5150146484375,-0.6556396484375,0.156005859375,11.718749046325684,-57.312007904052734,5.981444835662842
0.453369140625,-0.7340087890625,0.3607177734375,5.554198741912842,-60.974117279052734,1.15966796875
0.2283935546875,-0.888916015625,0.37939453125,-14.221190452575684,-20.385740280151367,-13.122557640075684
0.1727294921875,-0.925048828125,0.18408203125,-26.855466842651367,13.793944358825684,-21.179197311401367
0.279541015625,-0.915283203125,0.023193359375,-23.742673873901367,15.380858421325684,-24.658201217651367
0.2586669921875,-0.957275390625,0.0615234375,-12.573241233825684,-4.21142578125,-14.770506858825684
0.25830078125,-0.9569091796875,0.1917724609375,2.929687261581421,-28.930662155151367,22.521970748901367
0.343994140625,-1.0074462890625,0.2716064453125,17.39501953125,-37.53662109375,51.513668060302734
0.34619140625,-1.15234375,0.2862548828125,21.667478561401367,-22.216794967651367,46.630855560302734
0.370849609375,-1.1883544921875,0.28466796875,22.155759811401367,-10.314940452575684,24.291990280151367
0.589599609375,-1.0433349609375,0.2867431640625,24.963376998901367,-4.94384765625,9.82666015625
0.6219482421875,-0.57861328125,0.1744384765625,1.2817381620407104,47.241207122802734,-11.657713890075684
0.5184326171875,-0.5931396484375,0.15234375,-16.29638671875,57.739253997802734,-28.808591842651367
0.4886474609375,-0.787353515625,0.1580810546875,-24.475095748901367,58.410640716552734,-44.677730560302734
0.462890625,-0.976318359375,0.123291015625,-23.681638717651367,54.504390716552734,-49.316402435302734
0.4010009765625,-0.9765625,0.0753173828125,-20.629880905151367,40.649410247802734,-34.5458984375
0.348388671875,-0.8624267578125,0.11669921875,-19.8974609375,13.305663108825684,-16.90673828125
0.3326416015625,-0.79052734375,0.2630615234375,-19.47021484375,-20.446775436401367,-15.075682640075684
0.351318359375,-0.770263671875,0.38134765625,-20.935056686401367,-31.311033248901367,-27.038572311401367
0.3785400390625,-0.8089599609375,0.371337890625,-25.451658248901367,-5.432128429412842,-42.846675872802734
0.3646240234375,-0.914306640625,0.268798828125,-26.733396530151367,28.991697311401367,-41.870113372802734
0.422119140625,-1.0250244140625,0.2005615234375,-16.41845703125,37.59765625,-17.4560546875
0.589111328125,-1.0341796875,0.244384765625,4.33349609375,14.892577171325684,11.169432640075684
0.6917724609375,-1.0137939453125,0.318359375,22.888181686401367,-14.038084983825684,32.470703125
0.6954345703125,-1.0643310546875,0.2752685546875,28.564451217651367,-18.1884765625,36.56005859375
0.6016845703125,-1.0205078125,0.0830078125,19.34814453125,8.6669921875,31.677244186401367
0.4010009765625,-0.671630859375,-0.2052001953125,0.0610351525247097,28.320310592651367,24.780271530151367
0.4849853515625,-0.650146484375,-0.10546875,7.934569835662842,-18.00537109375,3.295898199081421
0.595458984375,-0.7105712890625,0.098388671875,23.071287155151367,-75.74462890625,-9.94873046875
0.5955810546875,-0.759765625,0.2435302734375,29.052732467651367,-101.19628143310547,-13.061522483825684
0.4742431640625,-0.8076171875,0.2366943359375,12.268065452575684,-70.9228515625,-17.822265625
0.2939453125,-0.951416015625,0.1693115234375,-16.6015625,-20.507810592651367,-26.184080123901367
0.1961669921875,-1.020263671875,0.1103515625,-29.602048873901367,-8.60595703125,-13.671874046325684
0.212890625,-0.973388671875,0.111083984375,-16.2353515625,-31.738279342651367,20.01953125
0.2943115234375,-0.904052734375,0.1484375,2.990722417831421,-36.0107421875,46.752925872802734
0.36962890625,-0.965087890625,0.214599609375,12.573241233825684,-4.57763671875,44.677730560302734
0.342529296875,-1.14599609375,0.29931640625,14.770506858825684,22.094724655151367,19.71435546875
0.3555908203125,-1.1199951171875,0.312255859375,15.502928733825684,8.6669921875,6.225585460662842
0.57373046875,-0.970458984375,0.292724609375,20.507810592651367,4.33349609375,10.803221702575684
0.7530517578125,-0.83984375,0.2476806640625,21.057126998901367,45.166011810302734,7.568358898162842
0.676025390625,-0.686279296875,0.1795654296875,2.990722417831421,76.66015625,-10.620116233825684
0.5528564453125,-0.60595703125,0.1507568359375,-21.301267623901367,69.9462890625,-29.541013717651367
0.527587890625,-0.6834716796875,0.1541748046875,-31.616209030151367,51.269527435302734,-46.142574310302734
0.530517578125,-0.813720703125,0.134765625,-25.695798873901367,36.9873046875,-47.729488372802734
0.48583984375,-0.8636474609375,0.0777587890625,-14.892577171325684,30.273435592651367,-29.785154342651367
0.4178466796875,-0.8560791015625,0.049560546875,-8.48388671875,24.780271530151367,-16.357421875
0.35791015625,-0.858154296875,0.1201171875,0.1220703050494194,1.5869139432907104,-12.023924827575684
0.3447265625,-0.853271484375,0.2542724609375,13.671874046325684,-36.31591796875,-5.0048828125
0.344970703125,-0.868896484375,0.354736328125,18.9208984375,-54.321285247802734,-1.7700194120407104
0.299072265625,-0.91650390625,0.36865234375,11.474608421325684,-38.6962890625,2.38037109375
0.37109375,-0.9844970703125,0.334228515625,1.15966796875,-6.713866710662842,7.629394054412842
0.5506591796875,-1.05029296875,0.3173828125,-2.807616949081421,15.869139671325684,2.25830078125
0.6361083984375,-1.0841064453125,0.3316650390625,5.0048828125,8.9111328125,6.286620616912842
0.6568603515625,-1.095947265625,0.30078125,16.05224609375,-6.896972179412842,19.47021484375
0.5982666015625,-0.9937744140625,0.1409912109375,14.526366233825684,4.8828125,25.268552780151367
0.468505859375,-0.797119140625,-0.0455322265625,2.563476324081421,31.372068405151367,32.40966796875
0.437744140625,-0.6943359375,-0.138671875,-6.958007335662842,37.29248046875,31.066892623901367
0.514892578125,-0.7005615234375,-0.100341796875,-6.958007335662842,8.48388671875,12.451170921325684
0.5792236328125,-0.705078125,0.09033203125,6.103515148162842,-48.706050872802734,-0.4272460639476776
0.5728759765625,-0.6759033203125,0.318115234375,16.4794921875,-86.24266815185547,-3.906249761581421
0.445556640625,-0.7786865234375,0.4322509765625,3.784179449081421,-58.105464935302734,-11.413573265075684
0.2275390625,-0.9554443359375,0.327392578125,-24.780271530151367,2.807616949081421,-14.587401390075684
0.129150390625,-0.9754638671875,0.10595703125,-44.616695404052734,33.14208984375,-4.69970703125
0.1708984375,-0.923828125,0.0731201171875,-32.65380859375,15.319823265075684,7.446288585662842
0.2467041015625,-0.8741455078125,0.2218017578125,-0.7324218153953552,-15.563963890075684,22.094724655151367
0.3638916015625,-0.89453125,0.3375244140625,16.11328125,-14.709471702575684,30.761716842651367
0.3763427734375,-1.0643310546875,0.356689453125,6.958007335662842,22.888181686401367,8.6669921875
0.3487548828125,-1.1495361328125,0.31884765625,-8.97216796875,50.415035247802734,-22.399900436401367
0.7901611328125,-0.8631591796875,0.3590087890625,4.21142578125,61.584468841552734,-8.7890625
0.787109375,-0.689697265625,0.3299560546875,1.5869139432907104,80.99364471435547,-4.39453125
0.6446533203125,-0.562744140625,0.2879638671875,-22.705076217651367,90.63719940185547,-24.902341842651367
0.5654296875,-0.6075439453125,0.260986328125,-43.334957122802734,93.81102752685547,-49.682613372802734
0.55517578125,-0.7373046875,0.2188720703125,-50.292964935302734,95.52001190185547,-64.27001953125
0.5560302734375,-0.8250732421875,0.1650390625,-45.898433685302734,87.03612518310547,-60.180660247802734
0.5389404296875,-0.8443603515625,0.120361328125,-38.4521484375,67.87109375,-46.813961029052734
0.5242919921875,-0.8421630859375,0.0987548828125,-33.447265625,51.208492279052734,-35.2783203125
0.5072021484375,-0.821533203125,0.09228515625,-27.038572311401367,35.21728515625,-23.620603561401367
0.409423828125,-0.837890625,0.270751953125,-4.638671875,-25.756834030151367,1.3427733182907104
0.3280029296875,-0.9439697265625,0.4947509765625,12.084959983825684,-69.3359375,20.324705123901367
0.380615234375,-0.98583984375,0.6251220703125,21.728513717651367,-68.78662109375,43.884273529052734
0.5450439453125,-0.9810791015625,0.5582275390625,14.709471702575684,-5.432128429412842,33.3251953125
0.7156982421875,-1.0,0.4139404296875,1.4648436307907104,52.185054779052734,2.50244140625
0.7574462890625,-1.0006103515625,0.2431640625,-12.573241233825684,73.42529296875,-19.53125
0.6114501953125,-0.8505859375,0.030029296875,-30.029294967651367,87.34130096435547,-16.78466796875
0.4638671875,-0.6644287109375,-0.115966796875,-42.053218841552734,90.88134002685547,0.30517578125
0.465087890625,-0.575439453125,-0.09228515625,-38.330078125,61.157222747802734,-0.0610351525247097
0.57763671875,-0.5958251953125,0.1103515625,-19.95849609375,3.234863042831421,-12.573241233825684
0.566162109375,-0.76953125,0.33349609375,-10.925292015075684,-26.184080123901367,-20.507810592651367
0.3973388671875,-0.9486083984375,0.3153076171875,-29.541013717651367,10.620116233825684,-20.202634811401367
0.3243408203125,-0.96875,0.1180419921875,-46.752925872802734,49.011226654052734,-12.878417015075684
0.330078125,-0.90869140625,0.0255126953125,-39.0625,31.494138717651367,-6.103515148162842
0.27978515625,-0.857177734375,0.0782470703125,-22.521970748901367,-4.7607421875,3.662109136581421
0.282958984375,-0.8360595703125,0.1495361328125,-9.46044921875,-13.549803733825684,19.1650390625
0.380859375,-0.926025390625,0.189697265625,0.1831054538488388,7.568358898162842,26.977537155151367
0.389404296875,-1.104248046875,0.2412109375,5.920409679412842,29.479978561401367,20.812986373901367
0.3604736328125,-1.13037109375,0.3385009765625,12.329100608825684,23.559568405151367,23.071287155151367
0.4666748046875,-1.0457763671875,0.4239501953125,18.00537109375,15.197752952575684,29.418943405151367
0.6461181640625,-0.915283203125,0.3677978515625,15.197752952575684,38.0859375,15.808104515075684
0.7554931640625,-0.7984619140625,0.225830078125,8.36181640625,65.00244140625,-9.82666015625
0.6968994140625,-0.7861328125,0.133544921875,-1.4648436307907104,67.9931640625,-28.015134811401367
0.5345458984375,-0.7789306640625,0.0943603515625,-18.98193359375,60.363765716552734,-21.545408248901367
0.367919921875,-0.7646484375,0.0894775390625,-31.311033248901367,34.0576171875,-3.723144292831421
0.3525390625,-0.7593994140625,0.1142578125,-14.038084983825684,-3.173827886581421,-2.44140625
0.34033203125,-0.7935791015625,0.2110595703125,-0.1220703050494194,-36.9873046875,-6.713866710662842
0.338623046875,-0.8538818359375,0.3541259765625,6.530761241912842,-55.480953216552734,-11.840819358825684
0.3509521484375,-0.8660888671875,0.41259765625,8.97216796875,-51.574703216552734,-8.1787109375
0.30029296875,-0.8941650390625,0.35107421875,5.371093273162842,-26.733396530151367,-3.662109136581421
0.2484130859375,-0.965087890625,0.249755859375,-0.7324218153953552,2.807616949081421,0.6713866591453552
0.376708984375,-1.0289306640625,0.205810546875,1.4648436307907104,8.97216796875,-4.7607421875
0.5528564453125,-1.05419921875,0.2423095703125,14.831542015075684,-16.78466796875,-11.535643577575684
0.6390380859375,-1.109375,0.289306640625,27.832029342651367,-40.771480560302734,0.7934569716453552
0.65966796875,-1.135498046875,0.1947021484375,30.517576217651367,-33.63037109375,11.169432640075684
0.5616455078125,-0.953369140625,-0.04638671875,23.559568405151367,-8.4228515625,13.854979515075684
0.4443359375,-0.7027587890625,-0.2335205078125,18.37158203125,-7.263183116912842,22.583005905151367
0.431884765625,-0.636962890625,-0.2540283203125,27.465818405151367,-49.011226654052734,17.333984375
0.4599609375,-0.7362060546875,-0.107666015625,44.860836029052734,-102.84423065185547,-3.784179449081421
0.45751953125,-0.8428955078125,0.135009765625,46.874996185302734,-125.85448455810547,-10.009765625
0.427490234375,-0.8953857421875,0.347900390625,28.564451217651367,-109.49706268310547,2.624511480331421
0.3646240234375,-0.898193359375,0.4046630859375,7.751464366912842,-73.6083984375,15.991209983825684
0.300048828125,-0.8804931640625,0.2998046875,-3.173827886581421,-43.762203216552734,17.333984375
0.2672119140625,-0.8853759765625,0.177978515625,-5.310058116912842,-30.944822311401367,7.568358898162842
0.2391357421875,-0.918701171875,0.15673828125,-5.798339366912842,-19.71435546875,11.779784202575684
0.2125244140625,-0.9466552734375,0.1943359375,-7.812499523162842,2.868652105331421,39.55078125
0.2191162109375,-1.02734375,0.21484375,-5.432128429412842,20.751951217651367,55.114742279052734
0.2413330078125,-1.1705322265625,0.2236328125,11.657713890075684,4.21142578125,40.161128997802734
0.4080810546875,-1.19482421875,0.2210693359375,35.46142578125,-31.555173873901367,19.8974609375
0.7080078125,-1.0592041015625,0.208740234375,44.616695404052734,-35.2783203125,0.0610351525247097
0.770263671875,-0.80712890625,0.1820068359375,28.930662155151367,5.615233898162842,-20.935056686401367
0.574951171875,-0.5848388671875,0.153076171875,-4.39453125,58.166500091552734,-28.991697311401367
0.4310302734375,-0.588623046875,0.139404296875,-31.799314498901367,91.85790252685547,-33.69140625
0.400146484375,-0.7952880859375,0.11474609375,-32.89794921875,89.66063690185547,-40.222164154052734
0.415283203125,-0.96484375,0.077392578125,-14.343260765075684,58.349605560302734,-32.2265625
0.4466552734375,-0.944580078125,0.0670166015625,2.50244140625,20.507810592651367,-20.996091842651367
0.4232177734375,-0.8741455078125,0.1094970703125,9.21630859375,-8.7890625,-17.4560546875
0.3443603515625,-0.8311767578125,0.192138671875,11.474608421325684,-26.916501998901367,-7.141112804412842
0.2855224609375,-0.8184814453125,0.298583984375,16.845703125,-45.776363372802734,6.103515148162842
0.2559814453125,-0.8453369140625,0.375732421875,19.47021484375,-55.419918060302734,11.108397483825684
0.279541015625,-0.9107666015625,0.3634033203125,13.488768577575684,-38.6962890625,9.27734375
0.5482177734375,-1.1009521484375,0.3297119140625,0.9765624403953552,4.5166015625,0.3662109076976776
0.583984375,-1.09326171875,0.364013671875,6.713866710662842,-3.356933355331421,12.695311546325684
0.6287841796875,-1.0372314453125,0.30712890625,11.108397483825684,-6.530761241912842,21.484373092651367
0.5865478515625,-0.9073486328125,0.109619140625,2.624511480331421,16.6015625,21.423337936401367
0.4625244140625,-0.7401123046875,-0.08251953125,-8.544921875,37.78076171875,27.160642623901367
0.4306640625,-0.7054443359375,-0.11572265625,-6.286620616912842,20.996091842651367,19.95849609375
0.486083984375,-0.753662109375,0.0347900390625,6.774901866912842,-24.230955123901367,-2.44140625
0.4930419921875,-0.7955322265625,0.2772216796875,10.864256858825684,-52.124019622802734,-15.197752952575684
0.2095947265625,-0.84814453125,0.3642578125,-17.51708984375,-4.638671875,-0.1220703050494194
0.270263671875,-0.8199462890625,0.1964111328125,-17.7001953125,8.9111328125,-4.5166015625
0.28125,-0.887451171875,0.12109375,-18.49365234375,15.808104515075684,-13.183592796325684
0.2235107421875,-0.90380859375,0.1590576171875,-19.10400390625,12.145995140075684,0.1220703050494194
0.2574462890625,-0.8358154296875,0.27099609375,-8.36181640625,2.685546636581421,26.611326217651367
0.3585205078125,-0.8927001953125,0.40234375,4.7607421875,13.549803733825684,28.503416061401367
0.4140625,-1.0140380859375,0.4464111328125,1.7089842557907104,45.959468841552734,-0.4882812201976776
0.53271484375,-1.0885009765625,0.407470703125,-14.160155296325684,74.89013671875,-22.155759811401367
0.734375,-1.0673828125,0.385986328125,-29.174802780151367,95.70311737060547,-40.771480560302734
0.75732421875,-0.8385009765625,0.36767578125,-41.137691497802734,109.86327362060547,-65.36865234375
0.617919921875,-0.6014404296875,0.32568359375,-53.405757904052734,122.92479705810547,-71.35009765625
0.541015625,-0.6243896484375,0.288330078125,-60.241695404052734,126.58690643310547,-61.401363372802734
0.55615234375,-0.79150390625,0.2813720703125,-60.241695404052734,116.69921112060547,-39.9169921875
0.6097412109375,-0.8427734375,0.274658203125,-56.396480560302734,103.21044158935547,-20.629880905151367
0.616455078125,-0.7872314453125,0.223388671875,-48.400875091552734,87.09716033935547,-22.155759811401367
0.57421875,-0.72705078125,0.1788330078125,-41.259761810302734,70.37353515625,-21.850584030151367
0.5299072265625,-0.70751953125,0.16748046875,-38.57421875,56.884761810302734,-14.831542015075684
0.4952392578125,-0.7249755859375,0.1932373046875,-38.75732421875,44.372554779052734,-12.878417015075684
0.4830322265625,-0.75048828125,0.2872314453125,-38.818359375,30.822751998901367,-16.845703125
0.43212890625,-0.825439453125,0.3817138671875,-34.66796875,16.78466796875,-25.085447311401367
0.327392578125,-0.92724609375,0.418212890625,-23.254392623901367,3.967284917831421,-16.6015625
0.3875732421875,-0.979736328125,0.4615478515625,-7.873534679412842,-0.30517578125,6.958007335662842
0.6287841796875,-1.0059814453125,0.459716796875,1.7089842557907104,15.380858421325684,4.69970703125
0.7384033203125,-0.939208984375,0.3206787109375,-3.112792730331421,46.936031341552734,-11.047362327575684
0.63818359375,-0.746337890625,0.16064453125,-17.63916015625,76.23291015625,-7.507323741912842
0.5623779296875,-0.63037109375,0.1251220703125,-27.648923873901367,87.28026580810547,-4.94384765625
0.604248046875,-0.6566162109375,0.202880859375,-27.893064498901367,83.25194549560547,-14.526366233825684
0.647705078125,-0.687255859375,0.3092041015625,-26.123044967651367,77.7587890625,-17.333984375
0.61767578125,-0.7230224609375,0.3828125,-29.724119186401367,73.42529296875,-19.4091796875
0.4742431640625,-0.8907470703125,0.346435546875,-40.0390625,71.533203125,-32.958984375
0.4833984375,-0.8419189453125,0.208740234375,-53.955074310302734,50.720211029052734,-4.82177734375
0.5072021484375,-0.72705078125,0.2440185546875,-54.626461029052734,36.19384765625,-3.417968511581421
0.4686279296875,-0.689697265625,0.2772216796875,-55.541988372802734,59.082027435302734,-11.535643577575684
0.411865234375,-0.8358154296875,0.246826171875,-56.579586029052734,117.79784393310547,-22.155759811401367
0.3668212890625,-0.9678955078125,0.240234375,-54.016109466552734,142.63916015625,-11.840819358825684
0.3502197265625,-0.965087890625,0.3427734375,-40.222164154052734,106.56737518310547,13.671874046325684
0.3145751953125,-0.9378662109375,0.4254150390625,-18.9208984375,70.3125,30.578611373901367
0.410400390625,-0.9423828125,0.4564208984375,-4.45556640625,60.485836029052734,24.047849655151367
0.6708984375,-0.9410400390625,0.4664306640625,-8.30078125,65.4296875,-23.986814498901367
0.794189453125,-0.82470703125,0.4097900390625,-31.249998092651367,89.53856658935547,-73.2421875
0.704833984375,-0.6181640625,0.3447265625,-56.457515716552734,111.08397674560547,-73.42529296875
0.6007080078125,-0.4932861328125,0.354248046875,-67.68798828125,107.48290252685547,-44.494625091552734
0.598876953125,-0.563232421875,0.37255859375,-68.115234375,100.28075408935547,-30.090330123901367
0.6494140625,-0.755615234375,0.3023681640625,-67.626953125,109.55809783935547,-42.480464935302734
0.645751953125,-0.8712158203125,0.1844482421875,-66.22314453125,117.06542205810547,-52.795406341552734
0.570556640625,-0.8475341796875,0.107666015625,-61.828609466552734,104.85839080810547,-42.541500091552734
0.5048828125,-0.7825927734375,0.1221923828125,-54.260250091552734,79.65087890625,-26.306150436401367
0.4910888671875,-0.74072265625,0.22802734375,-42.419429779052734,49.377437591552734,-19.10400390625
0.5032958984375,-0.745361328125,0.3521728515625,-30.212400436401367,23.986814498901367,-21.179197311401367
0.5001220703125,-0.8016357421875,0.40283203125,-22.216794967651367,14.587401390075684,-26.428220748901367
0.4500732421875,-1.076904296875,0.4522705078125,3.662109136581421,-7.873534679412842,4.08935546875
0.618896484375,-1.0284423828125,0.461669921875,15.258788108825684,-9.3994140625,23.986814498901367
0.6932373046875,-0.956298828125,0.2923583984375,10.620116233825684,19.53125,14.953612327575684
0.61083984375,-0.8223876953125,0.07373046875,-3.234863042831421,50.048824310302734,6.774901866912842
0.4852294921875,-0.682861328125,-0.06787109375,-14.648436546325684,57.861324310302734,15.197752952575684
0.4713134765625,-0.642333984375,-0.09423828125,-17.7001953125,42.419429779052734,22.399900436401367
0.5936279296875,-0.703857421875,0.0750732421875,-9.8876953125,5.615233898162842,15.319823265075684
0.678955078125,-0.7584228515625,0.355224609375,-3.784179449081421,-22.460935592651367,4.82177734375
0.602294921875,-0.7659912109375,0.4383544921875,-19.04296875,6.713866710662842,-12.939452171325684
0.3790283203125,-0.86962890625,0.31396484375,-42.297359466552734,62.683101654052734,-38.26904296875
0.2122802734375,-0.9453125,0.205078125,-44.921871185302734,76.72119140625,-32.2265625
0.2445068359375,-0.900390625,0.19921875,-29.724119186401367,49.438472747802734,-5.065917491912842
0.3079833984375,-0.877197265625,0.241943359375,-20.690916061401367,31.066892623901367,14.343260765075684
0.3721923828125,-0.9263916015625,0.2452392578125,-28.930662155151367,59.631343841552734,45.654293060302734
0.3544921875,-0.9866943359375,0.285888671875,-23.376462936401367,63.049312591552734,25.024412155151367
0.4039306640625,-0.9556884765625,0.3642578125,-10.192870140075684,52.673336029052734,-3.967284917831421
0.7034912109375,-0.9393310546875,0.392333984375,-12.145995140075684,77.2705078125,-34.7900390625
0.7686767578125,-0.87255859375,0.31884765625,-24.658201217651367,118.59130096435547,-72.32666015625
0.613037109375,-0.642578125,0.2203369140625,-43.457027435302734,122.19237518310547,-66.89453125
0.531005859375,-0.5191650390625,0.2401123046875,-55.786128997802734,89.23339080810547,-51.391597747802734
0.556396484375,-0.6046142578125,0.3114013671875,-63.293453216552734,74.5849609375,-54.199214935302734
0.58544921875,-0.8359375,0.3031005859375,-59.570308685302734,76.35498046875,-51.269527435302734
0.55078125,-0.96044921875,0.2017822265625,-47.546382904052734,74.15771484375,-33.63037109375
0.4915771484375,-0.8819580078125,0.129638671875,-40.588375091552734,67.138671875,-18.37158203125
0.4600830078125,-0.7857666015625,0.145751953125,-34.912109375,45.043941497802734,-20.202634811401367
0.45751953125,-0.7615966796875,0.195068359375,-27.343748092651367,16.4794921875,-27.160642623901367
0.4776611328125,-0.785888671875,0.2769775390625,-22.277830123901367,-2.25830078125,-26.306150436401367
0.4385986328125,-0.8848876953125,0.3634033203125,-18.37158203125,-12.084959983825684,-15.869139671325684
0.404052734375,-1.015869140625,0.3909912109375,-10.498045921325684,-13.305663108825684,8.36181640625
0.5125732421875,-1.0928955078125,0.359375,0.0610351525247097,-1.7089842557907104,23.925779342651367
0.6534423828125,-1.11865234375,0.28955078125,8.48388671875,7.873534679412842,20.812986373901367
0.6666259765625,-1.05224609375,0.19580078125,11.291502952575684,6.164550304412842,20.507810592651367
0.534423828125,-0.8543701171875,0.0794677734375,4.8828125,11.962889671325684,31.738279342651367
0.40576171875,-0.6719970703125,-0.0284423828125,-5.432128429412842,27.099607467651367,43.640132904052734
0.45166015625,-0.66357421875,-0.1290283203125,-10.192870140075684,33.5693359375,33.02001953125
0.5771484375,-0.72705078125,-0.1685791015625,0.2441406100988388,3.601073980331421,19.287109375
0.607666015625,-0.77978515625,-0.046142578125,30.517576217651367,-75.8056640625,23.437498092651367
0.487060546875,-0.8333740234375,0.218505859375,53.466793060302734,-147.76611328125,22.399900436401367
0.3121337890625,-0.84521484375,0.3642578125,23.498533248901367,-122.80272674560547,-7.812499523162842
0.223876953125,-0.8856201171875,0.2708740234375,-43.029781341552734,-1.6479490995407104,-46.630855560302734
0.1148681640625,-0.9620361328125,0.0274658203125,-52.001949310302734,63.903804779052734,6.591796398162842
0.2069091796875,-0.9234619140625,0.102294921875,-5.126952648162842,-4.150390625,50.476070404052734
0.378173828125,-0.98876953125,0.2950439453125,26.184080123901367,-36.43798828125,47.546382904052734
0.455078125,-1.10302734375,0.383544921875,23.986814498901367,2.807616949081421,23.193357467651367
0.5047607421875,-1.114501953125,0.3096923828125,1.15966796875,72.1435546875,11.474608421325684
0.6297607421875,-1.0330810546875,0.2301025390625,-17.88330078125,122.00926971435547,-11.901854515075684
0.6903076171875,-0.8563232421875,0.2098388671875,-17.88330078125,123.29100799560547,-40.954586029052734
0.6341552734375,-0.6878662109375,0.193115234375,-10.742186546325684,91.18651580810547,-46.142574310302734
0.5672607421875,-0.6529541015625,0.1361083984375,-13.122557640075684,69.39697265625,-48.645015716552734
0.5294189453125,-0.7357177734375,0.0537109375,-18.85986328125,65.85693359375,-54.748531341552734
0.4996337890625,-0.8201904296875,-0.00537109375,-14.892577171325684,57.678218841552734,-40.0390625
0.463134765625,-0.8363037109375,-0.0335693359375,-3.112792730331421,35.7666015625,-13.916014671325684
0.4354248046875,-0.80224609375,0.0169677734375,8.6669921875,1.8310545682907104,2.3193359375
0.39453125,-0.81201171875,0.2039794921875,22.094724655151367,-50.598140716552734,3.662109136581421
0.315673828125,-0.847900390625,0.430419921875,32.5927734375,-98.51073455810547,1.8920897245407104
0.2506103515625,-0.8857421875,0.4913330078125,26.245115280151367,-89.59960174560547,2.01416015625
0.3248291015625,-0.982666015625,0.361083984375,4.94384765625,-21.301267623901367,-5.859374523162842
0.533935546875,-1.104736328125,0.250732421875,-9.765625,34.423828125,-15.563963890075684
0.6700439453125,-1.1502685546875,0.3001708984375,0.7324218153953552,17.4560546875,-3.051757574081421
0.68994140625,-1.0965576171875,0.358154296875,23.620603561401367,-29.724119186401367,21.179197311401367
0.634765625,-0.9722900390625,0.22314453125,24.902341842651367,-22.155759811401367,17.39501953125
0.526611328125,-0.7689208984375,-0.0439453125,-0.4272460639476776,32.8369140625,5.187987804412842
0.48388671875,-0.588134765625,-0.2432861328125,-16.05224609375,48.156734466552734,13.977049827575684
0.554443359375,-0.5518798828125,-0.2406005859375,5.981444835662842,-18.37158203125,18.9208984375
0.678955078125,-0.6607666015625,-0.046142578125,45.593257904052734,-112.36571502685547,6.652831554412842
0.7100830078125,-0.805419921875,0.189208984375,56.274410247802734,-144.04296875,-13.122557640075684
0.54931640625,-0.9141845703125,0.299560546875,19.6533203125,-85.99852752685547,-31.799314498901367
0.3375244140625,-0.9600830078125,0.244140625,-23.254392623901367,-14.953612327575684,-36.92626953125
0.2713623046875,-0.9354248046875,0.1307373046875,-29.602048873901367,0.54931640625,-18.9208984375
0.3013916015625,-0.92626953125,0.076904296875,-9.70458984375,-14.831542015075684,15.075682640075684
0.3480224609375,-0.9337158203125,0.0904541015625,7.019042491912842,-16.2353515625,47.607418060302734
0.3995361328125,-0.9725341796875,0.163330078125,14.038084983825684,-6.164550304412842,68.115234375
0.41943359375,-1.0819091796875,0.253173828125,18.12744140625,-9.33837890625,70.1904296875
0.498779296875,-1.0677490234375,0.193359375,13.305663108825684,-16.90673828125,48.034664154052734
0.63525390625,-0.9169921875,0.0509033203125,3.479003667831421,-10.375975608825684,17.822265625
0.6641845703125,-0.7943115234375,0.0169677734375,6.225585460662842,-6.164550304412842,-6.835937023162842
0.58349609375,-0.7066650390625,0.0797119140625,14.160155296325684,-13.916014671325684,-20.141599655151367
0.5123291015625,-0.67041015625,0.12890625,10.437010765075684,-7.629394054412842,-18.4326171875
0.460693359375,-0.88427734375,0.0164794921875,-0.6103515625,37.41455078125,-14.953612327575684
0.464599609375,-0.919189453125,-0.040283203125,0.9765624403953552,31.127927780151367,-15.197752952575684
0.454833984375,-0.8094482421875,0.130859375,21.118162155151367,-57.678218841552734,-1.7700194120407104
0.3968505859375,-0.837158203125,0.281005859375,33.69140625,-98.51073455810547,5.798339366912842
0.266845703125,-0.9176025390625,0.3984375,38.6962890625,-114.31884002685547,15.380858421325684
0.2005615234375,-0.9647216796875,0.4173583984375,32.77587890625,-94.48241424560547,31.616209030151367
0.333984375,-1.0032958984375,0.3358154296875,20.263669967651367,-40.161128997802734,24.291990280151367
0.497802734375,-1.056640625,0.236083984375,11.047362327575684,8.544921875,-3.479003667831421
0.6182861328125,-1.129150390625,0.188720703125,10.009765625,20.751951217651367,-16.17431640625
0.7137451171875,-1.1456298828125,0.1187744140625,12.817381858825684,17.02880859375,-15.624999046325684
0.6551513671875,-1.0191650390625,-0.03466796875,12.634276390075684,17.7001953125,0.3662109076976776
0.5135498046875,-0.8267822265625,-0.1788330078125,12.878417015075684,15.502928733825684,33.935546875
0.425048828125,-0.7034912109375,-0.234130859375,21.179197311401367,-7.995604991912842,51.757808685302734
0.4144287109375,-0.66552734375,-0.1844482421875,37.78076171875,-60.913082122802734,48.706050872802734
0.46826171875,-0.6943359375,-0.0462646484375,53.649898529052734,-125.79344940185547,37.41455078125
0.530029296875,-0.7698974609375,0.13818359375,52.490230560302734,-158.50830078125,13.977049827575684
0.518798828125,-0.84423828125,0.2725830078125,26.184080123901367,-125.97655487060547,-8.72802734375
0.3829345703125,-0.897705078125,0.285888671875,-6.164550304412842,-59.143062591552734,-14.587401390075684
0.1400146484375,-0.9765625,0.2421875,-20.629880905151367,-13.122557640075684,-8.056640625
-0.0423583984375,-0.9940185546875,0.182373046875,-15.380858421325684,-2.624511480331421,14.526366233825684
0.0440673828125,-0.946533203125,0.142578125,-0.1831054538488388,-20.507810592651367,33.26416015625
0.2813720703125,-1.0108642578125,0.19921875,15.624999046325684,-44.616695404052734,21.362302780151367
0.465576171875,-1.0947265625,0.2601318359375,25.817869186401367,-47.668453216552734,9.33837890625
0.661865234375,-1.0982666015625,0.2274169921875,18.98193359375,-10.437010765075684,-0.4882812201976776
0.78857421875,-0.9896240234375,0.143798828125,6.530761241912842,35.2783203125,-12.329100608825684
0.7227783203125,-0.7958984375,0.077392578125,9.033203125,38.0859375,-9.94873046875
0.5927734375,-0.67822265625,0.06298828125,10.009765625,26.062009811401367,-10.803221702575684
0.5009765625,-0.6812744140625,0.071533203125,-3.295898199081421,39.24560546875,-17.4560546875
0.4434814453125,-0.7567138671875,0.0496826171875,-11.901854515075684,55.053707122802734,-15.136717796325684
0.409912109375,-0.8201904296875,-0.003662109375,-0.0,35.2783203125,-4.45556640625
0.419677734375,-0.8494873046875,-0.0140380859375,20.507810592651367,-13.244627952575684,-2.3193359375
0.462646484375,-0.8599853515625,0.07470703125,31.555173873901367,-55.358882904052734,-9.09423828125
0.468017578125,-0.8250732421875,0.2137451171875,33.203125,-78.61328125,-6.164550304412842
0.3529052734375,-0.851806640625,0.340087890625,32.40966796875,-90.94237518310547,3.173827886581421
0.145751953125,-0.975830078125,0.4095458984375,31.982419967651367,-91.55272674560547,16.41845703125
0.1749267578125,-1.0611572265625,0.3890380859375,33.3251953125,-71.533203125,35.46142578125
0.4691162109375,-1.076904296875,0.336181640625,32.8369140625,-33.69140625,31.311033248901367
0.6719970703125,-1.082275390625,0.32421875,29.357908248901367,-13.732909202575684,20.385740280151367
0.6973876953125,-1.10595703125,0.2598876953125,25.268552780151367,-15.136717796325684,18.6767578125
0.5897216796875,-1.0478515625,0.0604248046875,16.9677734375,0.4272460639476776,10.620116233825684
0.43603515625,-0.873046875,-0.1287841796875,4.0283203125,24.597166061401367,14.709471702575684
0.36572265625,-0.727783203125,-0.164794921875,-3.051757574081421,18.24951171875,29.479978561401367
0.409912109375,-0.6773681640625,-0.05126953125,4.39453125,-29.052732467651367,35.7666015625
0.5223388671875,-0.669189453125,0.139892578125,19.59228515625,-92.10204315185547,32.5927734375
0.610107421875,-0.661376953125,0.2965087890625,23.376462936401367,-119.81200408935547,20.751951217651367
0.57666015625,-0.7032470703125,0.3231201171875,-0.0,-79.16259765625,-5.065917491912842
0.3114013671875,-0.9853515625,0.24267578125,-40.710445404052734,-2.0751953125,-35.7666015625
0.04345703125,-1.1689453125,0.063232421875,-65.73486328125,44.921871185302734,-23.681638717651367
0.0001220703125,-1.05322265625,-0.076416015625,-46.081539154052734,19.47021484375,27.893064498901367
0.1373291015625,-0.880615234375,-0.016357421875,1.5869139432907104,-51.818843841552734,55.297847747802734
0.352294921875,-0.912109375,0.2498779296875,36.07177734375,-89.72167205810547,31.066892623901367
0.3890380859375,-1.16162109375,0.474609375,41.076656341552734,-50.842281341552734,-10.070799827575684
0.43310546875,-1.214111328125,0.409912109375,22.827146530151367,19.6533203125,-20.996091842651367
0.643798828125,-1.12939453125,0.2193603515625,7.263183116912842,64.697265625,-15.686034202575684
0.684326171875,-0.974365234375,0.0504150390625,4.21142578125,73.18115234375,-14.465331077575684
0.5211181640625,-0.686767578125,-0.03271484375,2.25830078125,56.030269622802734,6.958007335662842
0.42822265625,-0.5120849609375,0.0396728515625,1.9531248807907104,22.705076217651367,31.555173873901367
0.491455078125,-0.62255859375,0.2034912109375,7.263183116912842,-17.76123046875,8.85009765625
0.5517578125,-0.8382568359375,0.2528076171875,13.732909202575684,-40.0390625,-30.578611373901367
0.48779296875,-0.9268798828125,0.1292724609375,9.033203125,-24.414060592651367,-43.640132904052734
0.3880615234375,-0.8916015625,0.031982421875,-8.72802734375,10.253905296325684,-42.053218841552734
0.3409423828125,-0.8192138671875,0.1033935546875,-25.024412155151367,25.390623092651367,-34.7900390625
0.339599609375,-0.783935546875,0.2529296875,-25.756834030151367,9.09423828125,-24.108884811401367
0.2794189453125,-0.880859375,0.351318359375,-13.916014671325684,-14.892577171325684,-21.118162155151367
0.19873046875,-1.0076904296875,0.3671875,-3.906249761581421,-14.709471702575684,-17.578125
0.2958984375,-1.0770263671875,0.343505859375,3.845214605331421,1.5869139432907104,-6.713866710662842
0.5015869140625,-1.1046142578125,0.322998046875,14.648436546325684,9.521484375,6.469726085662842
0.6107177734375,-1.0572509765625,0.3021240234375,25.390623092651367,4.2724609375,23.437498092651367
0.6068115234375,-1.03076171875,0.2322998046875,30.944822311401367,-0.9765624403953552,34.66796875
0.5413818359375,-1.01513671875,0.066162109375,25.024412155151367,20.01953125,28.869626998901367
0.45849609375,-0.9149169921875,-0.1290283203125,9.21630859375,54.748531341552734,23.986814498901367
0.439697265625,-0.7828369140625,-0.2193603515625,-2.38037109375,51.208492279052734,33.63037109375
0.5047607421875,-0.6937255859375,-0.1148681640625,3.601073980331421,-15.624999046325684,38.75732421875
0.5889892578125,-0.6480712890625,0.150634765625,23.193357467651367,-104.85839080810547,34.912109375
0.61083984375,-0.6396484375,0.3570556640625,24.230955123901367,-120.23925018310547,21.423337936401367
0.516845703125,-0.7315673828125,0.3634033203125,-8.60595703125,-42.785640716552734,-14.648436546325684
0.23779296875,-1.0218505859375,0.304931640625,-46.203609466552734,40.405269622802734,-60.302730560302734
-0.00390625,-1.187255859375,0.1661376953125,-63.232418060302734,81.78710174560547,-61.584468841552734
0.0206298828125,-1.110107421875,0.0321044921875,-46.630855560302734,66.10107421875,-11.657713890075684
0.197998046875,-1.0184326171875,0.085205078125,-4.8828125,4.69970703125,34.5458984375
0.3880615234375,-0.974853515625,0.262451171875,28.808591842651367,-45.104976654052734,52.124019622802734
0.4273681640625,-0.9990234375,0.396728515625,32.65380859375,-42.419429779052734,49.194332122802734
0.4556884765625,-1.0142822265625,0.3895263671875,14.587401390075684,2.44140625,31.127927780151367
0.60009765625,-0.9798583984375,0.3226318359375,1.2817381620407104,36.92626953125,-2.0751953125
0.6605224609375,-0.841796875,0.21044921875,-0.7934569716453552,44.433589935302734,-22.888181686401367
0.5943603515625,-0.6934814453125,0.12744140625,-7.507323741912842,48.339839935302734,-21.911619186401367
0.4974365234375,-0.679443359375,0.1773681640625,-19.1650390625,48.828121185302734,-21.301267623901367
0.396240234375,-0.7965087890625,0.2135009765625,-24.719236373901367,44.616695404052734,-21.911619186401367
0.2855224609375,-0.9119873046875,0.106689453125,-26.123044967651367,54.565425872802734,-19.6533203125
0.2464599609375,-0.9091796875,0.0078125,-25.146482467651367,58.776851654052734,-19.775390625
0.3221435546875,-0.8564453125,0.06640625,-15.258788108825684,18.49365234375,-26.245115280151367
0.4007568359375,-0.8292236328125,0.2264404296875,-3.601073980331421,-35.46142578125,-32.77587890625
0.384033203125,-0.842529296875,0.3551025390625,-2.868652105331421,-47.180171966552734,-35.70556640625
0.2733154296875,-0.920654296875,0.3663330078125,-7.751464366912842,-21.118162155151367,-34.912109375
0.2747802734375,-1.009033203125,0.3299560546875,-5.0048828125,6.225585460662842,-23.864744186401367
0.4705810546875,-1.0426025390625,0.2679443359375,6.347655773162842,16.78466796875,-10.559081077575684
0.62353515625,-1.029296875,0.138916015625,13.610838890075684,20.629880905151367,11.230467796325684
0.678466796875,-1.0390625,0.05712890625,15.869139671325684,10.009765625,41.870113372802734
0.6673583984375,-1.03759765625,0.03369140625,22.216794967651367,-22.033689498901367,51.818843841552734
0.55419921875,-0.8948974609375,-0.01708984375,27.709959030151367,-43.640132904052734,44.616695404052734
0.451416015625,-0.7257080078125,-0.036376953125,26.184080123901367,-46.752925872802734,34.66796875
0.435302734375,-0.6656494140625,0.0323486328125,19.59228515625,-48.828121185302734,15.197752952575684
0.443603515625,-0.665283203125,0.123291015625,8.9111328125,-49.011226654052734,-4.21142578125
0.4365234375,-0.712646484375,0.1494140625,-4.45556640625,-38.330078125,-15.502928733825684
0.395751953125,-0.862060546875,0.1331787109375,-15.686034202575684,-20.935056686401367,-29.785154342651367
0.2646484375,-1.034912109375,0.154296875,-20.202634811401367,-13.183592796325684,-41.259761810302734
0.2216796875,-1.0648193359375,0.162353515625,-13.793944358825684,-19.287109375,-35.0341796875
0.275146484375,-1.008056640625,0.1390380859375,-2.624511480331421,-20.446775436401367,-7.873534679412842
0.2978515625,-0.948486328125,0.1300048828125,4.39453125,-11.291502952575684,36.07177734375
0.3970947265625,-0.9564208984375,0.12353515625,5.126952648162842,-1.8920897245407104,56.823726654052734
0.42333984375,-1.1319580078125,0.1175537109375,4.45556640625,-0.54931640625,33.69140625
0.39111328125,-1.2376708984375,0.1175537109375,12.695311546325684,-15.563963890075684,15.136717796325684
0.59765625,-0.8931884765625,0.1558837890625,32.8369140625,-44.860836029052734,8.36181640625
0.5286865234375,-0.62890625,0.1636962890625,24.597166061401367,-32.1044921875,18.9208984375
0.482177734375,-0.5517578125,0.2017822265625,8.72802734375,-9.27734375,22.583005905151367
0.518310546875,-0.6815185546875,0.21337890625,-3.967284917831421,11.779784202575684,1.0986328125
0.531494140625,-0.8338623046875,0.1517333984375,-8.9111328125,24.475095748901367,-19.4091796875
0.4671630859375,-0.88720703125,0.07958984375,-8.7890625,24.230955123901367,-23.620603561401367
0.36962890625,-0.863037109375,0.05810546875,-6.530761241912842,11.047362327575684,-27.832029342651367
0.31689453125,-0.836669921875,0.1241455078125,-0.9155272841453552,-15.563963890075684,-38.0859375
0.3048095703125,-0.864501953125,0.233642578125,7.812499523162842,-43.884273529052734,-40.893550872802734
0.2034912109375,-0.9932861328125,0.29052734375,15.136717796325684,-55.725093841552734,-24.414060592651367
0.1671142578125,-1.0810546875,0.2879638671875,18.24951171875,-44.433589935302734,12.390135765075684
0.3812255859375,-1.08154296875,0.2606201171875,17.4560546875,-12.268065452575684,27.404783248901367
0.60302734375,-1.078857421875,0.2130126953125,16.78466796875,15.258788108825684,13.488768577575684
0.6737060546875,-1.0689697265625,0.166259765625,22.644041061401367,9.09423828125,11.962889671325684
0.627685546875,-1.0233154296875,0.083984375,30.700681686401367,-9.70458984375,19.04296875
0.5322265625,-0.892822265625,-0.0618896484375,32.16552734375,-11.108397483825684,22.644041061401367
0.4749755859375,-0.7606201171875,-0.1845703125,28.686521530151367,-8.1787109375,18.1884765625
0.4798583984375,-0.691650390625,-0.21337890625,25.939939498901367,-20.690916061401367,7.690429210662842
0.520263671875,-0.668701171875,-0.1204833984375,30.578611373901367,-57.495113372802734,2.868652105331421
0.5546875,-0.6815185546875,0.0577392578125,39.55078125,-101.98973846435547,0.7324218153953552
0.5537109375,-0.7376708984375,0.204833984375,29.235837936401367,-99.36522674560547,-11.474608421325684
0.46435546875,-0.839111328125,0.2860107421875,-3.845214605331421,-42.968746185302734,-28.320310592651367
0.228759765625,-1.0093994140625,0.2978515625,-27.587888717651367,2.01416015625,-37.4755859375
0.1197509765625,-1.0902099609375,0.18701171875,-26.672361373901367,7.324218273162842,-32.04345703125
0.2432861328125,-1.0074462890625,0.1005859375,-9.94873046875,-6.530761241912842,-8.11767578125
0.43408203125,-0.9403076171875,0.12158203125,7.751464366912842,-15.014647483825684,23.986814498901367
0.5137939453125,-1.0634765625,0.125244140625,10.803221702575684,-4.8828125,32.5927734375
0.5274658203125,-1.156494140625,0.0762939453125,6.042479991912842,-5.859374523162842,11.901854515075684
0.70947265625,-1.005615234375,0.031494140625,11.474608421325684,-26.794431686401367,0.0
0.822998046875,-0.742919921875,0.05224609375,22.705076217651367,-35.888671875,12.084959983825684
0.7059326171875,-0.494873046875,0.1422119140625,23.498533248901367,-32.5927734375,26.855466842651367
0.51220703125,-0.5509033203125,0.2314453125,11.962889671325684,-18.1884765625,18.4326171875
0.4195556640625,-0.7977294921875,0.2459716796875,-1.03759765625,10.437010765075684,8.6669921875
0.45068359375,-0.9290771484375,0.178466796875,-0.9155272841453552,20.690916061401367,4.21142578125
0.476806640625,-0.9219970703125,0.1097412109375,7.446288585662842,3.417968511581421,-16.17431640625
0.4620361328125,-0.845703125,0.1251220703125,13.488768577575684,-18.1884765625,-29.602048873901367
0.4302978515625,-0.802001953125,0.1788330078125,20.263669967651367,-35.2783203125,-21.667478561401367
0.386474609375,-0.8228759765625,0.2149658203125,28.015134811401367,-46.874996185302734,-3.295898199081421
0.3323974609375,-0.8787841796875,0.2537841796875,33.99658203125,-57.067867279052734,15.686034202575684
0.281494140625,-0.9407958984375,0.2890625,33.8134765625,-58.410640716552734,30.578611373901367
0.3079833984375,-1.0528564453125,0.2896728515625,27.526853561401367,-45.227046966552734,33.8134765625
0.4188232421875,-1.1383056640625,0.2645263671875,20.324705123901367,-24.353025436401367,28.076169967651367
0.5484619140625,-1.0921630859375,0.28125,19.10400390625,-16.11328125,25.512693405151367
0.6710205078125,-1.007080078125,0.304443359375,22.399900436401367,-22.094724655151367,17.15087890625
0.699462890625,-0.946044921875,0.1845703125,15.686034202575684,-4.5166015625,1.7700194120407104
0.616455078125,-0.849609375,-0.0389404296875,-2.624511480331421,33.38623046875,5.554198741912842
0.524658203125,-0.716796875,-0.177734375,-10.131834983825684,34.5458984375,22.949216842651367
0.4833984375,-0.6163330078125,-0.1199951171875,6.164550304412842,-16.357421875,28.564451217651367
0.5107421875,-0.6064453125,0.0845947265625,26.733396530151367,-68.78662109375,14.465331077575684
0.556396484375,-0.673828125,0.2987060546875,24.414060592651367,-73.42529296875,-12.268065452575684
0.4049072265625,-0.8792724609375,0.4124755859375,0.3662109076976776,-36.62109375,-27.770994186401367
0.1627197265625,-0.998291015625,0.3841552734375,-18.24951171875,-5.981444835662842,-13.671874046325684
0.1348876953125,-0.9473876953125,0.2801513671875,-23.254392623901367,5.798339366912842,-2.929687261581421
0.206787109375,-0.9306640625,0.1837158203125,-24.047849655151367,18.49365234375,-5.249022960662842
0.294921875,-0.91650390625,0.1363525390625,-16.78466796875,23.010251998901367,15.869139671325684
0.392822265625,-0.9881591796875,0.1322021484375,-5.737304210662842,18.06640625,37.90283203125
0.3868408203125,-1.1033935546875,0.1785888671875,0.9765624403953552,8.30078125,28.930662155151367
0.445068359375,-1.088623046875,0.28271484375,8.1787109375,-8.6669921875,9.94873046875
0.6768798828125,-0.97509765625,0.3642578125,11.718749046325684,-3.906249761581421,-10.192870140075684
0.782470703125,-0.807373046875,0.3499755859375,3.234863042831421,28.198240280151367,-33.14208984375
0.5631103515625,-0.5567626953125,0.2454833984375,-20.568845748901367,56.579586029052734,-40.0390625
0.5150146484375,-0.66259765625,0.2113037109375,-28.015134811401367,56.213375091552734,-45.288082122802734
0.503173828125,-0.8194580078125,0.1527099609375,-33.14208984375,59.631343841552734,-44.616695404052734
0.5096435546875,-0.8614501953125,0.110595703125,-30.151365280151367,55.969234466552734,-30.273435592651367
0.520751953125,-0.7967529296875,0.114990234375,-16.845703125,32.5927734375,-16.6015625
0.5247802734375,-0.7344970703125,0.149658203125,-5.126952648162842,7.629394054412842,-14.160155296325684
0.515625,-0.7152099609375,0.20458984375,0.4882812201976776,-6.469726085662842,-17.822265625
0.4373779296875,-0.7930908203125,0.267578125,6.774901866912842,-23.193357467651367,-21.667478561401367
0.296875,-0.9447021484375,0.3377685546875,13.793944358825684,-38.14697265625,-13.366698265075684
0.369140625,-1.044921875,0.4234619140625,15.258788108825684,-33.02001953125,10.131834983825684
0.6466064453125,-1.08447265625,0.4539794921875,8.30078125,-2.197265625,17.15087890625
0.807861328125,-1.062744140625,0.410888671875,1.4648436307907104,21.484373092651367,11.108397483825684
0.7491455078125,-0.930908203125,0.303955078125,-5.615233898162842,30.517576217651367,12.512206077575684
0.583740234375,-0.7567138671875,0.1534423828125,-20.385740280151367,53.039546966552734,17.76123046875
0.5010986328125,-0.663330078125,0.050048828125,-32.89794921875,77.45361328125,20.812986373901367
0.5411376953125,-0.632568359375,0.0950927734375,-33.50830078125,77.1484375,17.08984375
0.6328125,-0.6192626953125,0.2955322265625,-27.160642623901367,55.114742279052734,11.779784202575684
0.66357421875,-0.6358642578125,0.4266357421875,-25.024412155151367,40.405269622802734,-9.58251953125
0.548583984375,-0.76953125,0.315185546875,-28.747556686401367,41.687007904052734,-51.025386810302734
0.3272705078125,-0.9337158203125,0.0867919921875,-34.423828125,47.912593841552734,-65.49072265625
0.285888671875,-0.908935546875,0.010498046875,-35.33935546875,42.907711029052734,-36.92626953125
0.3544921875,-0.86767578125,0.1138916015625,-25.939939498901367,20.629880905151367,-8.97216796875
0.3399658203125,-0.9228515625,0.2120361328125,-13.854979515075684,2.990722417831421,13.061522483825684
0.388427734375,-0.9644775390625,0.2313232421875,-8.36181640625,6.408690929412842,37.841796875
0.431396484375,-1.0245361328125,0.271728515625,-5.0048828125,11.962889671325684,42.175289154052734
0.419189453125,-1.0592041015625,0.3780517578125,5.371093273162842,-0.9765624403953552,32.958984375
0.5372314453125,-0.9971923828125,0.43994140625,10.498045921325684,-2.990722417831421,20.507810592651367
0.7220458984375,-0.848876953125,0.411865234375,-1.4648436307907104,25.207517623901367,-2.50244140625
0.744384765625,-0.6669921875,0.33935546875,-17.63916015625,51.635738372802734,-19.59228515625
0.640869140625,-0.583740234375,0.2867431640625,-27.160642623901367,54.870601654052734,-24.963376998901367
0.500732421875,-0.6876220703125,0.24267578125,-35.15625,52.062984466552734,-27.160642623901367
0.405517578125,-0.8114013671875,0.18994140625,-43.395992279052734,59.814449310302734,-14.892577171325684
0.410400390625,-0.8253173828125,0.1807861328125,-42.175289154052734,60.302730560302734,-5.310058116912842
0.4342041015625,-0.7935791015625,0.19873046875,-30.212400436401367,41.931148529052734,-16.4794921875
0.43896484375,-0.777099609375,0.18115234375,-21.118162155151367,29.113767623901367,-28.747556686401367
0.450927734375,-0.79052734375,0.1630859375,-17.63916015625,30.273435592651367,-31.799314498901367
0.45068359375,-0.7911376953125,0.211181640625,-10.559081077575684,22.827146530151367,-27.587888717651367
0.423095703125,-0.7955322265625,0.266845703125,2.25830078125,1.9531248807907104,-23.559568405151367
0.41552734375,-0.9188232421875,0.2510986328125,14.526366233825684,-12.145995140075684,-26.489255905151367
0.470703125,-1.138916015625,0.2288818359375,22.094724655151367,-13.793944358825684,-20.202634811401367
0.5869140625,-1.1932373046875,0.278564453125,27.160642623901367,-21.606443405151367,18.49365234375
0.700439453125,-1.0648193359375,0.364013671875,34.1796875,-41.931148529052734,63.781734466552734
0.7164306640625,-0.92138671875,0.3602294921875,33.8134765625,-42.663570404052734,69.82421875
0.6129150390625,-0.778076171875,0.1982421875,14.953612327575684,-2.624511480331421,44.372554779052734
0.4866943359375,-0.6640625,0.0498046875,-4.94384765625,33.8134765625,23.498533248901367
0.4503173828125,-0.616943359375,0.101318359375,-5.493163585662842,23.498533248901367,10.681151390075684
0.492431640625,-0.6085205078125,0.2982177734375,-0.1220703050494194,-1.2817381620407104,-4.82177734375
0.5323486328125,-0.6171875,0.4361572265625,-10.131834983825684,8.85009765625,-23.498533248901367
0.4190673828125,-0.8162841796875,0.3941650390625,-31.066892623901367,47.668453216552734,-47.119136810302734
0.3011474609375,-0.9766845703125,0.258544921875,-40.710445404052734,71.044921875,-49.804683685302734
0.319091796875,-0.843505859375,0.238037109375,-15.624999046325684,36.68212890625,1.6479490995407104
0.3287353515625,-0.7950439453125,0.330810546875,-9.58251953125,25.329587936401367,15.136717796325684
0.4371337890625,-0.78076171875,0.3863525390625,-15.930174827575684,37.7197265625,12.207030296325684
0.4620361328125,-0.849853515625,0.38330078125,-28.686521530151367,60.791011810302734,-10.375975608825684
0.39599609375,-0.8792724609375,0.31103515625,-41.442867279052734,78.0029296875,-31.188962936401367
0.4796142578125,-0.8040771484375,0.264404296875,-44.799800872802734,80.26123046875,-31.616209030151367
0.7379150390625,-0.81396484375,0.3564453125,-31.799314498901367,68.2373046875,-41.564937591552734
0.9263916015625,-0.866943359375,0.5184326171875,-12.695311546325684,49.865718841552734,-67.138671875
0.91748046875,-0.771240234375,0.57568359375,-13.671874046325684,51.452632904052734,-64.208984375
0.8065185546875,-0.61962890625,0.50439453125,-49.133296966552734,101.74559783935547,-38.9404296875
0.740478515625,-0.5859375,0.4427490234375,-89.59960174560547,155.8837890625,-35.58349609375
0.7403564453125,-0.6400146484375,0.4324951171875,-104.12596893310547,158.50830078125,-46.447750091552734
0.72900390625,-0.6693115234375,0.4244384765625,-103.14940643310547,138.12255859375,-42.358394622802734
0.6778564453125,-0.641357421875,0.392333984375,-102.60009002685547,131.53076171875,-30.395505905151367
0.62646484375,-0.589111328125,0.3558349609375,-100.95214080810547,130.92041015625,-23.742673873901367
0.6116943359375,-0.5657958984375,0.3463134765625,-93.74999237060547,122.98583221435547,-24.963376998901367
0.6146240234375,-0.598876953125,0.357421875,-83.98436737060547,110.41259002685547,-35.0341796875
0.6104736328125,-0.669189453125,0.370849609375,-75.8056640625,100.52489471435547,-45.959468841552734
0.5904541015625,-0.71484375,0.387939453125,-68.84765625,92.95653533935547,-45.288082122802734
0.556396484375,-0.8607177734375,0.4246826171875,-57.861324310302734,77.1484375,-36.07177734375
0.5433349609375,-1.0458984375,0.4390869140625,-49.011226654052734,66.650390625,-20.629880905151367
0.582763671875,-1.01708984375,0.359619140625,-55.297847747802734,94.97069549560547,0.6713866591453552
0.643310546875,-0.8912353515625,0.24658203125,-71.8994140625,141.357421875,6.652831554412842
0.69580078125,-0.8125,0.193359375,-84.22850799560547,167.60252380371094,-4.21142578125
0.699951171875,-0.703369140625,0.2064208984375,-84.28954315185547,168.94529724121094,-6.164550304412842
0.6524658203125,-0.5701904296875,0.250732421875,-72.08251953125,146.30126953125,2.868652105331421
0.6141357421875,-0.5438232421875,0.266357421875,-55.419918060302734,112.79296112060547,-3.173827886581421
0.6051025390625,-0.6558837890625,0.23193359375,-48.034664154052734,90.94237518310547,-30.273435592651367
0.599609375,-0.814697265625,0.1678466796875,-52.551265716552734,85.81542205810547,-57.006832122802734
0.55517578125,-0.905517578125,0.097900390625,-64.697265625,90.75926971435547,-63.537593841552734
0.470703125,-0.898193359375,0.0223388671875,-82.88573455810547,106.93358612060547,-46.691890716552734
0.3760986328125,-0.85302734375,-0.0552978515625,-94.36034393310547,121.09374237060547,-28.442380905151367
0.2803955078125,-0.9256591796875,-0.0382080078125,-79.28466796875,92.89550018310547,-28.869626998901367
0.24609375,-1.0341796875,0.1468505859375,-40.832515716552734,23.132322311401367,-21.179197311401367
0.3380126953125,-1.0909423828125,0.36279296875,-1.9531248807907104,-24.536130905151367,14.709471702575684
0.556396484375,-1.1031494140625,0.3612060546875,24.719236373901367,-19.8974609375,52.185054779052734
0.777099609375,-1.0948486328125,0.2459716796875,47.607418060302734,-20.751951217651367,70.80078125
0.718994140625,-0.995849609375,0.2657470703125,53.588863372802734,-38.87939453125,61.523433685302734
0.4688720703125,-0.6614990234375,0.26806640625,12.878417015075684,22.338865280151367,10.192870140075684
0.3948974609375,-0.4415283203125,0.184326171875,-42.480464935302734,132.6904296875,-61.950679779052734
0.5126953125,-0.563720703125,0.1259765625,-56.091304779052734,153.38134765625,-85.08300018310547
0.6219482421875,-0.7972412109375,0.056884765625,-29.602048873901367,87.82958221435547,-45.471187591552734
0.6312255859375,-0.9212646484375,-0.0218505859375,-3.906249761581421,28.259275436401367,-2.38037109375
0.571044921875,-0.88330078125,0.0020751953125,3.356933355331421,0.4882812201976776,8.1787109375
0.497314453125,-0.7781982421875,0.1436767578125,3.601073980331421,-17.63916015625,-0.1220703050494194
0.415771484375,-0.75390625,0.2579345703125,6.530761241912842,-31.188962936401367,-10.375975608825684
0.3050537109375,-0.859375,0.268798828125,14.648436546325684,-40.771480560302734,-15.319823265075684
0.262939453125,-0.9515380859375,0.24658203125,23.559568405151367,-50.292964935302734,-3.051757574081421
0.3353271484375,-0.984619140625,0.247802734375,27.648923873901367,-54.565425872802734,14.892577171325684
0.4560546875,-1.046630859375,0.26904296875,28.564451217651367,-51.818843841552734,26.550291061401367
0.5594482421875,-1.0875244140625,0.31005859375,31.372068405151367,-49.255367279052734,36.1328125
0.6219482421875,-1.0771484375,0.339599609375,35.7666015625,-49.377437591552734,46.447750091552734
0.6671142578125,-1.07373046875,0.259521484375,35.09521484375,-39.0625,46.447750091552734
0.6082763671875,-0.9906005859375,0.0413818359375,25.390623092651367,-11.169432640075684,38.14697265625
0.4569091796875,-0.787109375,-0.1578369140625,15.014647483825684,3.112792730331421,42.724605560302734
0.377685546875,-0.664794921875,-0.1981201171875,13.244627952575684,-20.935056686401367,42.114253997802734
0.3924560546875,-0.69140625,-0.08251953125,18.00537109375,-62.744136810302734,19.34814453125
0.397705078125,-0.744873046875,0.1124267578125,21.484373092651367,-92.65135955810547,2.990722417831421
0.364501953125,-0.7928466796875,0.3094482421875,18.00537109375,-95.21483612060547,8.11767578125
0.259765625,-0.903076171875,0.4228515625,6.286620616912842,-64.94140625,17.15087890625
0.1378173828125,-0.9852294921875,0.3680419921875,-5.432128429412842,-20.446775436401367,18.85986328125
0.1156005859375,-0.986083984375,0.2445068359375,-7.751464366912842,4.69970703125,11.474608421325684
0.1142578125,-0.9581298828125,0.190185546875,-6.042479991912842,12.207030296325684,14.709471702575684
0.0994873046875,-0.9117431640625,0.19091796875,-3.540038824081421,15.563963890075684,42.114253997802734
0.1419677734375,-1.0162353515625,0.2193603515625,4.45556640625,7.324218273162842,48.278804779052734
0.197509765625,-1.201904296875,0.2354736328125,9.521484375,2.3193359375,13.305663108825684
0.3514404296875,-1.2542724609375,0.21337890625,8.48388671875,10.986327171325684,-23.742673873901367
0.57080078125,-1.130859375,0.1856689453125,14.587401390075684,5.187987804412842,-48.583980560302734
0.58837890625,-0.80810546875,0.140869140625,19.4091796875,-6.103515148162842,-44.311519622802734
0.4775390625,-0.530517578125,0.0946044921875,8.48388671875,6.225585460662842,-13.366698265075684
0.46240234375,-0.5789794921875,0.121337890625,-7.446288585662842,22.521970748901367,-7.568358898162842
0.527099609375,-0.8331298828125,0.1915283203125,-11.352538108825684,17.02880859375,-28.320310592651367
0.5233154296875,-0.9849853515625,0.2012939453125,-3.234863042831421,-1.6479490995407104,-37.2314453125
0.423095703125,-0.9500732421875,0.141357421875,1.8920897245407104,-11.840819358825684,-31.066892623901367
0.32763671875,-0.85986328125,0.1087646484375,1.4648436307907104,-19.1650390625,-24.475095748901367
0.3077392578125,-0.8092041015625,0.16357421875,4.69970703125,-37.353515625,-18.9208984375
0.33642578125,-0.8101806640625,0.2686767578125,11.657713890075684,-56.274410247802734,-10.742186546325684
0.325439453125,-0.87548828125,0.34228515625,17.08984375,-59.692378997802734,-0.8544921278953552
0.2891845703125,-1.0003662109375,0.329833984375,20.690916061401367,-47.058101654052734,11.901854515075684
0.3924560546875,-1.1090087890625,0.278564453125,23.315427780151367,-30.029294967651367,25.634763717651367
0.5697021484375,-1.1209716796875,0.2637939453125,23.986814498901367,-20.935056686401367,31.921384811401367
0.6466064453125,-1.0880126953125,0.2823486328125,24.841306686401367,-27.038572311401367,33.75244140625
0.615234375,-1.01513671875,0.217041015625,20.385740280151367,-24.597166061401367,27.709959030151367
0.50537109375,-0.8404541015625,0.049072265625,7.446288585662842,0.1831054538488388,23.681638717651367
0.4520263671875,-0.7066650390625,-0.08837890625,-1.2817381620407104,12.207030296325684,28.686521530151367
0.5010986328125,-0.6998291015625,-0.0975341796875,4.94384765625,-14.465331077575684,21.179197311401367
0.5322265625,-0.730224609375,0.0423583984375,16.54052734375,-56.945796966552734,7.324218273162842
0.4378662109375,-0.796875,0.2647705078125,12.634276390075684,-67.2607421875,0.7324218153953552
0.232666015625,-0.87890625,0.3994140625,-6.591796398162842,-36.56005859375,2.25830078125
0.180419921875,-0.8721923828125,0.31640625,-21.728513717651367,-0.1831054538488388,5.065917491912842
0.265625,-0.8594970703125,0.161376953125,-28.015134811401367,21.789548873901367,-6.958007335662842
0.2301025390625,-0.922607421875,0.1239013671875,-30.578611373901367,30.944822311401367,-15.014647483825684
0.1729736328125,-0.9334716796875,0.1817626953125,-24.414060592651367,27.709959030151367,0.30517578125
0.2744140625,-0.9246826171875,0.2474365234375,-6.591796398162842,17.76123046875,21.118162155151367
0.3363037109375,-1.079345703125,0.268798828125,2.990722417831421,26.123044967651367,26.062009811401367
0.249755859375,-1.2117919921875,0.235107421875,-6.103515148162842,47.241207122802734,12.573241233825684
0.3319091796875,-1.1041259765625,0.2490234375,-8.7890625,41.198726654052734,-6.347655773162842
0.611572265625,-0.919189453125,0.32177734375,5.554198741912842,28.259275436401367,-11.779784202575684
0.736083984375,-0.7501220703125,0.3155517578125,14.770506858825684,36.7431640625,-14.160155296325684
0.662841796875,-0.6136474609375,0.2728271484375,-0.1831054538488388,56.457515716552734,-32.3486328125
0.6129150390625,-0.6070556640625,0.2923583984375,-31.860349655151367,83.25194549560547,-56.579586029052734
0.569580078125,-0.747314453125,0.28515625,-53.588863372802734,106.01805877685547,-71.59423828125
0.36474609375,-0.92431640625,0.0687255859375,-25.878904342651367,78.2470703125,-29.418943405151367
0.4464111328125,-0.7801513671875,0.080810546875,-8.544921875,40.527339935302734,-5.798339366912842
0.5264892578125,-0.73681640625,0.15771484375,-6.958007335662842,20.629880905151367,-13.366698265075684
0.4927978515625,-0.8248291015625,0.2152099609375,-7.446288585662842,9.94873046875,-28.991697311401367
0.3624267578125,-0.9359130859375,0.247314453125,-2.685546636581421,-5.859374523162842,-25.939939498901367
0.2880859375,-0.973388671875,0.2843017578125,-0.4272460639476776,-13.854979515075684,-3.112792730331421
0.4010009765625,-0.9847412109375,0.340576171875,-0.7324218153953552,-11.596678733825684,14.770506858825684
0.5279541015625,-0.9915771484375,0.402587890625,2.563476324081421,-12.573241233825684,21.179197311401367
0.5321044921875,-0.9632568359375,0.4368896484375,9.82666015625,-17.88330078125,28.259275436401367
0.582275390625,-0.9718017578125,0.37841796875,8.9111328125,-3.173827886581421,22.033689498901367
0.6439208984375,-1.00048828125,0.1754150390625,-7.751464366912842,43.701168060302734,-1.220703125
0.561279296875,-0.8834228515625,-0.0635986328125,-24.658201217651367,80.62743377685547,3.723144292831421
0.4539794921875,-0.70166015625,-0.1463623046875,-24.230955123901367,62.683101654052734,30.883787155151367
0.4991455078125,-0.6390380859375,0.0545654296875,-7.690429210662842,2.01416015625,29.968259811401367
0.5728759765625,-0.637451171875,0.33984375,5.737304210662842,-41.442867279052734,8.544921875
0.421142578125,-0.7530517578125,0.4122314453125,3.356933355331421,-31.555173873901367,-19.775390625
0.153564453125,-0.95166015625,0.2569580078125,-7.141112804412842,-6.103515148162842,-45.898433685302734
0.14111328125,-0.98876953125,0.047607421875,-17.51708984375,-6.652831554412842,-36.19384765625
0.3001708984375,-0.9449462890625,0.0452880859375,-17.39501953125,-35.70556640625,-2.685546636581421
0.324951171875,-0.92041015625,0.2200927734375,-7.446288585662842,-60.485836029052734,27.954099655151367
0.3070068359375,-0.888671875,0.310302734375,-0.9155272841453552,-37.17041015625,47.119136810302734
0.31982421875,-0.990234375,0.320068359375,-0.8544921278953552,23.010251998901367,42.602535247802734
0.3084716796875,-1.13818359375,0.3238525390625,-2.38037109375,60.607906341552734,24.902341842651367
0.39208984375,-1.114013671875,0.3175048828125,-0.2441406100988388,51.086421966552734,13.549803733825684
0.625,-0.9927978515625,0.3232421875,0.9155272841453552,41.809078216552734,-5.310058116912842
0.7646484375,-0.83642578125,0.300048828125,-5.859374523162842,59.936519622802734,-43.884273529052734
0.6993408203125,-0.67919921875,0.239013671875,-19.22607421875,80.99364471435547,-65.97900390625
0.5565185546875,-0.6527099609375,0.1654052734375,-30.700681686401367,88.19579315185547,-55.786128997802734
0.4453125,-0.7569580078125,0.1026611328125,-31.799314498901367,81.42089080810547,-32.1044921875
0.4674072265625,-0.908447265625,-0.00048828125,-5.371093273162842,33.75244140625,-10.498045921325684
0.4637451171875,-0.83935546875,0.0347900390625,1.3427733182907104,-1.15966796875,-8.23974609375
0.4302978515625,-0.76220703125,0.1846923828125,-1.8310545682907104,-31.372068405151367,-10.498045921325684
0.3680419921875,-0.7784423828125,0.3447265625,-8.48388671875,-44.799800872802734,-29.174802780151367
0.2838134765625,-0.837646484375,0.3876953125,-13.061522483825684,-35.7666015625,-41.809078216552734
0.2567138671875,-0.9149169921875,0.3099365234375,-8.85009765625,-15.136717796325684,-27.404783248901367
0.422607421875,-1.0272216796875,0.25390625,4.2724609375,0.6713866591453552,-2.990722417831421
0.641357421875,-1.0697021484375,0.291259765625,19.83642578125,-3.051757574081421,18.12744140625
0.686767578125,-1.045654296875,0.3505859375,34.7900390625,-28.747556686401367,42.907711029052734
0.5947265625,-0.9813232421875,0.1416015625,26.306150436401367,-9.33837890625,33.99658203125
0.484130859375,-0.837890625,-0.093994140625,-0.1220703050494194,41.503902435302734,14.282225608825684
0.4237060546875,-0.706787109375,-0.1868896484375,-10.559081077575684,43.212886810302734,11.169432640075684
0.4559326171875,-0.657470703125,-0.0804443359375,-0.7934569716453552,-9.8876953125,11.474608421325684
0.5439453125,-0.6754150390625,0.1568603515625,12.207030296325684,-69.2138671875,4.8828125
0.575439453125,-0.7109375,0.36767578125,9.46044921875,-80.74950408935547,-6.713866710662842
0.40234375,-0.856201171875,0.40234375,-15.624999046325684,-32.04345703125,-19.8974609375
0.2281494140625,-0.9923095703125,0.210693359375,-43.762203216552734,23.925779342651367,-21.606443405151367
0.2205810546875,-0.980224609375,-0.026123046875,-20.385740280151367,-3.967284917831421,27.282712936401367
0.2364501953125,-0.932373046875,0.109619140625,15.808104515075684,-47.790523529052734,69.64111328125
0.31298828125,-0.9693603515625,0.2589111328125,32.958984375,-55.480953216552734,71.1669921875
0.3255615234375,-1.111572265625,0.35205078125,28.259275436401367,-25.451658248901367,34.3017578125
0.355712890625,-1.0928955078125,0.3392333984375,14.770506858825684,11.474608421325684,6.042479991912842
0.546630859375,-0.9345703125,0.30322265625,3.540038824081421,44.189449310302734,-13.549803733825684
0.6912841796875,-0.7835693359375,0.2908935546875,-5.615233898162842,72.8759765625,-44.494625091552734
0.66162109375,-0.674560546875,0.254150390625,-16.7236328125,88.68407440185547,-66.89453125
0.551513671875,-0.729248046875,0.184814453125,-27.648923873901367,87.76854705810547,-65.97900390625
0.4425048828125,-0.8533935546875,0.1182861328125,-31.799314498901367,77.0263671875,-39.4287109375
0.4305419921875,-0.86572265625,0.1143798828125,-20.812986373901367,48.583980560302734,-10.314940452575684
0.4613037109375,-0.8133544921875,0.137451171875,-2.13623046875,10.192870140075684,-11.596678733825684
0.4326171875,-0.786865234375,0.1636962890625,1.8920897245407104,-8.11767578125,-23.193357467651367
0.3775634765625,-0.806884765625,0.2308349609375,-9.70458984375,-4.0283203125,-23.559568405151367
0.36669921875,-0.849365234375,0.2900390625,-20.202634811401367,7.446288585662842,-26.794431686401367
0.3775634765625,-0.892822265625,0.281005859375,-23.925779342651367,19.04296875,-37.65869140625
0.35205078125,-0.94482421875,0.2205810546875,-19.34814453125,20.812986373901367,-29.113767623901367
0.4473876953125,-0.9857177734375,0.2275390625,-3.173827886581421,7.263183116912842,0.3662109076976776
0.619873046875,-1.0008544921875,0.2977294921875,16.2353515625,-7.873534679412842,21.789548873901367
0.68408203125,-1.031494140625,0.3309326171875,30.334470748901367,-22.155759811401367,35.21728515625
0.6954345703125,-1.0648193359375,0.26220703125,31.433103561401367,-22.216794967651367,34.24072265625
0.6339111328125,-0.98291015625,0.069580078125,9.70458984375,15.441893577575684,18.6767578125
0.5335693359375,-0.785400390625,-0.1239013671875,-17.15087890625,50.537105560302734,16.9677734375
0.49560546875,-0.632568359375,-0.1590576171875,-15.686034202575684,24.475095748901367,21.362302780151367
0.521240234375,-0.6197509765625,0.0054931640625,9.765625,-44.799800872802734,11.047362327575684
0.5616455078125,-0.7020263671875,0.2303466796875,20.996091842651367,-81.35985565185547,-10.131834983825684
0.44091796875,-0.8707275390625,0.3271484375,1.7700194120407104,-51.635738372802734,-23.437498092651367
0.29296875,-0.9547119140625,0.2318115234375,-22.033689498901367,-10.070799827575684,-15.258788108825684
0.3321533203125,-0.9005126953125,0.0753173828125,-25.939939498901367,-5.737304210662842,-3.906249761581421
0.3460693359375,-0.880859375,0.0098876953125,-14.831542015075684,-23.071287155151367,11.779784202575684
0.2459716796875,-0.9066162109375,0.056396484375,0.2441406100988388,-37.90283203125,47.546382904052734
0.2159423828125,-0.929931640625,0.1419677734375,13.366698265075684,-44.250484466552734,77.33154296875
0.2716064453125,-1.0255126953125,0.2513427734375,20.507810592651367,-36.4990234375,69.2138671875
0.269775390625,-1.168701171875,0.3680419921875,23.071287155151367,-21.118162155151367,36.92626953125
0.311767578125,-1.125732421875,0.39453125,24.047849655151367,-12.084959983825684,18.24951171875
0.51904296875,-0.9520263671875,0.32421875,18.73779296875,12.084959983825684,1.4648436307907104
0.680419921875,-0.7791748046875,0.2257080078125,5.432128429412842,57.739253997802734,-35.94970703125
0.6568603515625,-0.635986328125,0.1722412109375,-9.8876953125,85.20507049560547,-66.95556640625
0.56787109375,-0.6556396484375,0.174560546875,-23.681638717651367,85.32714080810547,-70.98388671875
0.485595703125,-0.8026123046875,0.154296875,-33.26416015625,83.67919158935547,-50.170894622802734
0.47021484375,-0.908935546875,0.0989990234375,-29.724119186401367,76.47705078125,-25.451658248901367
0.4886474609375,-0.9110107421875,0.0380859375,-11.230467796325684,45.654293060302734,-22.583005905151367
0.458251953125,-0.8294677734375,0.030517578125,2.50244140625,8.72802734375,-23.559568405151367
0.385986328125,-0.8026123046875,0.164306640625,3.234863042831421,-21.606443405151367,-18.85986328125
0.28173828125,-0.83837890625,0.359619140625,-0.8544921278953552,-44.311519622802734,-13.610838890075684
0.217529296875,-0.8822021484375,0.436767578125,-8.48388671875,-34.912109375,-8.11767578125
0.2781982421875,-0.9217529296875,0.3560791015625,-14.648436546325684,6.896972179412842,-7.263183116912842
0.4593505859375,-0.9517822265625,0.26416015625,-10.498045921325684,35.82763671875,-5.981444835662842
0.6051025390625,-1.0311279296875,0.2652587890625,0.9765624403953552,28.625486373901367,-2.685546636581421
0.60009765625,-1.09716796875,0.2996826171875,10.253905296325684,6.713866710662842,8.9111328125
0.595703125,-1.08740234375,0.2825927734375,11.596678733825684,-1.7700194120407104,21.240232467651367
0.60791015625,-0.990234375,0.1673583984375,2.807616949081421,16.66259765625,21.301267623901367
0.47119140625,-0.686279296875,-0.0667724609375,-17.27294921875,47.485347747802734,29.724119186401367
0.5023193359375,-0.681640625,-0.035888671875,-10.864256858825684,18.98193359375,15.441893577575684
0.568359375,-0.695068359375,0.0950927734375,0.4882812201976776,-24.719236373901367,-4.82177734375
0.5794677734375,-0.69189453125,0.2354736328125,4.7607421875,-46.874996185302734,-18.85986328125
0.502685546875,-0.7449951171875,0.2578125,-7.995604991912842,-22.644041061401367,-35.21728515625
0.1427001953125,-1.017822265625,0.06396484375,-30.517576217651367,27.770994186401367,-30.151365280151367
0.2081298828125,-0.9757080078125,0.0712890625,-15.624999046325684,4.08935546875,-0.54931640625
0.24658203125,-0.9593505859375,0.173583984375,0.9765624403953552,-16.90673828125,26.489255905151367
0.33984375,-0.9171142578125,0.2384033203125,5.981444835662842,-13.854979515075684,50.048824310302734
0.4132080078125,-1.0286865234375,0.28955078125,1.6479490995407104,4.94384765625,36.2548828125
0.4122314453125,-1.11181640625,0.3162841796875,-9.09423828125,22.644041061401367,-1.0986328125
0.5947265625,-1.0076904296875,0.302734375,-14.587401390075684,40.588375091552734,-15.258788108825684
0.81005859375,-0.8831787109375,0.284423828125,-9.58251953125,53.771968841552734,-25.817869186401367
0.7469482421875,-0.7022705078125,0.2515869140625,-12.878417015075684,61.523433685302734,-42.297359466552734
0.589111328125,-0.5689697265625,0.2503662109375,-28.137205123901367,69.88525390625,-43.701168060302734
0.537353515625,-0.630126953125,0.2664794921875,-37.29248046875,69.82421875,-43.395992279052734
0.5533447265625,-0.799072265625,0.23974609375,-33.63037109375,62.438961029052734,-37.9638671875
0.5496826171875,-0.8883056640625,0.16845703125,-22.827146530151367,51.086421966552734,-23.620603561401367
0.5064697265625,-0.8428955078125,0.1171875,-16.05224609375,36.56005859375,-13.000487327575684
0.4698486328125,-0.775634765625,0.13623046875,-18.798828125,22.949216842651367,-12.023924827575684
0.45751953125,-0.7518310546875,0.2021484375,-22.644041061401367,10.437010765075684,-16.11328125
0.44580078125,-0.751708984375,0.2833251953125,-20.874021530151367,-2.197265625,-19.95849609375
0.4036865234375,-0.79638671875,0.3338623046875,-15.319823265075684,-11.169432640075684,-25.878904342651367
0.3656005859375,-0.9384765625,0.3253173828125,-7.019042491912842,-10.864256858825684,-24.963376998901367
0.4852294921875,-1.0736083984375,0.326416015625,3.295898199081421,-2.0751953125,-7.263183116912842
0.672607421875,-1.0904541015625,0.3282470703125,10.131834983825684,7.751464366912842,15.075682640075684
0.759521484375,-1.0587158203125,0.2880859375,8.48388671875,13.732909202575684,30.029294967651367
0.7025146484375,-0.935546875,0.201416015625,-1.5869139432907104,24.902341842651367,43.090816497802734
0.529296875,-0.712158203125,0.0849609375,-14.587401390075684,43.029781341552734,56.579586029052734
0.4521484375,-0.5977783203125,0.0146484375,-22.521970748901367,52.124019622802734,51.330562591552734
0.5501708984375,-0.6307373046875,0.031494140625,-23.376462936401367,40.893550872802734,21.789548873901367
0.6697998046875,-0.6881103515625,0.141845703125,-13.671874046325684,4.39453125,-0.9155272841453552
0.6572265625,-0.71630859375,0.2303466796875,0.9765624403953552,-32.77587890625,-12.451170921325684
0.4564208984375,-0.8599853515625,0.2208251953125,2.929687261581421,-34.72900390625,-32.71484375
0.1749267578125,-1.0618896484375,0.1568603515625,-6.347655773162842,-18.798828125,-38.87939453125
0.1414794921875,-0.985107421875,0.031982421875,-9.8876953125,-26.489255905151367,-3.540038824081421
0.290771484375,-0.8485107421875,0.0145263671875,-0.9155272841453552,-44.677730560302734,29.418943405151367
0.3433837890625,-0.8585205078125,0.1478271484375,11.413573265075684,-52.978511810302734,31.921384811401367
0.3370361328125,-0.9173583984375,0.2801513671875,13.732909202575684,-51.330562591552734,35.64453125
0.30517578125,-1.050537109375,0.3759765625,9.8876953125,-23.742673873901367,43.701168060302734
0.30322265625,-1.1363525390625,0.390625,14.465331077575684,9.09423828125,44.006343841552734
0.5198974609375,-1.06396484375,0.310302734375,23.559568405151367,23.803709030151367,23.742673873901367
0.801513671875,-0.9317626953125,0.229248046875,19.6533203125,55.847164154052734,-21.240232467651367
0.790771484375,-0.8001708984375,0.201171875,-2.0751953125,98.81591033935547,-56.945796966552734
0.5826416015625,-0.68115234375,0.176025390625,-27.160642623901367,114.50194549560547,-56.945796966552734
0.443603515625,-0.6771240234375,0.12109375,-37.41455078125,106.62841033935547,-39.306640625
0.423583984375,-0.775146484375,0.056884765625,-30.517576217651367,85.32714080810547,-26.855466842651367
0.4515380859375,-0.8544921875,0.02197265625,-13.916014671325684,49.926753997802734,-20.812986373901367
0.47412109375,-0.8511962890625,0.03125,2.13623046875,8.7890625,-18.85986328125
0.4561767578125,-0.7945556640625,0.2401123046875,13.732909202575684,-41.625972747802734,-12.512206077575684
0.3525390625,-0.7926025390625,0.2940673828125,13.244627952575684,-49.499507904052734,-8.23974609375
0.25341796875,-0.98388671875,0.2198486328125,-5.0048828125,-8.60595703125,-23.437498092651367
0.519775390625,-1.1080322265625,0.22607421875,-1.4648436307907104,6.958007335662842,-23.498533248901367
0.6214599609375,-1.1492919921875,0.2762451171875,18.6767578125,-14.892577171325684,13.793944358825684
0.550048828125,-1.11962890625,0.32177734375,42.663570404052734,-58.532711029052734,69.76318359375
0.5682373046875,-1.057373046875,0.2481689453125,49.560543060302734,-70.37353515625,77.63671875
0.61328125,-0.9949951171875,0.033935546875,32.1044921875,-30.883787155151367,39.306640625
0.6070556640625,-0.878173828125,-0.16552734375,7.690429210662842,9.3994140625,19.83642578125
0.5516357421875,-0.7000732421875,-0.1920166015625,2.01416015625,-10.681151390075684,31.066892623901367
0.4822998046875,-0.5604248046875,-0.0338134765625,17.333984375,-79.04052734375,35.58349609375
0.4608154296875,-0.67041015625,0.4154052734375,13.183592796325684,-91.30858612060547,-12.878417015075684
0.2764892578125,-0.9151611328125,0.4237060546875,-19.71435546875,-10.498045921325684,-27.770994186401367
0.1878662109375,-1.04248046875,0.16748046875,-39.6728515625,51.635738372802734,-19.287109375
0.2568359375,-1.0201416015625,-0.0350341796875,-25.329587936401367,40.10009765625,-4.82177734375
0.2120361328125,-1.0076904296875,0.0322265625,3.784179449081421,-19.83642578125,18.06640625
0.2420654296875,-1.034423828125,0.274658203125,24.169919967651367,-67.7490234375,60.180660247802734
0.2918701171875,-1.1397705078125,0.3682861328125,23.925779342651367,-53.405757904052734,35.15625
0.4561767578125,-1.09228515625,0.3607177734375,21.240232467651367,-25.817869186401367,9.21630859375
0.668701171875,-0.941162109375,0.321044921875,13.793944358825684,8.97216796875,-17.333984375
0.714111328125,-0.75830078125,0.3004150390625,1.2817381620407104,40.344234466552734,-46.813961029052734
0.601318359375,-0.6478271484375,0.2813720703125,-15.563963890075684,66.34521484375,-59.875484466552734
0.4720458984375,-0.689208984375,0.2423095703125,-35.94970703125,95.45897674560547,-49.560543060302734
0.4288330078125,-0.7589111328125,0.1741943359375,-45.715328216552734,111.75536346435547,-32.04345703125
0.489501953125,-0.801513671875,0.110107421875,-34.97314453125,92.46825408935547,-37.841796875
0.537841796875,-0.8013916015625,0.086669921875,-19.4091796875,57.800289154052734,-47.729488372802734
0.5345458984375,-0.77392578125,0.129150390625,-11.596678733825684,29.357908248901367,-34.66796875
0.4803466796875,-0.793212890625,0.21923828125,-10.192870140075684,6.835937023162842,-19.287109375
0.33544921875,-0.874267578125,0.2916259765625,-13.671874046325684,-4.45556640625,-11.718749046325684
0.2406005859375,-0.9674072265625,0.3114013671875,-18.4326171875,2.3193359375,-4.8828125
0.3760986328125,-1.0181884765625,0.2877197265625,-20.080564498901367,25.573728561401367,-4.94384765625
0.6024169921875,-1.0008544921875,0.2498779296875,-13.122557640075684,40.710445404052734,-5.676269054412842
0.7154541015625,-0.958984375,0.238037109375,7.202147960662842,17.4560546875,17.63916015625
0.733642578125,-0.994873046875,0.2413330078125,29.907224655151367,-26.428220748901367,41.442867279052734
0.6627197265625,-0.999267578125,0.17431640625,33.0810546875,-38.75732421875,39.48974609375
0.512451171875,-0.860595703125,0.0364990234375,14.953612327575684,-10.864256858825684,33.26416015625
0.419921875,-0.72265625,-0.0841064453125,-2.44140625,13.549803733825684,30.761716842651367
0.4290771484375,-0.684814453125,-0.086669921875,-2.624511480331421,-1.220703125,18.61572265625
0.46142578125,-0.690185546875,0.063232421875,6.469726085662842,-40.832515716552734,2.25830078125
0.48681640625,-0.6893310546875,0.2689208984375,7.568358898162842,-63.659664154052734,-9.6435546875
0.4232177734375,-0.8016357421875,0.3741455078125,-5.310058116912842,-46.081539154052734,-20.263669967651367
0.2640380859375,-0.9566650390625,0.27197265625,-22.705076217651367,-0.1831054538488388,-22.888181686401367
0.1959228515625,-1.00439453125,0.1441650390625,-21.545408248901367,19.6533203125,-14.526366233825684
0.213134765625,-0.9814453125,0.18310546875,-1.15966796875,-3.723144292831421,-2.746581792831421
0.258056640625,-0.9136962890625,0.27685546875,11.352538108825684,-18.37158203125,21.667478561401367
0.3505859375,-0.9139404296875,0.330322265625,6.469726085662842,-1.4038084745407104,47.729488372802734
0.3927001953125,-0.98974609375,0.3583984375,-1.9531248807907104,15.258788108825684,41.503902435302734
0.47216796875,-1.00537109375,0.350341796875,-6.408690929412842,16.2353515625,12.451170921325684
0.683349609375,-0.93017578125,0.3448486328125,-12.756346702575684,28.808591842651367,-22.705076217651367
0.8330078125,-0.81201171875,0.4150390625,-24.963376998901367,64.14794921875,-60.058589935302734
0.7945556640625,-0.6837158203125,0.4940185546875,-44.799800872802734,106.01805877685547,-80.56639862060547
0.664794921875,-0.6317138671875,0.44140625,-66.71142578125,143.73779296875,-82.88573455810547
0.58349609375,-0.672119140625,0.28125,-78.9794921875,160.33935546875,-76.66015625
0.58642578125,-0.7122802734375,0.1785888671875,-79.7119140625,149.59716796875,-56.823726654052734
0.631591796875,-0.7161865234375,0.220703125,-73.8525390625,122.61962127685547,-25.451658248901367
0.6593017578125,-0.69091796875,0.3341064453125,-66.162109375,94.72655487060547,1.3427733182907104
0.64453125,-0.667724609375,0.3636474609375,-61.889644622802734,86.30370330810547,2.50244140625
0.5963134765625,-0.6817626953125,0.273193359375,-62.072750091552734,98.14452362060547,-20.935056686401367
0.5496826171875,-0.7333984375,0.1778564453125,-57.556148529052734,101.62352752685547,-39.48974609375
0.5406494140625,-0.825927734375,0.2020263671875,-37.841796875,67.81005859375,-39.48974609375
0.4921875,-0.9959716796875,0.310546875,-4.2724609375,4.7607421875,-24.658201217651367
0.436279296875,-1.0316162109375,0.3804931640625,22.277830123901367,-34.48486328125,12.451170921325684
0.561767578125,-0.935791015625,0.3814697265625,17.578125,-16.11328125,44.189449310302734
0.7088623046875,-0.8687744140625,0.2977294921875,-14.465331077575684,36.1328125,32.28759765625
0.6707763671875,-0.737060546875,0.2235107421875,-45.166011810302734,81.54296112060547,9.6435546875
0.6058349609375,-0.6307373046875,0.277587890625,-56.030269622802734,96.80175018310547,-2.3193359375
0.613037109375,-0.603759765625,0.375732421875,-55.419918060302734,101.50145721435547,-15.502928733825684
0.61083984375,-0.617919921875,0.40625,-53.588863372802734,107.60497283935547,-29.541013717651367
0.4991455078125,-0.797119140625,0.3402099609375,-50.170894622802734,98.26659393310547,-51.147457122802734
0.37841796875,-0.94287109375,0.2152099609375,-52.124019622802734,86.05956268310547,-60.119625091552734
0.4168701171875,-0.85791015625,0.16064453125,-60.668941497802734,85.26610565185547,-35.15625
0.5069580078125,-0.762451171875,0.2144775390625,-64.208984375,82.70262908935547,-5.432128429412842
0.54296875,-0.7177734375,0.2266845703125,-66.46728515625,80.26123046875,5.737304210662842
0.5,-0.796630859375,0.177734375,-71.71630859375,89.35546112060547,-7.568358898162842
0.4056396484375,-0.945068359375,0.153564453125,-65.185546875,96.00829315185547,-28.869626998901367
0.3612060546875,-0.9969482421875,0.2552490234375,-39.36767578125,74.70703125,-20.324705123901367
0.3712158203125,-0.972412109375,0.413818359375,-11.474608421325684,40.649410247802734,9.94873046875
0.515380859375,-0.9478759765625,0.454345703125,-1.9531248807907104,36.68212890625,20.080564498901367
0.728759765625,-0.8924560546875,0.4344482421875,-9.94873046875,60.913082122802734,-3.234863042831421
0.761474609375,-0.714599609375,0.402099609375,-26.062009811401367,90.39305877685547,-30.883787155151367
0.66357421875,-0.5399169921875,0.3682861328125,-42.114253997802734,114.31884002685547,-42.053218841552734
0.610595703125,-0.5457763671875,0.359619140625,-51.696773529052734,121.70409393310547,-48.522945404052734
0.634033203125,-0.6981201171875,0.3363037109375,-58.166500091552734,118.16405487060547,-57.617183685302734
0.668212890625,-0.82080078125,0.277587890625,-65.185546875,116.14989471435547,-58.471675872802734
0.646728515625,-0.816162109375,0.23291015625,-67.68798828125,111.26708221435547,-46.264644622802734
0.599365234375,-0.7437744140625,0.230224609375,-62.744136810302734,99.42626190185547,-31.677244186401367
0.5704345703125,-0.693603515625,0.233642578125,-54.321285247802734,87.21923065185547,-23.559568405151367
0.5606689453125,-0.6988525390625,0.238037109375,-44.982906341552734,72.8759765625,-22.033689498901367
0.5567626953125,-0.7486572265625,0.280029296875,-34.72900390625,50.476070404052734,-25.146482467651367
0.537841796875,-0.806396484375,0.3309326171875,-26.245115280151367,27.221677780151367,-29.052732467651367
0.448974609375,-0.95703125,0.3443603515625,-19.8974609375,11.474608421325684,-27.954099655151367
0.4732666015625,-1.09130859375,0.4154052734375,-9.8876953125,-4.5166015625,-8.9111328125
0.7171630859375,-0.9288330078125,0.3277587890625,-2.990722417831421,4.2724609375,21.423337936401367
0.5745849609375,-0.7203369140625,0.145751953125,-22.766111373901367,47.668453216552734,28.015134811401367
0.453857421875,-0.6082763671875,0.0389404296875,-37.7197265625,71.10595703125,31.738279342651367
0.48193359375,-0.64501953125,0.036865234375,-37.9638671875,64.5751953125,28.015134811401367
0.6241455078125,-0.751220703125,0.1766357421875,-28.198240280151367,36.7431640625,15.563963890075684
0.7000732421875,-0.7850341796875,0.3509521484375,-21.789548873901367,11.352538108825684,-0.7934569716453552
0.619384765625,-0.7371826171875,0.359375,-26.184080123901367,14.343260765075684,-19.34814453125
0.4140625,-0.8294677734375,0.211669921875,-36.43798828125,39.00146484375,-38.57421875
0.227783203125,-0.932861328125,0.08935546875,-42.236324310302734,49.682613372802734,-30.761716842651367
0.242431640625,-0.9110107421875,0.076416015625,-37.2314453125,31.616209030151367,-6.408690929412842
0.34765625,-0.902587890625,0.1185302734375,-24.963376998901367,11.047362327575684,2.44140625
0.3953857421875,-0.900390625,0.1651611328125,-11.840819358825684,3.295898199081421,15.686034202575684
0.392822265625,-0.9293212890625,0.2489013671875,-1.3427733182907104,3.601073980331421,35.7666015625
0.3648681640625,-0.97998046875,0.3482666015625,5.432128429412842,10.803221702575684,42.297359466552734
0.376220703125,-1.036376953125,0.3658447265625,9.1552734375,25.939939498901367,30.883787155151367
0.5697021484375,-1.0355224609375,0.3070068359375,4.5166015625,53.405757904052734,3.967284917831421
0.7828369140625,-0.9403076171875,0.2042236328125,-8.36181640625,82.03124237060547,-26.916501998901367
0.7652587890625,-0.7901611328125,0.0948486328125,-20.324705123901367,83.74022674560547,-38.14697265625
0.619140625,-0.666748046875,0.05810546875,-24.597166061401367,52.001949310302734,-27.893064498901367
0.49169921875,-0.6966552734375,0.09814453125,-24.475095748901367,20.568845748901367,-11.169432640075684
0.4622802734375,-0.8057861328125,0.1492919921875,-24.902341842651367,14.038084983825684,1.4648436307907104
0.4796142578125,-0.8631591796875,0.159423828125,-21.362302780151367,13.854979515075684,-3.601073980331421
0.4644775390625,-0.8580322265625,0.1724853515625,-17.578125,7.568358898162842,-15.441893577575684
0.430908203125,-0.8353271484375,0.249267578125,-15.991209983825684,-3.662109136581421,-13.366698265075684
0.3834228515625,-0.82958984375,0.310302734375,-10.009765625,-19.34814453125,4.21142578125
0.348388671875,-0.83935546875,0.3011474609375,-3.967284917831421,-27.221677780151367,19.53125
0.333251953125,-0.8836669921875,0.276611328125,-7.324218273162842,-19.59228515625,14.648436546325684
0.41796875,-1.012939453125,0.1885986328125,-23.376462936401367,33.99658203125,-7.080077648162842
0.5281982421875,-0.9822998046875,0.1995849609375,-17.51708984375,46.936031341552734,-4.39453125
0.5296630859375,-0.9541015625,0.2618408203125,-2.624511480331421,28.991697311401367,9.521484375
0.51416015625,-1.013916015625,0.2423095703125,14.221190452575684,3.479003667831421,21.545408248901367
0.4949951171875,-0.9869384765625,0.06494140625,21.179197311401367,4.150390625,27.282712936401367
0.4375,-0.8682861328125,-0.1085205078125,17.15087890625,15.197752952575684,29.174802780151367
0.4251708984375,-0.818359375,-0.1580810546875,11.901854515075684,8.544921875,23.376462936401367
0.4473876953125,-0.8426513671875,-0.136962890625,9.521484375,-7.690429210662842,12.145995140075684
0.4432373046875,-0.8775634765625,-0.0640869140625,11.962889671325684,-34.72900390625,5.187987804412842
0.3062744140625,-0.9432373046875,0.1077880859375,20.446775436401367,-79.52880859375,12.756346702575684
0.1507568359375,-0.908935546875,0.2689208984375,25.085447311401367,-110.77880096435547,38.2080078125
0.138671875,-0.824951171875,0.270263671875,13.244627952575684,-81.84813690185547,42.419429779052734
0.1502685546875,-0.9661865234375,0.100830078125,-16.05224609375,23.803709030151367,9.33837890625
0.12109375,-0.9627685546875,0.1231689453125,-10.742186546325684,12.145995140075684,31.433103561401367
0.14306640625,-0.984375,0.2421875,2.807616949081421,-26.062009811401367,46.508785247802734
0.129150390625,-1.1204833984375,0.326416015625,12.207030296325684,-38.818359375,35.400390625
0.1470947265625,-1.170654296875,0.3106689453125,12.390135765075684,-11.108397483825684,13.488768577575684
0.306884765625,-1.08740234375,0.2777099609375,8.6669921875,23.193357467651367,-11.779784202575684
0.4495849609375,-0.94677734375,0.203125,4.7607421875,49.377437591552734,-41.748043060302734
0.491943359375,-0.79931640625,0.086181640625,-5.737304210662842,75.74462890625,-59.631343841552734
0.4227294921875,-0.859619140625,-0.0845947265625,-24.780271530151367,86.60887908935547,-37.17041015625
0.3720703125,-0.9091796875,-0.1368408203125,-9.765625,43.395992279052734,-13.671874046325684
0.3509521484375,-0.9180908203125,-0.0648193359375,8.23974609375,-16.2353515625,-4.2724609375
0.310302734375,-0.8741455078125,0.12255859375,13.671874046325684,-56.213375091552734,-7.141112804412842
0.275146484375,-0.8487548828125,0.313232421875,11.657713890075684,-63.415523529052734,-11.596678733825684
0.270263671875,-0.8697509765625,0.39111328125,10.742186546325684,-44.738765716552734,-18.00537109375
0.2528076171875,-0.9312744140625,0.3480224609375,8.60595703125,-14.770506858825684,-20.568845748901367
0.3333740234375,-1.167236328125,0.075927734375,10.375975608825684,13.122557640075684,10.559081077575684
0.4609375,-1.178955078125,0.08056640625,26.977537155151367,-25.329587936401367,27.526853561401367
0.4906005859375,-1.1129150390625,0.1639404296875,36.43798828125,-62.927242279052734,36.865234375
0.5010986328125,-1.0367431640625,0.14599609375,28.991697311401367,-60.729976654052734,13.854979515075684
0.4622802734375,-0.8936767578125,0.009765625,15.502928733825684,-28.625486373901367,-22.827146530151367
0.3909912109375,-0.7672119140625,-0.1055908203125,12.268065452575684,-14.160155296325684,-24.353025436401367
0.3831787109375,-0.7967529296875,-0.117919921875,17.88330078125,-24.841306686401367,-6.530761241912842
0.396728515625,-0.908203125,-0.047119140625,20.935056686401367,-39.36767578125,5.432128429412842
0.36572265625,-0.9329833984375,0.03564453125,19.4091796875,-59.204097747802734,20.141599655151367
0.34326171875,-0.86962890625,0.05615234375,17.4560546875,-86.36473846435547,37.41455078125
0.3031005859375,-0.8572998046875,0.0792236328125,18.5546875,-113.46434783935547,47.241207122802734
0.2269287109375,-0.8843994140625,0.1795654296875,21.057126998901367,-136.29150390625,49.072261810302734
0.1627197265625,-0.914306640625,0.3223876953125,21.057126998901367,-133.6669921875,36.865234375
0.1239013671875,-0.9368896484375,0.4093017578125,19.83642578125,-92.95653533935547,19.4091796875
0.1588134765625,-0.9207763671875,0.3834228515625,16.4794921875,-27.526853561401367,17.63916015625
0.2177734375,-1.0589599609375,0.3026123046875,8.85009765625,51.330562591552734,18.4326171875
0.2364501953125,-1.2147216796875,0.15380859375,-5.249022960662842,107.17772674560547,5.737304210662842
0.355712890625,-1.09375,0.0184326171875,-18.06640625,102.90526580810547,-13.305663108825684
0.59912109375,-0.9188232421875,0.0450439453125,-4.7607421875,53.771968841552734,-29.907224655151367
0.685546875,-0.84130859375,0.1334228515625,19.34814453125,13.977049827575684,-34.97314453125
0.5384521484375,-0.7666015625,0.1842041015625,18.06640625,8.7890625,-18.00537109375
0.3765869140625,-0.748291015625,0.224853515625,2.44140625,17.39501953125,4.39453125
0.3040771484375,-0.853759765625,0.2130126953125,-7.263183116912842,24.902341842651367,-1.220703125
0.295166015625,-0.936279296875,0.1490478515625,-11.047362327575684,30.700681686401367,-25.756834030151367
0.3089599609375,-0.899169921875,0.1234130859375,-9.765625,23.742673873901367,-32.71484375
0.2855224609375,-0.8546142578125,0.1505126953125,-3.356933355331421,1.0986328125,-18.798828125
0.25244140625,-0.851806640625,0.228515625,6.042479991912842,-26.245115280151367,-1.4648436307907104
0.243408203125,-0.86962890625,0.341064453125,14.526366233825684,-50.537105560302734,5.737304210662842
0.1986083984375,-0.9453125,0.345703125,13.610838890075684,-43.579097747802734,2.0751953125
0.2366943359375,-1.048583984375,0.2430419921875,7.690429210662842,-6.591796398162842,-4.0283203125
0.4425048828125,-1.083251953125,0.2041015625,10.314940452575684,4.7607421875,-13.244627952575684
0.583251953125,-1.0484619140625,0.2601318359375,19.4091796875,-20.080564498901367,-7.873534679412842
0.581298828125,-1.068115234375,0.3045654296875,25.695798873901367,-42.907711029052734,14.709471702575684
0.5416259765625,-1.0791015625,0.183837890625,19.6533203125,-27.221677780151367,16.90673828125
0.4775390625,-0.947509765625,-0.083984375,4.7607421875,11.108397483825684,0.6103515625
0.43798828125,-0.8057861328125,-0.2811279296875,2.13623046875,3.173827886581421,-1.7089842557907104
0.447998046875,-0.77734375,-0.2545166015625,17.15087890625,-57.189937591552734,6.591796398162842
0.4453125,-0.8118896484375,-0.0650634765625,31.738279342651367,-109.68016815185547,15.991209983825684
0.400390625,-0.831787109375,0.1376953125,33.14208984375,-128.0517578125,29.296873092651367
0.3292236328125,-0.85400390625,0.273681640625,25.146482467651367,-124.81688690185547,35.70556640625
0.239501953125,-0.88134765625,0.2403564453125,16.05224609375,-89.05028533935547,15.441893577575684
0.2008056640625,-0.9150390625,0.2412109375,13.793944358825684,-64.75830078125,3.051757574081421
0.1507568359375,-0.94287109375,0.2423095703125,8.48388671875,-34.0576171875,12.268065452575684
0.19921875,-0.9613037109375,0.2120361328125,2.685546636581421,0.1220703050494194,34.72900390625
0.2406005859375,-1.09521484375,0.2476806640625,-2.3193359375,27.526853561401367,33.5693359375
0.2183837890625,-1.17138671875,0.2940673828125,-2.746581792831421,27.038572311401367,18.00537109375
0.3956298828125,-1.05859375,0.277099609375,0.1220703050494194,14.099120140075684,0.30517578125
0.6719970703125,-0.9234619140625,0.205078125,2.929687261581421,24.841306686401367,-26.245115280151367
0.689697265625,-0.7955322265625,0.08984375,1.7700194120407104,46.630855560302734,-41.198726654052734
0.5299072265625,-0.7056884765625,0.049072265625,-8.85009765625,60.791011810302734,-34.66796875
0.43701171875,-0.7265625,0.1007080078125,-16.7236328125,63.781734466552734,-26.245115280151367
0.41015625,-0.841064453125,0.128173828125,-13.916014671325684,53.894039154052734,-26.489255905151367
0.3873291015625,-0.9000244140625,0.12109375,-6.530761241912842,34.0576171875,-25.451658248901367
0.361083984375,-0.86962890625,0.164306640625,2.13623046875,2.44140625,-21.179197311401367
0.3179931640625,-0.850341796875,0.2156982421875,4.8828125,-19.04296875,-20.202634811401367
0.3140869140625,-0.85009765625,0.24853515625,2.50244140625,-18.00537109375,-22.521970748901367
0.3402099609375,-0.8717041015625,0.2645263671875,5.920409679412842,-17.15087890625,-21.423337936401367
0.3050537109375,-0.954345703125,0.2216796875,11.474608421325684,-16.357421875,-7.141112804412842
0.362060546875,-1.05419921875,0.2061767578125,15.380858421325684,-12.878417015075684,13.549803733825684
0.52783203125,-1.08447265625,0.2933349609375,19.71435546875,-17.08984375,23.803709030151367
0.5963134765625,-1.078369140625,0.391357421875,25.451658248901367,-30.151365280151367,32.89794921875
0.61328125,-1.0767822265625,0.3221435546875,25.207517623901367,-27.893064498901367,29.907224655151367
0.5989990234375,-0.9783935546875,0.063720703125,9.94873046875,7.690429210662842,6.042479991912842
0.507568359375,-0.7882080078125,-0.1693115234375,-5.615233898162842,31.188962936401367,5.859374523162842
0.4442138671875,-0.6766357421875,-0.2017822265625,-3.479003667831421,3.112792730331421,22.827146530151367
0.45263671875,-0.7032470703125,-0.0186767578125,10.620116233825684,-53.771968841552734,19.1650390625
0.4208984375,-0.85498046875,0.3123779296875,20.202634811401367,-98.51073455810547,2.929687261581421
0.346435546875,-0.904541015625,0.4530029296875,13.793944358825684,-100.40282440185547,-2.746581792831421
0.3389892578125,-0.8583984375,0.2481689453125,-9.58251953125,-56.457515716552734,6.469726085662842
0.3431396484375,-0.90185546875,0.006103515625,-30.456541061401367,-16.11328125,15.014647483825684
0.1461181640625,-0.9420166015625,0.055419921875,-11.962889671325684,-66.5283203125,49.987789154052734
0.1358642578125,-0.9129638671875,0.10986328125,7.995604991912842,-68.7255859375,62.866207122802734
0.2060546875,-0.9698486328125,0.1695556640625,18.4326171875,-32.53173828125,49.926753997802734
0.2410888671875,-1.147705078125,0.3079833984375,25.268552780151367,-3.356933355331421,20.568845748901367
0.262451171875,-1.1778564453125,0.3489990234375,32.16552734375,-17.822265625,8.6669921875
0.389404296875,-1.00537109375,0.2197265625,26.489255905151367,-32.28759765625,16.11328125
0.5855712890625,-0.8450927734375,0.0538330078125,10.437010765075684,15.380858421325684,5.737304210662842
0.6185302734375,-0.832275390625,0.013671875,-1.5869139432907104,77.33154296875,-20.690916061401367
0.472900390625,-0.8143310546875,0.088623046875,-11.901854515075684,84.83885955810547,-28.503416061401367
0.3421630859375,-0.7899169921875,0.12646484375,-25.085447311401367,72.8759765625,-15.624999046325684
0.280517578125,-0.8853759765625,0.078857421875,-30.944822311401367,85.02196502685547,-1.6479490995407104
0.2923583984375,-0.9774169921875,0.05859375,-19.95849609375,74.8291015625,-5.493163585662842
0.3387451171875,-0.9759521484375,0.111083984375,-3.417968511581421,23.925779342651367,-20.996091842651367
0.302490234375,-0.908935546875,0.184814453125,4.0283203125,-30.212400436401367,-21.057126998901367
0.2039794921875,-0.8553466796875,0.2757568359375,5.554198741912842,-67.3828125,-7.751464366912842
0.15673828125,-0.8834228515625,0.3367919921875,5.432128429412842,-72.1435546875,0.9155272841453552
0.172607421875,-0.9912109375,0.260009765625,2.990722417831421,-47.180171966552734,11.657713890075684
0.266357421875,-1.1002197265625,0.118408203125,0.4272460639476776,-26.367185592651367,28.137205123901367
0.38720703125,-1.1591796875,0.1326904296875,3.540038824081421,-41.198726654052734,35.70556640625
0.4248046875,-1.19287109375,0.1468505859375,9.1552734375,-62.622066497802734,38.75732421875
0.4766845703125,-1.1854248046875,-0.3475341796875,-9.1552734375,-8.9111328125,18.37158203125
0.3101806640625,-1.006591796875,-0.37939453125,-17.9443359375,5.676269054412842,14.038084983825684
0.140869140625,-0.8194580078125,-0.176025390625,-16.54052734375,-39.12353515625,31.372068405151367
0.06103515625,-0.7305908203125,0.1290283203125,-8.97216796875,-113.76952362060547,43.273921966552734
0.0435791015625,-0.7515869140625,0.306884765625,-1.5258787870407104,-145.5078125,32.3486328125
0.0712890625,-0.7987060546875,0.1865234375,-1.15966796875,-96.67967987060547,8.97216796875
0.0994873046875,-0.7906494140625,-0.0924072265625,-11.718749046325684,-0.30517578125,-8.7890625
0.04736328125,-0.850341796875,-0.2017822265625,-19.83642578125,58.593746185302734,-7.873534679412842
0.0018310546875,-1.0068359375,-0.0465087890625,-9.70458984375,31.433103561401367,-3.112792730331421
0.0220947265625,-1.0487060546875,0.1561279296875,9.27734375,-31.982419967651367,-6.286620616912842
0.0267333984375,-0.986572265625,0.2451171875,19.10400390625,-65.36865234375,1.0986328125
0.0499267578125,-1.0419921875,0.1832275390625,18.06640625,-47.119136810302734,5.493163585662842
0.138916015625,-1.235107421875,0.0335693359375,16.90673828125,-7.507323741912842,-12.512206077575684
0.2529296875,-1.26220703125,-0.0750732421875,19.4091796875,-0.0,-21.606443405151367
0.3455810546875,-1.024169921875,-0.0980224609375,21.728513717651367,-8.9111328125,-17.4560546875
0.400634765625,-0.8876953125,-0.012939453125,26.428220748901367,10.070799827575684,-36.1328125
0.4144287109375,-0.862060546875,0.073486328125,29.174802780151367,54.260250091552734,-59.204097747802734
0.3675537109375,-0.783935546875,0.0872802734375,21.301267623901367,89.96581268310547,-40.832515716552734
0.2908935546875,-0.86572265625,0.1014404296875,11.230467796325684,85.75438690185547,-2.197265625
0.26953125,-1.0013427734375,0.0911865234375,6.774901866912842,50.781246185302734,6.591796398162842
0.30126953125,-0.9913330078125,0.0615234375,-0.4272460639476776,19.47021484375,-13.793944358825684
0.3214111328125,-0.9222412109375,0.0816650390625,-6.164550304412842,-2.990722417831421,-26.184080123901367
0.3013916015625,-0.87255859375,0.1646728515625,-0.6103515625,-31.677244186401367,-15.991209983825684
0.2568359375,-0.859130859375,0.2864990234375,7.446288585662842,-60.363765716552734,-0.8544921278953552
0.193359375,-0.892578125,0.3238525390625,6.591796398162842,-56.457515716552734,8.36181640625
0.1568603515625,-0.9744873046875,0.264892578125,1.15966796875,-17.88330078125,6.774901866912842
0.26513671875,-1.1033935546875,0.267578125,3.601073980331421,2.563476324081421,-10.437010765075684
0.42138671875,-1.185791015625,0.2735595703125,17.02880859375,-10.437010765075684,-15.747069358825684
0.48291015625,-1.21044921875,0.142333984375,32.16552734375,-20.263669967651367,8.23974609375
0.494384765625,-1.141845703125,-0.0987548828125,35.21728515625,-13.000487327575684,26.489255905151367
0.35888671875,-0.8292236328125,-0.227294921875,5.432128429412842,-43.273921966552734,7.263183116912842
0.2501220703125,-0.856689453125,0.0614013671875,-8.60595703125,-111.26708221435547,7.568358898162842
0.2154541015625,-0.796875,0.196044921875,-19.287109375,-130.9814453125,21.972654342651367
0.2061767578125,-0.781005859375,0.10546875,-20.568845748901367,-72.6318359375,25.878904342651367
0.223388671875,-0.9031982421875,0.0286865234375,-9.70458984375,-20.812986373901367,6.713866710662842
0.256103515625,-0.95556640625,0.0816650390625,-0.3662109076976776,-22.155759811401367,-10.437010765075684
0.207275390625,-0.9354248046875,0.1541748046875,-3.784179449081421,-39.61181640625,-11.596678733825684
0.1253662109375,-0.8826904296875,0.1690673828125,-11.169432640075684,-33.69140625,-8.48388671875
0.1322021484375,-0.9217529296875,0.21044921875,-5.615233898162842,2.624511480331421,-11.535643577575684
0.2381591796875,-1.02880859375,0.28759765625,3.784179449081421,54.321285247802734,-14.343260765075684
0.307373046875,-1.146240234375,0.3385009765625,2.624511480331421,85.57128143310547,-5.249022960662842
0.3189697265625,-1.2236328125,0.3260498046875,6.042479991912842,75.50048828125,13.244627952575684
0.3914794921875,-1.1697998046875,0.193359375,11.962889671325684,64.51416015625,21.179197311401367
0.490234375,-0.9639892578125,0.033203125,5.920409679412842,69.9462890625,9.46044921875
0.5458984375,-0.7301025390625,-0.0550537109375,-4.21142578125,62.316890716552734,-8.72802734375
0.5166015625,-0.6845703125,-0.0833740234375,-11.657713890075684,40.771480560302734,-39.55078125
0.3856201171875,-0.842041015625,-0.123779296875,-24.108884811401367,40.10009765625,-54.321285247802734
0.2955322265625,-0.9234619140625,-0.1295166015625,-32.53173828125,52.795406341552734,-22.033689498901367
0.303466796875,-0.8919677734375,0.093994140625,-11.535643577575684,6.774901866912842,-4.08935546875
0.288330078125,-0.85595703125,0.3590087890625,20.690916061401367,-60.546871185302734,-6.286620616912842
0.23583984375,-0.8292236328125,0.3935546875,28.991697311401367,-54.992671966552734,11.657713890075684
0.2642822265625,-0.8756103515625,0.2747802734375,19.34814453125,-7.629394054412842,15.747069358825684
0.3023681640625,-1.0506591796875,0.06201171875,0.54931640625,18.61572265625,-19.95849609375
0.3822021484375,-1.1173095703125,0.12353515625,2.807616949081421,9.1552734375,-12.756346702575684
0.481689453125,-1.109130859375,0.2525634765625,18.37158203125,-22.216794967651367,0.1831054538488388
0.5123291015625,-1.0816650390625,0.1827392578125,33.447265625,-30.517576217651367,15.991209983825684
0.4998779296875,-1.014404296875,-0.00244140625,20.01953125,11.108397483825684,-12.695311546325684
0.440673828125,-0.865234375,-0.150634765625,-0.4882812201976776,46.203609466552734,-13.305663108825684
0.3948974609375,-0.7486572265625,-0.236083984375,-16.17431640625,54.443355560302734,1.5258787870407104
0.33984375,-0.746337890625,-0.1806640625,-13.244627952575684,16.90673828125,1.5258787870407104
0.252685546875,-0.826171875,0.0308837890625,8.7890625,-59.265132904052734,4.5166015625
0.2369384765625,-0.9107666015625,0.204345703125,27.465818405151367,-112.30467987060547,14.038084983825684
0.28759765625,-0.9383544921875,0.2001953125,21.911619186401367,-91.73583221435547,20.080564498901367
0.2432861328125,-0.9373779296875,0.1580810546875,2.929687261581421,-41.687007904052734,23.620603561401367
0.1431884765625,-0.9561767578125,0.184814453125,-5.310058116912842,-28.869626998901367,22.888181686401367
0.0928955078125,-0.9493408203125,0.210693359375,0.0610351525247097,-35.7666015625,28.259275436401367
0.1097412109375,-0.9593505859375,0.206787109375,8.11767578125,-29.968259811401367,42.236324310302734
0.1279296875,-1.110595703125,0.17626953125,12.878417015075684,-14.770506858825684,36.19384765625
0.0987548828125,-1.22802734375,0.1595458984375,17.333984375,-10.620116233825684,17.9443359375
0.23095703125,-1.1199951171875,0.2086181640625,22.155759811401367,-19.71435546875,5.920409679412842
0.5701904296875,-1.0301513671875,0.2303466796875,28.198240280151367,-17.76123046875,-13.366698265075684
0.74853515625,-0.9586181640625,0.1217041015625,34.60693359375,-8.60595703125,-31.311033248901367
0.634033203125,-0.77001953125,0.0068359375,28.259275436401367,-4.638671875,-15.686034202575684
0.4500732421875,-0.694091796875,0.02978515625,10.009765625,-5.432128429412842,6.347655773162842
0.3348388671875,-0.7933349609375,0.12255859375,-6.774901866912842,-3.234863042831421,3.051757574081421
0.279541015625,-0.91015625,0.1663818359375,-15.563963890075684,6.408690929412842,-5.065917491912842
0.2164306640625,-0.936767578125,0.142578125,-13.916014671325684,10.192870140075684,-5.554198741912842
0.193115234375,-0.9075927734375,0.150634765625,-2.807616949081421,-9.46044921875,-2.807616949081421
0.2578125,-0.897705078125,0.2340087890625,11.962889671325684,-45.593257904052734,-5.187987804412842
0.3184814453125,-0.8916015625,0.2735595703125,20.202634811401367,-63.110347747802734,-5.432128429412842
0.2940673828125,-0.9031982421875,0.224609375,18.73779296875,-51.269527435302734,5.0048828125
0.23779296875,-0.9554443359375,0.18359375,16.54052734375,-41.381832122802734,21.301267623901367
0.270263671875,-1.0220947265625,0.24853515625,22.521970748901367,-59.753414154052734,34.60693359375
0.345458984375,-1.0557861328125,0.3934326171875,27.465818405151367,-77.5146484375,39.55078125
0.297607421875,-1.048583984375,0.46484375,21.850584030151367,-58.654781341552734,48.767086029052734
0.23681640625,-1.085205078125,0.372314453125,12.329100608825684,-21.301267623901367,55.603023529052734
0.318603515625,-1.0906982421875,0.1182861328125,2.563476324081421,14.465331077575684,21.789548873901367
0.380126953125,-0.955810546875,-0.124755859375,-2.685546636581421,23.925779342651367,-36.43798828125
0.354248046875,-0.82666015625,-0.17138671875,1.7700194120407104,-12.817381858825684,-52.856441497802734
0.3460693359375,-0.8126220703125,-0.06591796875,11.230467796325684,-65.0634765625,-21.118162155151367
0.35693359375,-0.8424072265625,0.1185302734375,14.404295921325684,-95.27587127685547,7.934569835662842
0.1920166015625,-0.9119873046875,0.3125,-3.723144292831421,-71.96044921875,1.220703125
0.14013671875,-0.902587890625,0.2474365234375,-6.103515148162842,-49.255367279052734,-9.033203125
0.1571044921875,-0.900390625,0.2017822265625,-4.21142578125,-36.1328125,-17.15087890625
0.213623046875,-0.8936767578125,0.2158203125,-4.45556640625,-28.808591842651367,-11.474608421325684
0.213623046875,-0.9041748046875,0.2674560546875,-8.544921875,-14.404295921325684,14.648436546325684
0.1361083984375,-0.9342041015625,0.3388671875,-7.080077648162842,-2.563476324081421,51.574703216552734
0.072509765625,-1.001708984375,0.3968505859375,1.220703125,0.6103515625,64.697265625
0.1102294921875,-1.0693359375,0.4146728515625,5.859374523162842,20.751951217651367,32.1044921875
0.3031005859375,-1.1051025390625,0.4493408203125,6.286620616912842,62.561031341552734,-14.953612327575684
0.6224365234375,-1.0274658203125,0.4713134765625,-4.69970703125,120.23925018310547,-64.75830078125
0.8211669921875,-0.8341064453125,0.3782958984375,-32.28759765625,185.79100036621094,-123.29100799560547
0.7696533203125,-0.6622314453125,0.2298583984375,-53.100582122802734,207.33641052246094,-144.95849609375
0.6661376953125,-0.640625,0.118896484375,-52.185054779052734,165.71043395996094,-117.00438690185547
0.62060546875,-0.72998046875,0.05029296875,-41.931148529052734,109.37499237060547,-73.79150390625
0.5931396484375,-0.7698974609375,0.034912109375,-34.423828125,73.1201171875,-28.564451217651367
0.580810546875,-0.739501953125,0.1197509765625,-28.076169967651367,46.630855560302734,-0.30517578125
0.5819091796875,-0.6978759765625,0.259033203125,-25.329587936401367,29.602048873901367,-3.601073980331421
0.5718994140625,-0.701171875,0.3248291015625,-29.235837936401367,35.33935546875,-25.512693405151367
0.5477294921875,-0.746826171875,0.29931640625,-30.822751998901367,46.447750091552734,-44.494625091552734
0.4578857421875,-0.8695068359375,0.272216796875,-22.277830123901367,34.60693359375,-44.433589935302734
0.2947998046875,-1.0528564453125,0.328125,-5.676269054412842,-0.6713866591453552,-16.2353515625
0.3465576171875,-1.0792236328125,0.46923828125,11.230467796325684,-33.447265625,26.794431686401367
0.62109375,-1.041015625,0.5208740234375,15.075682640075684,-29.541013717651367,29.846189498901367
0.787841796875,-1.052490234375,0.3895263671875,-0.4272460639476776,16.17431640625,3.112792730331421
0.7177734375,-0.9052734375,0.1888427734375,-25.451658248901367,72.57080078125,0.2441406100988388
0.5321044921875,-0.5906982421875,0.0538330078125,-35.64453125,83.19091033935547,15.319823265075684
0.5843505859375,-0.5986328125,0.1595458984375,-16.11328125,42.907711029052734,9.521484375
0.6229248046875,-0.628662109375,0.25390625,-1.5258787870407104,8.7890625,3.540038824081421
0.6134033203125,-0.6788330078125,0.2469482421875,4.5166015625,-9.46044921875,-11.840819358825684
0.5577392578125,-0.720703125,0.195556640625,0.9155272841453552,-8.48388671875,-30.944822311401367
0.487548828125,-0.7572021484375,0.1964111328125,-15.563963890075684,13.305663108825684,-44.982906341552734
0.235595703125,-0.984619140625,0.241455078125,-32.16552734375,35.0341796875,-45.959468841552734
0.0992431640625,-1.0302734375,0.2803955078125,-30.334470748901367,28.381345748901367,-5.920409679412842
0.3260498046875,-0.87060546875,0.3485107421875,-15.319823265075684,15.258788108825684,35.64453125
0.4862060546875,-0.8746337890625,0.449462890625,-5.554198741912842,17.9443359375,29.296873092651367
0.5472412109375,-0.8861083984375,0.506103515625,-7.873534679412842,28.503416061401367,5.737304210662842
0.760986328125,-0.89453125,0.53857421875,-19.95849609375,55.847164154052734,-24.719236373901367
0.9381103515625,-0.80712890625,0.54541015625,-33.63037109375,89.78270721435547,-56.518550872802734
0.83544921875,-0.6165771484375,0.4527587890625,-42.846675872802734,106.93358612060547,-63.171382904052734
0.6248779296875,-0.5120849609375,0.274169921875,-47.058101654052734,105.16356658935547,-53.894039154052734
0.5133056640625,-0.5650634765625,0.14453125,-47.790523529052734,94.23827362060547,-46.325679779052734
0.537841796875,-0.666259765625,0.1600341796875,-46.142574310302734,77.57568359375,-35.15625
0.601806640625,-0.702392578125,0.2564697265625,-41.442867279052734,56.396480560302734,-15.869139671325684
0.6441650390625,-0.6961669921875,0.3614501953125,-34.36279296875,35.33935546875,-0.9765624403953552
0.6617431640625,-0.7076416015625,0.4161376953125,-28.442380905151367,22.583005905151367,-5.859374523162842
0.627685546875,-0.71533203125,0.395263671875,-25.146482467651367,16.90673828125,-19.59228515625
0.5535888671875,-0.7298583984375,0.352783203125,-22.583005905151367,9.21630859375,-27.709959030151367
0.404541015625,-0.9305419921875,0.337890625,-18.1884765625,-4.5166015625,-29.846189498901367
0.3397216796875,-1.0845947265625,0.4649658203125,-6.286620616912842,-30.578611373901367,-6.530761241912842
0.5003662109375,-1.0008544921875,0.6419677734375,9.1552734375,-48.034664154052734,31.127927780151367
0.686767578125,-0.963134765625,0.59375,11.718749046325684,-20.568845748901367,35.7666015625
0.7161865234375,-0.9732666015625,0.31201171875,-6.225585460662842,39.6728515625,13.061522483825684
0.607177734375,-0.915283203125,-0.0137939453125,-33.8134765625,91.36962127685547,5.493163585662842
0.52294921875,-0.8118896484375,-0.2269287109375,-47.546382904052734,103.08837127685547,21.423337936401367
0.50830078125,-0.7076416015625,-0.29443359375,-35.5224609375,63.415523529052734,34.7900390625
0.5223388671875,-0.64501953125,-0.231201171875,-4.45556640625,-17.76123046875,33.38623046875
0.5428466796875,-0.6678466796875,-0.072021484375,33.99658203125,-114.13573455810547,23.254392623901367
0.5216064453125,-0.738525390625,0.129638671875,57.128902435302734,-171.50877380371094,14.892577171325684
0.421142578125,-0.8505859375,0.3148193359375,42.602535247802734,-142.63916015625,7.446288585662842
0.21337890625,-0.9803466796875,0.40087890625,8.97216796875,-62.133785247802734,11.291502952575684
0.0706787109375,-1.0457763671875,0.3514404296875,-3.417968511581421,-11.230467796325684,43.823238372802734
0.1396484375,-1.018798828125,0.2635498046875,4.5166015625,-5.798339366912842,75.1953125
0.2703857421875,-0.98388671875,0.2763671875,13.854979515075684,-21.301267623901367,66.58935546875
0.299072265625,-1.016845703125,0.3922119140625,24.658201217651367,-40.588375091552734,36.0107421875
0.3245849609375,-1.050048828125,0.443115234375,25.695798873901367,-20.507810592651367,24.597166061401367
0.5621337890625,-1.0865478515625,0.268798828125,3.906249761581421,59.265132904052734,-2.01416015625
0.7689208984375,-1.0701904296875,-0.0179443359375,-14.892577171325684,116.27196502685547,-51.330562591552734
0.6494140625,-0.8486328125,-0.1666259765625,-13.610838890075684,93.99413299560547,-45.654293060302734
0.4193115234375,-0.62939453125,-0.1361083984375,-7.080077648162842,45.410152435302734,-4.638671875
0.3411865234375,-0.6981201171875,-0.050048828125,1.8920897245407104,13.977049827575684,0.6103515625
0.370361328125,-0.869384765625,-0.00146484375,12.756346702575684,-5.737304210662842,-11.901854515075684
0.39990234375,-0.9173583984375,0.034423828125,16.4794921875,-27.038572311401367,-8.6669921875
0.412841796875,-0.8883056640625,0.14111328125,13.427733421325684,-54.504390716552734,-4.21142578125
0.401611328125,-0.8353271484375,0.2828369140625,13.793944358825684,-82.88573455810547,-5.187987804412842
0.2919921875,-0.8663330078125,0.3572998046875,18.37158203125,-92.46825408935547,-1.3427733182907104
0.1512451171875,-0.968994140625,0.333251953125,18.12744140625,-69.580078125,12.634276390075684
0.1986083984375,-1.0655517578125,0.28369140625,17.2119140625,-41.503902435302734,16.9677734375
0.337890625,-1.0919189453125,0.2451171875,21.667478561401367,-33.447265625,8.544921875
0.3914794921875,-1.06005859375,0.2232666015625,25.512693405151367,-34.24072265625,10.620116233825684
0.4534912109375,-1.0731201171875,0.2156982421875,26.916501998901367,-33.75244140625,14.953612327575684
0.5279541015625,-1.055419921875,0.1348876953125,29.113767623901367,-30.273435592651367,12.878417015075684
0.516845703125,-0.962158203125,-0.0421142578125,29.113767623901367,-19.71435546875,17.15087890625
0.478271484375,-0.8662109375,-0.208740234375,23.803709030151367,-10.803221702575684,24.353025436401367
0.44873046875,-0.7677001953125,-0.2255859375,19.83642578125,-31.005857467651367,23.315427780151367
0.4176025390625,-0.681396484375,-0.0777587890625,23.254392623901367,-81.17675018310547,18.1884765625
0.42138671875,-0.703369140625,0.1185302734375,25.817869186401367,-116.39403533935547,7.751464366912842
0.409912109375,-0.8536376953125,0.244384765625,13.549803733825684,-93.93309783935547,-8.72802734375
0.263916015625,-1.0604248046875,0.2105712890625,-6.835937023162842,-31.005857467651367,-18.798828125
0.1341552734375,-1.1370849609375,0.0694580078125,-12.329100608825684,10.742186546325684,-6.286620616912842
0.148193359375,-1.055908203125,-0.0003662109375,1.4038084745407104,0.9155272841453552,21.301267623901367
0.18310546875,-1.0281982421875,0.0054931640625,16.17431640625,-27.465818405151367,45.837398529052734
0.2686767578125,-1.083740234375,-0.0301513671875,21.423337936401367,-36.9873046875,61.340328216552734
0.4837646484375,-1.1405029296875,-0.10205078125,29.846189498901367,-50.292964935302734,54.809566497802734
0.6571044921875,-1.0447998046875,-0.0986328125,42.602535247802734,-84.96092987060547,33.69140625
0.6954345703125,-0.8306884765625,0.018798828125,43.212886810302734,-111.63329315185547,21.179197311401367
0.700927734375,-0.74365234375,0.1099853515625,30.944822311401367,-108.27635955810547,17.27294921875
0.667724609375,-0.75537109375,0.048828125,21.911619186401367,-92.16307830810547,22.155759811401367
0.6021728515625,-0.7430419921875,-0.0447998046875,31.616209030151367,-109.37499237060547,37.353515625
0.5560302734375,-0.7281494140625,-0.000732421875,51.208492279052734,-160.15625,44.738765716552734
0.52978515625,-0.7686767578125,0.147216796875,55.786128997802734,-184.87547302246094,28.564451217651367
0.5303955078125,-0.855712890625,0.2451171875,44.372554779052734,-163.33006286621094,3.540038824081421
0.4544677734375,-0.93896484375,0.1141357421875,28.442380905151367,-115.11229705810547,-12.939452171325684
0.3079833984375,-0.9508056640625,0.13330078125,26.489255905151367,-109.98534393310547,-5.676269054412842
0.215087890625,-1.0389404296875,0.23681640625,39.0625,-130.18798828125,19.8974609375
0.2911376953125,-1.0413818359375,0.300048828125,61.950679779052734,-165.89353942871094,52.856441497802734
0.4033203125,-0.9228515625,0.3189697265625,70.25146484375,-180.29783630371094,65.4296875
0.3043212890625,-0.89892578125,0.28662109375,54.748531341552734,-152.16064453125,60.546871185302734
0.1953125,-1.03076171875,0.149658203125,29.846189498901367,-98.87694549560547,48.339839935302734
0.3612060546875,-1.276123046875,0.039306640625,17.51708984375,-73.91357421875,18.98193359375
0.5623779296875,-1.261962890625,-0.0328369140625,31.738279342651367,-102.60009002685547,-6.958007335662842
0.50390625,-0.833984375,-0.1097412109375,58.715816497802734,-156.3720703125,2.990722417831421
0.353759765625,-0.4757080078125,-0.1644287109375,70.3125,-190.24656677246094,33.26416015625
0.3580322265625,-0.5623779296875,-0.1534423828125,58.959957122802734,-177.91746520996094,29.357908248901367
0.4256591796875,-0.9078369140625,-0.0177001953125,36.376953125,-137.39013671875,-13.244627952575684
0.38525390625,-1.0869140625,0.163330078125,13.793944358825684,-100.28075408935547,-33.87451171875
0.2572021484375,-1.012451171875,0.251953125,1.7089842557907104,-80.44432830810547,-13.305663108825684
0.15185546875,-0.9085693359375,0.199462890625,-0.4882812201976776,-70.12939453125,1.5258787870407104
0.1219482421875,-0.9525146484375,0.10107421875,-2.01416015625,-52.917476654052734,-11.108397483825684
0.09228515625,-1.060791015625,0.0938720703125,1.3427733182907104,-43.701168060302734,-24.353025436401367
0.097900390625,-1.065185546875,0.213623046875,25.512693405151367,-58.837886810302734,-1.8310545682907104
0.24169921875,-1.1240234375,0.0909423828125,20.385740280151367,0.4272460639476776,11.596678733825684
0.2991943359375,-1.14599609375,-0.101806640625,2.807616949081421,81.42089080810547,28.808591842651367
0.306640625,-1.0789794921875,-0.21142578125,-2.563476324081421,106.14012908935547,43.151851654052734
0.4329833984375,-1.0345458984375,-0.181884765625,23.315427780151367,37.90283203125,22.277830123901367
0.60107421875,-0.9522705078125,-0.0347900390625,58.044429779052734,-69.2138671875,-5.310058116912842
0.661865234375,-0.7767333984375,0.189697265625,55.786128997802734,-111.08397674560547,8.544921875
0.6331787109375,-0.6307373046875,0.3524169921875,11.230467796325684,-48.828121185302734,35.7666015625
0.5712890625,-0.60546875,0.3448486328125,-30.151365280151367,45.043941497802734,28.076169967651367
0.490234375,-0.69140625,0.2064208984375,-34.85107421875,78.857421875,-13.061522483825684
0.4283447265625,-0.828369140625,0.0771484375,-17.822265625,51.269527435302734,-61.584468841552734
0.3941650390625,-0.9388427734375,0.051025390625,-8.9111328125,20.385740280151367,-88.25682830810547
0.3321533203125,-0.970947265625,0.06640625,-12.023924827575684,11.413573265075684,-76.84326171875
0.2215576171875,-1.040283203125,0.0308837890625,-13.427733421325684,9.033203125,-49.499507904052734
0.180419921875,-1.1378173828125,-0.0074462890625,-13.610838890075684,9.033203125,-22.094724655151367
0.3419189453125,-1.1341552734375,0.0343017578125,-14.587401390075684,7.324218273162842,5.920409679412842
0.570068359375,-1.0928955078125,0.052001953125,-13.000487327575684,1.220703125,18.00537109375
0.6844482421875,-1.0718994140625,-0.0296630859375,-14.831542015075684,6.103515148162842,15.624999046325684
0.6727294921875,-1.0157470703125,-0.122802734375,-18.6767578125,12.023924827575684,20.935056686401367
0.5701904296875,-0.857177734375,-0.171630859375,-14.343260765075684,0.3662109076976776,44.189449310302734
0.484619140625,-0.6810302734375,-0.179931640625,-0.9765624403953552,-25.146482467651367,61.279293060302734
0.4727783203125,-0.61279296875,-0.1533203125,14.892577171325684,-56.152339935302734,45.959468841552734
0.4755859375,-0.64794921875,-0.0882568359375,25.024412155151367,-75.98876953125,16.66259765625
0.45947265625,-0.7274169921875,0.0194091796875,25.207517623901367,-75.927734375,-6.103515148162842
0.4375,-0.8046875,0.11376953125,20.446775436401367,-65.24658203125,-24.536130905151367
0.4061279296875,-0.8758544921875,0.1529541015625,13.977049827575684,-51.879878997802734,-41.992183685302734
0.154296875,-1.0849609375,0.0985107421875,2.01416015625,-27.221677780151367,-45.837398529052734
-0.1337890625,-1.1483154296875,-0.0269775390625,-10.070799827575684,11.474608421325684,-0.3662109076976776
-0.0189208984375,-1.073486328125,-0.1298828125,-11.779784202575684,48.278804779052734,37.4755859375
0.3526611328125,-1.123046875,-0.1995849609375,-5.371093273162842,67.3828125,7.934569835662842
0.6181640625,-1.2257080078125,-0.249755859375,-0.2441406100988388,63.110347747802734,-23.254392623901367
0.6986083984375,-1.321044921875,-0.212646484375,0.3662109076976776,42.724605560302734,-19.22607421875
0.4827880859375,-0.71826171875,0.067626953125,12.756346702575684,-50.537105560302734,52.490230560302734
0.5137939453125,-0.5628662109375,0.2972412109375,11.230467796325684,-86.05956268310547,80.38329315185547
0.6240234375,-0.60791015625,0.4306640625,6.103515148162842,-67.138671875,63.232418060302734
0.6229248046875,-0.662109375,0.2830810546875,-0.8544921278953552,13.061522483825684,23.193357467651367
0.5435791015625,-0.71484375,0.0499267578125,-0.0,69.7021484375,-20.507810592651367
0.478271484375,-0.7506103515625,-0.0377197265625,19.34814453125,40.10009765625,-44.067378997802734
0.461669921875,-0.7786865234375,-0.000732421875,40.161128997802734,-26.672361373901367,-36.865234375
0.46142578125,-0.8209228515625,0.0439453125,47.241207122802734,-66.58935546875,-27.893064498901367
0.4644775390625,-0.8896484375,0.0584716796875,45.776363372802734,-77.08740234375,-34.11865234375
0.4803466796875,-0.994384765625,0.0731201171875,41.015621185302734,-75.0732421875,-49.987789154052734
0.393310546875,-1.1820068359375,0.067626953125,31.921384811401367,-61.767574310302734,-51.208492279052734
0.2335205078125,-1.2728271484375,0.053955078125,31.066892623901367,-60.424800872802734,-7.873534679412842
0.357666015625,-1.200927734375,0.116455078125,45.898433685302734,-89.96581268310547,45.104976654052734
0.645263671875,-1.08203125,0.1480712890625,60.241695404052734,-114.19676971435547,58.959957122802734
0.696044921875,-0.875732421875,0.0123291015625,60.485836029052734,-99.12108612060547,62.011714935302734
0.58935546875,-0.6859130859375,-0.1748046875,48.400875091552734,-67.626953125,69.2138671875
0.5220947265625,-0.6424560546875,-0.229736328125,39.48974609375,-65.49072265625,52.978511810302734
0.4954833984375,-0.66650390625,-0.0941162109375,40.588375091552734,-101.74559783935547,22.644041061401367
0.4794921875,-0.6651611328125,0.164794921875,37.90283203125,-140.68603515625,4.2724609375
0.4715576171875,-0.6717529296875,0.3787841796875,23.986814498901367,-140.2587890625,-7.019042491912842
0.432373046875,-0.7528076171875,0.3956298828125,6.347655773162842,-91.30858612060547,-27.954099655151367
0.248046875,-1.0657958984375,0.276611328125,-5.187987804412842,-28.442380905151367,-60.974117279052734
-0.0491943359375,-1.298828125,0.1260986328125,-10.437010765075684,27.099607467651367,-56.396480560302734
-0.07275390625,-1.2203369140625,0.0333251953125,-8.4228515625,58.044429779052734,-0.7324218153953552
0.240478515625,-1.122802734375,0.00927734375,-0.4882812201976776,52.246089935302734,20.690916061401367
0.45361328125,-1.120361328125,-0.0352783203125,2.0751953125,37.59765625,0.8544921278953552
0.5380859375,-1.14501953125,-0.0341796875,4.5166015625,20.202634811401367,2.3193359375
0.6925048828125,-1.0692138671875,0.0946044921875,18.49365234375,-14.221190452575684,20.446775436401367
0.7677001953125,-0.84521484375,0.2523193359375,33.63037109375,-44.799800872802734,30.029294967651367
0.7039794921875,-0.5894775390625,0.3485107421875,24.902341842651367,-29.541013717651367,37.78076171875
0.562255859375,-0.531005859375,0.3397216796875,-18.37158203125,60.668941497802734,-7.080077648162842
0.5340576171875,-0.6845703125,0.2025146484375,-15.991209983825684,62.133785247802734,-54.321285247802734
0.540771484375,-0.81494140625,0.1185302734375,-13.977049827575684,53.283687591552734,-75.1953125
0.500244140625,-0.848876953125,0.19091796875,-1.6479490995407104,5.432128429412842,-32.71484375
0.3682861328125,-0.9459228515625,0.164306640625,10.559081077575684,-18.73779296875,-26.062009811401367
0.2451171875,-1.0740966796875,0.190185546875,24.597166061401367,-45.654293060302734,-18.49365234375
0.357177734375,-1.057861328125,0.31640625,33.3251953125,-62.499996185302734,13.916014671325684
0.5955810546875,-1.016845703125,0.38671875,25.634763717651367,-34.36279296875,37.2314453125
0.69873046875,-0.9697265625,0.2841796875,10.986327171325684,9.21630859375,31.311033248901367
0.5272216796875,-0.725341796875,0.1922607421875,-1.7089842557907104,30.700681686401367,32.89794921875
0.447265625,-0.5396728515625,0.19140625,-17.63916015625,57.067867279052734,35.82763671875
0.5213623046875,-0.5382080078125,0.2391357421875,-28.625486373901367,79.345703125,17.63916015625
0.6219482421875,-0.6468505859375,0.262939453125,-35.21728515625,91.12548065185547,-13.061522483825684
0.6419677734375,-0.779296875,0.2174072265625,-35.888671875,81.78710174560547,-39.36767578125
0.5662841796875,-0.86083984375,0.15234375,-28.198240280151367,52.673336029052734,-61.523433685302734
0.4151611328125,-0.92236328125,0.155517578125,-20.202634811401367,20.629880905151367,-71.8994140625
0.223388671875,-0.976806640625,0.22705078125,-19.71435546875,4.69970703125,-53.405757904052734
0.2054443359375,-0.9405517578125,0.301513671875,-22.033689498901367,8.48388671875,-8.1787109375
0.393310546875,-0.88671875,0.3037109375,-27.465818405151367,34.1796875,18.24951171875
0.5504150390625,-0.8914794921875,0.253173828125,-36.2548828125,64.75830078125,12.878417015075684
0.5032958984375,-0.9871826171875,0.2000732421875,-41.259761810302734,77.63671875,0.0
0.404541015625,-1.0628662109375,0.210205078125,-37.2314453125,72.32666015625,-2.624511480331421
0.5028076171875,-1.014892578125,0.3128662109375,-24.658201217651367,57.128902435302734,7.141112804412842
0.633056640625,-0.8499755859375,0.3978271484375,-11.718749046325684,44.616695404052734,9.58251953125
0.635498046875,-0.6116943359375,0.3973388671875,-11.230467796325684,53.039546966552734,5.859374523162842
0.6058349609375,-0.4970703125,0.3624267578125,-25.939939498901367,82.51952362060547,-0.4882812201976776
0.61328125,-0.579833984375,0.295166015625,-37.9638671875,99.54833221435547,-19.775390625
0.62451171875,-0.7705078125,0.17822265625,-35.0341796875,88.43993377685547,-45.654293060302734
0.5869140625,-0.889404296875,0.076904296875,-27.465818405151367,67.7490234375,-55.480953216552734
0.505126953125,-0.8719482421875,0.0665283203125,-25.329587936401367,47.668453216552734,-43.090816497802734
0.4515380859375,-0.8201904296875,0.186279296875,-22.888181686401367,20.324705123901367,-34.0576171875
0.430908203125,-0.789794921875,0.3590087890625,-12.084959983825684,-15.991209983825684,-37.4755859375
0.3734130859375,-0.841796875,0.42333984375,2.44140625,-40.283199310302734,-40.0390625
0.283203125,-0.966796875,0.3499755859375,9.6435546875,-33.75244140625,-30.517576217651367
0.3671875,-1.038818359375,0.2960205078125,5.920409679412842,-7.080077648162842,-7.507323741912842
0.5775146484375,-1.039306640625,0.2945556640625,-1.2817381620407104,15.380858421325684,10.925292015075684
0.6590576171875,-1.0096435546875,0.2794189453125,-3.112792730331421,20.263669967651367,20.263669967651367
0.6585693359375,-0.94091796875,0.2607421875,-1.8310545682907104,17.76123046875,27.099607467651367
0.61962890625,-0.8255615234375,0.193603515625,-6.164550304412842,29.296873092651367,34.97314453125
0.56201171875,-0.745361328125,0.0556640625,-13.061522483825684,50.354000091552734,43.518062591552734
0.5655517578125,-0.7298583984375,-0.0699462890625,-11.291502952575684,46.752925872802734,44.677730560302734
0.611328125,-0.6973876953125,-0.0262451171875,5.615233898162842,-5.859374523162842,41.870113372802734
0.639892578125,-0.6297607421875,0.21044921875,22.583005905151367,-71.47216796875,32.16552734375
0.5872802734375,-0.5863037109375,0.396240234375,11.779784202575684,-72.8759765625,5.065917491912842
0.3583984375,-0.8189697265625,0.3455810546875,-14.099120140075684,-18.5546875,-39.48974609375
0.124755859375,-1.07763671875,0.1783447265625,-22.521970748901367,14.038084983825684,-63.781734466552734
0.162109375,-1.0665283203125,0.1260986328125,-13.427733421325684,5.615233898162842,-38.02490234375
0.2744140625,-0.9962158203125,0.1751708984375,-4.57763671875,-2.929687261581421,6.164550304412842
0.330810546875,-0.9515380859375,0.2344970703125,-1.9531248807907104,3.479003667831421,40.466304779052734
0.405517578125,-0.9920654296875,0.2799072265625,-1.8310545682907104,8.1787109375,45.837398529052734
0.39599609375,-1.062744140625,0.2642822265625,-3.906249761581421,13.305663108825684,23.498533248901367
0.544677734375,-0.9400634765625,0.2889404296875,-1.2817381620407104,18.6767578125,-1.8920897245407104
0.6591796875,-0.789306640625,0.3126220703125,3.295898199081421,21.057126998901367,-6.225585460662842
0.656494140625,-0.62841796875,0.3172607421875,-0.7934569716453552,32.71484375,-5.554198741912842
0.6300048828125,-0.5806884765625,0.35693359375,-12.145995140075684,44.494625091552734,-14.953612327575684
0.5592041015625,-0.716796875,0.31494140625,-19.1650390625,46.936031341552734,-36.07177734375
0.4219970703125,-0.8978271484375,0.1640625,-17.822265625,47.058101654052734,-41.503902435302734
0.3819580078125,-0.8858642578125,0.122314453125,-11.352538108825684,34.1796875,-23.620603561401367
0.4317626953125,-0.7822265625,0.23193359375,-6.469726085662842,9.3994140625,-9.82666015625
0.4049072265625,-0.7977294921875,0.3062744140625,-4.638671875,-4.5166015625,-8.30078125
0.367431640625,-0.858642578125,0.3001708984375,-4.2724609375,-2.25830078125,-7.446288585662842
0.3531494140625,-0.88916015625,0.2891845703125,-4.150390625,-0.0610351525247097,-6.591796398162842
0.302734375,-0.9310302734375,0.3035888671875,-2.3193359375,-4.57763671875,0.0610351525247097
0.5533447265625,-1.0689697265625,0.42919921875,1.2817381620407104,5.432128429412842,2.929687261581421
0.68603515625,-1.029296875,0.4130859375,0.3662109076976776,18.61572265625,-2.624511480331421
0.6767578125,-0.894775390625,0.29248046875,-7.263183116912842,36.92626953125,-3.234863042831421
0.56298828125,-0.759033203125,0.1234130859375,-23.132322311401367,65.85693359375,0.3662109076976776
0.4927978515625,-0.6790771484375,0.021240234375,-34.72900390625,79.4677734375,7.141112804412842
0.554443359375,-0.6378173828125,0.1025390625,-30.761716842651367,49.682613372802734,7.690429210662842
0.6485595703125,-0.60009765625,0.3109130859375,-20.751951217651367,3.540038824081421,0.54931640625
0.552001953125,-0.7481689453125,0.3543701171875,-19.83642578125,-1.7700194120407104,-28.198240280151367
0.3297119140625,-0.98779296875,0.1923828125,-22.338865280151367,20.935056686401367,-63.964839935302734
0.284912109375,-0.9776611328125,0.115234375,-19.1650390625,21.911619186401367,-48.278804779052734
0.3297119140625,-0.8812255859375,0.1981201171875,-13.000487327575684,7.995604991912842,-11.962889671325684
0.3221435546875,-0.8663330078125,0.261962890625,-12.634276390075684,13.427733421325684,3.540038824081421
0.33935546875,-0.8922119140625,0.268798828125,-19.4091796875,38.2080078125,17.27294921875
0.390869140625,-0.9656982421875,0.2950439453125,-26.489255905151367,59.326168060302734,25.939939498901367
0.40087890625,-1.0224609375,0.3460693359375,-28.747556686401367,60.729976654052734,20.080564498901367
0.498046875,-1.0323486328125,0.410400390625,-24.169919967651367,51.513668060302734,7.629394054412842
0.723388671875,-0.9696044921875,0.4647216796875,-18.00537109375,52.429195404052734,-10.620116233825684
0.8043212890625,-0.7962646484375,0.442138671875,-18.12744140625,68.66455078125,-26.611326217651367
0.7027587890625,-0.601806640625,0.3485107421875,-24.414060592651367,85.63231658935547,-23.681638717651367
0.594970703125,-0.5460205078125,0.2623291015625,-27.343748092651367,80.81053924560547,-21.118162155151367
0.5670166015625,-0.65234375,0.21044921875,-27.648923873901367,65.4296875,-32.2265625
0.569580078125,-0.7645263671875,0.1915283203125,-31.616209030151367,63.232418060302734,-37.2314453125
0.5438232421875,-0.7777099609375,0.190673828125,-33.87451171875,63.903804779052734,-24.536130905151367
0.5035400390625,-0.770751953125,0.1793212890625,-30.090330123901367,55.603023529052734,-15.441893577575684
0.4710693359375,-0.8155517578125,0.1517333984375,-21.484373092651367,38.39111328125,-21.972654342651367
0.43212890625,-0.84033203125,0.1612548828125,-7.141112804412842,4.39453125,-25.146482467651367
0.3387451171875,-0.8787841796875,0.3060302734375,13.305663108825684,-61.645503997802734,-24.719236373901367
0.387451171875,-1.0169677734375,0.40380859375,17.08984375,-68.4814453125,-21.118162155151367
0.53466796875,-1.086181640625,0.507568359375,19.04296875,-54.321285247802734,5.065917491912842
0.6842041015625,-1.0447998046875,0.509033203125,11.413573265075684,-13.916014671325684,28.930662155151367
0.7001953125,-0.917236328125,0.3330078125,-8.4228515625,41.748043060302734,26.184080123901367
0.5667724609375,-0.7607421875,0.1011962890625,-28.015134811401367,82.21434783935547,18.9208984375
0.487060546875,-0.684326171875,0.0032958984375,-30.517576217651367,78.61328125,24.841306686401367
0.5548095703125,-0.6866455078125,0.0860595703125,-20.080564498901367,40.527339935302734,23.681638717651367
0.640869140625,-0.6693115234375,0.2440185546875,-11.779784202575684,1.3427733182907104,19.6533203125
0.5462646484375,-0.717529296875,0.25146484375,-16.11328125,2.746581792831421,-19.1650390625
0.3974609375,-0.8990478515625,0.1446533203125,-21.118162155151367,16.9677734375,-57.250972747802734
0.1702880859375,-1.0528564453125,0.1171875,-19.22607421875,9.70458984375,-49.438472747802734
0.140625,-1.016845703125,0.17431640625,-8.7890625,-15.380858421325684,1.7089842557907104
0.3330078125,-0.9139404296875,0.2227783203125,-0.6103515625,-23.254392623901367,35.2783203125
0.4051513671875,-1.0286865234375,0.331787109375,-2.624511480331421,3.845214605331421,37.04833984375
0.4791259765625,-1.0667724609375,0.3619384765625,3.112792730331421,10.070799827575684,32.5927734375
0.68310546875,-0.9638671875,0.3818359375,14.892577171325684,9.70458984375,17.9443359375
0.7249755859375,-0.7181396484375,0.342041015625,13.610838890075684,24.108884811401367,0.6713866591453552
0.636962890625,-0.5498046875,0.2496337890625,-3.662109136581421,50.903316497802734,-13.305663108825684
0.5726318359375,-0.6207275390625,0.1729736328125,-22.888181686401367,70.98388671875,-36.4990234375
0.52587890625,-0.7998046875,0.12158203125,-37.53662109375,84.10643768310547,-53.588863372802734
0.4376220703125,-0.918701171875,0.0986328125,-43.029781341552734,84.53368377685547,-45.654293060302734
0.4068603515625,-0.89794921875,0.188720703125,-35.70556640625,59.509273529052734,-25.573728561401367
0.466552734375,-0.7969970703125,0.3291015625,-21.179197311401367,21.789548873901367,-10.559081077575684
0.4874267578125,-0.7894287109375,0.3463134765625,-10.620116233825684,3.540038824081421,-7.812499523162842
0.4366455078125,-0.878173828125,0.2352294921875,-11.474608421325684,14.648436546325684,-13.366698265075684
0.36865234375,-0.967529296875,0.0975341796875,-21.240232467651367,35.82763671875,-13.793944358825684
0.3603515625,-1.0,0.0787353515625,-26.062009811401367,38.9404296875,-2.990722417831421
0.4232177734375,-0.9532470703125,0.23291015625,-12.329100608825684,5.615233898162842,19.59228515625
0.534912109375,-0.96484375,0.4453125,18.00537109375,-32.40966796875,33.75244140625
0.5916748046875,-0.9144287109375,0.27294921875,-3.540038824081421,19.83642578125,5.981444835662842
0.59375,-0.8277587890625,0.056884765625,-37.29248046875,80.74950408935547,-11.108397483825684
0.587158203125,-0.7825927734375,-0.05322265625,-52.612300872802734,98.63280487060547,-10.253905296325684
0.5625,-0.7291259765625,0.006103515625,-45.288082122802734,72.509765625,-9.21630859375
0.5133056640625,-0.6793212890625,0.2032470703125,-28.808591842651367,30.151365280151367,-15.991209983825684
0.38134765625,-0.7691650390625,0.3067626953125,-17.63916015625,7.080077648162842,-34.912109375
0.310791015625,-0.8565673828125,0.171142578125,-21.057126998901367,23.559568405151367,-44.250484466552734
0.3721923828125,-0.8568115234375,0.007080078125,-25.573728561401367,45.776363372802734,-34.60693359375
0.3834228515625,-0.8931884765625,0.0389404296875,-16.29638671875,35.400390625,-19.47021484375
0.349609375,-0.9256591796875,0.16796875,-3.234863042831421,15.258788108825684,-1.8920897245407104
0.329833984375,-0.9359130859375,0.22412109375,0.2441406100988388,18.1884765625,16.357421875
0.358642578125,-0.9486083984375,0.24169921875,-3.784179449081421,32.958984375,25.207517623901367
0.3870849609375,-1.0018310546875,0.2686767578125,-7.202147960662842,38.14697265625,14.160155296325684
0.44580078125,-1.0596923828125,0.26171875,-10.375975608825684,41.931148529052734,-1.3427733182907104
0.6490478515625,-1.0098876953125,0.307373046875,-12.329100608825684,50.048824310302734,-7.202147960662842
0.742431640625,-0.5684814453125,0.4066162109375,-13.671874046325684,57.556148529052734,-10.681151390075684
0.54931640625,-0.5828857421875,0.3297119140625,-23.193357467651367,69.9462890625,-20.446775436401367
0.4417724609375,-0.760009765625,0.2557373046875,-26.794431686401367,71.6552734375,-27.221677780151367
0.4827880859375,-0.862060546875,0.22802734375,-25.085447311401367,62.438961029052734,-31.921384811401367
0.550537109375,-0.843994140625,0.244140625,-23.864744186401367,50.170894622802734,-34.5458984375
0.553955078125,-0.778564453125,0.275390625,-22.827146530151367,36.7431640625,-27.099607467651367
0.4737548828125,-0.8109130859375,0.2835693359375,-20.263669967651367,23.681638717651367,-21.606443405151367
0.39501953125,-0.8697509765625,0.2899169921875,-17.333984375,14.160155296325684,-12.573241233825684
0.3822021484375,-0.869384765625,0.3165283203125,-16.11328125,9.46044921875,-2.807616949081421
0.3883056640625,-0.8651123046875,0.3297119140625,-16.54052734375,10.864256858825684,-3.662109136581421
0.4031982421875,-0.90673828125,0.361328125,-14.465331077575684,12.756346702575684,-2.25830078125
0.4451904296875,-0.97314453125,0.439453125,-9.521484375,11.108397483825684,10.864256858825684
0.5296630859375,-0.9820556640625,0.4605712890625,-7.202147960662842,16.2353515625,23.864744186401367
0.638427734375,-0.94677734375,0.36328125,-10.253905296325684,30.761716842651367,16.845703125
0.629638671875,-0.8311767578125,0.2071533203125,-18.73779296875,49.377437591552734,-1.7700194120407104
0.5360107421875,-0.6934814453125,0.096923828125,-28.320310592651367,63.293453216552734,-6.042479991912842
0.5303955078125,-0.718017578125,0.0648193359375,-34.3017578125,67.626953125,-9.33837890625
0.574462890625,-0.790771484375,0.1068115234375,-36.0107421875,65.185546875,-16.11328125
0.5802001953125,-0.7606201171875,0.2540283203125,-34.11865234375,50.659175872802734,-16.41845703125
0.5457763671875,-0.688720703125,0.3714599609375,-33.87451171875,38.9404296875,-26.184080123901367
0.4581298828125,-0.7322998046875,0.310791015625,-42.053218841552734,56.701656341552734,-46.020503997802734
0.319091796875,-0.85595703125,0.1475830078125,-54.260250091552734,91.79686737060547,-50.720211029052734
0.2952880859375,-0.92236328125,0.0657958984375,-52.978511810302734,102.41698455810547,-32.5927734375
0.42236328125,-0.9317626953125,0.1138916015625,-34.0576171875,78.9794921875,-9.58251953125
0.54296875,-0.9122314453125,0.1885986328125,-18.310546875,56.762691497802734,7.629394054412842
0.442626953125,-1.0272216796875,0.088623046875,-17.76123046875,60.302730560302734,-2.44140625
0.37353515625,-1.0438232421875,0.0677490234375,-10.253905296325684,45.898433685302734,8.85009765625
0.461669921875,-0.990478515625,0.1976318359375,4.2724609375,13.122557640075684,27.893064498901367
0.6016845703125,-0.8370361328125,0.3248291015625,14.770506858825684,-8.544921875,30.212400436401367
0.685546875,-0.5751953125,0.381591796875,-1.6479490995407104,19.22607421875,7.873534679412842
0.690185546875,-0.6983642578125,0.297119140625,-16.90673828125,43.029781341552734,-24.047849655151367
0.59423828125,-0.8468017578125,0.17041015625,-25.451658248901367,54.748531341552734,-46.691890716552734
0.430908203125,-0.907958984375,0.1358642578125,-22.521970748901367,39.6728515625,-36.43798828125
0.359375,-0.877197265625,0.2540283203125,-12.451170921325684,7.324218273162842,-17.76123046875
0.4205322265625,-0.8231201171875,0.38720703125,-4.69970703125,-14.282225608825684,-17.76123046875
0.475830078125,-0.8031005859375,0.3355712890625,-5.310058116912842,-4.21142578125,-29.846189498901367
0.48681640625,-0.8096923828125,0.1861572265625,-11.657713890075684,18.4326171875,-29.724119186401367
0.5137939453125,-0.8291015625,0.1405029296875,-15.808104515075684,24.108884811401367,-15.075682640075684
0.5469970703125,-0.7945556640625,0.2061767578125,-15.747069358825684,18.73779296875,2.01416015625
0.6004638671875,-0.903076171875,0.22021484375,-17.02880859375,36.62109375,15.380858421325684
0.6007080078125,-0.980224609375,0.196044921875,-17.27294921875,51.086421966552734,15.136717796325684
0.6229248046875,-0.9202880859375,0.3067626953125,-19.22607421875,52.429195404052734,8.056640625
0.618896484375,-0.7567138671875,0.3863525390625,-30.334470748901367,61.950679779052734,-12.756346702575684
0.5592041015625,-0.600830078125,0.31787109375,-51.391597747802734,98.02245330810547,-33.5693359375
0.5205078125,-0.5218505859375,0.2718505859375,-67.32177734375,124.26757049560547,-44.494625091552734
0.551513671875,-0.5040283203125,0.3536376953125,-72.57080078125,124.69481658935547,-39.24560546875
0.7119140625,-0.593017578125,0.51025390625,-78.9794921875,136.41357421875,-34.1796875
0.8941650390625,-0.7088623046875,0.562255859375,-96.43553924560547,184.69236755371094,-52.246089935302734
0.908447265625,-0.7254638671875,0.3695068359375,-118.89647674560547,241.02781677246094,-86.73094940185547
0.78857421875,-0.672607421875,0.0955810546875,-119.50682830810547,235.47361755371094,-105.28563690185547
0.7335205078125,-0.6778564453125,0.060791015625,-86.85301971435547,145.81298828125,-86.48680877685547
0.77734375,-0.804931640625,0.18896484375,-52.490230560302734,57.983394622802734,-61.035152435302734
0.7532958984375,-0.91357421875,0.2144775390625,-50.170894622802734,48.889156341552734,-58.349605560302734
0.630859375,-0.907958984375,0.1552734375,-72.1435546875,84.16747283935547,-57.434078216552734
0.5340576171875,-0.850830078125,0.143310546875,-90.88134002685547,104.06493377685547,-41.809078216552734
0.5313720703125,-0.80859375,0.246826171875,-97.59520721435547,98.87694549560547,-22.338865280151367
0.5538330078125,-0.7879638671875,0.4300537109375,-94.29930877685547,79.833984375,-13.061522483825684
0.49755859375,-0.76220703125,0.6136474609375,-79.16259765625,50.231929779052734,-7.934569835662842
0.385009765625,-0.770751953125,0.7303466796875,-52.062984466552734,17.578125,10.559081077575684
0.467041015625,-0.7730712890625,0.7420654296875,-24.047849655151367,11.047362327575684,42.053218841552734
0.7183837890625,-0.841552734375,0.5489501953125,-20.935056686401367,80.44432830810547,27.404783248901367
0.7947998046875,-0.955078125,0.178466796875,-47.485347747802734,187.43894958496094,-31.127927780151367
0.6917724609375,-0.9256591796875,-0.12451171875,-75.62255859375,230.46873474121094,-43.212886810302734
0.619140625,-0.8505859375,-0.2725830078125,-79.04052734375,192.68797302246094,-7.507323741912842
0.6138916015625,-0.835693359375,-0.301025390625,-48.217769622802734,105.28563690185547,30.883787155151367
0.6048583984375,-0.8251953125,-0.233154296875,-3.112792730331421,11.901854515075684,53.039546966552734
0.5118408203125,-0.741943359375,-0.005615234375,35.09521484375,-87.52440643310547,31.799314498901367
0.44775390625,-0.783447265625,0.0443115234375,21.911619186401367,-78.61328125,-4.638671875
0.411376953125,-0.8485107421875,0.0545654296875,-1.8920897245407104,-46.264644622802734,-37.7197265625
0.3916015625,-0.869384765625,0.10009765625,-18.310546875,-29.052732467651367,-46.936031341552734
0.3677978515625,-0.8665771484375,0.2005615234375,-24.108884811401367,-30.151365280151367,-36.80419921875
0.3406982421875,-0.955078125,0.3026123046875,-26.489255905151367,-25.329587936401367,-25.024412155151367
0.2850341796875,-1.1448974609375,0.323486328125,-30.029294967651367,0.1831054538488388,-15.441893577575684
0.258056640625,-1.2491455078125,0.267822265625,-31.005857467651367,35.64453125,2.746581792831421
0.4007568359375,-1.204833984375,0.25537109375,-16.357421875,42.419429779052734,19.1650390625
0.628662109375,-1.0562744140625,0.27197265625,13.366698265075684,11.779784202575684,20.629880905151367
0.7109375,-0.81494140625,0.17236328125,41.259761810302734,-19.4091796875,35.46142578125
0.552490234375,-0.576416015625,-0.155517578125,46.203609466552734,-24.108884811401367,48.767086029052734
0.530517578125,-0.7122802734375,-0.14599609375,26.489255905151367,-1.8920897245407104,11.047362327575684
0.5115966796875,-0.880126953125,0.1212158203125,13.854979515075684,-24.841306686401367,-10.253905296325684
0.485595703125,-0.8250732421875,0.2550048828125,14.465331077575684,-52.490230560302734,-1.6479490995407104
0.4447021484375,-0.772216796875,0.3341064453125,6.713866710662842,-53.222652435302734,-5.249022960662842
0.36962890625,-0.77099609375,0.31396484375,-1.03759765625,-39.61181640625,-21.728513717651367
0.2633056640625,-0.917236328125,0.26708984375,4.8828125,-43.334957122802734,-40.466304779052734
0.1925048828125,-1.0987548828125,0.323486328125,26.184080123901367,-71.1669921875,-28.320310592651367
0.33203125,-1.1385498046875,0.41552734375,46.142574310302734,-83.74022674560547,18.37158203125
0.571044921875,-1.1075439453125,0.37158203125,44.372554779052734,-43.823238372802734,40.161128997802734
0.6785888671875,-1.0732421875,0.2369384765625,29.602048873901367,4.8828125,30.639646530151367
0.631591796875,-0.9886474609375,0.087646484375,19.04296875,22.338865280151367,26.306150436401367
0.5150146484375,-0.8394775390625,-0.08642578125,14.526366233825684,24.414060592651367,36.56005859375
0.475341796875,-0.7459716796875,-0.236328125,18.00537109375,6.164550304412842,44.250484466552734
0.501953125,-0.724365234375,-0.2410888671875,31.738279342651367,-47.912593841552734,36.80419921875
0.5211181640625,-0.7091064453125,-0.03857421875,43.029781341552734,-111.38915252685547,23.986814498901367
0.5340576171875,-0.688232421875,0.2667236328125,34.5458984375,-131.7138671875,8.11767578125
0.4981689453125,-0.681396484375,0.472412109375,7.385253429412842,-90.63719940185547,-4.2724609375
0.3265380859375,-0.8436279296875,0.482421875,-22.399900436401367,-23.071287155151367,-20.01953125
0.1290283203125,-1.0521240234375,0.2880859375,-42.297359466552734,38.14697265625,-40.405269622802734
0.1248779296875,-1.0877685546875,0.1138916015625,-37.841796875,55.908199310302734,-34.11865234375
0.2742919921875,-1.01220703125,0.163330078125,-7.446288585662842,12.634276390075684,6.225585460662842
0.4012451171875,-1.0155029296875,0.246337890625,17.02880859375,-21.972654342651367,42.175289154052734
0.4149169921875,-1.12939453125,0.216064453125,17.333984375,-7.141112804412842,41.809078216552734
0.4739990234375,-1.1253662109375,0.171875,12.878417015075684,5.126952648162842,23.254392623901367
0.6708984375,-0.99169921875,0.214111328125,20.202634811401367,-5.615233898162842,11.474608421325684
0.7216796875,-0.765380859375,0.2608642578125,25.939939498901367,-8.85009765625,5.737304210662842
0.59130859375,-0.53857421875,0.2666015625,14.892577171325684,7.202147960662842,-0.1220703050494194
0.5159912109375,-0.523193359375,0.2637939453125,-6.286620616912842,30.334470748901367,-16.2353515625
0.528076171875,-0.70458984375,0.2176513671875,-25.634763717651367,53.710933685302734,-38.51318359375
0.52880859375,-0.871826171875,0.1248779296875,-33.447265625,66.5283203125,-44.311519622802734
0.489501953125,-0.8922119140625,0.0777587890625,-26.123044967651367,49.438472747802734,-32.16552734375
0.45166015625,-0.8538818359375,0.157470703125,-15.624999046325684,13.793944358825684,-23.620603561401367
0.3734130859375,-0.8560791015625,0.30029296875,-9.82666015625,-14.160155296325684,-17.4560546875
0.298828125,-0.8555908203125,0.3828125,-4.94384765625,-24.108884811401367,-6.225585460662842
0.29443359375,-0.8792724609375,0.3414306640625,-3.051757574081421,-11.230467796325684,-6.347655773162842
0.36279296875,-0.9525146484375,0.2645263671875,-2.38037109375,10.070799827575684,-9.21630859375
0.4996337890625,-1.0123291015625,0.290771484375,6.713866710662842,9.1552734375,2.0751953125
0.583740234375,-1.00927734375,0.386474609375,19.53125,-8.1787109375,20.385740280151367
0.6123046875,-0.975830078125,0.3914794921875,23.498533248901367,-10.070799827575684,30.273435592651367
0.60302734375,-0.94091796875,0.2047119140625,12.207030296325684,21.728513717651367,19.71435546875
0.54052734375,-0.873779296875,-0.047607421875,-6.652831554412842,60.852046966552734,10.253905296325684
0.52294921875,-0.79736328125,-0.186279296875,-16.54052734375,59.509273529052734,15.014647483825684
0.5748291015625,-0.7183837890625,-0.078369140625,-7.507323741912842,0.4272460639476776,19.775390625
0.635009765625,-0.6397705078125,0.2305908203125,7.934569835662842,-69.3359375,18.1884765625
0.6119384765625,-0.5765380859375,0.407470703125,-2.868652105331421,-60.180660247802734,6.286620616912842
0.3900146484375,-0.8046875,0.37158203125,-29.296873092651367,8.23974609375,-28.320310592651367
0.1163330078125,-1.0731201171875,0.2186279296875,-37.9638671875,46.386714935302734,-51.757808685302734
0.1011962890625,-1.055908203125,0.0941162109375,-26.489255905151367,34.72900390625,-27.038572311401367
0.27294921875,-0.96435546875,0.1688232421875,-3.295898199081421,-4.39453125,8.72802734375
0.43408203125,-0.8802490234375,0.301513671875,12.023924827575684,-25.451658248901367,31.677244186401367
0.4493408203125,-0.9925537109375,0.3148193359375,2.50244140625,2.807616949081421,29.235837936401367
0.3426513671875,-1.1297607421875,0.2386474609375,-15.136717796325684,44.128414154052734,5.554198741912842
0.422607421875,-1.066162109375,0.2589111328125,-12.084959983825684,40.405269622802734,-3.662109136581421
0.651611328125,-0.919677734375,0.3582763671875,7.812499523162842,9.3994140625,1.7089842557907104
0.7108154296875,-0.74365234375,0.3538818359375,18.06640625,1.3427733182907104,4.150390625
0.615966796875,-0.6123046875,0.27783203125,5.615233898162842,23.559568405151367,-3.662109136581421
0.55810546875,-0.6043701171875,0.2431640625,-17.7001953125,52.368160247802734,-21.545408248901367
0.548583984375,-0.69091796875,0.222412109375,-33.02001953125,68.9697265625,-38.330078125
0.538818359375,-0.7879638671875,0.16162109375,-31.188962936401367,66.2841796875,-40.954586029052734
0.517822265625,-0.8272705078125,0.116943359375,-17.7001953125,43.395992279052734,-30.700681686401367
0.4813232421875,-0.8233642578125,0.162353515625,-7.324218273162842,14.831542015075684,-21.057126998901367
0.3739013671875,-0.875244140625,0.2706298828125,-2.3193359375,-9.6435546875,-16.29638671875
0.2603759765625,-0.89453125,0.375,4.08935546875,-29.602048873901367,-2.0751953125
0.2523193359375,-0.890380859375,0.4102783203125,7.629394054412842,-28.991697311401367,8.72802734375
0.3602294921875,-0.984619140625,0.3582763671875,4.08935546875,1.6479490995407104,1.6479490995407104
0.5325927734375,-1.0550537109375,0.3189697265625,2.0751953125,25.817869186401367,-3.295898199081421
0.6458740234375,-1.046142578125,0.3359375,7.080077648162842,16.2353515625,7.019042491912842
0.657958984375,-1.0059814453125,0.2999267578125,12.145995140075684,-0.1831054538488388,18.5546875
0.57861328125,-0.9205322265625,0.1436767578125,8.36181640625,11.535643577575684,18.12744140625
0.4869384765625,-0.8092041015625,-0.0347900390625,0.30517578125,35.82763671875,19.10400390625
0.474609375,-0.738037109375,-0.1204833984375,-0.1831054538488388,30.883787155151367,22.155759811401367
0.5213623046875,-0.692626953125,-0.0450439453125,10.864256858825684,-16.845703125,19.95849609375
0.57177734375,-0.6531982421875,0.1705322265625,24.780271530151367,-77.880859375,16.54052734375
0.564208984375,-0.6534423828125,0.34619140625,22.277830123901367,-93.44481658935547,7.080077648162842
0.451416015625,-0.75830078125,0.3623046875,0.30517578125,-51.025386810302734,-15.930174827575684
0.2376708984375,-0.9537353515625,0.28515625,-22.277830123901367,4.08935546875,-37.65869140625
0.0936279296875,-1.0499267578125,0.1910400390625,-28.015134811401367,30.273435592651367,-28.198240280151367
0.1495361328125,-1.012939453125,0.1451416015625,-13.305663108825684,15.380858421325684,7.019042491912842
0.32568359375,-0.973876953125,0.1773681640625,5.493163585662842,-16.05224609375,34.66796875
0.443115234375,-1.02197265625,0.2911376953125,15.930174827575684,-38.330078125,38.4521484375
0.4124755859375,-1.072998046875,0.3931884765625,21.118162155151367,-44.128414154052734,32.3486328125
0.4599609375,-1.007568359375,0.3673095703125,22.094724655151367,-29.785154342651367,28.137205123901367
0.6146240234375,-0.8961181640625,0.269287109375,15.441893577575684,1.15966796875,13.122557640075684
0.659423828125,-0.7706298828125,0.1954345703125,5.493163585662842,27.465818405151367,-6.042479991912842
0.6175537109375,-0.690185546875,0.1871337890625,-1.8920897245407104,34.423828125,-16.66259765625
0.537353515625,-0.737548828125,0.1912841796875,-10.253905296325684,37.353515625,-21.728513717651367
0.3922119140625,-0.8524169921875,0.130126953125,-16.357421875,45.837398529052734,-19.47021484375
0.3333740234375,-0.869873046875,0.083984375,-4.57763671875,24.169919967651367,-9.21630859375
0.4129638671875,-0.79296875,0.1304931640625,16.78466796875,-27.893064498901367,-7.141112804412842
0.4591064453125,-0.7691650390625,0.2376708984375,22.216794967651367,-54.931636810302734,-12.329100608825684
0.369873046875,-0.82470703125,0.3543701171875,15.075682640075684,-49.987789154052734,-7.080077648162842
0.28466796875,-0.8533935546875,0.4075927734375,10.803221702575684,-41.503902435302734,3.845214605331421
0.2784423828125,-0.8974609375,0.3653564453125,8.544921875,-29.357908248901367,2.746581792831421
0.3131103515625,-1.0313720703125,0.29150390625,4.69970703125,-8.11767578125,-4.57763671875
0.4649658203125,-1.0941162109375,0.2998046875,5.493163585662842,-0.8544921278953552,-2.0751953125
0.638427734375,-1.0697021484375,0.3524169921875,14.343260765075684,-17.51708984375,12.817381858825684
0.6939697265625,-1.0599365234375,0.312255859375,23.254392623901367,-31.311033248901367,24.414060592651367
0.59375,-0.967529296875,0.13330078125,20.751951217651367,-16.41845703125,21.911619186401367
0.44580078125,-0.79931640625,-0.0694580078125,9.58251953125,11.474608421325684,23.620603561401367
0.423583984375,-0.72216796875,-0.1688232421875,5.310058116912842,12.329100608825684,26.611326217651367
0.490234375,-0.720703125,-0.1036376953125,14.648436546325684,-29.296873092651367,19.775390625
0.5557861328125,-0.7161865234375,0.1229248046875,27.038572311401367,-86.24266815185547,12.023924827575684
0.566162109375,-0.69775390625,0.32958984375,22.766111373901367,-101.50145721435547,7.568358898162842
0.490478515625,-0.740234375,0.3603515625,2.685546636581421,-62.683101654052734,-2.563476324081421
0.2852783203125,-0.9508056640625,0.3043212890625,-10.742186546325684,-19.59228515625,-19.59228515625
0.085205078125,-1.0902099609375,0.2327880859375,-10.253905296325684,-1.4038084745407104,-10.131834983825684
0.1243896484375,-1.0185546875,0.155517578125,-1.4038084745407104,-4.69970703125,23.132322311401367
0.254150390625,-0.9638671875,0.1907958984375,10.742186546325684,-25.817869186401367,42.846675872802734
0.308349609375,-0.9422607421875,0.349365234375,26.367185592651367,-58.776851654052734,54.809566497802734
0.4222412109375,-0.873779296875,0.4837646484375,41.320796966552734,-81.35985565185547,57.922359466552734
0.646240234375,-0.850341796875,0.538330078125,31.982419967651367,-52.917476654052734,28.686521530151367
0.83642578125,-0.9337158203125,0.4534912109375,-12.145995140075684,36.31591796875,-23.315427780151367
0.6209716796875,-0.851806640625,0.129638671875,-67.5048828125,130.06591796875,-52.795406341552734
0.4071044921875,-0.719482421875,0.119384765625,-53.405757904052734,104.06493377685547,-33.02001953125
0.3343505859375,-0.6793212890625,0.14990234375,-39.1845703125,86.73094940185547,-25.817869186401367
0.40234375,-0.709228515625,0.1646728515625,-35.70556640625,82.76366424560547,-26.977537155151367
0.529296875,-0.7652587890625,0.184814453125,-46.691890716552734,92.83446502685547,-30.029294967651367
0.65576171875,-0.8184814453125,0.2630615234375,-67.9931640625,117.79784393310547,-30.151365280151367
0.703857421875,-0.8160400390625,0.34765625,-80.74950408935547,135.55908203125,-21.911619186401367
0.6436767578125,-0.7796630859375,0.333984375,-71.83837890625,123.04686737060547,-15.930174827575684
0.54931640625,-0.787109375,0.24169921875,-47.912593841552734,84.96092987060547,-21.545408248901367
0.4739990234375,-0.828857421875,0.19287109375,-23.010251998901367,39.85595703125,-27.038572311401367
0.3431396484375,-0.9298095703125,0.2513427734375,-6.469726085662842,4.7607421875,-17.88330078125
0.2713623046875,-0.9837646484375,0.38916015625,2.25830078125,-12.145995140075684,17.2119140625
0.4769287109375,-1.034423828125,0.444091796875,2.0751953125,4.82177734375,43.029781341552734
0.6575927734375,-1.0400390625,0.2735595703125,-18.61572265625,61.279293060302734,8.72802734375
0.535400390625,-0.781982421875,0.068115234375,-55.786128997802734,114.44091033935547,-18.00537109375
0.430908203125,-0.56396484375,0.1009521484375,-77.2705078125,122.19237518310547,-8.6669921875
0.5347900390625,-0.5858154296875,0.33251953125,-71.533203125,102.35594940185547,-22.644041061401367
0.6170654296875,-0.683837890625,0.4697265625,-61.645503997802734,100.70800018310547,-42.541500091552734
0.5745849609375,-0.833984375,0.3863525390625,-54.809566497802734,113.58641815185547,-58.593746185302734
0.482177734375,-0.96484375,0.2305908203125,-52.673336029052734,119.62889862060547,-68.7255859375
0.451904296875,-0.93115234375,0.1453857421875,-60.913082122802734,123.77928924560547,-55.419918060302734
0.544677734375,-0.807373046875,0.1998291015625,-71.6552734375,122.98583221435547,-35.09521484375
0.6617431640625,-0.7098388671875,0.2908935546875,-80.2001953125,127.80760955810547,-16.29638671875
0.7220458984375,-0.73291015625,0.2493896484375,-84.96092987060547,150.87890625,-17.27294921875
0.6885986328125,-0.8565673828125,0.1097412109375,-78.43017578125,164.42869567871094,-42.846675872802734
0.52490234375,-0.9854736328125,0.0533447265625,-59.936519622802734,142.4560546875,-42.663570404052734
0.326416015625,-1.00146484375,0.17578125,-35.15625,93.13964080810547,4.8828125
0.329833984375,-0.8572998046875,0.4207763671875,-12.451170921325684,42.602535247802734,38.75732421875
0.5501708984375,-0.682861328125,0.599853515625,-7.507323741912842,39.55078125,8.97216796875
0.75537109375,-0.579345703125,0.5721435546875,-22.644041061401367,93.44481658935547,-31.860349655151367
0.8231201171875,-0.6260986328125,0.4154052734375,-38.57421875,134.3994140625,-46.142574310302734
0.7552490234375,-0.7918701171875,0.2430419921875,-45.288082122802734,128.90625,-58.044429779052734
0.607177734375,-0.8817138671875,0.1351318359375,-53.161617279052734,120.54442596435547,-62.744136810302734
0.50048828125,-0.8468017578125,0.1593017578125,-62.011714935302734,119.26268768310547,-51.574703216552734
0.4949951171875,-0.767822265625,0.278564453125,-57.373043060302734,95.09276580810547,-33.3251953125
0.543212890625,-0.691650390625,0.375,-44.616695404052734,62.377925872802734,-18.98193359375
0.57421875,-0.6651611328125,0.371337890625,-37.353515625,53.405757904052734,-17.4560546875
0.56005859375,-0.7017822265625,0.29541015625,-29.785154342651367,51.452632904052734,-20.507810592651367
0.5318603515625,-0.78662109375,0.2489013671875,-14.892577171325684,28.198240280151367,-17.9443359375
0.453857421875,-0.9534912109375,0.283935546875,-0.1831054538488388,-6.286620616912842,-13.305663108825684
0.3592529296875,-1.081787109375,0.3699951171875,10.314940452575684,-30.334470748901367,3.906249761581421
0.48095703125,-1.075927734375,0.4290771484375,17.9443359375,-35.09521484375,27.282712936401367
0.7000732421875,-1.0595703125,0.2908935546875,14.648436546325684,-6.774901866912842,16.357421875
0.7076416015625,-0.9691162109375,-0.034912109375,4.08935546875,30.456541061401367,4.69970703125
0.58349609375,-0.773193359375,-0.29248046875,6.896972179412842,10.009765625,41.503902435302734
0.49658203125,-0.660400390625,-0.3199462890625,31.005857467651367,-72.265625,76.416015625
0.4759521484375,-0.6923828125,-0.1131591796875,56.213375091552734,-145.1416015625,61.889644622802734
0.4945068359375,-0.770263671875,0.1932373046875,53.527828216552734,-151.7333984375,25.024412155151367
0.50048828125,-0.8116455078125,0.4019775390625,24.291990280151367,-101.50145721435547,10.620116233825684
0.4534912109375,-0.822998046875,0.4127197265625,-5.615233898162842,-41.015621185302734,13.671874046325684
0.3016357421875,-0.8431396484375,0.2738037109375,-15.624999046325684,-6.591796398162842,-9.3994140625
0.2034912109375,-0.9290771484375,0.3154296875,-13.916014671325684,-2.563476324081421,-13.305663108825684
0.2015380859375,-1.0084228515625,0.2796630859375,-19.8974609375,30.395505905151367,0.8544921278953552
0.3052978515625,-1.093505859375,0.1573486328125,-22.033689498901367,65.5517578125,14.465331077575684
0.3585205078125,-1.1905517578125,0.0682373046875,-13.366698265075684,67.81005859375,10.742186546325684
0.467529296875,-1.191650390625,0.09814453125,10.620116233825684,23.498533248901367,8.056640625
0.60791015625,-1.0814208984375,0.1512451171875,44.067378997802734,-40.466304779052734,16.357421875
0.60546875,-0.8026123046875,0.107666015625,56.396480560302734,-67.07763671875,34.48486328125
0.556640625,-0.5360107421875,0.0865478515625,41.381832122802734,-59.753414154052734,43.701168060302734
0.5904541015625,-0.533447265625,0.1390380859375,19.22607421875,-43.945308685302734,16.66259765625
0.5955810546875,-0.7305908203125,0.1707763671875,1.9531248807907104,-19.47021484375,-24.291990280151367
0.4962158203125,-0.893310546875,0.1337890625,-6.408690929412842,0.4272460639476776,-40.832515716552734
0.392578125,-0.9276123046875,0.119873046875,-10.864256858825684,4.45556640625,-36.62109375
0.326904296875,-0.923095703125,0.20166015625,-13.916014671325684,-4.45556640625,-27.526853561401367
0.26904296875,-0.91015625,0.27734375,-6.835937023162842,-23.071287155151367,-8.056640625
0.2841796875,-0.881591796875,0.2747802734375,9.33837890625,-43.029781341552734,11.779784202575684
0.3544921875,-0.899169921875,0.2708740234375,22.644041061401367,-57.189937591552734,13.549803733825684
0.3846435546875,-0.9625244140625,0.2923583984375,25.268552780151367,-55.603023529052734,14.770506858825684
0.437255859375,-1.017333984375,0.32080078125,21.301267623901367,-38.75732421875,22.277830123901367
0.6104736328125,-1.052001953125,0.344970703125,15.747069358825684,-5.0048828125,23.315427780151367
0.57275390625,-0.994873046875,0.168212890625,15.136717796325684,11.718749046325684,19.8974609375
0.4710693359375,-0.8431396484375,-0.0946044921875,13.305663108825684,24.475095748901367,19.6533203125
0.4349365234375,-0.7481689453125,-0.2698974609375,14.160155296325684,8.4228515625,24.780271530151367
0.461669921875,-0.7603759765625,-0.239990234375,24.291990280151367,-44.860836029052734,19.59228515625
0.4638671875,-0.81396484375,0.00537109375,33.447265625,-100.64696502685547,4.7607421875
0.4140625,-0.8541259765625,0.3248291015625,23.620603561401367,-112.85399627685547,-1.8310545682907104
0.3338623046875,-0.8538818359375,0.48046875,-1.0986328125,-69.03076171875,4.39453125
0.2801513671875,-0.8408203125,0.3486328125,-23.376462936401367,-2.807616949081421,7.141112804412842
0.2645263671875,-0.883056640625,0.1304931640625,-34.36279296875,41.259761810302734,-6.042479991912842
0.2059326171875,-0.9696044921875,0.064453125,-28.198240280151367,40.283199310302734,-6.652831554412842
0.1553955078125,-1.0076904296875,0.1385498046875,-7.385253429412842,4.2724609375,25.756834030151367
0.2257080078125,-1.001220703125,0.248779296875,13.305663108825684,-33.935546875,53.100582122802734
0.3167724609375,-1.0570068359375,0.330078125,21.850584030151367,-41.076656341552734,46.081539154052734
0.3380126953125,-1.122314453125,0.3343505859375,19.1650390625,-15.869139671325684,27.648923873901367
0.4449462890625,-1.079345703125,0.2615966796875,14.831542015075684,10.192870140075684,7.629394054412842
0.5858154296875,-0.9228515625,0.1446533203125,16.7236328125,13.854979515075684,-16.05224609375
0.593994140625,-0.7470703125,0.043212890625,16.66259765625,8.4228515625,-22.888181686401367
0.5223388671875,-0.6903076171875,0.063232421875,2.563476324081421,17.51708984375,-17.39501953125
0.4237060546875,-0.7913818359375,0.155029296875,-19.04296875,42.053218841552734,-21.301267623901367
0.3203125,-0.9261474609375,0.159423828125,-31.555173873901367,66.162109375,-27.343748092651367
0.29638671875,-0.9603271484375,0.0911865234375,-21.362302780151367,56.518550872802734,-26.733396530151367
0.3580322265625,-0.895751953125,0.0572509765625,2.44140625,9.82666015625,-25.939939498901367
0.4124755859375,-0.8233642578125,0.0958251953125,16.90673828125,-32.3486328125,-19.6533203125
0.4130859375,-0.8076171875,0.200439453125,18.5546875,-53.405757904052734,-6.225585460662842
0.339599609375,-0.8489990234375,0.3216552734375,17.02880859375,-63.354488372802734,4.150390625
0.2178955078125,-0.937255859375,0.39111328125,13.916014671325684,-53.466793060302734,12.390135765075684
0.23583984375,-1.04541015625,0.36279296875,9.46044921875,-19.04296875,14.526366233825684
0.4383544921875,-1.0810546875,0.2967529296875,9.765625,8.97216796875,4.57763671875
0.595703125,-1.0621337890625,0.2669677734375,18.310546875,5.065917491912842,3.662109136581421
0.5928955078125,-1.0411376953125,0.2021484375,27.099607467651367,-8.72802734375,11.962889671325684
0.405517578125,-0.880615234375,-0.092041015625,20.812986373901367,5.737304210662842,12.756346702575684
0.4017333984375,-0.8294677734375,-0.1290283203125,18.6767578125,-5.432128429412842,13.610838890075684
0.4278564453125,-0.761962890625,0.00732421875,21.850584030151367,-44.799800872802734,14.892577171325684
0.4688720703125,-0.70556640625,0.24658203125,17.822265625,-74.0966796875,14.465331077575684
0.4764404296875,-0.694580078125,0.399169921875,-3.967284917831421,-49.804683685302734,8.4228515625
0.38671875,-0.7628173828125,0.343505859375,-29.724119186401367,6.774901866912842,-7.324218273162842
0.2208251953125,-0.9495849609375,0.1683349609375,-45.288082122802734,54.992671966552734,-33.02001953125
0.102294921875,-1.0888671875,0.0330810546875,-45.043941497802734,70.6787109375,-33.99658203125
0.125732421875,-1.0665283203125,0.0780029296875,-22.094724655151367,29.235837936401367,1.7700194120407104
0.2451171875,-0.9808349609375,0.244384765625,9.3994140625,-34.97314453125,43.090816497802734
0.345947265625,-0.99365234375,0.3397216796875,24.353025436401367,-53.161617279052734,51.757808685302734
0.368896484375,-1.0867919921875,0.304443359375,20.629880905151367,-22.338865280151367,25.817869186401367
0.4801025390625,-1.1009521484375,0.2198486328125,14.892577171325684,7.263183116912842,-2.25830078125
0.6434326171875,-0.9814453125,0.14990234375,19.775390625,5.187987804412842,-17.51708984375
0.6649169921875,-0.7593994140625,0.09814453125,25.329587936401367,-8.7890625,-8.85009765625
0.5897216796875,-0.6456298828125,0.133544921875,16.05224609375,-9.033203125,2.44140625
0.4849853515625,-0.709228515625,0.200927734375,-4.94384765625,10.009765625,-8.7890625
0.3577880859375,-0.8463134765625,0.1756591796875,-18.9208984375,32.77587890625,-23.132322311401367
0.3165283203125,-0.900146484375,0.1502685546875,-9.21630859375,17.822265625,-25.024412155151367
0.370361328125,-0.8486328125,0.1866455078125,10.437010765075684,-24.291990280151367,-22.644041061401367
0.3536376953125,-0.8343505859375,0.301513671875,20.874021530151367,-38.26904296875,-7.873534679412842
0.2950439453125,-0.880859375,0.3736572265625,27.465818405151367,-42.419429779052734,5.432128429412842
0.22705078125,-0.956298828125,0.3463134765625,29.052732467651367,-30.822751998901367,17.02880859375
0.3214111328125,-1.025634765625,0.3055419921875,26.489255905151367,-16.7236328125,19.287109375
0.492431640625,-1.053466796875,0.3525390625,24.414060592651367,-20.141599655151367,13.732909202575684
0.581298828125,-1.0394287109375,0.412353515625,21.728513717651367,-27.160642623901367,15.441893577575684
0.620849609375,-1.004638671875,0.31689453125,13.366698265075684,-13.732909202575684,11.047362327575684
0.60546875,-0.9193115234375,0.059814453125,0.0610351525247097,14.953612327575684,-2.624511480331421
0.546875,-0.79052734375,-0.1451416015625,-3.723144292831421,14.892577171325684,5.493163585662842
0.5091552734375,-0.6949462890625,-0.0966796875,9.27734375,-31.311033248901367,20.629880905151367
0.505126953125,-0.6947021484375,0.21337890625,21.423337936401367,-79.16259765625,13.061522483825684
0.3895263671875,-0.8079833984375,0.5091552734375,14.343260765075684,-75.5615234375,-1.5869139432907104
0.2747802734375,-0.8394775390625,0.475830078125,1.4038084745407104,-48.767086029052734,-1.8310545682907104
0.3251953125,-0.827392578125,0.23486328125,-7.812499523162842,-32.04345703125,2.01416015625
0.375244140625,-0.9110107421875,0.104736328125,-13.610838890075684,-19.95849609375,-0.8544921278953552
0.3359375,-0.95166015625,0.1636962890625,-8.48388671875,-29.785154342651367,13.610838890075684
0.2750244140625,-0.91015625,0.2686767578125,0.1831054538488388,-45.349117279052734,54.565425872802734
0.2705078125,-0.8817138671875,0.3192138671875,-0.1220703050494194,-27.954099655151367,84.65575408935547
0.2845458984375,-1.027099609375,0.3553466796875,-6.042479991912842,18.9208984375,68.78662109375
0.309326171875,-1.145751953125,0.3216552734375,-6.530761241912842,46.081539154052734,26.550291061401367
0.4041748046875,-1.04052734375,0.2603759765625,-1.7089842557907104,34.48486328125,-4.57763671875
0.5562744140625,-0.7606201171875,0.253662109375,0.1220703050494194,41.625972747802734,-24.047849655151367
0.6524658203125,-0.62548828125,0.293701171875,-5.615233898162842,97.16796112060547,-42.480464935302734
0.576171875,-0.81201171875,0.306884765625,-25.085447311401367,154.1748046875,-69.76318359375
0.4632568359375,-0.920166015625,0.251220703125,-46.752925872802734,161.25486755371094,-69.27490234375
0.473388671875,-0.857666015625,0.2203369140625,-42.724605560302734,104.43114471435547,-43.395992279052734
0.5135498046875,-0.7958984375,0.2203369140625,-21.911619186401367,32.53173828125,-40.161128997802734
0.4923095703125,-0.779296875,0.2010498046875,-13.610838890075684,4.638671875,-41.259761810302734
0.404541015625,-0.8201904296875,0.2008056640625,-19.71435546875,13.000487327575684,-32.04345703125
0.3232421875,-0.8369140625,0.25927734375,-23.193357467651367,15.869139671325684,-18.310546875
0.304931640625,-0.834716796875,0.312744140625,-20.629880905151367,8.6669921875,-13.427733421325684
0.3232421875,-0.886962890625,0.303955078125,-17.333984375,10.620116233825684,-16.6015625
0.374755859375,-0.9571533203125,0.3076171875,-11.108397483825684,13.549803733825684,-8.056640625
0.46923828125,-1.0076904296875,0.3880615234375,-2.563476324081421,10.925292015075684,7.629394054412842
0.547119140625,-0.98486328125,0.4610595703125,3.112792730331421,12.329100608825684,17.333984375
0.618896484375,-0.92333984375,0.4422607421875,2.3193359375,16.7236328125,13.183592796325684
0.6573486328125,-0.876220703125,0.307861328125,-9.21630859375,36.31591796875,-6.835937023162842
0.6058349609375,-0.8170166015625,0.143798828125,-28.076169967651367,74.462890625,-18.1884765625
0.550537109375,-0.751953125,0.1102294921875,-37.59765625,93.81102752685547,-14.709471702575684
0.537109375,-0.650390625,0.2386474609375,-32.53173828125,80.62743377685547,-9.765625
0.5426025390625,-0.5367431640625,0.3824462890625,-25.634763717651367,64.02587890625,-10.009765625
0.5548095703125,-0.5731201171875,0.349853515625,-24.902341842651367,63.964839935302734,-35.09521484375
0.571044921875,-0.7783203125,0.14404296875,-29.907224655151367,78.18603515625,-73.1201171875
0.5693359375,-0.91796875,-0.029052734375,-32.1044921875,80.68846893310547,-72.8759765625
0.5693359375,-0.921142578125,-0.0352783203125,-26.428220748901367,51.574703216552734,-39.794921875
0.5377197265625,-0.9879150390625,0.13330078125,-20.751951217651367,12.878417015075684,-23.620603561401367
0.4461669921875,-1.0281982421875,0.3968505859375,-12.451170921325684,-22.949216842651367,-7.019042491912842
0.3709716796875,-0.961181640625,0.6195068359375,-5.065917491912842,-36.56005859375,32.04345703125
0.3004150390625,-0.851318359375,0.6531982421875,-12.145995140075684,3.906249761581421,58.105464935302734
0.3018798828125,-0.726318359375,0.531005859375,-21.606443405151367,61.584468841552734,56.091304779052734
0.5089111328125,-0.6881103515625,0.4952392578125,-21.057126998901367,87.46337127685547,35.58349609375
0.7969970703125,-0.7076416015625,0.5479736328125,-24.902341842651367,101.74559783935547,-14.709471702575684
0.8974609375,-0.6689453125,0.4852294921875,-47.668453216552734,145.08056640625,-77.33154296875
0.829345703125,-0.6287841796875,0.313720703125,-73.66943359375,183.71580505371094,-109.49706268310547
0.77001953125,-0.7188720703125,0.172607421875,-82.94676971435547,170.71531677246094,-111.75536346435547
0.71923828125,-0.82421875,0.11181640625,-79.28466796875,133.60595703125,-88.74510955810547
0.6417236328125,-0.8065185546875,0.1494140625,-69.2138671875,95.58104705810547,-42.602535247802734
0.5750732421875,-0.6981201171875,0.303466796875,-57.800289154052734,61.279293060302734,-6.042479991912842
0.5594482421875,-0.6240234375,0.4620361328125,-53.283687591552734,51.391597747802734,-2.563476324081421
0.5721435546875,-0.668701171875,0.4559326171875,-55.664058685302734,72.44873046875,-24.353025436401367
0.5628662109375,-0.77880859375,0.3280029296875,-54.321285247802734,89.35546112060547,-43.457027435302734
0.442626953125,-0.9088134765625,0.28076171875,-39.6728515625,64.51416015625,-31.066892623901367
0.3408203125,-0.9451904296875,0.436279296875,-14.587401390075684,8.97216796875,19.95849609375
0.4365234375,-0.85986328125,0.614990234375,-2.44140625,-1.6479490995407104,56.030269622802734
0.6265869140625,-0.837890625,0.5582275390625,-17.76123046875,63.903804779052734,24.353025436401367
0.7283935546875,-0.8984375,0.299560546875,-40.405269622802734,123.41307830810547,-28.076169967651367
0.6593017578125,-0.9027099609375,0.06005859375,-48.828121185302734,122.43651580810547,-30.639646530151367
0.533447265625,-0.8294677734375,-0.0037841796875,-44.738765716552734,88.25682830810547,-1.03759765625
0.48828125,-0.7432861328125,0.1285400390625,-37.9638671875,53.466793060302734,13.610838890075684
0.527099609375,-0.658447265625,0.3411865234375,-34.48486328125,32.89794921875,12.329100608825684
0.5421142578125,-0.6192626953125,0.42431640625,-37.41455078125,39.9169921875,1.4038084745407104
0.4951171875,-0.6956787109375,0.320556640625,-42.297359466552734,65.5517578125,-24.047849655151367
0.4385986328125,-0.8333740234375,0.1666259765625,-45.593257904052734,84.35057830810547,-51.818843841552734
0.36376953125,-0.9381103515625,0.07275390625,-51.574703216552734,91.79686737060547,-59.570308685302734
0.3045654296875,-0.9639892578125,0.05908203125,-55.358882904052734,88.01268768310547,-44.555660247802734
0.3411865234375,-0.966064453125,0.1663818359375,-41.137691497802734,54.626461029052734,-22.338865280151367
0.387451171875,-0.979736328125,0.3543701171875,-18.1884765625,12.695311546325684,-3.662109136581421
0.355712890625,-0.954345703125,0.458984375,-5.310058116912842,5.432128429412842,19.95849609375
0.3551025390625,-0.9210205078125,0.4381103515625,5.0048828125,14.709471702575684,44.311519622802734
0.520263671875,-0.892578125,0.4111328125,10.864256858825684,21.789548873901367,36.7431640625
0.7188720703125,-0.843994140625,0.380859375,-6.896972179412842,56.335445404052734,-8.1787109375
0.7646484375,-0.7811279296875,0.2960205078125,-39.24560546875,109.86327362060547,-50.842281341552734
0.7003173828125,-0.726806640625,0.2437744140625,-58.654781341552734,129.94384765625,-59.814449310302734
0.5972900390625,-0.6943359375,0.2371826171875,-55.969234466552734,107.84911346435547,-39.55078125
0.50341796875,-0.71630859375,0.2166748046875,-42.724605560302734,77.63671875,-20.507810592651367
0.4571533203125,-0.7706298828125,0.1934814453125,-34.66796875,63.720699310302734,-20.141599655151367
0.4749755859375,-0.79296875,0.2071533203125,-35.888671875,66.89453125,-26.916501998901367
0.53076171875,-0.7769775390625,0.2537841796875,-38.26904296875,74.21875,-29.785154342651367
0.5777587890625,-0.764404296875,0.283447265625,-33.87451171875,70.98388671875,-30.517576217651367
0.5848388671875,-0.7767333984375,0.262451171875,-23.986814498901367,54.687496185302734,-33.14208984375
0.5556640625,-0.8128662109375,0.2222900390625,-13.427733421325684,29.724119186401367,-33.87451171875
0.455810546875,-0.990966796875,0.2442626953125,-3.662109136581421,-0.8544921278953552,-28.869626998901367
0.3411865234375,-1.1165771484375,0.3701171875,10.742186546325684,-38.0859375,0.0
0.39013671875,-0.9920654296875,0.52490234375,25.695798873901367,-62.927242279052734,45.532222747802734
0.5408935546875,-0.900146484375,0.506591796875,20.690916061401367,-28.991697311401367,43.518062591552734
0.5909423828125,-0.8970947265625,0.2657470703125,-4.45556640625,49.865718841552734,-0.9765624403953552
0.5279541015625,-0.858154296875,0.0067138671875,-27.160642623901367,102.72216033935547,-18.4326171875
0.496826171875,-0.8162841796875,-0.132080078125,-32.28759765625,98.93798065185547,-5.676269054412842
0.567138671875,-0.7802734375,-0.0838623046875,-18.4326171875,45.471187591552734,7.751464366912842
0.6060791015625,-0.6336669921875,0.3646240234375,4.94384765625,-43.884273529052734,20.01953125
0.504638671875,-0.694091796875,0.354736328125,-17.27294921875,6.347655773162842,-11.047362327575684
0.3232421875,-0.9361572265625,0.2379150390625,-37.353515625,57.495113372802734,-48.217769622802734
0.1707763671875,-0.990234375,0.114013671875,-34.0576171875,54.016109466552734,-5.249022960662842
0.369140625,-0.89111328125,0.2523193359375,-7.141112804412842,5.126952648162842,23.193357467651367
0.45654296875,-0.9130859375,0.4071044921875,7.568358898162842,-15.991209983825684,32.1044921875
0.37744140625,-1.0091552734375,0.4219970703125,-5.920409679412842,23.742673873901367,14.892577171325684
0.43115234375,-1.0367431640625,0.3818359375,-23.681638717651367,72.509765625,-13.122557640075684
0.64453125,-0.988037109375,0.374755859375,-20.385740280151367,80.62743377685547,-28.015134811401367
0.69677734375,-0.820556640625,0.3094482421875,-2.3193359375,58.654781341552734,-19.4091796875
0.58203125,-0.6307373046875,0.228759765625,4.69970703125,42.114253997802734,-5.493163585662842
0.4947509765625,-0.5614013671875,0.222900390625,-8.60595703125,47.180171966552734,-6.530761241912842
0.490478515625,-0.649658203125,0.2398681640625,-24.780271530151367,57.678218841552734,-18.1884765625
0.5279541015625,-0.8193359375,0.208251953125,-28.930662155151367,54.931636810302734,-27.709959030151367
0.5296630859375,-0.8985595703125,0.1610107421875,-25.695798873901367,40.893550872802734,-28.198240280151367
0.4857177734375,-0.875244140625,0.1939697265625,-23.498533248901367,23.742673873901367,-22.766111373901367
0.393798828125,-0.86279296875,0.3258056640625,-19.6533203125,2.25830078125,-11.962889671325684
0.2950439453125,-0.8331298828125,0.431640625,-10.314940452575684,-17.39501953125,7.507323741912842
0.275146484375,-0.8077392578125,0.418212890625,-3.173827886581421,-15.930174827575684,12.145995140075684
0.3101806640625,-0.8841552734375,0.36181640625,-4.69970703125,8.36181640625,-2.624511480331421
0.4178466796875,-0.9874267578125,0.377197265625,-7.141112804412842,29.541013717651367,-12.634276390075684
0.5718994140625,-1.0330810546875,0.3907470703125,-2.50244140625,31.372068405151367,-12.023924827575684
0.64404296875,-1.01171875,0.28369140625,4.94384765625,24.963376998901367,-3.845214605331421
0.5772705078125,-0.89404296875,0.0999755859375,6.347655773162842,24.780271530151367,8.30078125
0.4710693359375,-0.7906494140625,-0.03857421875,2.44140625,25.390623092651367,18.37158203125
0.4564208984375,-0.791015625,-0.055908203125,-0.9765624403953552,16.357421875,16.54052734375
0.525146484375,-0.7891845703125,0.0943603515625,-1.8920897245407104,-6.103515148162842,6.774901866912842
0.581787109375,-0.7237548828125,0.3447265625,-3.967284917831421,-28.076169967651367,3.112792730331421
0.4403076171875,-0.7967529296875,0.4849853515625,-12.512206077575684,-20.01953125,-2.197265625
0.1871337890625,-0.899169921875,0.39111328125,-24.841306686401367,12.695311546325684,-18.24951171875
0.1729736328125,-0.8995361328125,0.2159423828125,-31.188962936401367,37.17041015625,-29.479978561401367
0.2982177734375,-0.94140625,0.152587890625,-26.123044967651367,39.85595703125,-23.742673873901367
0.33642578125,-0.9290771484375,0.2088623046875,-12.268065452575684,22.033689498901367,5.920409679412842
0.3447265625,-0.914306640625,0.3314208984375,2.807616949081421,-1.2817381620407104,44.860836029052734
0.31005859375,-0.9859619140625,0.4144287109375,3.906249761581421,4.57763671875,51.635738372802734
0.281982421875,-0.99462890625,0.401611328125,-7.263183116912842,36.56005859375,24.414060592651367
0.4666748046875,-0.9368896484375,0.402587890625,-9.765625,52.490230560302734,-6.774901866912842
0.7109375,-0.90087890625,0.403564453125,-5.798339366912842,52.490230560302734,-40.0390625
0.736572265625,-0.802978515625,0.3272705078125,-12.329100608825684,66.0400390625,-62.255855560302734
0.6322021484375,-0.67919921875,0.277587890625,-22.705076217651367,75.13427734375,-54.565425872802734
0.5406494140625,-0.656005859375,0.256591796875,-28.686521530151367,69.27490234375,-38.63525390625
0.5023193359375,-0.74560546875,0.2098388671875,-35.46142578125,71.59423828125,-34.3017578125
0.5062255859375,-0.8251953125,0.18896484375,-38.57421875,70.86181640625,-34.24072265625
0.5250244140625,-0.8233642578125,0.219970703125,-33.63037109375,51.391597747802734,-27.648923873901367
0.5318603515625,-0.8138427734375,0.2557373046875,-26.489255905151367,28.869626998901367,-21.850584030151367
0.48095703125,-0.8436279296875,0.25830078125,-22.033689498901367,17.15087890625,-18.73779296875
0.384033203125,-0.856689453125,0.267333984375,-15.441893577575684,2.685546636581421,-8.85009765625
0.28515625,-0.8653564453125,0.3214111328125,-7.080077648162842,-18.4326171875,5.554198741912842
0.283447265625,-0.9234619140625,0.3812255859375,-2.01416015625,-24.414060592651367,17.88330078125
0.43505859375,-0.959228515625,0.4041748046875,2.0751953125,-11.047362327575684,19.71435546875
0.5875244140625,-0.9337158203125,0.4072265625,6.652831554412842,1.03759765625,15.197752952575684
0.6314697265625,-0.93017578125,0.37646484375,7.263183116912842,7.568358898162842,10.986327171325684
0.5709228515625,-0.9244384765625,0.2308349609375,-0.1831054538488388,25.756834030151367,-1.7089842557907104
0.4693603515625,-0.86865234375,0.0133056640625,-12.084959983825684,52.551265716552734,-12.512206077575684
0.4527587890625,-0.8460693359375,-0.1522216796875,-19.10400390625,64.39208984375,-10.864256858825684
0.5242919921875,-0.849853515625,-0.1806640625,-12.695311546325684,36.31591796875,-1.9531248807907104
0.5667724609375,-0.84423828125,-0.0062255859375,11.352538108825684,-42.053218841552734,13.366698265075684
0.5013427734375,-0.81640625,0.2418212890625,28.869626998901367,-105.34667205810547,27.893064498901367
0.318359375,-0.8275146484375,0.3695068359375,17.08984375,-94.23827362060547,34.48486328125
0.1876220703125,-0.88134765625,0.313720703125,-2.807616949081421,-54.016109466552734,36.4990234375
0.1898193359375,-0.910888671875,0.1796875,-7.873534679412842,-39.00146484375,34.5458984375
0.1966552734375,-0.918701171875,0.123046875,-0.6713866591453552,-39.97802734375,35.64453125
0.215576171875,-0.917724609375,0.1600341796875,10.009765625,-33.0810546875,38.9404296875
0.2698974609375,-0.99755859375,0.294677734375,18.49365234375,-13.488768577575684,27.404783248901367
0.294189453125,-1.1085205078125,0.4266357421875,23.254392623901367,6.164550304412842,9.82666015625
0.3983154296875,-1.0914306640625,0.4224853515625,21.362302780151367,12.939452171325684,1.4038084745407104
0.5352783203125,-0.8079833984375,0.163818359375,-8.7890625,66.95556640625,-32.28759765625
0.4688720703125,-0.7071533203125,0.12744140625,-20.263669967651367,83.61815643310547,-35.2783203125
0.465087890625,-0.7318115234375,0.2091064453125,-16.54052734375,61.645503997802734,-26.794431686401367
0.41845703125,-0.8603515625,0.2559814453125,-16.29638671875,48.645015716552734,-19.6533203125
0.34326171875,-0.9364013671875,0.2022705078125,-22.705076217651367,60.729976654052734,-15.624999046325684
0.3502197265625,-0.89013671875,0.1435546875,-15.624999046325684,42.358394622802734,-17.88330078125
0.356201171875,-0.853759765625,0.1461181640625,-2.50244140625,0.7934569716453552,-20.874021530151367
0.3096923828125,-0.8642578125,0.2132568359375,1.7700194120407104,-19.47021484375,-11.291502952575684
0.2750244140625,-0.8717041015625,0.333740234375,5.310058116912842,-33.99658203125,4.33349609375
0.2447509765625,-0.8677978515625,0.4249267578125,9.6435546875,-44.128414154052734,12.695311546325684
0.2271728515625,-0.913330078125,0.4053955078125,6.225585460662842,-23.498533248901367,8.48388671875
0.312255859375,-1.0281982421875,0.329833984375,-0.1220703050494194,12.390135765075684,-6.530761241912842
0.45947265625,-1.07177734375,0.312255859375,2.929687261581421,19.04296875,-10.864256858825684
0.552978515625,-1.0416259765625,0.31298828125,13.305663108825684,-2.807616949081421,3.417968511581421
0.546142578125,-1.01171875,0.1951904296875,15.441893577575684,-5.310058116912842,5.371093273162842
0.466064453125,-0.93115234375,-0.016845703125,7.629394054412842,18.49365234375,-6.591796398162842
0.4189453125,-0.8604736328125,-0.1641845703125,4.150390625,24.291990280151367,-7.873534679412842
0.4417724609375,-0.82666015625,-0.1490478515625,11.413573265075684,-10.864256858825684,0.6713866591453552
0.4677734375,-0.8045654296875,0.0535888671875,24.291990280151367,-72.3876953125,10.009765625
0.4283447265625,-0.80810546875,0.3419189453125,25.817869186401367,-109.98534393310547,18.24951171875
0.3173828125,-0.81201171875,0.4599609375,4.39453125,-77.69775390625,23.315427780151367
0.2552490234375,-0.8399658203125,0.3326416015625,-20.263669967651367,-9.94873046875,16.11328125
0.2454833984375,-0.918701171875,0.1859130859375,-27.648923873901367,28.015134811401367,0.6103515625
0.195068359375,-0.9791259765625,0.17724609375,-20.812986373901367,23.193357467651367,0.7324218153953552
0.155029296875,-0.9632568359375,0.2445068359375,-9.58251953125,3.784179449081421,24.536130905151367
0.19873046875,-0.948974609375,0.305908203125,0.4272460639476776,-5.798339366912842,44.738765716552734
0.2476806640625,-1.0286865234375,0.354248046875,8.544921875,-4.0283203125,36.31591796875
0.3284912109375,-1.0623779296875,0.3536376953125,12.817381858825684,3.662109136581421,15.075682640075684
0.5377197265625,-0.990478515625,0.29248046875,10.070799827575684,20.690916061401367,-8.544921875
0.6441650390625,-0.90771484375,0.2083740234375,0.1831054538488388,44.738765716552734,-32.1044921875
0.573974609375,-0.80712890625,0.1690673828125,-15.380858421325684,68.78662109375,-40.527339935302734
0.4998779296875,-0.748046875,0.1949462890625,-25.756834030151367,77.94189453125,-35.7666015625
0.4342041015625,-0.8179931640625,0.16455078125,-23.498533248901367,70.068359375,-31.982419967651367
0.3760986328125,-0.910400390625,0.0584716796875,-12.695311546325684,51.696773529052734,-31.066892623901367
0.3662109375,-0.88720703125,0.0157470703125,-0.2441406100988388,19.6533203125,-25.024412155151367
0.381591796875,-0.8372802734375,0.1220703125,8.36181640625,-18.9208984375,-16.54052734375
0.348876953125,-0.8441162109375,0.293701171875,13.732909202575684,-48.950191497802734,-6.408690929412842
0.29541015625,-0.8463134765625,0.394775390625,15.441893577575684,-56.701656341552734,5.0048828125
0.25048828125,-0.8746337890625,0.3929443359375,12.145995140075684,-43.090816497802734,3.234863042831421
0.218505859375,-0.97119140625,0.3465576171875,6.530761241912842,-19.22607421875,-3.479003667831421
0.3206787109375,-1.0537109375,0.361572265625,7.751464366912842,-8.056640625,0.8544921278953552
0.506103515625,-1.0677490234375,0.428466796875,16.6015625,-15.930174827575684,12.756346702575684
0.5965576171875,-1.065673828125,0.3907470703125,20.141599655151367,-11.962889671325684,17.7001953125
0.5482177734375,-0.9957275390625,0.1705322265625,10.131834983825684,22.094724655151367,5.371093273162842
0.4525146484375,-0.8538818359375,-0.076904296875,-3.234863042831421,53.710933685302734,-5.187987804412842
0.431396484375,-0.7908935546875,-0.1856689453125,-4.0283203125,41.870113372802734,-0.8544921278953552
0.4700927734375,-0.788818359375,-0.1385498046875,7.751464366912842,-8.9111328125,9.27734375
0.531982421875,-0.7940673828125,0.061279296875,20.324705123901367,-70.37353515625,16.05224609375
0.565673828125,-0.790283203125,0.299560546875,20.690916061401367,-105.89598846435547,13.061522483825684
0.47314453125,-0.811767578125,0.3929443359375,3.356933355331421,-83.67919158935547,1.2817381620407104
0.24658203125,-0.90673828125,0.331298828125,-17.9443359375,-27.404783248901367,-10.070799827575684
0.1092529296875,-0.962646484375,0.1905517578125,-23.254392623901367,8.36181640625,-1.8920897245407104
0.1416015625,-0.9703369140625,0.06640625,-8.4228515625,1.0986328125,23.620603561401367
0.21435546875,-0.96826171875,0.07080078125,11.901854515075684,-32.8369140625,51.147457122802734
0.2886962890625,-0.9752197265625,0.239013671875,23.437498092651367,-62.499996185302734,66.83349609375
0.3099365234375,-1.0498046875,0.4091796875,27.770994186401367,-63.476558685302734,60.729976654052734
0.40283203125,-1.16845703125,0.391845703125,25.085447311401367,-28.015134811401367,31.860349655151367
0.538330078125,-1.1424560546875,0.208251953125,10.864256858825684,31.005857467651367,-12.390135765075684
0.5106201171875,-0.9031982421875,0.0211181640625,-0.7934569716453552,61.462398529052734,-32.77587890625
0.4266357421875,-0.7484130859375,-0.0135498046875,7.873534679412842,0.3662109076976776,8.60595703125
0.459228515625,-0.8975830078125,-0.00146484375,12.451170921325684,-23.681638717651367,20.446775436401367
0.45068359375,-0.9781494140625,-0.024658203125,17.333984375,-46.997066497802734,16.7236328125
0.4041748046875,-0.9339599609375,0.0035400390625,23.986814498901367,-80.26123046875,3.417968511581421
0.3707275390625,-0.8360595703125,0.13623046875,27.160642623901367,-111.75536346435547,-0.2441406100988388
0.3585205078125,-0.7606201171875,0.287353515625,24.963376998901367,-124.02342987060547,5.554198741912842
0.356201171875,-0.7601318359375,0.3746337890625,20.202634811401367,-114.44091033935547,0.6103515625
0.33935546875,-0.84716796875,0.3822021484375,12.756346702575684,-86.12059783935547,-18.85986328125
0.2574462890625,-0.966796875,0.2747802734375,5.0048828125,-44.738765716552734,-31.921384811401367
0.2427978515625,-1.0023193359375,0.1270751953125,11.596678733825684,-26.794431686401367,-21.911619186401367
0.4268798828125,-1.0235595703125,0.0814208984375,42.297359466552734,-66.71142578125,5.371093273162842
0.6533203125,-1.1571044921875,0.075927734375,74.0966796875,-115.96678924560547,27.526853561401367
0.6854248046875,-1.1708984375,-0.0147705078125,80.26123046875,-117.37059783935547,30.761716842651367
0.57421875,-0.9522705078125,-0.1822509765625,65.4296875,-91.91893768310547,33.63037109375
0.5496826171875,-0.75390625,-0.3585205078125,56.213375091552734,-89.23339080810547,39.9169921875
0.628173828125,-0.732421875,-0.4276123046875,64.453125,-125.36620330810547,33.02001953125
0.69091796875,-0.8201904296875,-0.2979736328125,73.1201171875,-169.43357849121094,18.98193359375
0.6676025390625,-0.8641357421875,-0.0570068359375,72.265625,-194.94627380371094,17.7001953125
0.59130859375,-0.79150390625,0.1602783203125,67.138671875,-204.46775817871094,36.43798828125
0.5509033203125,-0.6845703125,0.3172607421875,58.532711029052734,-201.29393005371094,52.917476654052734
0.57470703125,-0.6566162109375,0.39453125,43.884273529052734,-174.07225036621094,40.161128997802734
0.5711669921875,-0.770751953125,0.34765625,28.564451217651367,-125.91551971435547,-0.0610351525247097
0.4539794921875,-1.0238037109375,0.1951904296875,27.221677780151367,-91.91893768310547,-43.029781341552734
0.197509765625,-1.2213134765625,0.0584716796875,35.400390625,-78.55224609375,-47.546382904052734
-0.0721435546875,-1.2071533203125,0.065185546875,42.663570404052734,-78.7353515625,3.051757574081421
-0.0596923828125,-1.09423828125,0.1785888671875,62.438961029052734,-114.50194549560547,65.00244140625
0.3389892578125,-1.100341796875,0.218994140625,86.48680877685547,-143.9208984375,61.218257904052734
0.7303466796875,-1.062255859375,0.0958251953125,91.18651580810547,-118.40819549560547,18.00537109375
0.7569580078125,-0.7664794921875,-0.11962890625,79.7119140625,-83.31298065185547,38.87939453125
0.62060546875,-0.5283203125,-0.22021484375,67.81005859375,-89.47753143310547,83.74022674560547
0.5936279296875,-0.618408203125,-0.09033203125,63.171382904052734,-116.33300018310547,57.861324310302734
0.606201171875,-0.819580078125,0.1016845703125,55.969234466552734,-109.19188690185547,-6.286620616912842
0.5560302734375,-0.8773193359375,0.2171630859375,38.02490234375,-70.556640625,-34.60693359375
0.4910888671875,-0.8348388671875,0.2938232421875,20.324705123901367,-42.846675872802734,-24.536130905151367
0.4383544921875,-0.7926025390625,0.3492431640625,13.000487327575684,-37.53662109375,-10.314940452575684
0.3917236328125,-0.8133544921875,0.3590087890625,14.465331077575684,-42.663570404052734,-11.474608421325684
0.2655029296875,-0.9554443359375,0.3553466796875,20.385740280151367,-50.292964935302734,-21.911619186401367
0.1695556640625,-1.0406494140625,0.3321533203125,28.076169967651367,-53.833003997802734,-16.41845703125
0.2669677734375,-1.023681640625,0.2882080078125,34.85107421875,-52.001949310302734,-1.5869139432907104
0.4053955078125,-1.04248046875,0.2628173828125,37.4755859375,-46.569820404052734,11.657713890075684
0.5584716796875,-1.0513916015625,0.2742919921875,35.400390625,-37.4755859375,35.7666015625
0.57861328125,-1.0325927734375,0.2452392578125,29.113767623901367,-28.015134811401367,31.677244186401367
0.4908447265625,-0.9190673828125,0.0965576171875,21.057126998901367,-9.521484375,25.939939498901367
0.39111328125,-0.7930908203125,-0.1014404296875,18.37158203125,1.220703125,23.925779342651367
0.3973388671875,-0.782470703125,-0.2392578125,22.277830123901367,-8.97216796875,22.521970748901367
0.4486083984375,-0.8203125,-0.1939697265625,31.433103561401367,-49.072261810302734,20.080564498901367
0.462890625,-0.818603515625,0.0418701171875,37.4755859375,-101.68456268310547,17.76123046875
0.44970703125,-0.795166015625,0.2911376953125,27.709959030151367,-117.91991424560547,14.160155296325684
0.3968505859375,-0.7864990234375,0.3770751953125,4.39453125,-80.93260955810547,9.58251953125
0.3162841796875,-0.851318359375,0.2791748046875,-18.06640625,-22.277830123901367,-1.8920897245407104
0.2376708984375,-0.96826171875,0.1448974609375,-29.479978561401367,19.95849609375,-14.709471702575684
0.1612548828125,-1.0400390625,0.0899658203125,-25.939939498901367,24.841306686401367,-10.131834983825684
0.154296875,-1.0335693359375,0.14013671875,-7.202147960662842,-10.192870140075684,10.986327171325684
0.2691650390625,-1.0198974609375,0.2965087890625,19.71435546875,-62.316890716552734,29.541013717651367
0.4619140625,-1.048828125,0.448974609375,38.818359375,-84.04540252685547,32.5927734375
0.6448974609375,-1.0438232421875,0.427490234375,29.846189498901367,-32.77587890625,18.9208984375
0.6788330078125,-0.9146728515625,0.232421875,-2.563476324081421,59.631343841552734,-2.929687261581421
0.5784912109375,-0.7552490234375,0.0242919921875,-27.282712936401367,112.85399627685547,-17.7001953125
0.4801025390625,-0.732421875,-0.049560546875,-31.188962936401367,103.45458221435547,-23.010251998901367
0.4091796875,-0.79931640625,-0.0086669921875,-23.559568405151367,65.0634765625,-20.01953125
0.38037109375,-0.859619140625,0.040771484375,-14.709471702575684,31.127927780151367,-12.939452171325684
0.40380859375,-0.894287109375,0.058349609375,-8.056640625,9.27734375,-9.94873046875
0.43603515625,-0.8909912109375,0.0716552734375,-2.807616949081421,-6.042479991912842,-5.554198741912842
0.447021484375,-0.8709716796875,0.1380615234375,0.2441406100988388,-17.02880859375,0.4272460639476776
0.4327392578125,-0.8516845703125,0.2569580078125,0.6103515625,-24.291990280151367,-1.03759765625
0.30517578125,-0.9073486328125,0.3150634765625,-0.4882812201976776,-21.728513717651367,-5.859374523162842
0.149169921875,-0.9742431640625,0.3038330078125,0.9155272841453552,-9.70458984375,4.5166015625
0.2242431640625,-0.98388671875,0.33837890625,7.507323741912842,2.685546636581421,19.59228515625
0.4464111328125,-1.0589599609375,0.3638916015625,12.756346702575684,20.751951217651367,14.648436546325684
0.606201171875,-1.129150390625,0.278076171875,14.587401390075684,37.109375,3.784179449081421
0.5926513671875,-1.0008544921875,0.1058349609375,13.977049827575684,38.6962890625,1.8920897245407104
0.48583984375,-0.7760009765625,-0.01123046875,6.469726085662842,34.912109375,8.48388671875
0.4893798828125,-0.694580078125,-0.0106201171875,-7.385253429412842,39.48974609375,8.056640625
0.5611572265625,-0.7178955078125,0.04833984375,-22.460935592651367,50.537105560302734,-5.676269054412842
0.5784912109375,-0.74072265625,0.1431884765625,-31.188962936401367,48.034664154052734,-15.930174827575684
0.5247802734375,-0.798828125,0.2144775390625,-32.958984375,32.8369140625,-30.700681686401367
0.3802490234375,-0.9075927734375,0.228271484375,-33.38623046875,22.277830123901367,-49.743648529052734
0.1995849609375,-0.9775390625,0.2222900390625,-32.89794921875,19.287109375,-50.903316497802734
0.2025146484375,-0.952880859375,0.21484375,-31.494138717651367,24.658201217651367,-34.912109375
0.3194580078125,-0.903564453125,0.22509765625,-30.151365280151367,35.2783203125,-16.2353515625
0.3597412109375,-0.8621826171875,0.269287109375,-28.503416061401367,42.724605560302734,5.676269054412842
0.3985595703125,-0.8780517578125,0.2762451171875,-27.709959030151367,53.710933685302734,21.728513717651367
0.4708251953125,-1.048828125,0.18994140625,-18.06640625,67.56591796875,2.563476324081421
0.620361328125,-0.97412109375,0.25390625,-5.981444835662842,54.626461029052734,1.0986328125
0.7122802734375,-0.791259765625,0.35595703125,2.3193359375,41.320796966552734,-6.958007335662842
0.671875,-0.6531982421875,0.405517578125,-1.4038084745407104,45.959468841552734,-16.6015625
0.61962890625,-0.6502685546875,0.3984375,-17.822265625,68.90869140625,-19.71435546875
0.5677490234375,-0.7518310546875,0.330078125,-39.306640625,98.99901580810547,-30.456541061401367
0.5352783203125,-0.8240966796875,0.2694091796875,-52.978511810302734,116.08885955810547,-47.668453216552734
0.521484375,-0.801025390625,0.2811279296875,-45.898433685302734,93.07860565185547,-48.095699310302734
0.512939453125,-0.765625,0.283447265625,-30.517576217651367,57.678218841552734,-31.005857467651367
0.50146484375,-0.8082275390625,0.2154541015625,-25.329587936401367,48.950191497802734,-24.475095748901367
0.4803466796875,-0.85888671875,0.1492919921875,-26.062009811401367,48.706050872802734,-29.418943405151367
0.4591064453125,-0.86474609375,0.2061767578125,-22.583005905151367,29.785154342651367,-29.235837936401367
0.370849609375,-0.9007568359375,0.38330078125,-12.878417015075684,-2.746581792831421,-14.648436546325684
0.3233642578125,-0.950927734375,0.52392578125,-4.33349609375,-13.977049827575684,9.8876953125
0.47607421875,-0.9752197265625,0.520263671875,-4.8828125,15.502928733825684,15.502928733825684
0.6781005859375,-0.95556640625,0.197021484375,-9.765625,57.434078216552734,13.977049827575684
0.5888671875,-0.8974609375,0.0340576171875,-13.549803733825684,57.312007904052734,22.094724655151367
0.4793701171875,-0.798583984375,-0.0362548828125,-20.202634811401367,52.612300872802734,28.625486373901367
0.4615478515625,-0.6849365234375,0.074951171875,-23.071287155151367,30.090330123901367,27.282712936401367
0.5357666015625,-0.6124267578125,0.3321533203125,-21.545408248901367,-1.8310545682907104,17.333984375
0.5523681640625,-0.5657958984375,0.4512939453125,-26.306150436401367,1.4648436307907104,4.45556640625
0.475341796875,-0.71142578125,0.3314208984375,-41.564937591552734,47.180171966552734,-27.160642623901367
0.30908203125,-0.993896484375,0.1295166015625,-53.894039154052734,85.69335174560547,-58.654781341552734
0.2008056640625,-1.0504150390625,0.0316162109375,-49.011226654052734,73.8525390625,-45.410152435302734
0.2562255859375,-0.9483642578125,0.0999755859375,-28.381345748901367,26.611326217651367,-14.343260765075684
0.3343505859375,-0.9068603515625,0.1856689453125,-15.380858421325684,8.60595703125,6.225585460662842
0.36669921875,-0.986328125,0.2041015625,-20.690916061401367,38.6962890625,18.49365234375
0.3382568359375,-1.09814453125,0.2225341796875,-23.193357467651367,62.255855560302734,15.441893577575684
0.4793701171875,-0.9827880859375,0.4085693359375,23.010251998901367,-4.150390625,19.71435546875
0.6258544921875,-0.7724609375,0.4156494140625,29.663084030151367,-2.3193359375,12.207030296325684
0.63720703125,-0.644775390625,0.290283203125,9.33837890625,43.701168060302734,-14.892577171325684
0.5877685546875,-0.67431640625,0.169189453125,-18.73779296875,86.24266815185547,-39.24560546875
0.5164794921875,-0.822998046875,0.1279296875,-40.893550872802734,107.97118377685547,-46.874996185302734
0.441162109375,-0.9359130859375,0.1004638671875,-46.447750091552734,108.52050018310547,-38.2080078125
0.423828125,-0.8978271484375,0.100341796875,-26.489255905151367,67.0166015625,-21.179197311401367
0.4462890625,-0.7939453125,0.1475830078125,-1.0986328125,8.48388671875,-9.6435546875
0.4459228515625,-0.7730712890625,0.19384765625,5.432128429412842,-15.136717796325684,-10.070799827575684
0.4002685546875,-0.8470458984375,0.228759765625,-0.4882812201976776,-10.070799827575684,-14.526366233825684
0.35205078125,-0.89111328125,0.27099609375,-0.2441406100988388,-13.671874046325684,-11.962889671325684
0.2962646484375,-0.916015625,0.30908203125,6.225585460662842,-25.817869186401367,-1.8920897245407104
0.282470703125,-0.996337890625,0.3128662109375,9.46044921875,-23.193357467651367,9.6435546875
0.4293212890625,-1.0504150390625,0.304931640625,11.779784202575684,-14.831542015075684,13.610838890075684
0.6031494140625,-1.0377197265625,0.2926025390625,18.9208984375,-22.583005905151367,14.831542015075684
0.654296875,-1.01806640625,0.2393798828125,23.376462936401367,-31.860349655151367,14.831542015075684
0.5732421875,-0.947998046875,0.1048583984375,17.27294921875,-20.01953125,8.11767578125
0.4632568359375,-0.8201904296875,-0.0810546875,9.82666015625,-4.94384765625,11.962889671325684
0.447021484375,-0.76708984375,-0.1934814453125,16.41845703125,-22.949216842651367,20.263669967651367
0.470458984375,-0.80126953125,-0.1170654296875,36.92626953125,-77.33154296875,18.00537109375
0.4639892578125,-0.837890625,0.118896484375,46.325679779052734,-119.01854705810547,16.78466796875
0.406982421875,-0.8499755859375,0.3446044921875,29.174802780151367,-104.61425018310547,22.766111373901367
0.303955078125,-0.8489990234375,0.4102783203125,2.624511480331421,-55.603023529052734,29.785154342651367
0.24462890625,-0.8541259765625,0.3095703125,-11.840819358825684,-20.324705123901367,23.742673873901367
0.23876953125,-0.89111328125,0.1923828125,-12.695311546325684,-13.061522483825684,5.310058116912842
0.2060546875,-0.956298828125,0.1956787109375,-9.33837890625,5.249022960662842,24.047849655151367
0.22412109375,-1.01611328125,0.1920166015625,-7.995604991912842,25.695798873901367,41.687007904052734
0.2230224609375,-1.131103515625,0.2161865234375,2.38037109375,17.578125,34.48486328125
0.348876953125,-1.149169921875,0.247314453125,21.545408248901367,-20.690916061401367,18.85986328125
0.5992431640625,-1.0406494140625,0.2122802734375,30.822751998901367,-33.87451171875,-3.051757574081421
0.64404296875,-0.861328125,0.1322021484375,20.751951217651367,-5.737304210662842,-23.376462936401367
0.4757080078125,-0.708984375,0.0975341796875,1.4038084745407104,26.428220748901367,-25.024412155151367
0.3641357421875,-0.7109375,0.155517578125,-13.488768577575684,44.372554779052734,-18.1884765625
0.3643798828125,-0.8248291015625,0.194580078125,-17.7001953125,52.551265716552734,-16.845703125
0.386474609375,-0.9390869140625,0.148193359375,-11.413573265075684,46.630855560302734,-20.874021530151367
0.4010009765625,-0.9619140625,0.1092529296875,3.479003667831421,12.390135765075684,-20.263669967651367
0.4039306640625,-0.9029541015625,0.138916015625,16.9677734375,-33.99658203125,-10.498045921325684
0.369384765625,-0.85693359375,0.211181640625,18.49365234375,-58.898921966552734,2.44140625
0.2994384765625,-0.8701171875,0.29736328125,12.145995140075684,-62.499996185302734,8.056640625
0.20849609375,-0.8890380859375,0.3779296875,0.0610351525247097,-55.908199310302734,4.150390625
0.1654052734375,-0.9183349609375,0.3988037109375,-24.353025436401367,-17.9443359375,-14.404295921325684
0.3062744140625,-1.0179443359375,0.34423828125,-48.278804779052734,50.964351654052734,-49.621578216552734
0.546630859375,-1.084228515625,0.2740478515625,-46.386714935302734,85.99852752685547,-55.114742279052734
0.674560546875,-1.0455322265625,0.2010498046875,-16.7236328125,56.762691497802734,1.220703125
0.635009765625,-0.95361328125,0.091796875,16.9677734375,8.11767578125,62.499996185302734
0.502685546875,-0.8458251953125,-0.0244140625,32.470703125,-16.357421875,74.52392578125
0.4130859375,-0.783447265625,-0.0997314453125,33.8134765625,-21.850584030151367,48.767086029052734
0.4154052734375,-0.7940673828125,-0.08544921875,36.80419921875,-37.65869140625,17.27294921875
0.4490966796875,-0.7989501953125,0.0330810546875,42.602535247802734,-72.57080078125,2.868652105331421
0.479736328125,-0.7598876953125,0.1868896484375,41.809078216552734,-102.78319549560547,0.0
0.4556884765625,-0.7701416015625,0.281494140625,26.733396530151367,-93.50585174560547,-7.385253429412842
0.266845703125,-0.995849609375,0.2874755859375,-4.0283203125,-39.97802734375,-20.141599655151367
0.1639404296875,-1.1473388671875,0.128662109375,-28.137205123901367,-1.5869139432907104,-10.742186546325684
0.212646484375,-1.03076171875,0.0059814453125,-20.935056686401367,-33.99658203125,34.36279296875
0.2113037109375,-0.8875732421875,0.116455078125,2.13623046875,-81.05467987060547,70.49560546875
0.26904296875,-0.8319091796875,0.3133544921875,20.202634811401367,-78.2470703125,68.115234375
0.2410888671875,-1.0546875,0.506103515625,30.334470748901367,5.676269054412842,27.648923873901367
0.251708984375,-1.0284423828125,0.3778076171875,24.108884811401367,10.498045921325684,17.88330078125
0.4244384765625,-0.9339599609375,0.2257080078125,3.540038824081421,21.118162155151367,-13.000487327575684
0.6009521484375,-0.8651123046875,0.1201171875,-24.108884811401367,71.59423828125,-49.743648529052734
0.4556884765625,-0.806884765625,0.070556640625,-52.185054779052734,127.62450408935547,-21.667478561401367
0.277099609375,-0.781982421875,0.103515625,-39.73388671875,119.68993377685547,5.065917491912842
0.2601318359375,-0.853271484375,0.1309814453125,-11.718749046325684,94.17723846435547,-15.808104515075684
0.3358154296875,-0.9263916015625,0.154541015625,8.9111328125,46.142574310302734,-51.452632904052734
0.3583984375,-0.9619140625,0.154296875,14.648436546325684,7.629394054412842,-49.621578216552734
0.340087890625,-0.941650390625,0.2037353515625,14.770506858825684,-15.869139671325684,-24.291990280151367
0.302978515625,-0.8807373046875,0.3106689453125,18.1884765625,-40.893550872802734,-2.685546636581421
0.2154541015625,-0.8731689453125,0.3765869140625,21.240232467651367,-53.161617279052734,16.66259765625
0.213134765625,-0.985107421875,0.4146728515625,18.5546875,-41.503902435302734,24.169919967651367
0.3436279296875,-1.1036376953125,0.446044921875,11.596678733825684,-17.88330078125,6.652831554412842
0.43359375,-1.1041259765625,0.4036865234375,1.7700194120407104,8.544921875,-13.366698265075684
0.4945068359375,-1.0572509765625,0.2735595703125,-5.920409679412842,25.390623092651367,-23.315427780151367
0.583984375,-1.02001953125,0.0721435546875,-4.2724609375,23.498533248901367,-28.564451217651367
0.5699462890625,-0.941162109375,-0.123046875,2.868652105331421,11.413573265075684,-5.737304210662842
0.452880859375,-0.84912109375,-0.1844482421875,5.859374523162842,-3.540038824081421,29.357908248901367
0.3436279296875,-0.8133544921875,-0.0570068359375,7.263183116912842,-29.174802780151367,32.958984375
0.29052734375,-0.800048828125,0.1949462890625,12.634276390075684,-64.27001953125,16.78466796875
0.2926025390625,-0.7576904296875,0.368896484375,10.803221702575684,-71.2890625,11.169432640075684
0.27880859375,-0.7662353515625,0.311767578125,-6.835937023162842,-28.137205123901367,11.779784202575684
0.2159423828125,-0.8795166015625,0.129638671875,-24.963376998901367,17.51708984375,6.286620616912842
0.166015625,-0.9732666015625,0.0772705078125,-24.475095748901367,6.835937023162842,4.57763671875
0.143798828125,-0.9969482421875,0.2120361328125,-8.60595703125,-35.400390625,10.681151390075684
0.1468505859375,-0.9627685546875,0.3148193359375,4.39453125,-41.076656341552734,26.245115280151367
0.185302734375,-0.9892578125,0.3194580078125,6.103515148162842,-5.737304210662842,36.7431640625
0.1983642578125,-1.0821533203125,0.301513671875,4.8828125,24.047849655151367,26.062009811401367
0.291748046875,-1.0682373046875,0.2781982421875,7.019042491912842,20.568845748901367,11.169432640075684
0.5546875,-1.0181884765625,0.28515625,6.652831554412842,22.033689498901367,-8.60595703125
0.7042236328125,-0.9088134765625,0.2689208984375,-4.45556640625,61.645503997802734,-41.015621185302734
0.6253662109375,-0.7440185546875,0.21484375,-16.05224609375,89.72167205810547,-49.865718841552734
0.4779052734375,-0.7117919921875,0.1646728515625,-18.37158203125,79.4677734375,-32.16552734375
0.34228515625,-0.8270263671875,0.1199951171875,-19.4091796875,66.34521484375,-29.357908248901367
0.301025390625,-0.902587890625,0.1136474609375,-12.939452171325684,42.602535247802734,-34.11865234375
0.3416748046875,-0.868408203125,0.169677734375,1.220703125,0.54931640625,-28.442380905151367
0.3399658203125,-0.8680419921875,0.23388671875,3.234863042831421,-16.17431640625,-20.446775436401367
0.3197021484375,-0.90869140625,0.2716064453125,-2.3193359375,-9.6435546875,-12.268065452575684
0.3455810546875,-0.9075927734375,0.291748046875,-0.2441406100988388,-13.793944358825684,-6.835937023162842
0.34228515625,-0.8671875,0.2762451171875,5.0048828125,-23.132322311401367,-5.310058116912842
0.2757568359375,-0.9063720703125,0.2529296875,7.080077648162842,-24.108884811401367,-2.38037109375
0.2978515625,-1.0177001953125,0.304443359375,7.812499523162842,-19.10400390625,1.9531248807907104
0.4371337890625,-1.0543212890625,0.4122314453125,11.230467796325684,-16.54052734375,9.3994140625
0.55712890625,-1.086181640625,0.4228515625,15.441893577575684,-10.192870140075684,16.78466796875
0.622802734375,-1.1221923828125,0.222900390625,12.695311546325684,14.953612327575684,5.187987804412842
0.6142578125,-0.99267578125,-0.0980224609375,4.82177734375,39.306640625,-7.263183116912842
0.5396728515625,-0.75341796875,-0.285888671875,9.94873046875,9.58251953125,14.282225608825684
0.472412109375,-0.633056640625,-0.181640625,32.89794921875,-71.044921875,36.19384765625
0.408203125,-0.835205078125,0.4566650390625,17.88330078125,-85.87645721435547,-0.54931640625
0.274658203125,-0.8948974609375,0.4815673828125,-21.728513717651367,-5.676269054412842,3.662109136581421
0.2216796875,-0.895751953125,0.2327880859375,-38.02490234375,37.65869140625,8.48388671875
0.2430419921875,-0.90478515625,0.07373046875,-25.451658248901367,23.803709030151367,2.990722417831421
0.2164306640625,-0.9366455078125,0.1187744140625,-5.187987804412842,-10.864256858825684,5.981444835662842
0.1737060546875,-0.9625244140625,0.1964111328125,5.432128429412842,-29.785154342651367,25.817869186401367
0.2135009765625,-0.9808349609375,0.2320556640625,5.798339366912842,-26.550291061401367,46.752925872802734
0.2623291015625,-1.0721435546875,0.2744140625,4.0283203125,-11.718749046325684,44.433589935302734
0.3101806640625,-1.120849609375,0.2713623046875,5.920409679412842,-0.8544921278953552,28.259275436401367
0.494873046875,-1.0457763671875,0.2135009765625,7.141112804412842,10.742186546325684,8.7890625
0.6287841796875,-0.9029541015625,0.1640625,1.4648436307907104,35.46142578125,-16.90673828125
0.5560302734375,-0.7520751953125,0.1314697265625,-9.27734375,53.894039154052734,-28.869626998901367
0.4317626953125,-0.712646484375,0.1295166015625,-17.4560546875,55.053707122802734,-25.024412155151367
0.3699951171875,-0.8193359375,0.11572265625,-15.441893577575684,45.898433685302734,-24.291990280151367
0.376953125,-0.9312744140625,0.074951171875,-3.601073980331421,24.291990280151367,-26.184080123901367
0.4140625,-0.919677734375,0.0594482421875,9.765625,-10.437010765075684,-27.099607467651367
0.4093017578125,-0.869873046875,0.1009521484375,14.831542015075684,-37.78076171875,-25.329587936401367
0.33935546875,-0.8643798828125,0.1680908203125,13.183592796325684,-44.860836029052734,-11.535643577575684
0.2752685546875,-0.869384765625,0.23046875,15.686034202575684,-48.706050872802734,7.385253429412842
0.2471923828125,-0.8653564453125,0.2864990234375,22.033689498901367,-58.227535247802734,14.648436546325684
0.2781982421875,-1.0531005859375,0.2198486328125,18.9208984375,-36.19384765625,12.145995140075684
0.435791015625,-1.11767578125,0.22802734375,20.629880905151367,-33.69140625,12.390135765075684
0.563232421875,-1.1295166015625,0.2847900390625,31.311033248901367,-58.288570404052734,17.578125
0.6011962890625,-1.12353515625,0.217529296875,37.59765625,-70.25146484375,14.099120140075684
0.54443359375,-0.9791259765625,-0.0040283203125,31.494138717651367,-53.161617279052734,3.417968511581421
0.4566650390625,-0.7626953125,-0.2100830078125,28.259275436401367,-49.743648529052734,8.23974609375
0.4454345703125,-0.7027587890625,-0.2757568359375,35.94970703125,-78.61328125,16.6015625
0.4940185546875,-0.7939453125,-0.203857421875,38.14697265625,-100.28075408935547,10.681151390075684
0.49560546875,-0.8873291015625,-0.03369140625,31.677244186401367,-106.44530487060547,7.141112804412842
0.4368896484375,-0.9267578125,0.1597900390625,32.1044921875,-123.35204315185547,16.845703125
0.391357421875,-0.89453125,0.270263671875,39.12353515625,-140.869140625,31.555173873901367
0.35546875,-0.8587646484375,0.3345947265625,41.137691497802734,-137.75634765625,38.87939453125
0.2879638671875,-0.8958740234375,0.3739013671875,33.75244140625,-114.07469940185547,28.076169967651367
0.2108154296875,-0.9656982421875,0.3277587890625,17.7001953125,-70.3125,14.343260765075684
0.1654052734375,-0.9832763671875,0.254150390625,2.746581792831421,-24.658201217651367,23.010251998901367
0.139404296875,-1.005126953125,0.2333984375,-4.0283203125,3.784179449081421,38.75732421875
0.1104736328125,-1.068359375,0.2181396484375,-0.1220703050494194,15.441893577575684,45.043941497802734
0.1343994140625,-1.041015625,0.1575927734375,15.991209983825684,4.8828125,44.372554779052734
0.3077392578125,-0.98681640625,0.136962890625,34.85107421875,-23.681638717651367,23.925779342651367
0.5513916015625,-0.984130859375,0.14501953125,44.616695404052734,-39.48974609375,-21.484373092651367
0.6309814453125,-0.88134765625,0.0743408203125,41.320796966552734,-27.587888717651367,-51.574703216552734
0.5782470703125,-0.7496337890625,0.0252685546875,27.832029342651367,-11.352538108825684,-36.80419921875
0.526611328125,-0.779541015625,0.069580078125,12.268065452575684,-4.08935546875,-15.258788108825684
0.4522705078125,-0.86669921875,0.1009521484375,0.54931640625,3.112792730331421,-8.36181640625
0.374755859375,-0.881591796875,0.11279296875,-1.4038084745407104,-3.234863042831421,-8.23974609375
0.334716796875,-0.8668212890625,0.164794921875,6.835937023162842,-32.77587890625,-12.817381858825684
0.3218994140625,-0.88427734375,0.2421875,12.756346702575684,-55.603023529052734,-15.624999046325684
0.3043212890625,-0.883544921875,0.2984619140625,12.817381858825684,-57.678218841552734,-8.9111328125
0.2894287109375,-0.8492431640625,0.3548583984375,14.953612327575684,-59.631343841552734,4.5166015625
0.2841796875,-0.8687744140625,0.454833984375,17.578125,-60.852046966552734,12.207030296325684
0.313232421875,-0.9410400390625,0.5244140625,15.869139671325684,-42.175289154052734,13.610838890075684
0.3763427734375,-1.0406494140625,0.4678955078125,6.347655773162842,3.356933355331421,6.408690929412842
0.4205322265625,-1.1302490234375,0.3218994140625,-11.413573265075684,61.767574310302734,0.2441406100988388
0.5203857421875,-1.1395263671875,0.2330322265625,-15.380858421325684,72.69287109375,10.925292015075684
0.59912109375,-1.0360107421875,0.1895751953125,4.08935546875,23.559568405151367,27.587888717651367
0.542236328125,-0.8707275390625,0.112548828125,18.06640625,-6.835937023162842,37.41455078125
0.4716796875,-0.74267578125,0.0587158203125,7.812499523162842,15.258788108825684,31.555173873901367
0.4769287109375,-0.6676025390625,0.09375,-12.756346702575684,48.156734466552734,12.329100608825684
0.5164794921875,-0.6187744140625,0.2139892578125,-28.015134811401367,59.631343841552734,-0.7934569716453552
0.4949951171875,-0.6072998046875,0.291748046875,-35.46142578125,58.166500091552734,-9.33837890625
0.41845703125,-0.700927734375,0.24853515625,-36.1328125,53.833003997802734,-36.68212890625
0.219970703125,-0.9691162109375,0.1973876953125,-33.69140625,45.227046966552734,-69.2138671875
0.09326171875,-1.0711669921875,0.199951171875,-32.470703125,28.320310592651367,-64.51416015625
0.2442626953125,-0.93115234375,0.2698974609375,-23.864744186401367,4.33349609375,-34.7900390625
0.4332275390625,-0.8563232421875,0.38037109375,-8.544921875,0.7324218153953552,-1.5258787870407104
0.48974609375,-0.8843994140625,0.41650390625,-10.925292015075684,39.4287109375,19.4091796875
0.4295654296875,-0.90625,0.374755859375,-34.423828125,90.27098846435547,2.44140625
0.4068603515625,-0.8375244140625,0.3348388671875,-51.452632904052734,114.37987518310547,-21.850584030151367
0.6512451171875,-0.84375,0.405029296875,-47.729488372802734,121.94823455810547,-23.803709030151367
0.9248046875,-0.8857421875,0.4989013671875,-39.36767578125,129.45556640625,-39.48974609375
0.8826904296875,-0.803955078125,0.4542236328125,-46.447750091552734,134.6435546875,-71.2890625
0.7078857421875,-0.7174072265625,0.3153076171875,-59.814449310302734,130.06591796875,-79.77294921875
0.631103515625,-0.717041015625,0.2318115234375,-68.2373046875,121.09374237060547,-65.00244140625
0.656982421875,-0.70654296875,0.290771484375,-77.392578125,121.09374237060547,-44.677730560302734
0.662841796875,-0.63818359375,0.37109375,-83.37401580810547,122.80272674560547,-31.433103561401367
0.6165771484375,-0.6002197265625,0.336669921875,-80.26123046875,116.33300018310547,-31.311033248901367
0.572021484375,-0.6390380859375,0.249755859375,-70.98388671875,102.41698455810547,-38.0859375
0.5450439453125,-0.6639404296875,0.2364501953125,-59.692378997802734,83.12987518310547,-33.63037109375
0.5291748046875,-0.6337890625,0.328857421875,-47.180171966552734,60.058589935302734,-18.49365234375
0.3900146484375,-0.8624267578125,0.434326171875,-36.07177734375,40.771480560302734,-13.488768577575684
0.3175048828125,-1.0853271484375,0.547119140625,-29.724119186401367,44.311519622802734,8.7890625
0.6011962890625,-1.0992431640625,0.5858154296875,-22.583005905151367,59.692378997802734,26.489255905151367
0.808349609375,-1.0672607421875,0.3526611328125,-22.583005905151367,74.3408203125,-23.071287155151367
0.67333984375,-0.8258056640625,0.0672607421875,-41.931148529052734,100.70800018310547,-48.095699310302734
0.57373046875,-0.6458740234375,0.05126953125,-58.410640716552734,116.88231658935547,-15.014647483825684
0.6497802734375,-0.6209716796875,0.2584228515625,-52.368160247802734,105.65184783935547,-1.4038084745407104
0.6851806640625,-0.548828125,0.437255859375,-39.9169921875,97.96141815185547,12.023924827575684
0.646484375,-0.53466796875,0.4130859375,-35.09521484375,96.86278533935547,7.873534679412842
0.6214599609375,-0.8267822265625,0.1121826171875,-44.677730560302734,87.76854705810547,-98.99901580810547
0.470458984375,-0.9244384765625,0.064208984375,-55.786128997802734,95.21483612060547,-85.63231658935547
0.2508544921875,-1.0045166015625,0.119384765625,-54.626461029052734,84.83885955810547,-48.461910247802734
0.2821044921875,-0.9525146484375,0.263671875,-37.90283203125,52.062984466552734,-16.41845703125
0.4630126953125,-0.9132080078125,0.406494140625,-23.437498092651367,30.578611373901367,-7.629394054412842
0.4676513671875,-0.8997802734375,0.443115234375,-26.428220748901367,41.259761810302734,-12.023924827575684
0.5029296875,-0.808349609375,0.42724609375,-34.48486328125,61.950679779052734,-2.13623046875
0.751708984375,-0.77392578125,0.5057373046875,-28.808591842651367,67.32177734375,-3.417968511581421
0.8759765625,-0.572265625,0.5299072265625,-18.5546875,61.828609466552734,-14.587401390075684
0.7232666015625,-0.50537109375,0.375732421875,-27.465818405151367,63.720699310302734,-21.423337936401367
0.6005859375,-0.5703125,0.2193603515625,-42.358394622802734,75.50048828125,-39.61181640625
0.556396484375,-0.6666259765625,0.1246337890625,-57.922359466552734,93.38378143310547,-48.339839935302734
0.5567626953125,-0.71484375,0.1502685546875,-56.091304779052734,82.58055877685547,-43.762203216552734
0.54345703125,-0.75927734375,0.261474609375,-36.9873046875,43.823238372802734,-31.799314498901367
0.5115966796875,-0.802734375,0.3653564453125,-14.099120140075684,3.662109136581421,-13.305663108825684
0.4898681640625,-0.808837890625,0.404296875,-0.0610351525247097,-17.2119140625,1.5258787870407104
0.4482421875,-0.823486328125,0.3541259765625,-0.6713866591453552,-13.427733421325684,4.5166015625
0.410400390625,-0.8800048828125,0.3048095703125,-7.141112804412842,-4.45556640625,7.263183116912842
0.484619140625,-0.953125,0.416748046875,-5.859374523162842,-14.404295921325684,15.136717796325684
0.6025390625,-1.006103515625,0.59619140625,2.929687261581421,-30.395505905151367,24.475095748901367
0.679931640625,-1.0035400390625,0.577392578125,7.507323741912842,-20.935056686401367,27.282712936401367
0.6798095703125,-0.8837890625,0.3076171875,-1.7700194120407104,18.1884765625,13.854979515075684
0.5809326171875,-0.6971435546875,-0.0069580078125,-16.6015625,48.583980560302734,8.60595703125
0.515380859375,-0.630126953125,-0.158447265625,-15.502928733825684,30.761716842651367,21.850584030151367
0.544921875,-0.7073974609375,-0.093017578125,0.4882812201976776,-12.573241233825684,24.536130905151367
0.60302734375,-0.7996826171875,0.1595458984375,11.474608421325684,-42.297359466552734,12.756346702575684
0.587890625,-0.8062744140625,0.3739013671875,1.6479490995407104,-35.64453125,-0.6103515625
0.4254150390625,-0.8135986328125,0.3536376953125,-24.719236373901367,8.97216796875,-8.36181640625
0.2816162109375,-0.834228515625,0.19921875,-39.61181640625,41.259761810302734,-6.958007335662842
0.287841796875,-0.832763671875,0.1142578125,-28.991697311401367,29.663084030151367,-3.845214605331421
0.2969970703125,-0.8931884765625,0.1629638671875,-10.009765625,5.371093273162842,2.13623046875
0.2845458984375,-0.9486083984375,0.2464599609375,2.3193359375,-5.371093273162842,23.376462936401367
0.32763671875,-0.965576171875,0.3099365234375,5.981444835662842,-1.9531248807907104,44.921871185302734
0.35595703125,-1.02587890625,0.361328125,0.3662109076976776,16.90673828125,39.6728515625
0.3497314453125,-1.0797119140625,0.3486328125,-9.3994140625,48.034664154052734,13.977049827575684
0.49658203125,-1.02685546875,0.303466796875,-11.108397483825684,67.68798828125,-8.30078125
0.6890869140625,-0.90185546875,0.2625732421875,5.493163585662842,44.311519622802734,-28.015134811401367
0.6549072265625,-0.710693359375,0.167236328125,19.59228515625,13.000487327575684,-34.1796875
0.5211181640625,-0.5736083984375,0.0977783203125,10.742186546325684,14.770506858825684,-23.986814498901367
0.484619140625,-0.62890625,0.1683349609375,-3.845214605331421,19.22607421875,-20.080564498901367
0.522705078125,-0.78857421875,0.29736328125,-9.58251953125,11.047362327575684,-18.12744140625
0.53955078125,-0.89404296875,0.338623046875,-11.413573265075684,9.33837890625,-14.892577171325684
0.4862060546875,-0.8592529296875,0.315673828125,-13.793944358825684,13.854979515075684,-18.61572265625
0.38525390625,-0.784912109375,0.3077392578125,-13.916014671325684,11.474608421325684,-25.329587936401367
0.345703125,-0.77685546875,0.3214111328125,-9.521484375,5.065917491912842,-26.672361373901367
0.4007568359375,-0.8076171875,0.33740234375,-2.01416015625,-0.7934569716453552,-21.484373092651367
0.433349609375,-0.8470458984375,0.3485107421875,4.2724609375,-5.676269054412842,-12.207030296325684
0.377197265625,-0.9283447265625,0.353271484375,7.568358898162842,-7.568358898162842,0.4882812201976776
0.4051513671875,-1.0203857421875,0.3599853515625,9.21630859375,-3.723144292831421,11.962889671325684
0.5291748046875,-1.034423828125,0.3590087890625,9.3994140625,3.967284917831421,16.4794921875
0.567626953125,-0.989501953125,0.33837890625,10.437010765075684,5.493163585662842,23.803709030151367
0.57958984375,-0.954345703125,0.2650146484375,11.962889671325684,2.01416015625,28.503416061401367
0.5850830078125,-0.90380859375,0.09326171875,6.713866710662842,11.474608421325684,20.629880905151367
0.567626953125,-0.8211669921875,-0.08544921875,-3.845214605331421,24.536130905151367,23.071287155151367
0.5633544921875,-0.76171875,-0.1253662109375,-4.0283203125,2.624511480331421,34.66796875
0.56396484375,-0.7283935546875,0.0450439453125,9.70458984375,-53.283687591552734,30.761716842651367
0.5606689453125,-0.6815185546875,0.3321533203125,15.441893577575684,-88.62303924560547,14.465331077575684
0.45703125,-0.6893310546875,0.5087890625,-0.4882812201976776,-63.781734466552734,-0.1831054538488388
0.198974609375,-0.849609375,0.4588623046875,-18.5546875,-14.770506858825684,-9.09423828125
0.0989990234375,-0.9459228515625,0.254638671875,-23.193357467651367,7.202147960662842,-8.11767578125
0.2230224609375,-0.9169921875,0.1124267578125,-19.775390625,5.615233898162842,-3.540038824081421
0.275146484375,-0.912353515625,0.1424560546875,-12.512206077575684,1.8310545682907104,12.390135765075684
0.2725830078125,-0.913818359375,0.254150390625,-1.5258787870407104,-3.234863042831421,40.222164154052734
0.280029296875,-1.0067138671875,0.3221435546875,6.408690929412842,-3.112792730331421,47.180171966552734
0.256103515625,-1.1923828125,0.294677734375,7.690429210662842,4.69970703125,29.235837936401367
0.3599853515625,-1.22314453125,0.238037109375,13.305663108825684,-7.263183116912842,11.108397483825684
0.6217041015625,-1.056396484375,0.21826171875,23.315427780151367,-27.832029342651367,1.6479490995407104
0.5225830078125,-0.5927734375,0.1678466796875,10.498045921325684,8.60595703125,-2.197265625
0.392822265625,-0.57958984375,0.232421875,-4.150390625,19.6533203125,-5.554198741912842
0.3984375,-0.767822265625,0.309814453125,-20.385740280151367,35.400390625,-23.559568405151367
0.4287109375,-0.953125,0.2733154296875,-29.357908248901367,55.969234466552734,-39.1845703125
0.4400634765625,-0.947021484375,0.176513671875,-18.4326171875,43.640132904052734,-35.2783203125
0.427734375,-0.8243408203125,0.13134765625,-0.2441406100988388,5.920409679412842,-21.423337936401367
0.3812255859375,-0.78369140625,0.1522216796875,5.737304210662842,-15.380858421325684,-13.427733421325684
0.3355712890625,-0.8258056640625,0.2279052734375,5.493163585662842,-22.583005905151367,-10.009765625
0.3228759765625,-0.852294921875,0.338134765625,9.033203125,-35.58349609375,-5.310058116912842
0.2921142578125,-0.896484375,0.4034423828125,9.33837890625,-37.841796875,-2.807616949081421
0.310546875,-0.9903564453125,0.3870849609375,3.784179449081421,-15.075682640075684,-5.065917491912842
0.4324951171875,-1.0673828125,0.3624267578125,2.624511480331421,4.7607421875,-7.873534679412842
0.534423828125,-1.0716552734375,0.3565673828125,9.8876953125,6.225585460662842,0.9155272841453552
0.607421875,-1.03466796875,0.32958984375,21.423337936401367,-3.112792730331421,11.718749046325684
0.603271484375,-0.920654296875,0.2069091796875,24.963376998901367,-1.3427733182907104,9.58251953125
0.505615234375,-0.76416015625,0.0247802734375,12.878417015075684,20.446775436401367,9.82666015625
0.46044921875,-0.730224609375,-0.08935546875,-0.3662109076976776,31.066892623901367,14.831542015075684
0.474365234375,-0.777587890625,-0.038818359375,0.9155272841453552,7.751464366912842,13.732909202575684
0.51904296875,-0.7877197265625,0.2205810546875,9.58251953125,-33.63037109375,7.690429210662842
0.5460205078125,-0.7342529296875,0.4691162109375,4.94384765625,-42.419429779052734,-3.051757574081421
0.379150390625,-0.8253173828125,0.4788818359375,-17.2119140625,3.234863042831421,-20.812986373901367
0.1961669921875,-0.913818359375,0.28173828125,-38.26904296875,56.884761810302734,-27.832029342651367
0.211669921875,-0.9132080078125,0.1097412109375,-37.29248046875,67.07763671875,-13.977049827575684
0.2674560546875,-0.96533203125,0.1458740234375,-19.4091796875,37.65869140625,6.347655773162842
0.2886962890625,-0.9425048828125,0.2984619140625,-2.0751953125,4.39453125,36.19384765625
0.3009033203125,-0.9317626953125,0.4215087890625,5.493163585662842,-6.225585460662842,56.457515716552734
0.2818603515625,-0.9688720703125,0.4368896484375,-1.2817381620407104,12.329100608825684,38.4521484375
0.309326171875,-0.989013671875,0.363525390625,-13.000487327575684,41.870113372802734,4.2724609375
0.5211181640625,-0.987060546875,0.3377685546875,-17.7001953125,58.349605560302734,-25.512693405151367
0.7086181640625,-0.9073486328125,0.3699951171875,-17.02880859375,57.250972747802734,-54.199214935302734
0.6680908203125,-0.718017578125,0.364990234375,-22.399900436401367,60.241695404052734,-64.697265625
0.5552978515625,-0.598388671875,0.32568359375,-33.447265625,73.3642578125,-56.030269622802734
0.50732421875,-0.6534423828125,0.2933349609375,-40.466304779052734,81.97020721435547,-45.715328216552734
0.514892578125,-0.7803955078125,0.2626953125,-42.114253997802734,83.80126190185547,-34.7900390625
0.532470703125,-0.85302734375,0.249755859375,-43.518062591552734,82.58055877685547,-29.479978561401367
0.5350341796875,-0.83251953125,0.3115234375,-43.518062591552734,70.1904296875,-30.639646530151367
0.50830078125,-0.78369140625,0.3724365234375,-39.97802734375,52.001949310302734,-31.494138717651367
0.453857421875,-0.7757568359375,0.3330078125,-35.09521484375,45.471187591552734,-33.87451171875
0.4095458984375,-0.809326171875,0.2642822265625,-30.090330123901367,44.982906341552734,-32.28759765625
0.4080810546875,-0.8524169921875,0.277587890625,-25.268552780151367,39.61181640625,-19.775390625
0.47412109375,-0.8670654296875,0.358642578125,-20.629880905151367,32.2265625,-2.3193359375
0.6326904296875,-0.8663330078125,0.3631591796875,-22.399900436401367,44.372554779052734,-4.8828125
0.579833984375,-0.7957763671875,0.2408447265625,-33.38623046875,67.81005859375,-9.70458984375
0.5709228515625,-0.8165283203125,0.1767578125,-46.569820404052734,91.91893768310547,-14.038084983825684
0.597412109375,-0.85546875,0.2183837890625,-52.062984466552734,97.90038299560547,-21.667478561401367
0.5860595703125,-0.781494140625,0.341552734375,-47.241207122802734,85.75438690185547,-17.4560546875
0.548583984375,-0.6763916015625,0.44287109375,-38.6962890625,71.1669921875,-14.892577171325684
0.4947509765625,-0.675537109375,0.4185791015625,-34.72900390625,71.22802734375,-31.616209030151367
0.441650390625,-0.7830810546875,0.3214111328125,-36.4990234375,83.80126190185547,-52.185054779052734
0.439208984375,-0.8189697265625,0.266357421875,-41.687007904052734,95.45897674560547,-55.114742279052734
0.494140625,-0.726806640625,0.285400390625,-45.776363372802734,97.77831268310547,-45.410152435302734
0.562255859375,-0.6427001953125,0.334716796875,-47.485347747802734,96.06932830810547,-38.75732421875
0.5616455078125,-0.68994140625,0.3560791015625,-56.457515716552734,109.74120330810547,-44.128414154052734
0.5408935546875,-0.8072509765625,0.316162109375,-74.76806640625,146.78955078125,-57.006832122802734
0.6658935546875,-0.88037109375,0.316650390625,-76.59912109375,155.57861328125,-61.340328216552734
0.82421875,-0.8583984375,0.38916015625,-56.762691497802734,113.83055877685547,-51.452632904052734
0.826416015625,-0.7396240234375,0.401123046875,-47.912593841552734,88.19579315185547,-40.161128997802734
0.7149658203125,-0.6259765625,0.349853515625,-53.039546966552734,87.58544158935547,-37.59765625
0.6063232421875,-0.5972900390625,0.3046875,-56.213375091552734,78.125,-35.21728515625
0.57421875,-0.6622314453125,0.3035888671875,-59.387203216552734,67.2607421875,-31.555173873901367
0.6063232421875,-0.7384033203125,0.358154296875,-66.46728515625,65.0634765625,-31.311033248901367
0.6239013671875,-0.745849609375,0.4190673828125,-73.486328125,67.138671875,-30.395505905151367
0.60986328125,-0.7208251953125,0.4241943359375,-77.1484375,71.1669921875,-30.578611373901367
0.596435546875,-0.7188720703125,0.369384765625,-78.30810546875,79.04052734375,-36.07177734375
0.5897216796875,-0.729736328125,0.322021484375,-75.50048828125,80.44432830810547,-41.076656341552734
0.593505859375,-0.729736328125,0.3507080078125,-66.46728515625,66.162109375,-38.14697265625
0.605712890625,-0.7247314453125,0.427734375,-53.344722747802734,44.128414154052734,-27.038572311401367
0.6112060546875,-0.763916015625,0.46435546875,-39.6728515625,29.846189498901367,-17.7001953125
0.59130859375,-0.836669921875,0.4329833984375,-25.817869186401367,24.780271530151367,-12.817381858825684
0.552001953125,-0.8984375,0.3880615234375,-10.864256858825684,15.930174827575684,-2.44140625
0.520751953125,-0.9678955078125,0.2550048828125,-0.8544921278953552,18.49365234375,24.841306686401367
0.5093994140625,-0.9122314453125,0.1048583984375,-19.71435546875,60.974117279052734,26.855466842651367
0.512939453125,-0.85009765625,-0.063720703125,-40.344234466552734,101.25731658935547,28.137205123901367
0.582763671875,-0.802978515625,-0.2000732421875,-45.654293060302734,99.73143768310547,30.517576217651367
0.655517578125,-0.7559814453125,-0.191650390625,-22.216794967651367,25.817869186401367,35.33935546875
0.62548828125,-0.702392578125,-0.0286865234375,20.202634811401367,-83.06884002685547,38.57421875
0.522705078125,-0.69580078125,0.1365966796875,35.33935546875,-122.74169158935547,23.559568405151367
0.434326171875,-0.78759765625,0.19140625,4.57763671875,-59.204097747802734,-12.329100608825684
0.2864990234375,-1.0076904296875,0.201416015625,-35.58349609375,28.198240280151367,-41.076656341552734
0.134765625,-1.1090087890625,0.199951171875,-42.236324310302734,50.842281341552734,-24.597166061401367
0.1925048828125,-1.0216064453125,0.1824951171875,-13.488768577575684,7.019042491912842,16.66259765625
0.345703125,-0.935302734375,0.220458984375,14.343260765075684,-36.9873046875,44.372554779052734
0.371826171875,-0.954833984375,0.3272705078125,18.73779296875,-37.4755859375,53.466793060302734
0.2967529296875,-1.0543212890625,0.4151611328125,15.014647483825684,-14.465331077575684,49.560543060302734
0.4166259765625,-1.0648193359375,0.371826171875,13.732909202575684,8.60595703125,31.188962936401367
0.6507568359375,-0.9693603515625,0.2191162109375,3.112792730331421,49.011226654052734,-3.540038824081421
0.661376953125,-0.789794921875,0.060546875,-11.840819358825684,85.02196502685547,-25.390623092651367
0.53271484375,-0.63720703125,-0.0086669921875,-17.2119140625,78.369140625,-21.667478561401367
0.463623046875,-0.665771484375,0.0164794921875,-16.78466796875,52.795406341552734,-15.502928733825684
0.4378662109375,-0.8680419921875,0.0203857421875,-18.1884765625,44.799800872802734,-14.892577171325684
0.4149169921875,-1.0,-0.007080078125,-15.991209983825684,42.968746185302734,-8.72802734375
0.384521484375,-0.85546875,0.134521484375,14.099120140075684,-30.273435592651367,-1.9531248807907104
0.3277587890625,-0.826416015625,0.1702880859375,20.629880905151367,-49.011226654052734,4.21142578125
0.3292236328125,-0.85400390625,0.239990234375,25.024412155151367,-63.659664154052734,6.896972179412842
0.319580078125,-0.9349365234375,0.2989501953125,25.451658248901367,-69.82421875,7.812499523162842
0.2425537109375,-1.0213623046875,0.260009765625,18.310546875,-53.588863372802734,16.66259765625
0.2783203125,-1.0498046875,0.2254638671875,14.648436546325684,-39.1845703125,18.24951171875
0.47412109375,-1.038330078125,0.2623291015625,22.277830123901367,-45.104976654052734,6.286620616912842
0.6429443359375,-1.0836181640625,0.2232666015625,31.433103561401367,-47.790523529052734,0.4882812201976776
0.6839599609375,-1.0819091796875,0.0216064453125,33.0810546875,-35.64453125,1.4648436307907104
0.595947265625,-0.898681640625,-0.207275390625,31.433103561401367,-36.0107421875,10.986327171325684
0.466796875,-0.7203369140625,-0.2874755859375,32.89794921875,-63.415523529052734,26.672361373901367
0.39501953125,-0.7132568359375,-0.1820068359375,33.3251953125,-89.11132049560547,19.10400390625
0.36865234375,-0.8017578125,0.0323486328125,32.3486328125,-102.60009002685547,1.0986328125
0.3538818359375,-0.8673095703125,0.22998046875,36.2548828125,-118.22509002685547,2.624511480331421
0.3837890625,-0.8663330078125,0.302001953125,39.00146484375,-121.82616424560547,11.901854515075684
0.40478515625,-0.8621826171875,0.26318359375,30.029294967651367,-94.90966033935547,12.817381858825684
0.3145751953125,-0.923828125,0.209228515625,13.732909202575684,-57.189937591552734,3.540038824081421
0.1878662109375,-0.991455078125,0.1861572265625,1.9531248807907104,-34.48486328125,-3.723144292831421
0.1475830078125,-0.9862060546875,0.1903076171875,-0.0,-22.766111373901367,11.657713890075684
0.2403564453125,-1.093017578125,0.20458984375,9.033203125,3.356933355331421,32.28759765625
0.4107666015625,-1.15380859375,0.174072265625,20.568845748901367,-4.33349609375,19.8974609375
0.6602783203125,-1.1102294921875,0.1439208984375,29.296873092651367,-17.15087890625,-8.36181640625
0.7030029296875,-0.876708984375,0.0885009765625,28.625486373901367,-14.282225608825684,-23.376462936401367
0.563232421875,-0.6064453125,0.017578125,21.911619186401367,-3.967284917831421,-6.408690929412842
0.475830078125,-0.5794677734375,0.0465087890625,14.526366233825684,-2.13623046875,0.54931640625
0.4893798828125,-0.76416015625,0.1396484375,7.324218273162842,0.4272460639476776,-15.380858421325684
0.5079345703125,-0.918701171875,0.1484375,3.417968511581421,10.131834983825684,-24.230955123901367
0.4801025390625,-0.9266357421875,0.0985107421875,7.263183116912842,6.652831554412842,-18.798828125
0.4356689453125,-0.8638916015625,0.1153564453125,15.319823265075684,-17.76123046875,-13.488768577575684
0.4068603515625,-0.8343505859375,0.1788330078125,19.287109375,-38.63525390625,-10.498045921325684
0.3919677734375,-0.84423828125,0.2137451171875,20.080564498901367,-45.593257904052734,-5.920409679412842
0.3580322265625,-0.8968505859375,0.2529296875,26.184080123901367,-58.166500091552734,1.5869139432907104
0.283447265625,-0.99072265625,0.3128662109375,34.85107421875,-72.75390625,17.88330078125
0.328125,-1.0631103515625,0.328369140625,37.4755859375,-65.12451171875,35.46142578125
0.4974365234375,-1.0426025390625,0.2911376953125,33.14208984375,-39.794921875,36.43798828125
0.60595703125,-1.0113525390625,0.24462890625,28.564451217651367,-24.291990280151367,34.24072265625
0.622802734375,-1.025634765625,0.138671875,26.489255905151367,-19.1650390625,34.3017578125
0.5875244140625,-0.9461669921875,-0.0751953125,23.925779342651367,-11.413573265075684,32.40966796875
0.5400390625,-0.78076171875,-0.2313232421875,28.381345748901367,-30.090330123901367,40.588375091552734
0.50341796875,-0.68701171875,-0.1448974609375,44.860836029052734,-89.84374237060547,42.114253997802734
0.5028076171875,-0.70751953125,0.1318359375,51.574703216552734,-134.58251953125,20.751951217651367
0.50439453125,-0.751220703125,0.3936767578125,28.015134811401367,-109.25292205810547,4.45556640625
0.32666015625,-0.861572265625,0.4920654296875,-9.21630859375,-35.46142578125,14.038084983825684
0.1453857421875,-0.9266357421875,0.3482666015625,-25.512693405151367,9.33837890625,30.029294967651367
0.1756591796875,-0.903564453125,0.13037109375,-15.258788108825684,-0.54931640625,24.291990280151367
0.2081298828125,-0.925537109375,0.09619140625,-0.9155272841453552,-26.184080123901367,9.33837890625
0.1866455078125,-0.9283447265625,0.18017578125,3.417968511581421,-37.59765625,14.831542015075684
0.2166748046875,-0.9302978515625,0.2633056640625,1.3427733182907104,-30.517576217651367,31.372068405151367
0.249267578125,-1.066650390625,0.331787109375,0.1220703050494194,-11.047362327575684,33.87451171875
0.27197265625,-1.181396484375,0.3074951171875,2.624511480331421,4.638671875,23.193357467651367
0.3934326171875,-1.0833740234375,0.22607421875,6.835937023162842,8.056640625,9.27734375
0.5400390625,-0.9058837890625,0.1905517578125,6.103515148162842,28.259275436401367,-12.817381858825684
0.5816650390625,-0.7928466796875,0.1611328125,-1.5869139432907104,64.94140625,-36.80419921875
0.536376953125,-0.7393798828125,0.1214599609375,-13.427733421325684,84.10643768310547,-44.616695404052734
0.468994140625,-0.7864990234375,0.103515625,-18.1884765625,72.69287109375,-38.9404296875
0.3974609375,-0.9185791015625,0.0865478515625,-9.21630859375,40.588375091552734,-29.174802780151367
0.3729248046875,-0.9376220703125,0.10302734375,5.371093273162842,0.1220703050494194,-17.7001953125
0.37451171875,-0.859619140625,0.1805419921875,13.366698265075684,-31.677244186401367,-13.122557640075684
0.32177734375,-0.816162109375,0.2467041015625,8.36181640625,-33.02001953125,-15.197752952575684
0.29443359375,-0.828369140625,0.2896728515625,2.197265625,-21.423337936401367,-18.9208984375
0.340087890625,-0.8570556640625,0.306884765625,3.723144292831421,-16.29638671875,-22.216794967651367
0.33251953125,-0.9093017578125,0.2625732421875,8.60595703125,-11.657713890075684,-17.4560546875
0.2860107421875,-0.990234375,0.215576171875,13.000487327575684,-8.056640625,-2.13623046875
0.40234375,-1.0562744140625,0.2672119140625,16.4794921875,-11.962889671325684,9.033203125
0.5809326171875,-1.0576171875,0.3360595703125,20.324705123901367,-19.10400390625,13.854979515075684
0.635498046875,-1.030517578125,0.3089599609375,25.878904342651367,-24.414060592651367,24.230955123901367
0.614501953125,-1.00537109375,0.1661376953125,24.780271530151367,-14.892577171325684,26.123044967651367
0.5577392578125,-0.91064453125,-0.070068359375,10.986327171325684,13.122557640075684,18.6767578125
0.492431640625,-0.7442626953125,-0.2464599609375,2.3193359375,14.526366233825684,23.925779342651367
0.4542236328125,-0.6358642578125,-0.1649169921875,13.183592796325684,-40.710445404052734,27.282712936401367
0.4591064453125,-0.7271728515625,0.19482421875,24.780271530151367,-101.74559783935547,7.141112804412842
0.3905029296875,-0.8900146484375,0.5306396484375,12.817381858825684,-95.82518768310547,-10.925292015075684
0.3095703125,-0.9022216796875,0.495849609375,-10.864256858825684,-36.80419921875,-4.08935546875
0.295654296875,-0.9315185546875,0.0263671875,-23.498533248901367,13.183592796325684,-2.3193359375
0.1739501953125,-0.893798828125,0.1356201171875,5.615233898162842,-59.143062591552734,40.466304779052734
0.2999267578125,-0.9844970703125,0.20947265625,17.08984375,-44.189449310302734,38.0859375
0.35791015625,-1.1610107421875,0.3402099609375,21.362302780151367,-8.85009765625,11.840819358825684
0.357177734375,-1.1124267578125,0.4136962890625,19.47021484375,-1.220703125,2.13623046875
0.5538330078125,-0.9053955078125,0.3585205078125,10.375975608825684,14.709471702575684,4.7607421875
0.7489013671875,-0.7857666015625,0.2454833984375,-1.9531248807907104,63.537593841552734,-10.559081077575684
0.66748046875,-0.74658203125,0.1365966796875,-12.878417015075684,88.13475799560547,-35.82763671875
0.491455078125,-0.7440185546875,0.128662109375,-20.751951217651367,73.2421875,-37.41455078125
0.4246826171875,-0.7791748046875,0.22265625,-22.033689498901367,48.339839935302734,-23.620603561401367
0.412841796875,-0.8485107421875,0.2823486328125,-18.798828125,35.400390625,-24.780271530151367
0.4130859375,-0.8724365234375,0.2530517578125,-12.878417015075684,30.151365280151367,-34.36279296875
0.4453125,-0.81787109375,0.2039794921875,-5.126952648162842,15.624999046325684,-34.97314453125
0.4521484375,-0.7935791015625,0.1939697265625,-2.685546636581421,2.01416015625,-31.188962936401367
0.4124755859375,-0.837646484375,0.2254638671875,-4.45556640625,-4.08935546875,-28.442380905151367
0.3709716796875,-0.87646484375,0.27392578125,-5.737304210662842,-6.896972179412842,-23.620603561401367
0.3399658203125,-0.9158935546875,0.309814453125,-5.859374523162842,-4.638671875,-16.41845703125
0.3934326171875,-0.9957275390625,0.3280029296875,0.4882812201976776,0.7934569716453552,-5.798339366912842
0.535888671875,-1.0230712890625,0.3304443359375,13.244627952575684,3.479003667831421,12.817381858825684
0.646728515625,-1.008544921875,0.3035888671875,23.193357467651367,-0.2441406100988388,33.5693359375
0.6800537109375,-1.007568359375,0.216064453125,22.399900436401367,-0.54931640625,40.588375091552734
0.613525390625,-0.9329833984375,0.0609130859375,7.934569835662842,16.7236328125,35.70556640625
0.517822265625,-0.80126953125,-0.090087890625,-5.676269054412842,30.395505905151367,34.66796875
0.486083984375,-0.71435546875,-0.1473388671875,-1.220703125,6.042479991912842,32.2265625
0.5128173828125,-0.6900634765625,-0.033203125,14.953612327575684,-49.682613372802734,20.01953125
0.55029296875,-0.69921875,0.216064453125,25.695798873901367,-95.39794158935547,5.371093273162842
0.4930419921875,-0.73388671875,0.4088134765625,16.66259765625,-87.40233612060547,-0.9765624403953552
0.2921142578125,-0.878173828125,0.415771484375,-7.446288585662842,-33.447265625,-6.591796398162842
0.152099609375,-0.983642578125,0.2540283203125,-22.094724655151367,7.568358898162842,-6.835937023162842
0.15966796875,-0.9705810546875,0.1212158203125,-14.953612327575684,-0.4272460639476776,8.9111328125
0.1734619140625,-0.956298828125,0.123291015625,0.4272460639476776,-28.686521530151367,34.3017578125
0.322998046875,-1.000244140625,0.319580078125,21.972654342651367,-49.499507904052734,45.959468841552734
0.34814453125,-1.145263671875,0.45654296875,24.414060592651367,-41.076656341552734,15.441893577575684
0.4688720703125,-1.062255859375,0.4342041015625,16.11328125,-13.000487327575684,2.746581792831421
0.6527099609375,-0.9215087890625,0.351318359375,3.479003667831421,44.128414154052734,-10.437010765075684
0.6224365234375,-0.7908935546875,0.230224609375,-16.6015625,107.66600799560547,-40.283199310302734
0.490478515625,-0.6375732421875,0.130859375,-28.930662155151367,117.12645721435547,-51.696773529052734
0.4544677734375,-0.673828125,0.1632080078125,-22.216794967651367,69.88525390625,-43.212886810302734
0.470947265625,-0.8251953125,0.253662109375,-13.916014671325684,30.273435592651367,-40.222164154052734
0.4891357421875,-0.8966064453125,0.2906494140625,-9.33837890625,17.9443359375,-42.175289154052734
0.4970703125,-0.85107421875,0.2457275390625,-10.559081077575684,24.658201217651367,-42.541500091552734
0.474853515625,-0.804443359375,0.1656494140625,-16.05224609375,39.36767578125,-39.55078125
0.4346923828125,-0.80908203125,0.14013671875,-13.854979515075684,30.639646530151367,-32.89794921875
0.391845703125,-0.813232421875,0.2010498046875,-6.347655773162842,-1.2817381620407104,-23.315427780151367
0.3543701171875,-0.8330078125,0.2928466796875,-5.798339366912842,-21.057126998901367,-23.010251998901367
0.3397216796875,-0.9381103515625,0.3416748046875,-9.94873046875,-12.573241233825684,-29.296873092651367
0.608154296875,-1.0489501953125,0.3255615234375,1.03759765625,21.423337936401367,16.05224609375
0.6527099609375,-1.033203125,0.2869873046875,11.779784202575684,8.7890625,38.39111328125
0.6541748046875,-0.9918212890625,0.2425537109375,16.357421875,-12.817381858825684,41.259761810302734
0.6016845703125,-0.866943359375,0.130859375,4.7607421875,-2.50244140625,33.99658203125
0.5166015625,-0.7252197265625,0.0003662109375,-10.986327171325684,25.024412155151367,34.48486328125
0.51123046875,-0.6614990234375,-0.040771484375,-10.009765625,19.71435546875,35.7666015625
0.586181640625,-0.6456298828125,0.0694580078125,4.08935546875,-23.864744186401367,25.817869186401367
0.6287841796875,-0.6363525390625,0.2469482421875,8.056640625,-53.894039154052734,10.009765625
0.4610595703125,-0.80322265625,0.3336181640625,-3.295898199081421,-40.466304779052734,-9.09423828125
0.2041015625,-1.041748046875,0.252685546875,-12.145995140075684,-18.06640625,-21.362302780151367
0.1690673828125,-1.0247802734375,0.1092529296875,-8.544921875,-29.296873092651367,-4.33349609375
0.2525634765625,-0.928955078125,0.0843505859375,5.126952648162842,-59.265132904052734,19.22607421875
0.2545166015625,-0.922607421875,0.16650390625,17.76123046875,-72.93701171875,33.02001953125
0.2625732421875,-0.8809814453125,0.2325439453125,21.362302780151367,-70.6787109375,52.368160247802734
0.30224609375,-0.935546875,0.3341064453125,21.179197311401367,-47.241207122802734,53.710933685302734
0.2967529296875,-1.0736083984375,0.4317626953125,23.620603561401367,-4.5166015625,31.860349655151367
0.3270263671875,-1.0555419921875,0.4068603515625,24.353025436401367,22.888181686401367,16.66259765625
0.47998046875,-0.94873046875,0.35107421875,12.084959983825684,42.602535247802734,-2.44140625
0.6448974609375,-0.8035888671875,0.3070068359375,-9.3994140625,85.81542205810547,-36.7431640625
0.69189453125,-0.7431640625,0.26123046875,-19.71435546875,114.25780487060547,-57.067867279052734
0.6058349609375,-0.788330078125,0.2020263671875,-21.484373092651367,107.23876190185547,-51.391597747802734
0.477294921875,-0.8349609375,0.133544921875,-19.83642578125,83.31298065185547,-40.771480560302734
0.402587890625,-0.880126953125,0.123291015625,-5.493163585662842,37.59765625,-38.87939453125
0.412841796875,-0.8287353515625,0.18603515625,12.207030296325684,-15.624999046325684,-27.770994186401367
0.364501953125,-0.8040771484375,0.3021240234375,6.347655773162842,-35.46142578125,-4.82177734375
0.2803955078125,-0.849853515625,0.3905029296875,-5.187987804412842,-26.428220748901367,-12.695311546325684
0.2998046875,-0.8509521484375,0.421875,-9.3994140625,-16.29638671875,-26.550291061401367
0.3331298828125,-0.905029296875,0.3502197265625,-8.23974609375,5.798339366912842,-33.3251953125
0.4063720703125,-0.998046875,0.3128662109375,-0.54931640625,14.099120140075684,-16.7236328125
0.542236328125,-1.0487060546875,0.3697509765625,7.263183116912842,7.019042491912842,7.629394054412842
0.6197509765625,-1.03955078125,0.41015625,12.329100608825684,-2.0751953125,26.855466842651367
0.6275634765625,-0.997314453125,0.339111328125,14.892577171325684,-4.69970703125,34.0576171875
0.575439453125,-0.8909912109375,0.1595458984375,5.554198741912842,15.563963890075684,27.709959030151367
0.4951171875,-0.7716064453125,-0.015869140625,-11.413573265075684,44.494625091552734,23.193357467651367
0.4891357421875,-0.73974609375,-0.0955810546875,-18.24951171875,44.616695404052734,21.179197311401367
0.54833984375,-0.7493896484375,-0.01171875,-8.11767578125,1.8310545682907104,14.831542015075684
0.58935546875,-0.7178955078125,0.2296142578125,7.202147960662842,-55.053707122802734,8.36181640625
0.538330078125,-0.6834716796875,0.4088134765625,3.234863042831421,-62.866207122802734,-1.220703125
0.3160400390625,-0.8353271484375,0.41455078125,-14.831542015075684,-22.888181686401367,-17.88330078125
0.1190185546875,-0.96875,0.29248046875,-19.83642578125,0.1220703050494194,-18.5546875
0.14501953125,-0.9434814453125,0.200927734375,-11.413573265075684,-16.4794921875,-1.7700194120407104
0.229248046875,-0.9285888671875,0.220458984375,-3.356933355331421,-35.7666015625,10.681151390075684
0.30029296875,-0.87841796875,0.2532958984375,-0.1220703050494194,-28.442380905151367,29.846189498901367
0.3753662109375,-0.9517822265625,0.316650390625,-1.4648436307907104,0.6103515625,39.73388671875
0.3770751953125,-1.1148681640625,0.374755859375,-10.375975608825684,37.841796875,15.075682640075684
0.366455078125,-1.0882568359375,0.362060546875,-18.12744140625,55.847164154052734,-9.1552734375
0.511474609375,-0.886962890625,0.3663330078125,-13.183592796325684,50.598140716552734,-10.437010765075684
0.69873046875,-0.74267578125,0.3739013671875,-0.7324218153953552,53.100582122802734,-13.977049827575684
0.6917724609375,-0.711669921875,0.2900390625,-1.5869139432907104,76.5380859375,-33.63037109375
0.5728759765625,-0.7078857421875,0.2427978515625,-18.85986328125,90.33202362060547,-46.020503997802734
0.49755859375,-0.741455078125,0.285888671875,-34.5458984375,82.39745330810547,-42.175289154052734
0.448974609375,-0.82177734375,0.2900390625,-44.128414154052734,82.15331268310547,-43.518062591552734
0.4453125,-0.84765625,0.2659912109375,-41.625972747802734,77.7587890625,-44.372554779052734
0.4862060546875,-0.798095703125,0.2564697265625,-28.259275436401367,51.086421966552734,-30.822751998901367
0.4908447265625,-0.7864990234375,0.2266845703125,-19.22607421875,28.442380905151367,-15.441893577575684
0.43994140625,-0.83837890625,0.193115234375,-18.5546875,18.4326171875,-12.207030296325684
0.3787841796875,-0.8785400390625,0.2236328125,-20.080564498901367,6.530761241912842,-16.05224609375
0.3243408203125,-0.8779296875,0.30517578125,-21.484373092651367,-4.39453125,-20.690916061401367
0.341552734375,-0.8975830078125,0.3671875,-20.324705123901367,-2.50244140625,-19.775390625
0.4808349609375,-0.95849609375,0.3983154296875,-11.657713890075684,7.995604991912842,-12.207030296325684
0.59326171875,-1.0030517578125,0.3907470703125,3.234863042831421,8.36181640625,2.13623046875
0.6182861328125,-1.009765625,0.332763671875,15.441893577575684,-0.7324218153953552,17.88330078125
0.5848388671875,-0.9552001953125,0.199462890625,11.718749046325684,13.122557640075684,16.2353515625
0.504150390625,-0.81640625,0.03076171875,-6.591796398162842,50.842281341552734,10.131834983825684
0.482666015625,-0.7252197265625,-0.0516357421875,-18.00537109375,64.51416015625,16.66259765625
0.58203125,-0.7186279296875,0.021484375,-11.291502952575684,29.296873092651367,19.34814453125
0.6822509765625,-0.7078857421875,0.221923828125,2.624511480331421,-28.015134811401367,16.7236328125
0.6396484375,-0.681396484375,0.3538818359375,5.554198741912842,-55.969234466552734,8.23974609375
0.3917236328125,-0.8836669921875,0.3720703125,-8.11767578125,-37.2314453125,-17.39501953125
0.1610107421875,-1.0672607421875,0.2708740234375,-28.137205123901367,-12.390135765075684,-20.080564498901367
0.1561279296875,-0.9637451171875,0.1275634765625,-41.015621185302734,-18.798828125,17.27294921875
0.22216796875,-0.8897705078125,0.09814453125,-34.24072265625,-25.695798873901367,39.61181640625
0.27001953125,-0.89453125,0.10498046875,-13.916014671325684,-7.873534679412842,35.888671875
0.296630859375,-0.9468994140625,0.1829833984375,1.7700194120407104,6.835937023162842,34.1796875
0.2681884765625,-1.0577392578125,0.330078125,10.986327171325684,13.732909202575684,33.69140625
0.2415771484375,-1.091552734375,0.3955078125,21.667478561401367,14.648436546325684,32.958984375
0.36328125,-0.9788818359375,0.37109375,28.259275436401367,10.253905296325684,22.583005905151367
0.5570068359375,-0.855224609375,0.32275390625,16.29638671875,39.794921875,-9.8876953125
0.667724609375,-0.7547607421875,0.26953125,-6.591796398162842,98.57176971435547,-43.823238372802734
0.6673583984375,-0.7457275390625,0.264404296875,-20.385740280151367,128.2958984375,-54.687496185302734
0.568115234375,-0.814208984375,0.21435546875,-29.663084030151367,138.12255859375,-50.720211029052734
0.4390869140625,-0.89697265625,0.0860595703125,-31.921384811401367,131.16455078125,-57.861324310302734
0.3680419921875,-0.9017333984375,0.0633544921875,-15.747069358825684,72.021484375,-58.715816497802734
0.3939208984375,-0.7884521484375,0.13525390625,3.845214605331421,-1.220703125,-31.005857467651367
0.427001953125,-0.786865234375,0.1846923828125,8.97216796875,-26.550291061401367,-8.48388671875
0.388427734375,-0.88330078125,0.2530517578125,6.042479991912842,-24.169919967651367,-5.187987804412842
0.3101806640625,-0.9078369140625,0.3653564453125,7.019042491912842,-37.41455078125,-1.4648436307907104
0.2288818359375,-0.917724609375,0.387451171875,4.638671875,-34.48486328125,-4.57763671875
0.25390625,-1.0067138671875,0.3116455078125,-0.4272460639476776,-0.8544921278953552,-14.953612327575684
0.4344482421875,-1.06103515625,0.2791748046875,3.906249761581421,14.831542015075684,-11.535643577575684
0.5682373046875,-0.987548828125,0.282958984375,26.550291061401367,-25.939939498901367,31.555173873901367
0.5540771484375,-0.995849609375,0.175537109375,28.503416061401367,-27.648923873901367,25.268552780151367
0.5283203125,-0.94384765625,-0.0084228515625,18.6767578125,-1.15966796875,9.3994140625
0.5179443359375,-0.85693359375,-0.1700439453125,10.742186546325684,10.925292015075684,15.747069358825684
0.5377197265625,-0.7669677734375,-0.2213134765625,17.822265625,-26.794431686401367,35.58349609375
0.5579833984375,-0.685791015625,-0.0596923828125,38.57421875,-106.75048065185547,45.349117279052734
0.5748291015625,-0.6558837890625,0.252197265625,50.170894622802734,-164.91697692871094,38.9404296875
0.5302734375,-0.6800537109375,0.5028076171875,30.639646530151367,-140.13671875,24.597166061401367
0.3143310546875,-0.86865234375,0.5721435546875,-7.629394054412842,-59.143062591552734,2.38037109375
0.1097412109375,-1.0455322265625,0.3857421875,-34.11865234375,10.681151390075684,-14.465331077575684
0.1275634765625,-1.0653076171875,0.1444091796875,-30.578611373901367,22.155759811401367,-5.859374523162842
0.199462890625,-1.031005859375,0.1021728515625,-7.324218273162842,-18.1884765625,30.334470748901367
0.2615966796875,-0.9683837890625,0.1851806640625,10.192870140075684,-57.739253997802734,70.556640625
0.2679443359375,-1.0325927734375,0.3060302734375,15.502928733825684,-72.08251953125,72.81494140625
0.232177734375,-1.088623046875,0.3702392578125,19.04296875,-79.1015625,55.969234466552734
0.3843994140625,-1.01025390625,0.31591796875,20.874021530151367,-76.47705078125,40.344234466552734
0.588623046875,-0.906494140625,0.213623046875,14.709471702575684,-30.029294967651367,8.30078125
0.5938720703125,-0.8155517578125,0.165283203125,-0.1220703050494194,43.212886810302734,-22.949216842651367
0.48046875,-0.71533203125,0.2034912109375,-19.6533203125,92.10204315185547,-33.02001953125
0.3487548828125,-0.738525390625,0.2225341796875,-31.616209030151367,120.05614471435547,-33.99658203125
0.2891845703125,-0.8707275390625,0.1695556640625,-23.315427780151367,123.96239471435547,-41.992183685302734
0.3695068359375,-0.9105224609375,0.1396484375,-0.1220703050494194,69.091796875,-53.955074310302734
0.4542236328125,-0.8724365234375,0.123779296875,11.962889671325684,12.023924827575684,-53.039546966552734
0.45703125,-0.8408203125,0.0836181640625,3.356933355331421,10.925292015075684,-41.564937591552734
0.4044189453125,-0.862060546875,0.11865234375,-4.33349609375,14.709471702575684,-30.639646530151367
0.319580078125,-0.8922119140625,0.2740478515625,3.417968511581421,-17.2119140625,-10.192870140075684
0.2081298828125,-0.913818359375,0.422119140625,15.075682640075684,-51.696773529052734,21.240232467651367
0.1761474609375,-0.9443359375,0.4757080078125,15.380858421325684,-44.372554779052734,37.841796875
0.3251953125,-0.9986572265625,0.4766845703125,4.57763671875,0.1220703050494194,16.78466796875
0.5228271484375,-1.044677734375,0.4395751953125,-2.01416015625,39.12353515625,-16.6015625
0.64990234375,-1.0460205078125,0.36669921875,2.807616949081421,40.588375091552734,-29.541013717651367
0.6494140625,-0.9500732421875,0.23828125,1.4648436307907104,39.6728515625,-28.930662155151367
0.525146484375,-0.753173828125,0.080322265625,-16.6015625,69.091796875,-14.526366233825684
0.45849609375,-0.6292724609375,0.03955078125,-33.0810546875,89.84374237060547,0.7324218153953552
0.5450439453125,-0.639404296875,0.21337890625,-34.60693359375,72.021484375,-8.36181640625
0.62451171875,-0.6708984375,0.4190673828125,-33.75244140625,49.682613372802734,-24.719236373901367
0.5775146484375,-0.792236328125,0.375732421875,-36.0107421875,48.828121185302734,-51.147457122802734
0.4197998046875,-0.9803466796875,0.172119140625,-36.376953125,47.973628997802734,-82.33641815185547
0.323974609375,-0.9842529296875,0.1007080078125,-36.0107421875,30.822751998901367,-72.3876953125
0.363037109375,-0.8255615234375,0.3009033203125,-24.963376998901367,-5.554198741912842,-6.652831554412842
0.3702392578125,-0.7862548828125,0.35791015625,-24.841306686401367,13.916014671325684,31.921384811401367
0.4827880859375,-0.7603759765625,0.3848876953125,-28.381345748901367,61.279293060302734,51.452632904052734
0.4573974609375,-0.8914794921875,0.3470458984375,-36.80419921875,116.57714080810547,-13.671874046325684
0.5892333984375,-0.8770751953125,0.3424072265625,-39.48974609375,97.22899627685547,-41.076656341552734
0.8773193359375,-0.853271484375,0.5025634765625,-38.818359375,91.85790252685547,-53.649898529052734
0.9930419921875,-0.7457275390625,0.5804443359375,-44.677730560302734,118.16405487060547,-49.621578216552734
0.8125,-0.63134765625,0.4197998046875,-60.241695404052734,140.7470703125,-52.062984466552734
0.5645751953125,-0.60302734375,0.2144775390625,-73.30322265625,135.19287109375,-61.889644622802734
0.4615478515625,-0.6497802734375,0.164794921875,-79.52880859375,119.87303924560547,-58.166500091552734
0.5,-0.7156982421875,0.2666015625,-77.20947265625,102.41698455810547,-41.198726654052734
0.5718994140625,-0.7657470703125,0.3824462890625,-66.2841796875,84.04540252685547,-25.878904342651367
0.606201171875,-0.808349609375,0.3909912109375,-54.809566497802734,74.89013671875,-23.498533248901367
0.5733642578125,-0.822509765625,0.2860107421875,-47.485347747802734,72.32666015625,-28.808591842651367
0.4990234375,-0.7734375,0.1988525390625,-41.076656341552734,60.180660247802734,-26.794431686401367
0.4053955078125,-0.76953125,0.2762451171875,-32.958984375,33.38623046875,-17.822265625
0.35302734375,-0.82958984375,0.494384765625,-19.8974609375,-0.6713866591453552,6.774901866912842
0.419921875,-0.912109375,0.6424560546875,-7.995604991912842,-3.479003667831421,35.58349609375
0.622802734375,-1.0439453125,0.5704345703125,-13.122557640075684,51.635738372802734,20.263669967651367
0.77392578125,-1.0477294921875,0.3519287109375,-29.846189498901367,98.93798065185547,-20.935056686401367
0.667724609375,-0.801513671875,0.1602783203125,-41.564937591552734,97.47313690185547,-14.526366233825684
0.4915771484375,-0.5731201171875,0.1199951171875,-43.212886810302734,72.509765625,19.04296875
0.491943359375,-0.5589599609375,0.2645263671875,-41.259761810302734,56.335445404052734,17.02880859375
0.6199951171875,-0.6082763671875,0.4852294921875,-47.363277435302734,75.98876953125,-5.187987804412842
0.6832275390625,-0.6400146484375,0.5284423828125,-61.584468841552734,118.16405487060547,-38.02490234375
0.6015625,-0.873046875,0.316162109375,-72.93701171875,145.93505859375,-85.99852752685547
0.458251953125,-1.056640625,0.0653076171875,-72.509765625,132.99560546875,-86.18163299560547
0.3865966796875,-0.938720703125,-0.0377197265625,-56.762691497802734,84.65575408935547,-23.254392623901367
0.380126953125,-0.809814453125,0.037353515625,-37.78076171875,33.75244140625,21.728513717651367
0.4210205078125,-0.7816162109375,0.2476806640625,-30.578611373901367,10.742186546325684,19.4091796875
0.50244140625,-0.843505859375,0.436279296875,-35.888671875,24.414060592651367,-8.056640625
0.50341796875,-0.85595703125,0.45849609375,-46.508785247802734,58.532711029052734,-30.212400436401367
0.4620361328125,-0.7135009765625,0.3648681640625,-38.39111328125,101.92870330810547,5.126952648162842
0.579345703125,-0.7110595703125,0.4156494140625,-45.715328216552734,131.2255859375,3.601073980331421
0.7430419921875,-0.7548828125,0.4766845703125,-68.2373046875,169.43357849121094,-35.0341796875
0.8153076171875,-0.8697509765625,0.4588623046875,-81.84813690185547,179.56541442871094,-75.01220703125
0.7601318359375,-0.9735107421875,0.323486328125,-83.55712127685547,165.28318786621094,-78.06396484375
0.6842041015625,-0.933349609375,0.1937255859375,-72.93701171875,134.033203125,-61.645503997802734
0.646240234375,-0.7880859375,0.213623046875,-53.894039154052734,83.80126190185547,-49.255367279052734
0.6302490234375,-0.6793212890625,0.3189697265625,-36.62109375,39.85595703125,-34.912109375
0.6029052734375,-0.6646728515625,0.3648681640625,-26.367185592651367,26.794431686401367,-25.024412155151367
0.5244140625,-0.68603515625,0.324951171875,-18.24951171875,30.029294967651367,-20.935056686401367
0.3485107421875,-0.7674560546875,0.281494140625,-5.371093273162842,19.1650390625,-11.779784202575684
0.1976318359375,-0.73779296875,0.2904052734375,6.347655773162842,-0.6713866591453552,14.282225608825684
0.258056640625,-0.58056640625,0.2725830078125,3.417968511581421,6.164550304412842,36.1328125
0.55517578125,-0.7535400390625,0.15283203125,-17.7001953125,53.894039154052734,8.11767578125
0.936767578125,-1.2186279296875,0.030517578125,-39.73388671875,99.18212127685547,-35.94970703125
1.0782470703125,-1.4105224609375,-0.0316162109375,-38.0859375,84.77782440185547,-25.329587936401367
0.903076171875,-1.1209716796875,-0.05322265625,-9.21630859375,10.375975608825684,32.40966796875
0.66162109375,-0.5992431640625,-0.035400390625,31.494138717651367,-87.46337127685547,84.89989471435547
0.4288330078125,-0.41796875,0.087646484375,74.21875,-176.69676208496094,91.12548065185547
0.1912841796875,-0.7281494140625,0.2451171875,120.05614471435547,-253.96726989746094,68.7255859375
0.14892578125,-0.8804931640625,0.369384765625,158.75244140625,-290.4052734375,69.580078125
0.35302734375,-0.6900634765625,0.529296875,148.98681640625,-238.83055114746094,73.8525390625
0.508056640625,-0.56201171875,0.6656494140625,66.71142578125,-102.17284393310547,50.292964935302734
0.443359375,-0.6324462890625,0.6075439453125,-55.908199310302734,100.89110565185547,14.465331077575684
0.4698486328125,-0.8428955078125,0.2783203125,-140.93017578125,308.89892578125,-42.175289154052734
0.6729736328125,-1.0509033203125,0.025634765625,-144.95849609375,370.5444030761719,-87.09716033935547
0.7578125,-1.0810546875,0.09814453125,-93.62792205810547,237.97605895996094,-73.486328125
0.6600341796875,-0.9906005859375,0.3204345703125,-37.4755859375,69.88525390625,-31.921384811401367
0.5389404296875,-0.8978271484375,0.371337890625,-16.66259765625,7.324218273162842,-3.112792730331421
0.479248046875,-0.8531494140625,0.1475830078125,-18.12744140625,30.456541061401367,-1.5258787870407104
0.422607421875,-0.8065185546875,-0.020751953125,-11.840819358825684,33.935546875,-6.286620616912842
0.344970703125,-0.758544921875,0.0543212890625,-0.54931640625,-2.38037109375,-6.164550304412842
0.2908935546875,-0.7545166015625,0.1978759765625,0.1220703050494194,-18.4326171875,-12.756346702575684
0.282958984375,-0.7723388671875,0.2579345703125,-4.2724609375,-6.835937023162842,-21.179197311401367
0.28125,-0.8310546875,0.260009765625,-0.9155272841453552,-2.807616949081421,-20.629880905151367
0.2861328125,-0.9722900390625,0.2491455078125,7.995604991912842,-9.46044921875,-9.09423828125
0.36865234375,-1.1112060546875,0.2125244140625,15.197752952575684,-12.451170921325684,4.2724609375
0.4879150390625,-1.0865478515625,0.1748046875,22.949216842651367,-20.446775436401367,18.85986328125
0.56787109375,-0.982421875,0.1617431640625,35.2783203125,-44.372554779052734,37.109375
0.5438232421875,-1.06396484375,-0.0352783203125,31.799314498901367,-33.87451171875,40.10009765625
0.4564208984375,-0.95068359375,-0.0599365234375,23.803709030151367,-36.4990234375,39.12353515625
0.340087890625,-0.88330078125,0.12109375,33.5693359375,-94.54344940185547,36.56005859375
0.299072265625,-0.7762451171875,0.3250732421875,49.499507904052734,-166.56492614746094,40.222164154052734
0.3853759765625,-0.6143798828125,0.343505859375,39.97802734375,-146.8505859375,51.330562591552734
0.34912109375,-0.7418212890625,0.259033203125,1.8310545682907104,-28.625486373901367,28.808591842651367
0.196044921875,-0.9246826171875,0.1368408203125,-30.883787155151367,54.626461029052734,-5.615233898162842
0.0982666015625,-0.9349365234375,0.1005859375,-32.470703125,52.795406341552734,-4.638671875
0.0908203125,-0.9210205078125,0.190185546875,-10.681151390075684,17.39501953125,14.160155296325684
0.14697265625,-0.93505859375,0.2950439453125,6.103515148162842,-0.7324218153953552,28.869626998901367
0.1510009765625,-1.0404052734375,0.35693359375,8.9111328125,-1.6479490995407104,29.296873092651367
0.1435546875,-1.1541748046875,0.35302734375,10.620116233825684,-11.596678733825684,20.01953125
0.3421630859375,-1.177001953125,0.337646484375,17.76123046875,-27.526853561401367,6.225585460662842
0.5592041015625,-1.091796875,0.2607421875,18.00537109375,-10.925292015075684,-16.66259765625
0.4949951171875,-0.865478515625,0.1102294921875,1.8310545682907104,39.48974609375,-32.470703125
0.3590087890625,-0.6727294921875,0.0733642578125,-15.502928733825684,67.81005859375,-31.005857467651367
0.385009765625,-0.8551025390625,0.2542724609375,-15.930174827575684,28.625486373901367,-31.799314498901367
0.4051513671875,-0.949462890625,0.2061767578125,-11.962889671325684,22.094724655151367,-33.3251953125
0.3785400390625,-0.9317626953125,0.1136474609375,-4.8828125,11.474608421325684,-33.3251953125
0.3502197265625,-0.85693359375,0.0772705078125,0.2441406100988388,-3.173827886581421,-26.916501998901367
0.3519287109375,-0.8392333984375,0.13720703125,2.3193359375,-20.01953125,-20.935056686401367
0.3477783203125,-0.8839111328125,0.2388916015625,5.737304210662842,-37.41455078125,-15.563963890075684
0.3070068359375,-0.939697265625,0.30517578125,10.009765625,-45.593257904052734,-6.652831554412842
0.2674560546875,-1.0091552734375,0.3182373046875,13.366698265075684,-40.161128997802734,4.33349609375
0.321533203125,-1.071533203125,0.311767578125,19.6533203125,-34.3017578125,14.953612327575684
0.4888916015625,-1.0274658203125,0.2801513671875,30.639646530151367,-35.15625,26.794431686401367
0.5072021484375,-1.0096435546875,0.1668701171875,26.367185592651367,-23.925779342651367,21.362302780151367
0.49169921875,-0.9183349609375,-0.01904296875,20.507810592651367,-11.779784202575684,14.587401390075684
0.4654541015625,-0.8453369140625,-0.1458740234375,23.681638717651367,-24.780271530151367,15.258788108825684
0.4237060546875,-0.839111328125,-0.1141357421875,34.423828125,-61.096187591552734,18.37158203125
0.365966796875,-0.82275390625,0.073974609375,37.78076171875,-91.36962127685547,18.98193359375
0.365966796875,-0.80712890625,0.3228759765625,26.062009811401367,-94.66551971435547,12.207030296325684
0.3878173828125,-0.8175048828125,0.488525390625,3.234863042831421,-59.570308685302734,4.5166015625
0.3504638671875,-0.85546875,0.4337158203125,-22.460935592651367,4.82177734375,1.6479490995407104
0.2835693359375,-0.923095703125,0.1954345703125,-41.748043060302734,65.91796875,-5.187987804412842
0.1895751953125,-0.9720458984375,0.031982421875,-47.119136810302734,89.05028533935547,-14.343260765075684
0.112060546875,-0.9688720703125,0.0634765625,-36.62109375,63.659664154052734,-16.05224609375
0.144775390625,-0.9486083984375,0.1595458984375,-15.380858421325684,14.282225608825684,-1.220703125
0.264404296875,-0.9693603515625,0.20703125,7.141112804412842,-22.521970748901367,24.414060592651367
0.31494140625,-1.0390625,0.2158203125,22.827146530151367,-36.2548828125,41.137691497802734
0.3460693359375,-1.0867919921875,0.17529296875,26.794431686401367,-34.7900390625,39.61181640625
0.494873046875,-1.0631103515625,0.0975341796875,25.207517623901367,-29.785154342651367,24.658201217651367
0.593505859375,-1.0274658203125,0.139892578125,28.625486373901367,-45.043941497802734,5.554198741912842
0.52197265625,-0.8153076171875,0.257568359375,24.658201217651367,-65.36865234375,3.723144292831421
0.3837890625,-0.57421875,0.2962646484375,14.343260765075684,-38.6962890625,33.0810546875
0.2821044921875,-0.6954345703125,0.2109375,6.774901866912842,34.36279296875,33.14208984375
0.2869873046875,-0.935302734375,0.101318359375,2.0751953125,69.2138671875,-13.610838890075684
0.3555908203125,-1.0245361328125,0.16455078125,3.479003667831421,18.06640625,-44.555660247802734
0.3275146484375,-0.9710693359375,0.278564453125,1.220703125,-30.700681686401367,-37.78076171875
0.2379150390625,-0.863525390625,0.2906494140625,0.1220703050494194,-28.320310592651367,-13.793944358825684
0.2049560546875,-0.833984375,0.2833251953125,7.507323741912842,-23.315427780151367,-2.25830078125
0.217529296875,-0.903564453125,0.26123046875,13.305663108825684,-23.559568405151367,-5.310058116912842
0.25537109375,-1.0020751953125,0.2392578125,15.319823265075684,-20.751951217651367,-5.859374523162842
0.3076171875,-1.0538330078125,0.3038330078125,18.85986328125,-28.564451217651367,7.934569835662842
0.3265380859375,-1.0634765625,0.392578125,20.751951217651367,-37.29248046875,28.320310592651367
0.3656005859375,-1.0751953125,0.369873046875,19.47021484375,-32.40966796875,35.15625
0.4951171875,-1.0616455078125,0.2227783203125,18.310546875,-27.893064498901367,19.8974609375
0.5726318359375,-0.9395751953125,0.01806640625,15.563963890075684,-28.076169967651367,6.530761241912842
0.52783203125,-0.8057861328125,-0.1357421875,12.084959983825684,-30.578611373901367,12.939452171325684
0.4415283203125,-0.8267822265625,-0.1041259765625,13.427733421325684,-45.471187591552734,10.131834983825684
0.21142578125,-0.9359130859375,0.356201171875,19.95849609375,-89.72167205810547,-2.01416015625
0.3409423828125,-0.760009765625,0.41015625,19.71435546875,-90.63719940185547,20.690916061401367
0.4189453125,-0.7518310546875,0.32958984375,0.4272460639476776,-39.794921875,21.728513717651367
0.2886962890625,-0.9052734375,0.1588134765625,-25.268552780151367,23.498533248901367,-0.1220703050494194
0.1351318359375,-1.010009765625,0.0474853515625,-30.151365280151367,38.6962890625,-3.723144292831421
0.090576171875,-1.011474609375,0.1197509765625,-7.324218273162842,-6.042479991912842,15.319823265075684
0.1861572265625,-0.93505859375,0.2177734375,18.9208984375,-52.917476654052734,36.9873046875
0.2708740234375,-0.947509765625,0.2794189453125,24.902341842651367,-52.307125091552734,40.344234466552734
0.2454833984375,-1.0491943359375,0.2957763671875,19.53125,-32.2265625,25.756834030151367
0.3031005859375,-1.0655517578125,0.224365234375,18.798828125,-27.770994186401367,10.314940452575684
0.52197265625,-1.0250244140625,0.175048828125,23.742673873901367,-28.991697311401367,-2.3193359375
0.601318359375,-0.935791015625,0.1981201171875,25.878904342651367,-21.118162155151367,-10.864256858825684
0.49365234375,-0.7935791015625,0.2666015625,19.287109375,-12.878417015075684,-7.141112804412842
0.4359130859375,-0.7205810546875,0.3582763671875,6.469726085662842,-7.568358898162842,0.0
0.3707275390625,-0.7938232421875,0.384033203125,-12.878417015075684,18.37158203125,-1.7700194120407104
0.2818603515625,-0.876220703125,0.297119140625,-30.029294967651367,60.424800872802734,-4.8828125
0.281005859375,-0.8663330078125,0.20361328125,-29.907224655151367,67.07763671875,-17.7001953125
0.3260498046875,-0.8583984375,0.1976318359375,-18.00537109375,33.02001953125,-36.865234375
0.335205078125,-0.8758544921875,0.2369384765625,-9.94873046875,7.080077648162842,-35.70556640625
0.3304443359375,-0.8829345703125,0.2623291015625,-7.690429210662842,0.7324218153953552,-21.972654342651367
0.337158203125,-0.872802734375,0.2664794921875,-4.21142578125,-7.934569835662842,-13.793944358825684
0.3218994140625,-0.9422607421875,0.2547607421875,0.3662109076976776,-14.709471702575684,-8.11767578125
0.3603515625,-1.044921875,0.244873046875,2.990722417831421,-9.94873046875,-0.1831054538488388
0.462890625,-1.025634765625,0.2891845703125,12.878417015075684,-23.681638717651367,12.268065452575684
0.5218505859375,-1.0078125,0.380859375,30.822751998901367,-59.265132904052734,28.442380905151367
0.5269775390625,-1.04443359375,0.3460693359375,35.21728515625,-57.434078216552734,29.235837936401367
0.485595703125,-0.982421875,0.099365234375,18.9208984375,-5.737304210662842,5.737304210662842
0.4161376953125,-0.8543701171875,-0.165771484375,7.446288585662842,19.71435546875,-8.23974609375
0.3570556640625,-0.79296875,-0.207275390625,12.939452171325684,-15.197752952575684,2.50244140625
0.26220703125,-0.8692626953125,0.0367431640625,15.563963890075684,-56.884761810302734,8.4228515625
0.218505859375,-0.9169921875,0.2928466796875,12.329100608825684,-85.75438690185547,4.150390625
0.36328125,-0.8074951171875,0.3004150390625,6.225585460662842,-79.65087890625,21.423337936401367
0.410888671875,-0.8126220703125,0.2237548828125,-9.58251953125,-18.6767578125,30.761716842651367
0.2646484375,-0.909912109375,0.1781005859375,-20.324705123901367,23.254392623901367,8.544921875
0.175048828125,-0.9432373046875,0.16650390625,-13.427733421325684,9.70458984375,-2.746581792831421
0.16845703125,-0.962158203125,0.2076416015625,0.6103515625,-10.070799827575684,9.27734375
0.206298828125,-0.943603515625,0.2484130859375,7.507323741912842,-9.58251953125,31.738279342651367
0.2288818359375,-1.0001220703125,0.341064453125,7.019042491912842,-4.21142578125,40.832515716552734
0.1912841796875,-1.1083984375,0.4359130859375,10.620116233825684,-9.94873046875,31.860349655151367
0.245361328125,-1.118896484375,0.429443359375,19.22607421875,-19.34814453125,17.76123046875
0.4659423828125,-1.0225830078125,0.32958984375,14.953612327575684,-1.9531248807907104,-1.6479490995407104
0.6048583984375,-0.885986328125,0.176513671875,-6.652831554412842,49.255367279052734,-22.583005905151367
0.515380859375,-0.7960205078125,0.078369140625,-28.869626998901367,92.77342987060547,-31.738279342651367
0.38134765625,-0.7574462890625,0.1021728515625,-40.954586029052734,102.78319549560547,-24.475095748901367
0.3270263671875,-0.8043212890625,0.1605224609375,-38.63525390625,91.49169158935547,-18.12744140625
0.3365478515625,-0.927001953125,0.122314453125,-23.559568405151367,71.96044921875,-22.216794967651367
0.3660888671875,-0.9898681640625,0.040771484375,-4.638671875,41.320796966552734,-31.311033248901367
0.3526611328125,-0.9425048828125,0.0753173828125,9.1552734375,-3.601073980331421,-31.921384811401367
0.2987060546875,-0.8922119140625,0.2281494140625,14.709471702575684,-45.166011810302734,-16.05224609375
0.25341796875,-0.8125,0.341552734375,7.141112804412842,-34.85107421875,8.60595703125
0.2877197265625,-0.8072509765625,0.301025390625,3.723144292831421,-15.563963890075684,-3.784179449081421
0.2679443359375,-0.97314453125,0.2755126953125,-0.7934569716453552,7.324218273162842,-18.12744140625
0.3389892578125,-1.1153564453125,0.3037109375,-3.845214605331421,28.991697311401367,-21.606443405151367
0.49267578125,-1.1219482421875,0.3458251953125,4.5166015625,19.8974609375,-11.840819358825684
0.5509033203125,-1.0712890625,0.268310546875,17.02880859375,3.540038824081421,0.54931640625
0.5213623046875,-0.9658203125,0.05224609375,21.545408248901367,8.97216796875,1.7089842557907104
0.4951171875,-0.8779296875,-0.1759033203125,22.399900436401367,9.46044921875,4.69970703125
0.4730224609375,-0.8507080078125,-0.2303466796875,26.000974655151367,-21.606443405151367,16.05224609375
0.4033203125,-0.834228515625,-0.0408935546875,23.559568405151367,-60.302730560302734,17.4560546875
0.3040771484375,-0.8470458984375,0.2943115234375,11.047362327575684,-77.57568359375,5.676269054412842
0.3223876953125,-0.7611083984375,0.38525390625,-12.573241233825684,-27.954099655151367,21.545408248901367
0.27734375,-0.8770751953125,0.1683349609375,-27.526853561401367,28.808591842651367,12.145995140075684
0.1986083984375,-0.9906005859375,0.1053466796875,-27.099607467651367,36.31591796875,-2.929687261581421
0.1370849609375,-0.997314453125,0.241943359375,-8.4228515625,-3.906249761581421,6.103515148162842
0.1552734375,-0.9046630859375,0.3385009765625,7.385253429412842,-26.611326217651367,32.71484375
0.2138671875,-0.9832763671875,0.3189697265625,5.676269054412842,2.990722417831421,39.73388671875
0.2000732421875,-1.1505126953125,0.243408203125,-3.479003667831421,36.62109375,20.507810592651367
0.2744140625,-1.117431640625,0.2027587890625,-0.30517578125,17.08984375,11.840819358825684
0.5321044921875,-1.01123046875,0.2464599609375,10.559081077575684,-17.63916015625,4.8828125
0.6861572265625,-0.9110107421875,0.274169921875,11.901854515075684,-4.82177734375,-17.76123046875
0.592041015625,-0.767333984375,0.271728515625,0.7324218153953552,32.2265625,-29.541013717651367
0.4561767578125,-0.676025390625,0.2796630859375,-13.610838890075684,57.800289154052734,-22.949216842651367
0.352783203125,-0.7806396484375,0.235595703125,-24.597166061401367,83.74022674560547,-23.376462936401367
0.2940673828125,-0.8851318359375,0.152587890625,-26.489255905151367,93.50585174560547,-29.479978561401367
0.353271484375,-0.856201171875,0.1627197265625,-12.451170921325684,48.400875091552734,-32.16552734375
0.405517578125,-0.8526611328125,0.2176513671875,-1.5869139432907104,0.9765624403953552,-31.372068405151367
0.342041015625,-0.88623046875,0.1915283203125,-5.249022960662842,1.7089842557907104,-15.991209983825684
0.319091796875,-0.875244140625,0.2041015625,1.8310545682907104,-18.85986328125,-11.840819358825684
0.28076171875,-0.940673828125,0.270751953125,5.859374523162842,-31.494138717651367,-4.5166015625
0.3450927734375,-1.01611328125,0.3822021484375,7.751464366912842,-31.494138717651367,5.187987804412842
0.482666015625,-1.0374755859375,0.4676513671875,13.732909202575684,-32.470703125,13.671874046325684
0.57763671875,-1.1085205078125,0.44189453125,19.8974609375,-28.259275436401367,18.24951171875
0.6016845703125,-1.109375,0.2271728515625,12.268065452575684,4.69970703125,6.591796398162842
0.5267333984375,-0.8841552734375,-0.080322265625,-1.8310545682907104,38.39111328125,-1.03759765625
0.44140625,-0.675537109375,-0.25146484375,2.01416015625,14.892577171325684,11.779784202575684
0.410400390625,-0.69482421875,-0.1729736328125,21.484373092651367,-48.522945404052734,12.756346702575684
0.40673828125,-0.83203125,0.084228515625,24.719236373901367,-78.125,-4.33349609375
0.3681640625,-0.92919921875,0.3470458984375,2.868652105331421,-55.175777435302734,-14.465331077575684
0.317138671875,-0.9017333984375,0.4071044921875,-17.88330078125,-19.34814453125,-5.371093273162842
0.2957763671875,-0.84375,0.25,-22.216794967651367,5.065917491912842,3.601073980331421
0.2611083984375,-0.8687744140625,0.114013671875,-16.2353515625,9.27734375,0.0610351525247097
0.205810546875,-0.93505859375,0.123291015625,-7.507323741912842,-1.4038084745407104,1.220703125
0.1712646484375,-0.982177734375,0.2022705078125,1.5258787870407104,-9.33837890625,18.5546875
0.2279052734375,-0.98779296875,0.2386474609375,6.713866710662842,-7.507323741912842,39.4287109375
0.2689208984375,-1.0736083984375,0.264892578125,5.432128429412842,2.50244140625,39.24560546875
0.2340087890625,-1.165771484375,0.2625732421875,3.662109136581421,9.6435546875,26.367185592651367
0.37060546875,-1.1361083984375,0.191650390625,8.4228515625,2.746581792831421,17.63916015625
0.616455078125,-1.03955078125,0.126220703125,15.930174827575684,-5.920409679412842,4.150390625
0.6187744140625,-0.8497314453125,0.087158203125,16.9677734375,-3.845214605331421,-7.080077648162842
0.4464111328125,-0.658447265625,0.10302734375,9.94873046875,0.2441406100988388,-4.82177734375
0.370361328125,-0.6695556640625,0.185302734375,0.4882812201976776,3.234863042831421,-4.39453125
0.3699951171875,-0.8470458984375,0.228271484375,-10.986327171325684,24.475095748901367,-11.230467796325684
0.3485107421875,-0.943359375,0.1536865234375,-22.216794967651367,56.579586029052734,-14.587401390075684
0.345703125,-0.9073486328125,0.095703125,-17.7001953125,42.724605560302734,-17.51708984375
0.3609619140625,-0.8563232421875,0.14111328125,0.0610351525247097,-12.817381858825684,-19.1650390625
0.3402099609375,-0.855224609375,0.18505859375,11.108397483825684,-46.325679779052734,-15.502928733825684
0.2957763671875,-0.888427734375,0.16796875,12.939452171325684,-47.363277435302734,-12.512206077575684
0.2747802734375,-0.907958984375,0.1492919921875,14.648436546325684,-47.363277435302734,-8.48388671875
0.2786865234375,-1.0670166015625,0.2950439453125,25.939939498901367,-68.05419921875,15.136717796325684
0.3782958984375,-1.0938720703125,0.362060546875,29.174802780151367,-64.27001953125,25.024412155151367
0.4951171875,-1.1229248046875,0.33349609375,30.273435592651367,-51.391597747802734,21.606443405151367
0.560546875,-1.151611328125,0.176025390625,30.151365280151367,-32.16552734375,5.371093273162842
0.5325927734375,-1.0179443359375,-0.0731201171875,27.648923873901367,-10.925292015075684,-3.356933355331421
0.459228515625,-0.783935546875,-0.281005859375,27.954099655151367,-15.258788108825684,17.88330078125
0.4327392578125,-0.6805419921875,-0.3079833984375,38.26904296875,-65.49072265625,40.649410247802734
0.4718017578125,-0.8099365234375,0.2232666015625,43.273921966552734,-153.86962890625,17.76123046875
0.4462890625,-0.83203125,0.4669189453125,13.427733421325684,-112.30467987060547,3.601073980331421
0.279296875,-0.8748779296875,0.45068359375,-17.39501953125,-35.15625,-5.0048828125
0.17041015625,-0.9393310546875,0.23583984375,-28.991697311401367,22.521970748901367,-10.375975608825684
0.1988525390625,-1.0006103515625,0.091552734375,-17.88330078125,25.329587936401367,-10.498045921325684
0.1739501953125,-1.037841796875,0.1533203125,1.3427733182907104,-7.446288585662842,4.150390625
0.1444091796875,-0.994140625,0.2664794921875,13.854979515075684,-28.198240280151367,38.0859375
0.195556640625,-1.011474609375,0.2725830078125,15.869139671325684,-15.197752952575684,54.504390716552734
0.224365234375,-1.1190185546875,0.1761474609375,12.756346702575684,10.375975608825684,37.9638671875
0.2919921875,-1.118896484375,0.1103515625,15.441893577575684,5.798339366912842,19.22607421875
0.457763671875,-0.9951171875,0.11474609375,22.644041061401367,-15.075682640075684,8.72802734375
0.5859375,-0.87548828125,0.1273193359375,30.456541061401367,-24.291990280151367,0.2441406100988388
0.630615234375,-0.7645263671875,0.1708984375,34.423828125,-29.907224655151367,-5.798339366912842
0.6103515625,-0.6883544921875,0.24169921875,21.728513717651367,-19.22607421875,-10.375975608825684
0.4840087890625,-0.7965087890625,0.2427978515625,-6.469726085662842,21.240232467651367,-20.507810592651367
0.2943115234375,-0.9395751953125,0.1231689453125,-21.118162155151367,55.358882904052734,-22.888181686401367
0.2479248046875,-0.919677734375,0.0367431640625,-4.0283203125,23.620603561401367,-12.573241233825684
0.3182373046875,-0.8544921875,0.105712890625,17.02880859375,-42.419429779052734,-9.70458984375
0.3128662109375,-0.84326171875,0.2376708984375,19.53125,-68.90869140625,-6.774901866912842
0.293212890625,-0.8575439453125,0.33740234375,15.869139671325684,-65.185546875,1.4038084745407104
0.2967529296875,-0.884521484375,0.3314208984375,13.244627952575684,-53.405757904052734,1.6479490995407104
0.2557373046875,-0.949951171875,0.222412109375,8.6669921875,-29.174802780151367,-0.4272460639476776
0.31396484375,-0.942626953125,0.1396484375,9.94873046875,-17.27294921875,7.568358898162842
0.483154296875,-0.835693359375,0.1627197265625,26.184080123901367,-48.583980560302734,23.498533248901367
0.7249755859375,-1.01171875,0.1805419921875,42.419429779052734,-80.87157440185547,25.024412155151367
0.8702392578125,-1.3077392578125,-0.3026123046875,33.935546875,-46.569820404052734,14.282225608825684
0.6158447265625,-0.9415283203125,-0.3572998046875,38.39111328125,-91.73583221435547,45.043941497802734
0.40673828125,-0.6209716796875,-0.1942138671875,53.710933685302734,-172.48533630371094,50.476070404052734
0.375244140625,-0.46826171875,-0.0321044921875,60.302730560302734,-206.66502380371094,44.860836029052734
0.467041015625,-0.5018310546875,0.017333984375,60.668941497802734,-181.03025817871094,35.21728515625
0.5679931640625,-0.75732421875,0.0477294921875,60.363765716552734,-123.71825408935547,10.742186546325684
0.51318359375,-1.04931640625,0.133056640625,63.720699310302734,-84.22850799560547,-7.080077648162842
0.389404296875,-1.0916748046875,0.19921875,76.47705078125,-96.13036346435547,10.314940452575684
0.32958984375,-0.9967041015625,0.244384765625,87.03612518310547,-125.06102752685547,34.24072265625
0.2435302734375,-0.95849609375,0.250732421875,80.13916015625,-122.68065643310547,41.748043060302734
0.1800537109375,-0.952392578125,0.200439453125,62.988277435302734,-96.13036346435547,47.668453216552734
0.2982177734375,-0.9417724609375,0.171142578125,54.260250091552734,-88.98925018310547,52.734371185302734
0.5452880859375,-0.92431640625,0.17626953125,54.565425872802734,-106.81151580810547,49.926753997802734
0.6431884765625,-0.858642578125,0.195556640625,46.752925872802734,-111.99950408935547,41.687007904052734
0.5684814453125,-0.759765625,0.244873046875,28.686521530151367,-94.66551971435547,32.2265625
0.49658203125,-0.78369140625,0.287353515625,12.817381858825684,-60.668941497802734,10.314940452575684
0.4600830078125,-0.841796875,0.22802734375,5.554198741912842,-21.301267623901367,-11.474608421325684
0.46630859375,-0.8482666015625,0.1451416015625,36.376953125,-66.0400390625,-4.94384765625
0.4677734375,-0.8575439453125,0.1689453125,51.513668060302734,-98.99901580810547,1.9531248807907104
0.474609375,-0.8387451171875,0.2213134765625,55.358882904052734,-110.04637908935547,7.080077648162842
0.402587890625,-0.8145751953125,0.4107666015625,57.861324310302734,-126.40380096435547,20.629880905151367
0.3521728515625,-0.9346923828125,0.421630859375,51.574703216552734,-109.43602752685547,16.41845703125
0.37060546875,-1.091064453125,0.3330078125,39.85595703125,-72.32666015625,8.23974609375
0.450439453125,-1.125,0.2510986328125,34.97314453125,-51.452632904052734,15.380858421325684
0.467529296875,-1.0126953125,0.25390625,41.381832122802734,-63.415523529052734,43.884273529052734
0.5283203125,-0.9117431640625,0.29833984375,50.598140716552734,-86.42577362060547,71.71630859375
0.645263671875,-0.9375,0.214599609375,49.377437591552734,-86.30370330810547,63.232418060302734
0.6134033203125,-0.9053955078125,-0.0262451171875,36.92626953125,-56.091304779052734,38.9404296875
0.459228515625,-0.7314453125,-0.1907958984375,33.63037109375,-48.461910247802734,39.97802734375
0.3802490234375,-0.64111328125,-0.125732421875,46.203609466552734,-91.85790252685547,34.3017578125
0.4234619140625,-0.7080078125,0.0855712890625,50.292964935302734,-123.53514862060547,3.601073980331421
0.446533203125,-0.8182373046875,0.294189453125,35.0341796875,-107.11669158935547,-16.29638671875
0.361083984375,-0.9295654296875,0.3692626953125,15.502928733825684,-77.7587890625,-17.02880859375
0.3116455078125,-0.9141845703125,0.2633056640625,4.150390625,-63.842769622802734,-11.047362327575684
0.3572998046875,-0.85302734375,0.174560546875,1.5258787870407104,-51.940914154052734,-3.112792730331421
0.2542724609375,-0.971923828125,0.29638671875,1.3427733182907104,-11.840819358825684,3.967284917831421
0.2410888671875,-0.997314453125,0.36865234375,5.981444835662842,-3.662109136581421,12.878417015075684
0.3056640625,-1.064208984375,0.35107421875,3.173827886581421,26.794431686401367,16.9677734375
0.3360595703125,-1.15234375,0.2236328125,-8.7890625,72.44873046875,6.347655773162842
0.3519287109375,-1.0926513671875,0.1024169921875,-15.563963890075684,95.58104705810547,0.1831054538488388
0.47900390625,-0.8983154296875,0.1361083984375,-6.896972179412842,72.75390625,5.798339366912842
0.673583984375,-0.7496337890625,0.28271484375,7.507323741912842,24.169919967651367,-7.873534679412842
0.7657470703125,-0.6241455078125,0.3843994140625,4.638671875,12.268065452575684,-33.26416015625
0.65673828125,-0.6116943359375,0.396484375,-15.380858421325684,49.255367279052734,-46.081539154052734
0.4776611328125,-0.7218017578125,0.3883056640625,-26.794431686401367,73.1201171875,-38.2080078125
0.41162109375,-0.825439453125,0.3896484375,-25.939939498901367,67.68798828125,-9.09423828125
0.49462890625,-0.8131103515625,0.3961181640625,-26.123044967651367,65.5517578125,8.48388671875
0.5972900390625,-0.704345703125,0.400146484375,-26.000974655151367,63.293453216552734,-7.629394054412842
0.5653076171875,-0.6898193359375,0.39453125,-23.315427780151367,50.537105560302734,-34.423828125
0.46630859375,-0.762939453125,0.3614501953125,-21.667478561401367,38.14697265625,-44.738765716552734
0.4530029296875,-0.8216552734375,0.277587890625,-22.644041061401367,35.33935546875,-41.320796966552734
0.4832763671875,-0.858154296875,0.188232421875,-24.414060592651367,33.26416015625,-35.09521484375
0.45068359375,-0.904296875,0.1749267578125,-22.216794967651367,18.24951171875,-20.874021530151367
0.421875,-0.9642333984375,0.2615966796875,-13.061522483825684,-8.11767578125,2.01416015625
0.4385986328125,-1.0377197265625,0.3531494140625,-2.807616949081421,-27.221677780151367,23.681638717651367
0.4599609375,-1.0040283203125,0.3798828125,4.69970703125,-34.48486328125,44.677730560302734
0.4970703125,-0.8369140625,0.4183349609375,10.437010765075684,-43.212886810302734,58.593746185302734
0.5516357421875,-0.7127685546875,0.4637451171875,7.751464366912842,-42.053218841552734,44.372554779052734
0.6094970703125,-0.731201171875,0.329345703125,-10.192870140075684,-2.0751953125,4.638671875
0.6326904296875,-0.8165283203125,0.0487060546875,-28.076169967651367,50.048824310302734,-17.08984375
0.565185546875,-0.8765869140625,-0.1097412109375,-26.733396530151367,48.400875091552734,-1.7089842557907104
0.445068359375,-0.9215087890625,0.0028076171875,-10.559081077575684,-20.141599655151367,26.611326217651367
0.33837890625,-0.8717041015625,0.2410888671875,0.0610351525247097,-99.91454315185547,52.490230560302734
0.2724609375,-0.7630615234375,0.3304443359375,-6.713866710662842,-116.76024627685547,55.053707122802734
0.2547607421875,-0.7706298828125,0.2437744140625,-19.71435546875,-63.720699310302734,18.9208984375
0.244384765625,-0.9188232421875,0.1634521484375,-19.775390625,28.869626998901367,-38.4521484375
0.265380859375,-0.9437255859375,0.25439453125,-7.934569835662842,52.185054779052734,-23.498533248901367
0.3258056640625,-0.947265625,0.2916259765625,-4.21142578125,85.08300018310547,2.624511480331421
0.33544921875,-1.0789794921875,0.247314453125,-14.526366233825684,117.91991424560547,10.559081077575684
0.3115234375,-1.1727294921875,0.21337890625,-20.751951217651367,111.38915252685547,-1.03759765625
0.406494140625,-1.0455322265625,0.2447509765625,-10.131834983825684,63.598628997802734,-5.615233898162842
0.587158203125,-0.8643798828125,0.2833251953125,4.8828125,33.3251953125,-4.45556640625
0.7021484375,-0.714111328125,0.29248046875,11.535643577575684,37.4755859375,-11.413573265075684
0.671142578125,-0.659912109375,0.306884765625,5.554198741912842,46.874996185302734,-20.263669967651367
0.525390625,-0.717041015625,0.2799072265625,-14.648436546325684,67.68798828125,-26.367185592651367
0.4241943359375,-0.8167724609375,0.1981201171875,-29.113767623901367,88.92821502685547,-35.64453125
0.4857177734375,-0.82861328125,0.1800537109375,-0.30517578125,4.21142578125,-25.329587936401367
0.471435546875,-0.7772216796875,0.2083740234375,1.2817381620407104,-11.047362327575684,-14.404295921325684
0.39794921875,-0.8101806640625,0.27392578125,-4.57763671875,-8.72802734375,-20.568845748901367
0.3463134765625,-0.820068359375,0.330810546875,-4.33349609375,-11.169432640075684,-25.329587936401367
0.3367919921875,-0.847412109375,0.31494140625,0.54931640625,-7.690429210662842,-23.132322311401367
0.3551025390625,-0.9486083984375,0.255859375,7.446288585662842,0.6713866591453552,-12.145995140075684
0.47119140625,-1.040283203125,0.2586669921875,13.549803733825684,-2.197265625,0.8544921278953552
0.57568359375,-1.0579833984375,0.310791015625,15.808104515075684,-15.747069358825684,9.21630859375
0.6309814453125,-1.03173828125,0.3514404296875,16.66259765625,-29.785154342651367,15.319823265075684
0.68505859375,-0.975830078125,0.2789306640625,12.390135765075684,-26.916501998901367,7.873534679412842
0.6328125,-0.8233642578125,0.0870361328125,2.44140625,-0.6713866591453552,11.169432640075684
0.52880859375,-0.7047119140625,-0.0487060546875,-1.3427733182907104,13.000487327575684,28.320310592651367
0.4942626953125,-0.7139892578125,-0.0574951171875,3.845214605331421,-3.479003667831421,23.742673873901367
0.5150146484375,-0.732666015625,0.047119140625,8.11767578125,-31.127927780151367,5.676269054412842
0.449462890625,-0.7808837890625,0.3502197265625,-4.82177734375,-45.104976654052734,-15.869139671325684
0.2984619140625,-0.8900146484375,0.328857421875,-15.686034202575684,-20.690916061401367,-13.549803733825684
0.2645263671875,-0.931396484375,0.1917724609375,-19.71435546875,1.5258787870407104,-9.1552734375
0.2918701171875,-0.9189453125,0.149169921875,-14.099120140075684,6.591796398162842,1.7700194120407104
0.294677734375,-0.8917236328125,0.23876953125,-1.8920897245407104,-5.859374523162842,22.399900436401367
0.350341796875,-0.9267578125,0.3140869140625,5.371093273162842,-10.864256858825684,30.517576217651367
0.4005126953125,-1.04443359375,0.3077392578125,1.2817381620407104,7.507323741912842,16.54052734375
0.4678955078125,-1.08349609375,0.2998046875,-4.21142578125,26.000974655151367,-1.3427733182907104
0.6199951171875,-0.977783203125,0.312744140625,-1.7700194120407104,27.587888717651367,-10.375975608825684
0.698486328125,-0.786865234375,0.263671875,4.69970703125,23.010251998901367,-12.207030296325684
0.645751953125,-0.6107177734375,0.166015625,3.540038824081421,29.174802780151367,-12.268065452575684
0.6070556640625,-0.5872802734375,0.14306640625,-7.507323741912842,40.893550872802734,-19.8974609375
0.612060546875,-0.7064208984375,0.192626953125,-20.874021530151367,49.316402435302734,-33.8134765625
0.5965576171875,-0.847900390625,0.19921875,-25.085447311401367,50.903316497802734,-37.353515625
0.52490234375,-0.8955078125,0.1414794921875,-15.747069358825684,37.65869140625,-23.986814498901367
0.4354248046875,-0.8482666015625,0.1175537109375,-4.150390625,12.084959983825684,-4.638671875
0.401123046875,-0.81787109375,0.1971435546875,2.868652105331421,-19.6533203125,0.4272460639476776
0.4117431640625,-0.816650390625,0.3155517578125,6.164550304412842,-43.212886810302734,-5.310058116912842
0.403564453125,-0.83740234375,0.34619140625,4.39453125,-36.92626953125,-7.324218273162842
0.3909912109375,-0.924560546875,0.290283203125,0.9765624403953552,-9.1552734375,-3.356933355331421
0.4698486328125,-1.0028076171875,0.2652587890625,4.150390625,5.432128429412842,7.019042491912842
0.5704345703125,-0.9862060546875,0.284423828125,10.498045921325684,2.38037109375,19.775390625
0.6011962890625,-0.966552734375,0.27197265625,14.221190452575684,-2.563476324081421,27.343748092651367
0.6015625,-0.959716796875,0.190185546875,14.099120140075684,-3.051757574081421,26.123044967651367
0.56103515625,-0.8758544921875,0.0753173828125,6.774901866912842,11.047362327575684,29.846189498901367
0.5281982421875,-0.72021484375,0.0301513671875,0.4882812201976776,13.244627952575684,36.56005859375
0.5614013671875,-0.66748046875,0.1220703125,9.46044921875,-20.446775436401367,20.446775436401367
0.55029296875,-0.63818359375,0.2374267578125,16.66259765625,-50.598140716552734,3.906249761581421
0.33251953125,-0.8812255859375,0.335693359375,16.11328125,-57.495113372802734,-18.12744140625
0.14501953125,-1.0538330078125,0.3017578125,6.530761241912842,-42.907711029052734,-24.291990280151367
0.197021484375,-0.96484375,0.208984375,-2.01416015625,-27.343748092651367,-6.408690929412842
0.258056640625,-0.908935546875,0.225830078125,2.38037109375,-20.01953125,8.9111328125
0.3089599609375,-0.859375,0.2537841796875,13.305663108825684,-9.8876953125,18.5546875
0.371337890625,-0.94140625,0.27490234375,13.122557640075684,19.95849609375,20.141599655151367
0.3846435546875,-1.0892333984375,0.32373046875,0.3662109076976776,48.156734466552734,14.892577171325684
0.44775390625,-1.069580078125,0.3360595703125,-10.559081077575684,52.307125091552734,7.568358898162842
0.5970458984375,-0.92041015625,0.3006591796875,-9.521484375,37.2314453125,-6.042479991912842
0.6448974609375,-0.7359619140625,0.2606201171875,-4.2724609375,16.7236328125,-18.85986328125
0.603759765625,-0.611572265625,0.2366943359375,-8.4228515625,17.08984375,-25.390623092651367
0.5638427734375,-0.6884765625,0.2261962890625,-20.690916061401367,38.87939453125,-32.958984375
0.49169921875,-0.873291015625,0.1956787109375,-24.841306686401367,52.307125091552734,-29.602048873901367
0.427001953125,-0.92919921875,0.161376953125,-10.559081077575684,30.822751998901367,-5.126952648162842
0.441162109375,-0.84130859375,0.179443359375,7.202147960662842,-13.000487327575684,8.7890625
0.480712890625,-0.780029296875,0.2435302734375,8.9111328125,-40.710445404052734,-4.39453125
0.4658203125,-0.801025390625,0.2965087890625,0.8544921278953552,-44.433589935302734,-21.667478561401367
0.40625,-0.8304443359375,0.3306884765625,-3.479003667831421,-39.48974609375,-25.939939498901367
0.3245849609375,-0.8441162109375,0.3494873046875,-4.21142578125,-30.334470748901367,-19.53125
0.2974853515625,-0.897216796875,0.35107421875,-2.38037109375,-14.160155296325684,-11.230467796325684
0.41845703125,-0.9605712890625,0.36328125,3.173827886581421,0.9155272841453552,-4.69970703125
0.548095703125,-0.9835205078125,0.343994140625,8.056640625,10.742186546325684,0.2441406100988388
0.610107421875,-0.9600830078125,0.288330078125,9.46044921875,14.709471702575684,6.896972179412842
0.639404296875,-0.891845703125,0.22802734375,7.324218273162842,11.535643577575684,13.977049827575684
0.6025390625,-0.7979736328125,0.1446533203125,-3.479003667831421,23.681638717651367,19.4091796875
0.56689453125,-0.7730712890625,0.0538330078125,-18.4326171875,48.767086029052734,15.136717796325684
0.576904296875,-0.8045654296875,-0.017822265625,-23.681638717651367,49.743648529052734,1.6479490995407104
0.6016845703125,-0.7655029296875,0.0185546875,-15.624999046325684,11.413573265075684,-1.03759765625
0.5858154296875,-0.7001953125,0.3394775390625,-8.36181640625,-60.485836029052734,-15.563963890075684
0.3411865234375,-0.9197998046875,0.3436279296875,-26.184080123901367,-8.056640625,-39.1845703125
0.1915283203125,-1.0404052734375,0.291748046875,-34.72900390625,49.011226654052734,-34.24072265625
0.2587890625,-0.958984375,0.281982421875,-24.108884811401367,56.640621185302734,-5.310058116912842
0.4267578125,-0.9061279296875,0.2913818359375,-3.295898199081421,33.75244140625,11.352538108825684
0.4251708984375,-0.9400634765625,0.1912841796875,-3.845214605331421,49.865718841552734,-9.765625
0.4554443359375,-0.9150390625,0.094970703125,-5.249022960662842,61.828609466552734,-15.930174827575684
0.6768798828125,-0.9168701171875,0.2139892578125,-0.8544921278953552,42.968746185302734,-9.46044921875
0.843017578125,-0.792724609375,0.38623046875,2.3193359375,19.83642578125,0.9765624403953552
0.7344970703125,-0.544189453125,0.3814697265625,-3.234863042831421,28.686521530151367,7.812499523162842
0.4979248046875,-0.5748291015625,0.272705078125,-10.559081077575684,49.682613372802734,-13.427733421325684
0.3985595703125,-0.78369140625,0.215087890625,-13.793944358825684,57.983394622802734,-39.24560546875
0.5037841796875,-0.8472900390625,0.24267578125,-11.596678733825684,47.790523529052734,-39.36767578125
0.521240234375,-0.7947998046875,0.2899169921875,-4.2724609375,8.1787109375,-27.282712936401367
0.4454345703125,-0.7640380859375,0.3038330078125,-4.21142578125,0.1831054538488388,-14.709471702575684
0.4278564453125,-0.7620849609375,0.3455810546875,-4.150390625,-0.8544921278953552,-6.591796398162842
0.397216796875,-0.79296875,0.385498046875,-2.685546636581421,-0.2441406100988388,-8.11767578125
0.3514404296875,-0.877685546875,0.4112548828125,-0.7324218153953552,3.906249761581421,-7.995604991912842
0.4232177734375,-0.931640625,0.4503173828125,0.30517578125,18.12744140625,-2.624511480331421
0.529541015625,-0.984375,0.4921875,-0.3662109076976776,33.5693359375,0.6713866591453552
0.5892333984375,-0.9288330078125,0.4791259765625,-1.9531248807907104,41.564937591552734,5.126952648162842
0.650390625,-0.6898193359375,0.385009765625,-5.737304210662842,44.006343841552734,1.2817381620407104
0.67822265625,-0.5562744140625,0.25146484375,-17.333984375,44.189449310302734,-21.118162155151367
0.7298583984375,-0.64208984375,0.1566162109375,-31.005857467651367,38.51318359375,-44.616695404052734
0.6181640625,-0.7999267578125,0.189453125,-22.949216842651367,1.5869139432907104,-34.3017578125
0.485595703125,-0.7960205078125,0.3292236328125,-8.11767578125,-34.85107421875,-27.587888717651367
0.505126953125,-0.724609375,0.3623046875,-8.30078125,-50.964351654052734,-29.418943405151367
0.541748046875,-0.734375,0.2930908203125,-23.986814498901367,-21.728513717651367,-31.494138717651367
0.4970703125,-0.8040771484375,0.2142333984375,-35.400390625,9.21630859375,-32.1044921875
0.45263671875,-0.816650390625,0.1795654296875,-36.1328125,18.06640625,-22.644041061401367
0.481201171875,-0.830322265625,0.2176513671875,-29.052732467651367,28.564451217651367,1.0986328125
0.580322265625,-0.86962890625,0.273193359375,-20.507810592651367,48.767086029052734,24.047849655151367
0.6334228515625,-0.920654296875,0.3057861328125,-14.953612327575684,52.551265716552734,27.893064498901367
0.6890869140625,-0.9263916015625,0.332763671875,-11.657713890075684,35.09521484375,19.6533203125
0.7879638671875,-0.6572265625,0.2852783203125,-1.6479490995407104,17.63916015625,8.7890625
0.6326904296875,-0.5322265625,0.2330322265625,0.54931640625,13.244627952575684,20.874021530151367
0.5477294921875,-0.51904296875,0.2982177734375,-3.295898199081421,-2.0751953125,30.944822311401367
0.5472412109375,-0.6268310546875,0.4000244140625,-12.512206077575684,-6.958007335662842,10.803221702575684
0.5469970703125,-0.75146484375,0.415771484375,-21.301267623901367,4.5166015625,-24.841306686401367
0.53076171875,-0.7747802734375,0.3428955078125,-22.216794967651367,14.221190452575684,-36.43798828125
0.5367431640625,-0.74951171875,0.2852783203125,-21.240232467651367,13.977049827575684,-28.686521530151367
0.5531005859375,-0.760009765625,0.280029296875,-23.559568405151367,10.192870140075684,-19.53125
0.5704345703125,-0.78857421875,0.3248291015625,-21.911619186401367,2.563476324081421,-4.33349609375
0.542236328125,-0.829833984375,0.3778076171875,-13.916014671325684,-9.70458984375,7.995604991912842
0.4122314453125,-0.9232177734375,0.3538818359375,-5.676269054412842,-14.221190452575684,16.78466796875
0.3873291015625,-0.99609375,0.300537109375,1.0986328125,-9.33837890625,33.69140625
0.5712890625,-1.0087890625,0.2764892578125,2.13623046875,-5.126952648162842,31.005857467651367
0.7586669921875,-1.0040283203125,0.217529296875,-0.9155272841453552,-6.042479991912842,21.484373092651367
0.815185546875,-0.9681396484375,0.094482421875,-5.432128429412842,-4.82177734375,34.97314453125
0.5574951171875,-0.55517578125,0.0830078125,-13.488768577575684,-26.367185592651367,70.25146484375
0.469970703125,-0.517578125,0.3673095703125,-6.164550304412842,-57.128902435302734,35.46142578125
0.3770751953125,-0.65771484375,0.5250244140625,-17.7001953125,-33.5693359375,-25.390623092651367
0.337646484375,-0.806396484375,0.3277587890625,-46.264644622802734,41.748043060302734,-59.997554779052734
0.44384765625,-0.90673828125,0.01025390625,-61.340328216552734,102.17284393310547,-55.908199310302734
0.40234375,-0.891845703125,0.0770263671875,-33.26416015625,53.405757904052734,-4.8828125
0.3804931640625,-0.81787109375,0.2640380859375,-18.37158203125,21.850584030151367,16.78466796875
0.45849609375,-0.82080078125,0.28759765625,-20.080564498901367,38.26904296875,17.578125
0.4388427734375,-0.969970703125,0.1839599609375,-34.11865234375,78.0029296875,-2.13623046875
0.41845703125,-1.05419921875,0.1671142578125,-34.85107421875,83.55712127685547,-8.85009765625
0.58837890625,-0.9678955078125,0.261474609375,-12.390135765075684,48.339839935302734,6.347655773162842
0.7486572265625,-0.8709716796875,0.297607421875,6.713866710662842,30.090330123901367,13.244627952575684
0.7626953125,-0.762939453125,0.2677001953125,8.056640625,36.0107421875,8.23974609375
0.7279052734375,-0.6512451171875,0.2440185546875,-1.3427733182907104,46.630855560302734,7.568358898162842
0.657470703125,-0.6578369140625,0.19873046875,-16.9677734375,69.4580078125,-1.6479490995407104
0.541748046875,-0.7691650390625,0.1134033203125,-30.517576217651367,93.50585174560547,-24.475095748901367
0.498046875,-0.7996826171875,0.1240234375,-17.02880859375,49.011226654052734,-33.75244140625
0.5225830078125,-0.77490234375,0.203125,-3.967284917831421,10.681151390075684,-27.526853561401367
0.505615234375,-0.7794189453125,0.2371826171875,-0.9765624403953552,-2.01416015625,-23.254392623901367
0.4208984375,-0.8084716796875,0.2529296875,-4.33349609375,-1.5258787870407104,-18.12744140625
0.3284912109375,-0.845947265625,0.27978515625,-7.019042491912842,-1.9531248807907104,-9.1552734375
0.3671875,-0.8837890625,0.3125,-5.615233898162842,-4.57763671875,-2.197265625
0.5211181640625,-0.909912109375,0.33837890625,-2.563476324081421,-4.2724609375,2.929687261581421
0.7181396484375,-0.9761962890625,0.3262939453125,2.685546636581421,-0.4882812201976776,11.962889671325684
0.8367919921875,-1.05712890625,0.2371826171875,8.9111328125,4.33349609375,13.427733421325684
0.7254638671875,-0.95361328125,0.0797119140625,6.896972179412842,14.282225608825684,13.549803733825684
0.5235595703125,-0.73681640625,-0.0367431640625,5.065917491912842,10.498045921325684,23.681638717651367
0.447509765625,-0.66259765625,-0.0294189453125,13.977049827575684,-12.878417015075684,19.775390625
0.4957275390625,-0.7503662109375,0.1024169921875,19.775390625,-22.583005905151367,-3.234863042831421
0.54736328125,-0.8626708984375,0.275390625,11.291502952575684,-12.634276390075684,-20.202634811401367
0.54248046875,-0.895751953125,0.2969970703125,-10.803221702575684,11.108397483825684,-24.841306686401367
0.5128173828125,-0.822021484375,0.14794921875,-34.97314453125,41.870113372802734,-23.315427780151367
0.4625244140625,-0.7530517578125,0.065673828125,-44.982906341552734,54.809566497802734,-18.73779296875
0.420654296875,-0.7713623046875,0.120849609375,-43.823238372802734,47.607418060302734,-17.15087890625
0.44677734375,-0.8134765625,0.176025390625,-42.297359466552734,43.090816497802734,-18.06640625
0.53173828125,-0.8590087890625,0.2073974609375,-35.888671875,50.109859466552734,-23.986814498901367
0.4853515625,-0.8870849609375,0.2906494140625,-31.616209030151367,51.574703216552734,-28.625486373901367
0.4210205078125,-0.8992919921875,0.362060546875,-29.174802780151367,58.898921966552734,-24.047849655151367
0.469482421875,-0.8780517578125,0.328125,-30.700681686401367,81.29882049560547,-11.169432640075684
0.611572265625,-0.8515625,0.2442626953125,-35.58349609375,107.84911346435547,-2.563476324081421
0.737060546875,-0.7845458984375,0.2274169921875,-37.78076171875,111.20604705810547,-5.676269054412842
0.7913818359375,-0.650146484375,0.2952880859375,-39.4287109375,91.85790252685547,-10.437010765075684
0.7845458984375,-0.549560546875,0.3272705078125,-49.926753997802734,88.07372283935547,-22.644041061401367
0.73583984375,-0.5919189453125,0.233642578125,-66.83349609375,115.23436737060547,-57.617183685302734
0.6669921875,-0.73779296875,0.0980224609375,-74.951171875,132.75146484375,-86.60887908935547
0.618896484375,-0.8436279296875,0.0745849609375,-66.34521484375,108.33739471435547,-77.45361328125
0.6131591796875,-0.8250732421875,0.2130126953125,-50.781246185302734,62.316890716552734,-44.616695404052734
0.643310546875,-0.7476806640625,0.3638916015625,-40.161128997802734,32.5927734375,-20.996091842651367
0.6741943359375,-0.724365234375,0.3670654296875,-34.7900390625,30.212400436401367,-17.578125
0.67138671875,-0.767822265625,0.281494140625,-29.174802780151367,35.58349609375,-20.751951217651367
0.60107421875,-0.846435546875,0.2589111328125,-22.216794967651367,30.273435592651367,-13.793944358825684
0.5426025390625,-0.8262939453125,0.3955078125,-7.324218273162842,7.019042491912842,33.26416015625
0.58740234375,-0.7789306640625,0.34619140625,-5.615233898162842,17.51708984375,35.15625
0.5609130859375,-0.7901611328125,0.236083984375,-6.835937023162842,31.433103561401367,26.367185592651367
0.5120849609375,-0.826171875,0.15673828125,-8.7890625,36.1328125,21.911619186401367
0.5086669921875,-0.833984375,0.12939453125,-12.023924827575684,33.99658203125,19.04296875
0.5299072265625,-0.8262939453125,0.1326904296875,-13.366698265075684,27.893064498901367,15.380858421325684
0.51806640625,-0.834716796875,0.142822265625,-7.629394054412842,14.099120140075684,14.770506858825684
0.44482421875,-0.8643798828125,0.1568603515625,-0.7934569716453552,-0.6103515625,17.76123046875
0.385009765625,-0.879638671875,0.1590576171875,-1.03759765625,-3.784179449081421,20.751951217651367
0.4197998046875,-0.8756103515625,0.203125,-3.112792730331421,-5.920409679412842,11.596678733825684
0.4356689453125,-0.8753662109375,0.241455078125,-0.2441406100988388,-7.507323741912842,5.981444835662842
0.4388427734375,-0.87109375,0.239990234375,1.220703125,-2.563476324081421,2.0751953125
0.4359130859375,-0.8636474609375,0.2242431640625,0.6713866591453552,2.868652105331421,-0.7324218153953552
0.423828125,-0.861083984375,0.2152099609375,-1.4038084745407104,6.286620616912842,-3.540038824081421
0.41064453125,-0.873046875,0.2071533203125,-3.479003667831421,8.72802734375,-6.835937023162842
0.413818359375,-0.885498046875,0.2061767578125,-3.601073980331421,7.446288585662842,-9.6435546875
0.4224853515625,-0.8828125,0.2303466796875,-1.2817381620407104,2.01416015625,-9.521484375
0.4278564453125,-0.876708984375,0.2593994140625,1.03759765625,-1.2817381620407104,-7.019042491912842
0.4324951171875,-0.877685546875,0.2647705078125,1.2817381620407104,1.7700194120407104,-5.249022960662842
0.435302734375,-0.879150390625,0.2596435546875,0.1831054538488388,6.835937023162842,-4.5166015625
0.443359375,-0.8729248046875,0.2625732421875,-2.25830078125,10.192870140075684,-4.150390625
0.4534912109375,-0.8663330078125,0.257080078125,-6.286620616912842,13.061522483825684,-4.150390625
0.4527587890625,-0.8690185546875,0.226318359375,-9.46044921875,15.930174827575684,-3.845214605331421
0.4461669921875,-0.8760986328125,0.19873046875,-8.36181640625,15.441893577575684,-2.25830078125
0.442626953125,-0.879638671875,0.2025146484375,-3.295898199081421,9.521484375,-0.1220703050494194
0.4427490234375,-0.8779296875,0.22509765625,1.6479490995407104,2.624511480331421,1.4648436307907104
0.4415283203125,-0.873291015625,0.2471923828125,3.784179449081421,-1.6479490995407104,3.112792730331421
0.4366455078125,-0.8690185546875,0.256591796875,3.417968511581421,-2.44140625,4.57763671875
0.4315185546875,-0.8751220703125,0.2401123046875,0.4272460639476776,1.6479490995407104,1.4648436307907104
0.4310302734375,-0.8758544921875,0.23583984375,0.0610351525247097,1.9531248807907104,-0.1831054538488388
0.4310302734375,-0.8748779296875,0.238037109375,0.2441406100988388,0.9155272841453552,-0.54931640625
0.433349609375,-0.87451171875,0.2432861328125,0.1831054538488388,-0.30517578125,-0.2441406100988388
0.4356689453125,-0.8739013671875,0.24609375,-0.4882812201976776,-0.7324218153953552,0.0610351525247097
0.4365234375,-0.8739013671875,0.24365234375,-1.8310545682907104,0.1220703050494194,-0.30517578125
