0.20556640625,-1.01171875,0.0628662109375,-8.72802734375,39.306640625,-43.457027435302734
0.2838134765625,-1.02001953125,0.017333984375,-16.357421875,54.382320404052734,-43.273921966552734
0.296630859375,-0.9996337890625,-0.018798828125,-16.845703125,41.748043060302734,-21.972654342651367
0.237548828125,-0.9976806640625,0.0086669921875,-10.314940452575684,7.080077648162842,1.3427733182907104
0.1734619140625,-0.99755859375,0.060302734375,-5.249022960662842,-21.240232467651367,12.207030296325684
0.1522216796875,-0.993408203125,0.0550537109375,-6.713866710662842,-20.996091842651367,8.11767578125
0.1761474609375,-0.982177734375,0.013916015625,-11.291502952575684,-8.056640625,-4.21142578125
0.19091796875,-0.9482421875,-0.001220703125,-12.878417015075684,-7.690429210662842,-10.009765625
0.16748046875,-0.9166259765625,0.01318359375,-9.58251953125,-21.972654342651367,-5.065917491912842
0.155029296875,-0.9306640625,0.0184326171875,-6.103515148162842,-32.5927734375,2.0751953125
0.17041015625,-0.982421875,-0.0108642578125,-5.981444835662842,-26.733396530151367,3.662109136581421
0.1739501953125,-1.0067138671875,-0.0333251953125,-4.69970703125,-22.338865280151367,3.295898199081421
0.1558837890625,-0.9873046875,-0.01708984375,1.5869139432907104,-34.85107421875,1.220703125
0.136474609375,-0.9498291015625,0.0135498046875,9.33837890625,-48.583980560302734,-4.7607421875
0.11669921875,-0.917236328125,0.043701171875,15.258788108825684,-50.842281341552734,-6.774901866912842
0.0469970703125,-0.9482421875,0.0550537109375,21.179197311401367,-40.954586029052734,-10.498045921325684
0.1060791015625,-1.0584716796875,-0.0133056640625,20.507810592651367,-33.38623046875,-26.611326217651367
0.1722412109375,-1.2021484375,-0.0283203125,19.71435546875,-29.418943405151367,-28.564451217651367
0.1485595703125,-1.2911376953125,0.0216064453125,19.6533203125,-28.503416061401367,-4.150390625
0.1474609375,-1.2677001953125,-0.0242919921875,19.04296875,-23.254392623901367,21.667478561401367
0.23193359375,-1.1507568359375,-0.12939453125,20.01953125,-26.367185592651367,27.954099655151367
0.3580322265625,-0.94287109375,-0.133056640625,22.949216842651367,-51.147457122802734,20.874021530151367
0.43310546875,-0.69677734375,-0.0042724609375,21.484373092651367,-74.03564453125,8.23974609375
0.4302978515625,-0.7674560546875,0.1810302734375,1.7700194120407104,-19.59228515625,-16.78466796875
0.439208984375,-1.0263671875,0.1114501953125,0.6713866591453552,5.310058116912842,-28.991697311401367
0.3846435546875,-1.1357421875,0.0218505859375,6.103515148162842,-1.7700194120407104,-31.066892623901367
0.3121337890625,-1.051025390625,0.0682373046875,10.498045921325684,-22.155759811401367,-2.990722417831421
0.2783203125,-0.947265625,0.22412109375,9.8876953125,-43.090816497802734,25.512693405151367
0.1922607421875,-0.9248046875,0.2974853515625,6.896972179412842,-32.04345703125,34.60693359375
0.2025146484375,-0.9384765625,0.2686767578125,11.291502952575684,-14.343260765075684,39.73388671875
0.223876953125,-0.954345703125,0.276611328125,16.54052734375,-0.54931640625,46.447750091552734
0.2264404296875,-0.909912109375,0.329833984375,23.986814498901367,1.0986328125,59.631343841552734
0.20751953125,-0.7886962890625,0.33642578125,34.85107421875,3.784179449081421,63.354488372802734
0.1678466796875,-0.6256103515625,0.1771240234375,40.527339935302734,29.235837936401367,41.259761810302734
0.0113525390625,-0.5546875,-0.251220703125,13.916014671325684,49.499507904052734,-11.657713890075684
-0.0592041015625,-0.888671875,-0.39697265625,-18.4326171875,13.610838890075684,-27.893064498901367
0.085205078125,-1.3135986328125,-0.2625732421875,-49.804683685302734,-42.907711029052734,-53.771968841552734
0.3011474609375,-1.245361328125,0.0467529296875,-70.86181640625,-121.76512908935547,-75.25634765625
0.33740234375,-0.529541015625,0.15478515625,-97.22899627685547,-144.10400390625,-66.89453125
0.3580322265625,0.0633544921875,0.251708984375,-138.916015625,-115.23436737060547,-50.659175872802734
0.4730224609375,-0.4874267578125,-0.0191650390625,-187.98826599121094,-31.066892623901367,-87.40233612060547
0.9722900390625,-1.817138671875,-0.495849609375,-202.20945739746094,106.56737518310547,-212.09715270996094
0.83203125,-1.1981201171875,-0.2177734375,-48.339839935302734,75.13427734375,-67.68798828125
0.6641845703125,-0.3389892578125,-0.28759765625,-3.784179449081421,-8.6669921875,84.96092987060547
0.884765625,-0.591796875,-0.6798095703125,-0.1831054538488388,-92.83446502685547,77.57568359375
1.03759765625,-1.0914306640625,-1.063720703125,-19.775390625,-57.434078216552734,3.234863042831421
0.9149169921875,-0.8760986328125,-1.07666015625,-35.888671875,69.3359375,-9.27734375
0.7991943359375,-0.666748046875,-0.865478515625,-35.09521484375,106.38426971435547,13.061522483825684
0.884765625,-0.9183349609375,-0.4898681640625,-11.413573265075684,33.5693359375,2.807616949081421
0.891845703125,-0.990966796875,-0.11279296875,21.118162155151367,-4.7607421875,8.85009765625
0.6241455078125,-0.7818603515625,-0.0439453125,37.9638671875,67.0166015625,41.503902435302734
0.422119140625,-0.6116943359375,-0.0238037109375,49.743648529052734,120.42235565185547,47.363277435302734
0.3922119140625,-0.5457763671875,0.0809326171875,59.997554779052734,105.95702362060547,38.14697265625
0.430419921875,-0.52001953125,0.1287841796875,54.687496185302734,105.59081268310547,50.842281341552734
0.4765625,-0.4049072265625,0.022216796875,35.15625,152.9541015625,80.26123046875
0.582763671875,-0.2379150390625,-0.22216796875,11.291502952575684,208.31297302246094,92.71239471435547
0.9290771484375,-0.359130859375,-0.3448486328125,-13.732909202575684,214.29441833496094,65.12451171875
1.316162109375,-0.7890625,-0.193603515625,-30.700681686401367,150.81787109375,9.70458984375
1.189208984375,-1.1422119140625,-0.08740234375,-31.799314498901367,97.83934783935547,-17.333984375
0.712158203125,-1.119873046875,0.0181884765625,-15.197752952575684,62.377925872802734,17.02880859375
0.37890625,-0.8323974609375,0.2088623046875,8.056640625,7.446288585662842,73.18115234375
0.271728515625,-0.67041015625,0.2327880859375,15.319823265075684,-3.479003667831421,85.08300018310547
0.3343505859375,-0.6427001953125,0.1693115234375,2.868652105331421,16.6015625,41.870113372802734
0.4112548828125,-0.644775390625,0.11572265625,-14.343260765075684,24.414060592651367,-2.197265625
0.3529052734375,-0.789794921875,0.052978515625,-26.062009811401367,27.770994186401367,-16.66259765625
0.287353515625,-0.9462890625,0.0968017578125,-28.869626998901367,12.207030296325684,-3.417968511581421
0.3580322265625,-0.9271240234375,0.277099609375,-22.338865280151367,-28.137205123901367,17.08984375
0.420654296875,-0.9146728515625,0.3985595703125,-16.05224609375,-47.546382904052734,9.58251953125
0.3798828125,-0.9698486328125,0.360107421875,-15.136717796325684,-22.949216842651367,-5.920409679412842
0.336181640625,-0.9560546875,0.2615966796875,-14.160155296325684,6.469726085662842,0.7934569716453552
0.263671875,-0.8692626953125,0.1585693359375,-7.568358898162842,9.27734375,10.437010765075684
0.24365234375,-0.8172607421875,0.2120361328125,-1.4038084745407104,-1.0986328125,18.73779296875
0.3348388671875,-0.8172607421875,0.2720947265625,5.371093273162842,-6.835937023162842,13.488768577575684
0.441162109375,-0.9039306640625,0.1810302734375,3.845214605331421,12.756346702575684,-29.907224655151367
0.4141845703125,-0.9259033203125,-0.0458984375,-11.474608421325684,56.091304779052734,-61.706539154052734
0.389892578125,-1.0638427734375,0.0751953125,-19.34814453125,44.372554779052734,-10.559081077575684
0.4359130859375,-1.1251220703125,0.2705078125,8.30078125,-11.840819358825684,1.5258787870407104
0.36376953125,-0.9439697265625,0.19580078125,24.291990280151367,-21.911619186401367,19.83642578125
0.2783203125,-0.8203125,0.0465087890625,12.695311546325684,15.441893577575684,10.803221702575684
0.226318359375,-0.85888671875,0.0052490234375,-14.282225608825684,62.561031341552734,-18.24951171875
0.2528076171875,-0.904541015625,0.1663818359375,-33.02001953125,80.62743377685547,-15.624999046325684
0.2880859375,-0.865966796875,0.2757568359375,-33.447265625,78.2470703125,-2.197265625
0.265869140625,-0.8436279296875,0.2174072265625,-21.362302780151367,78.67431640625,-16.90673828125
0.2650146484375,-0.903076171875,0.16162109375,-12.207030296325684,76.5380859375,-39.48974609375
0.2991943359375,-1.0732421875,0.08935546875,-20.446775436401367,91.43065643310547,-44.494625091552734
0.4715576171875,-1.2271728515625,0.0443115234375,-37.29248046875,108.88671112060547,-32.5927734375
0.7530517578125,-1.1246337890625,0.134033203125,-39.24560546875,74.8291015625,-17.15087890625
0.87109375,-0.817626953125,0.1907958984375,-26.428220748901367,24.902341842651367,-12.207030296325684
0.741943359375,-0.6561279296875,0.1728515625,-19.59228515625,20.141599655151367,-18.61572265625
0.4967041015625,-0.76025390625,0.1573486328125,-25.573728561401367,53.161617279052734,-18.12744140625
0.4176025390625,-0.8438720703125,0.147705078125,-32.77587890625,92.40721893310547,13.671874046325684
0.535400390625,-0.84033203125,0.208740234375,-26.367185592651367,87.52440643310547,37.59765625
0.587646484375,-0.8670654296875,0.2578125,-10.620116233825684,44.189449310302734,21.972654342651367
0.489501953125,-0.8887939453125,0.2403564453125,-6.896972179412842,23.437498092651367,14.770506858825684
0.3505859375,-0.885986328125,0.2618408203125,-13.732909202575684,25.390623092651367,32.3486328125
0.3106689453125,-0.887939453125,0.3118896484375,-15.624999046325684,26.062009811401367,40.710445404052734
0.362548828125,-0.8787841796875,0.306640625,-11.047362327575684,27.160642623901367,28.808591842651367
0.3831787109375,-0.871337890625,0.2569580078125,-5.0048828125,29.479978561401367,12.817381858825684
0.3408203125,-0.85546875,0.184814453125,-0.1831054538488388,29.724119186401367,7.751464366912842
0.30810546875,-0.82861328125,0.09326171875,2.990722417831421,26.245115280151367,5.676269054412842
0.2696533203125,-0.8646240234375,0.0679931640625,2.3193359375,19.04296875,-3.662109136581421
0.1353759765625,-0.9906005859375,0.17138671875,-4.21142578125,18.9208984375,-0.9155272841453552
-0.0020751953125,-1.059326171875,0.2691650390625,-9.27734375,37.841796875,23.376462936401367
0.0784912109375,-0.974365234375,0.242919921875,-4.638671875,47.485347747802734,28.137205123901367
0.3057861328125,-0.8463134765625,0.1268310546875,4.7607421875,26.367185592651367,3.784179449081421
0.0260009765625,-0.720703125,0.02685546875,5.0048828125,16.9677734375,35.400390625
0.037353515625,-0.666748046875,-0.0594482421875,-0.8544921278953552,14.953612327575684,43.823238372802734
0.248046875,-0.659912109375,-0.064208984375,-5.859374523162842,-13.671874046325684,18.00537109375
0.408447265625,-0.5535888671875,0.056884765625,-22.766111373901367,-49.499507904052734,-27.160642623901367
0.5604248046875,-0.2686767578125,-0.0087890625,-63.354488372802734,-53.100582122802734,-74.8291015625
0.482177734375,-0.6297607421875,-0.138671875,-121.64305877685547,-47.851558685302734,-132.8125
0.448486328125,-1.6007080078125,0.07177734375,-176.02537536621094,-66.650390625,-159.72900390625
0.74755859375,-2.0147705078125,0.3475341796875,-190.97898864746094,-70.4345703125,-123.77928924560547
0.71875,-1.62646484375,0.219970703125,-157.1044921875,-42.907711029052734,-74.03564453125
0.5562744140625,-0.7952880859375,-0.1856689453125,-115.35643768310547,-24.169919967651367,-12.756346702575684
0.6435546875,-0.487548828125,-0.674072265625,-96.55760955810547,-39.55078125,12.939452171325684
0.810302734375,-1.0589599609375,-1.051025390625,-100.28075408935547,-48.767086029052734,-35.21728515625
0.8734130859375,-1.171875,-1.1767578125,-99.36522674560547,0.4272460639476776,-40.771480560302734
0.6883544921875,-0.666259765625,-1.1324462890625,-79.89501953125,46.874996185302734,12.878417015075684
0.5108642578125,-0.5750732421875,-0.99658203125,-63.049312591552734,36.4990234375,18.61572265625
0.6146240234375,-0.8328857421875,-0.7791748046875,-47.546382904052734,23.193357467651367,-9.1552734375
0.790283203125,-1.0003662109375,-0.5091552734375,-12.329100608825684,44.128414154052734,-25.329587936401367
0.6649169921875,-0.9510498046875,-0.242431640625,40.893550872802734,67.81005859375,-22.949216842651367
0.396240234375,-0.68408203125,-0.031005859375,89.72167205810547,82.21434783935547,2.685546636581421
0.217041015625,-0.4515380859375,0.059814453125,118.22509002685547,109.61913299560547,22.155759811401367
0.1177978515625,-0.3902587890625,0.0162353515625,124.20653533935547,147.3388671875,19.4091796875
0.1767578125,-0.36669921875,-0.1217041015625,113.40331268310547,174.86570739746094,37.29248046875
0.484375,-0.21923828125,-0.35400390625,86.36473846435547,181.39646911621094,92.65135955810547
1.2073974609375,-0.3087158203125,-0.40576171875,36.0107421875,174.80467224121094,125.18309783935547
1.86572265625,-1.297119140625,-0.0648193359375,-4.5166015625,108.15428924560547,43.457027435302734
1.596923828125,-1.8319091796875,0.0927734375,0.6713866591453552,46.325679779052734,-38.39111328125
0.86181640625,-1.2110595703125,-0.021728515625,26.123044967651367,52.551265716552734,15.502928733825684
0.45654296875,-0.8001708984375,0.0321044921875,44.067378997802734,36.62109375,100.09764862060547
0.3111572265625,-0.7542724609375,0.1204833984375,40.527339935302734,17.51708984375,141.9677734375
0.221435546875,-0.5860595703125,0.1702880859375,15.441893577575684,-4.69970703125,147.216796875
0.1663818359375,-0.2796630859375,0.2364501953125,2.929687261581421,-75.01220703125,133.6669921875
0.05712890625,-0.11865234375,0.2216796875,7.446288585662842,-106.44530487060547,117.91991424560547
-0.027587890625,-0.1434326171875,0.1834716796875,6.958007335662842,-60.974117279052734,98.44969940185547
0.139404296875,-0.368408203125,0.2568359375,6.896972179412842,-16.4794921875,44.128414154052734
0.5693359375,-1.0924072265625,0.3099365234375,4.08935546875,14.160155296325684,-76.23291015625
0.8487548828125,-1.846923828125,0.113525390625,-20.935056686401367,78.0029296875,-154.9072265625
0.46435546875,-1.2169189453125,0.244873046875,-30.334470748901367,-0.54931640625,29.113767623901367
0.269775390625,-0.8072509765625,0.5435791015625,-0.4272460639476776,-84.96092987060547,80.38329315185547
0.109130859375,-0.57080078125,0.5311279296875,1.6479490995407104,-24.047849655151367,61.157222747802734
0.0968017578125,-0.541259765625,0.3333740234375,-19.287109375,99.12108612060547,1.3427733182907104
0.204345703125,-0.6031494140625,0.10986328125,-41.748043060302734,167.05320739746094,-51.086421966552734
0.254150390625,-0.660400390625,0.025634765625,-52.673336029052734,165.58836364746094,-56.640621185302734
0.314208984375,-0.7554931640625,0.043212890625,-53.161617279052734,141.17431640625,-35.888671875
0.3480224609375,-0.953125,0.020751953125,-58.532711029052734,139.7705078125,-21.789548873901367
0.271240234375,-1.2218017578125,0.0347900390625,-71.10595703125,142.9443359375,-9.09423828125
0.3648681640625,-1.193603515625,0.023193359375,-73.974609375,138.12255859375,6.469726085662842
0.595947265625,-0.8431396484375,-0.040771484375,-53.710933685302734,120.97167205810547,4.0283203125
0.6759033203125,-0.86083984375,0.0836181640625,-32.89794921875,96.49657440185547,-56.396480560302734
0.7078857421875,-1.05322265625,0.3223876953125,-36.19384765625,103.39354705810547,-116.14989471435547
0.7862548828125,-0.8310546875,0.3677978515625,-44.433589935302734,127.44139862060547,-92.10204315185547
0.7657470703125,-0.6806640625,0.28564453125,-41.198726654052734,135.31494140625,-63.781734466552734
0.67431640625,-0.788818359375,0.257080078125,-39.12353515625,134.46044921875,-64.27001953125
0.6702880859375,-0.7882080078125,0.246337890625,-44.372554779052734,143.37158203125,-34.97314453125
0.6715087890625,-0.827392578125,0.16064453125,-46.936031341552734,152.099609375,-11.901854515075684
0.5997314453125,-0.9495849609375,0.1251220703125,-44.799800872802734,141.41845703125,-14.526366233825684
0.5933837890625,-0.95068359375,0.251220703125,-44.616695404052734,117.49266815185547,0.0610351525247097
0.63818359375,-0.931396484375,0.3258056640625,-47.485347747802734,105.59081268310547,16.66259765625
0.6041259765625,-0.915771484375,0.275390625,-50.415035247802734,102.60009002685547,17.39501953125
0.5037841796875,-0.8514404296875,0.2215576171875,-49.987789154052734,91.85790252685547,17.7001953125
0.4180908203125,-0.7933349609375,0.22607421875,-48.706050872802734,81.42089080810547,13.977049827575684
0.390869140625,-0.7325439453125,0.2716064453125,-47.546382904052734,77.45361328125,11.352538108825684
0.3863525390625,-0.667724609375,0.308837890625,-41.870113372802734,75.13427734375,17.88330078125
0.36474609375,-0.6602783203125,0.3221435546875,-31.494138717651367,70.068359375,20.324705123901367
0.3660888671875,-0.728271484375,0.277587890625,-23.498533248901367,72.3876953125,10.314940452575684
0.4364013671875,-0.90966796875,0.200927734375,-22.521970748901367,85.08300018310547,-10.620116233825684
0.4678955078125,-1.21923828125,0.0899658203125,-26.306150436401367,94.05516815185547,-40.283199310302734
0.384033203125,-1.3240966796875,-0.060546875,-32.65380859375,93.68895721435547,-41.198726654052734
0.3355712890625,-1.0703125,-0.1097412109375,-38.6962890625,75.62255859375,4.5166015625
0.3067626953125,-0.876220703125,-0.0032958984375,-36.9873046875,39.55078125,31.677244186401367
0.275634765625,-0.85693359375,0.0919189453125,-31.921384811401367,25.451658248901367,12.512206077575684
0.3232421875,-0.845458984375,0.007080078125,-36.0107421875,57.128902435302734,-14.160155296325684
0.3131103515625,-0.8568115234375,-0.1494140625,-46.569820404052734,96.55760955810547,-21.423337936401367
0.2313232421875,-0.9248046875,-0.1707763671875,-49.316402435302734,97.59520721435547,-12.451170921325684
0.2275390625,-0.994384765625,-0.05078125,-39.0625,64.8193359375,-3.112792730331421
0.277587890625,-0.993408203125,0.0584716796875,-22.460935592651367,36.376953125,1.0986328125
0.2593994140625,-0.9478759765625,0.0399169921875,-7.568358898162842,31.311033248901367,1.03759765625
0.1781005859375,-0.9266357421875,-0.03076171875,0.2441406100988388,36.0107421875,0.7324218153953552
0.128173828125,-0.9466552734375,-0.0147705078125,2.25830078125,32.3486328125,1.2817381620407104
0.1402587890625,-0.9769287109375,0.0589599609375,3.967284917831421,23.925779342651367,-0.1220703050494194
0.17138671875,-1.00244140625,0.09130859375,8.72802734375,19.71435546875,0.0610351525247097
0.2513427734375,-1.0416259765625,0.13037109375,13.244627952575684,19.34814453125,1.4038084745407104
0.45263671875,-1.1138916015625,0.109130859375,10.498045921325684,30.639646530151367,-20.507810592651367
0.7130126953125,-0.964111328125,-0.0198974609375,5.859374523162842,38.63525390625,-47.729488372802734
0.748779296875,-0.772705078125,-0.0302734375,8.23974609375,9.765625,-46.508785247802734
0.5142822265625,-0.8719482421875,0.0335693359375,6.164550304412842,0.7324218153953552,-25.634763717651367
0.4322509765625,-0.924560546875,0.062744140625,-1.4038084745407104,36.62109375,12.817381858825684
0.5369873046875,-0.899169921875,0.152099609375,6.469726085662842,25.390623092651367,31.921384811401367
0.5079345703125,-0.865234375,0.28125,23.254392623901367,-29.602048873901367,25.634763717651367
0.3651123046875,-0.792236328125,0.3902587890625,23.742673873901367,-43.884273529052734,31.433103561401367
0.3028564453125,-0.830078125,0.3978271484375,9.94873046875,-10.070799827575684,24.780271530151367
0.335693359375,-0.9449462890625,0.3009033203125,0.3662109076976776,25.451658248901367,-3.295898199081421
0.3515625,-0.9638671875,0.2469482421875,2.685546636581421,31.188962936401367,-8.97216796875
0.30810546875,-0.8878173828125,0.2869873046875,11.901854515075684,12.939452171325684,15.197752952575684
0.225341796875,-0.836669921875,0.2725830078125,19.287109375,5.981444835662842,35.82763671875
0.154541015625,-0.7535400390625,0.14501953125,19.10400390625,26.977537155151367,37.41455078125
0.1201171875,-0.6756591796875,0.0638427734375,14.587401390075684,43.395992279052734,31.677244186401367
0.1126708984375,-0.914306640625,0.0826416015625,10.131834983825684,36.865234375,19.6533203125
0.1416015625,-1.273193359375,0.0047607421875,-0.3662109076976776,34.912109375,-8.23974609375
0.163818359375,-1.25146484375,-0.0997314453125,-8.30078125,16.845703125,-9.82666015625
0.1385498046875,-0.965576171875,0.0679931640625,-4.39453125,-54.199214935302734,23.864744186401367
0.1080322265625,-0.67138671875,0.2359619140625,-5.737304210662842,-106.44530487060547,32.28759765625
0.102294921875,-0.4276123046875,0.08740234375,-19.95849609375,-90.20995330810547,1.2817381620407104
0.280029296875,-0.3275146484375,-0.05712890625,-38.6962890625,-68.42041015625,-52.551265716552734
0.6072998046875,-0.5457763671875,0.0023193359375,-64.88037109375,-77.1484375,-108.15428924560547
0.76513671875,-1.0677490234375,-0.1317138671875,-103.02733612060547,-54.687496185302734,-133.1787109375
1.006591796875,-1.5718994140625,-0.1248779296875,-124.08446502685547,-29.907224655151367,-129.94384765625
1.162353515625,-1.605224609375,0.17333984375,-109.98534393310547,-62.805171966552734,-112.73192596435547
0.867919921875,-1.299560546875,0.17138671875,-87.46337127685547,-71.533203125,-89.41649627685547
0.49462890625,-0.969482421875,0.049072265625,-71.71630859375,-56.213375091552734,-50.476070404052734
0.18408203125,-0.6702880859375,-0.0128173828125,-54.321285247802734,-60.607906341552734,20.629880905151367
0.144287109375,-0.4627685546875,-0.12158203125,-30.578611373901367,-58.410640716552734,76.416015625
0.4820556640625,-0.2811279296875,-0.2930908203125,-15.136717796325684,-33.203125,63.232418060302734
0.8572998046875,-0.61279296875,-0.88330078125,-32.40966796875,22.949216842651367,-2.807616949081421
1.02685546875,-1.1531982421875,-1.2685546875,-61.401363372802734,52.307125091552734,-61.950679779052734
1.005859375,-1.04296875,-1.0260009765625,-63.598628997802734,31.127927780151367,-52.917476654052734
0.8314208984375,-0.697021484375,-0.752685546875,-45.166011810302734,34.97314453125,-18.85986328125
0.5941162109375,-0.767822265625,-0.3663330078125,-19.04296875,27.465818405151367,-23.803709030151367
0.494873046875,-0.876953125,-0.0374755859375,3.845214605331421,9.33837890625,-5.615233898162842
0.4769287109375,-0.672607421875,0.0296630859375,20.202634811401367,49.682613372802734,57.556148529052734
0.4171142578125,-0.5272216796875,0.0098876953125,46.325679779052734,87.95165252685547,71.10595703125
0.3604736328125,-0.5518798828125,-0.02294921875,71.96044921875,97.96141815185547,22.705076217651367
0.37890625,-0.572998046875,-0.0648193359375,70.3125,122.25341033935547,6.713866710662842
0.59375,-0.454345703125,-0.2021484375,41.259761810302734,165.28318786621094,44.189449310302734
1.163818359375,-0.3714599609375,-0.5374755859375,-0.30517578125,217.59031677246094,64.75830078125
1.6339111328125,-0.7613525390625,-0.470703125,-18.310546875,185.48582458496094,22.155759811401367
1.4820556640625,-1.142822265625,-0.0347900390625,-4.69970703125,71.83837890625,-1.3427733182907104
0.9910888671875,-0.98681640625,0.0501708984375,7.629394054412842,34.11865234375,41.687007904052734
0.6265869140625,-0.8148193359375,0.029296875,24.719236373901367,31.555173873901367,57.495113372802734
0.5299072265625,-0.81396484375,0.1065673828125,40.771480560302734,7.141112804412842,35.58349609375
0.527587890625,-0.73681640625,0.168212890625,28.991697311401367,13.244627952575684,46.508785247802734
0.458740234375,-0.566650390625,0.2462158203125,8.7890625,17.88330078125,73.974609375
0.30908203125,-0.5396728515625,0.2822265625,5.310058116912842,-5.554198741912842,56.518550872802734
0.2215576171875,-0.647216796875,0.2451171875,11.047362327575684,-15.441893577575684,17.578125
0.294677734375,-0.635009765625,0.1865234375,12.756346702575684,9.70458984375,14.160155296325684
0.4071044921875,-0.560791015625,0.1025390625,8.85009765625,39.36767578125,28.869626998901367
0.4639892578125,-0.662841796875,0.043701171875,7.446288585662842,35.2783203125,23.742673873901367
0.5128173828125,-0.88671875,0.073486328125,11.962889671325684,1.4038084745407104,5.126952648162842
0.5865478515625,-1.0928955078125,0.136962890625,14.770506858825684,-22.827146530151367,-4.39453125
0.6473388671875,-1.278564453125,0.161865234375,8.60595703125,-15.136717796325684,-6.530761241912842
0.62353515625,-1.258544921875,0.1466064453125,-1.7089842557907104,5.0048828125,-12.451170921325684
0.5306396484375,-0.9703369140625,0.1580810546875,-7.690429210662842,9.58251953125,-12.878417015075684
0.4381103515625,-0.7314453125,0.171142578125,-14.160155296325684,10.559081077575684,-10.742186546325684
0.4095458984375,-0.70556640625,0.0899658203125,-24.902341842651367,32.40966796875,-23.559568405151367
0.467529296875,-0.729736328125,-0.020263671875,-27.099607467651367,47.851558685302734,-28.686521530151367
0.5042724609375,-0.6787109375,-0.054443359375,-15.869139671325684,33.38623046875,-7.446288585662842
0.4276123046875,-0.614501953125,0.02880859375,-7.568358898162842,15.197752952575684,11.718749046325684
0.383544921875,-0.5997314453125,0.171875,-17.15087890625,23.681638717651367,-1.15966796875
0.5238037109375,-0.6773681640625,0.1956787109375,-41.320796966552734,74.52392578125,-38.4521484375
0.68505859375,-0.8839111328125,0.0953369140625,-65.73486328125,134.21630859375,-73.8525390625
0.705810546875,-1.03759765625,0.1531982421875,-71.96044921875,119.99510955810547,-79.833984375
0.6656494140625,-1.0859375,0.3394775390625,-58.105464935302734,46.874996185302734,-55.480953216552734
0.5943603515625,-1.1171875,0.2816162109375,-37.2314453125,54.687496185302734,-18.06640625
0.5732421875,-0.928466796875,0.31103515625,-25.024412155151367,59.082027435302734,-1.03759765625
0.5098876953125,-0.766845703125,0.2628173828125,-19.287109375,70.068359375,0.54931640625
0.4261474609375,-0.6865234375,0.213623046875,-22.766111373901367,80.44432830810547,0.2441406100988388
0.417236328125,-0.6490478515625,0.29736328125,-24.108884811401367,63.476558685302734,16.78466796875
0.5078125,-0.696533203125,0.403564453125,-22.583005905151367,57.312007904052734,28.503416061401367
0.6337890625,-0.8367919921875,0.3900146484375,-25.939939498901367,87.46337127685547,9.765625
0.685302734375,-0.9276123046875,0.30810546875,-32.3486328125,113.70848846435547,-19.4091796875
0.6229248046875,-0.8463134765625,0.31103515625,-33.99658203125,99.60936737060547,-18.798828125
0.5194091796875,-0.6790771484375,0.3760986328125,-31.677244186401367,71.8994140625,6.225585460662842
0.453369140625,-0.5850830078125,0.409423828125,-30.334470748901367,67.56591796875,21.057126998901367
0.46875,-0.5716552734375,0.4373779296875,-29.541013717651367,78.55224609375,12.145995140075684
0.5245361328125,-0.568359375,0.45703125,-29.357908248901367,88.43993377685547,-9.521484375
0.5487060546875,-0.5943603515625,0.394287109375,-35.58349609375,103.63768768310547,-31.738279342651367
0.5831298828125,-0.7457275390625,0.2161865234375,-52.062984466552734,128.41796875,-51.818843841552734
0.588134765625,-1.130859375,0.0020751953125,-75.1953125,151.9775390625,-58.776851654052734
0.3619384765625,-1.4412841796875,-0.07470703125,-92.95653533935547,146.8505859375,-23.376462936401367
0.145263671875,-1.2974853515625,0.1307373046875,-88.19579315185547,93.44481658935547,39.85595703125
0.288330078125,-1.0589599609375,0.3870849609375,-69.3359375,50.781246185302734,42.846675872802734
0.4998779296875,-1.025634765625,0.2467041015625,-68.54248046875,109.43602752685547,-19.8974609375
0.458251953125,-0.974609375,-0.041748046875,-77.7587890625,182.98338317871094,-49.194332122802734
0.317138671875,-0.792236328125,-0.0643310546875,-70.80078125,156.55517578125,-22.216794967651367
0.308837890625,-0.607177734375,-0.008544921875,-58.105464935302734,107.42186737060547,-2.746581792831421
0.400146484375,-0.6396484375,-0.0531005859375,-55.297847747802734,102.78319549560547,-27.038572311401367
0.4298095703125,-0.86376953125,-0.0965576171875,-57.250972747802734,101.86766815185547,-55.236812591552734
0.3983154296875,-1.0181884765625,-0.0565185546875,-56.884761810302734,83.31298065185547,-43.212886810302734
0.3524169921875,-1.041015625,-0.022216796875,-54.199214935302734,72.81494140625,-13.977049827575684
0.285888671875,-1.0213623046875,-0.0494384765625,-46.874996185302734,68.84765625,-0.6103515625
0.236572265625,-0.9588623046875,-0.06591796875,-31.616209030151367,47.851558685302734,2.13623046875
0.2069091796875,-0.8590087890625,0.0,-13.183592796325684,16.17431640625,4.82177734375
0.191650390625,-0.818115234375,0.0574951171875,-0.0610351525247097,1.9531248807907104,6.713866710662842
0.2110595703125,-0.8775634765625,0.007568359375,5.798339366912842,14.953612327575684,13.305663108825684
0.3182373046875,-1.013427734375,-0.0535888671875,8.6669921875,35.2783203125,25.390623092651367
0.5186767578125,-1.1575927734375,-0.06884765625,10.131834983825684,42.907711029052734,28.442380905151367
0.6866455078125,-1.0098876953125,0.037353515625,14.831542015075684,14.831542015075684,27.282712936401367
0.5994873046875,-0.853271484375,0.122802734375,15.136717796325684,-8.72802734375,4.57763671875
0.428466796875,-1.031494140625,-0.0948486328125,2.197265625,47.180171966552734,-38.51318359375
0.4991455078125,-1.135009765625,-0.19287109375,4.2724609375,69.2138671875,-52.612300872802734
0.6090087890625,-1.0433349609375,0.0084228515625,29.357908248901367,-4.0283203125,-34.48486328125
0.556640625,-0.8394775390625,0.1658935546875,36.4990234375,-45.471187591552734,8.544921875
0.4466552734375,-0.70751953125,0.2354736328125,15.319823265075684,-36.2548828125,35.46142578125
0.3369140625,-0.777099609375,0.207275390625,-1.4038084745407104,-26.367185592651367,23.315427780151367
0.27099609375,-0.859375,0.1842041015625,2.38037109375,-30.395505905151367,16.05224609375
0.2916259765625,-0.8447265625,0.2886962890625,14.831542015075684,-43.273921966552734,19.10400390625
0.318603515625,-0.7574462890625,0.3795166015625,24.414060592651367,-39.36767578125,20.751951217651367
0.3609619140625,-0.6649169921875,0.310791015625,32.16552734375,-13.305663108825684,22.338865280151367
0.430419921875,-0.744384765625,0.1038818359375,37.78076171875,18.12744140625,13.061522483825684
0.3826904296875,-1.064453125,-0.05126953125,36.07177734375,40.222164154052734,-2.624511480331421
0.214599609375,-1.3477783203125,0.036865234375,31.677244186401367,39.36767578125,8.36181640625
0.186279296875,-1.3572998046875,0.215576171875,37.65869140625,24.780271530151367,44.372554779052734
0.3292236328125,-1.2373046875,0.2906494140625,55.541988372802734,6.408690929412842,57.678218841552734
0.309326171875,-1.1417236328125,0.3741455078125,73.1201171875,-8.72802734375,57.006832122802734
0.1328125,-0.9990234375,0.41015625,80.74950408935547,12.145995140075684,81.05467987060547
0.0845947265625,-0.687744140625,0.2552490234375,79.9560546875,52.001949310302734,95.52001190185547
0.1156005859375,-0.2022705078125,0.074462890625,76.84326171875,63.598628997802734,88.25682830810547
0.1412353515625,0.0621337890625,0.0023193359375,66.2841796875,69.64111328125,91.00341033935547
0.3792724609375,-0.83642578125,0.2269287109375,49.194332122802734,82.51952362060547,20.507810592651367
0.6510009765625,-1.7216796875,0.09423828125,30.578611373901367,90.33202362060547,-106.38426971435547
0.4444580078125,-1.2877197265625,-0.1806640625,14.038084983825684,49.926753997802734,-68.84765625
-0.1517333984375,-0.705322265625,0.4759521484375,21.118162155151367,-103.02733612060547,89.59960174560547
-0.0926513671875,-0.646484375,0.8111572265625,16.9677734375,-115.29540252685547,-5.676269054412842
0.136474609375,-0.8416748046875,0.7716064453125,-20.202634811401367,-38.57421875,-112.06053924560547
0.2110595703125,-0.607666015625,0.4876708984375,-57.678218841552734,7.141112804412842,-84.22850799560547
0.31298828125,-0.37548828125,0.0384521484375,-94.60448455810547,60.241695404052734,-72.08251953125
0.3148193359375,-0.6982421875,-0.2376708984375,-124.75585174560547,68.84765625,-134.70458984375
0.3272705078125,-1.164794921875,-0.4935302734375,-136.16943359375,47.363277435302734,-184.14305114746094
0.7545166015625,-1.322509765625,-0.3690185546875,-120.11717987060547,-14.587401390075684,-192.01658630371094
1.3311767578125,-1.3212890625,0.2598876953125,-102.96630096435547,-110.16844940185547,-176.57469177246094
1.4052734375,-1.4150390625,0.8602294921875,-106.38426971435547,-140.93017578125,-162.10935974121094
0.9373779296875,-1.4324951171875,0.826416015625,-117.98094940185547,-69.7021484375,-159.97314453125
0.5423583984375,-1.025390625,0.2523193359375,-120.84960174560547,25.146482467651367,-97.16796112060547
0.6683349609375,-0.80810546875,-0.1038818359375,-101.86766815185547,56.823726654052734,-28.381345748901367
0.9593505859375,-1.049072265625,-0.0479736328125,-69.4580078125,39.0625,-32.3486328125
0.9742431640625,-0.9444580078125,0.1461181640625,-40.405269622802734,23.193357467651367,-17.7001953125
0.82666015625,-0.5828857421875,0.21630859375,-18.98193359375,20.202634811401367,9.521484375
0.7059326171875,-0.506103515625,0.114013671875,-2.38037109375,37.59765625,-16.6015625
0.61474609375,-0.5677490234375,0.0159912109375,10.192870140075684,56.640621185302734,-39.00146484375
0.489013671875,-0.477783203125,-0.040771484375,15.930174827575684,64.14794921875,-4.0283203125
0.3431396484375,-0.277099609375,-0.070068359375,14.038084983825684,60.729976654052734,59.753414154052734
0.2994384765625,-0.1767578125,0.109619140625,2.807616949081421,28.747556686401367,112.06053924560547
0.51904296875,-0.44189453125,0.4158935546875,-24.597166061401367,1.0986328125,119.44579315185547
1.012939453125,-1.638671875,-0.06884765625,-56.213375091552734,144.53125,-19.71435546875
0.6632080078125,-1.4820556640625,-0.08447265625,-19.83642578125,119.99510955810547,15.319823265075684
0.3782958984375,-1.1868896484375,0.2025146484375,15.441893577575684,23.620603561401367,96.43553924560547
0.3701171875,-0.9649658203125,0.40185546875,20.996091842651367,-24.963376998901367,119.32372283935547
0.3817138671875,-0.8583984375,0.2979736328125,6.347655773162842,-5.371093273162842,67.0166015625
0.2735595703125,-0.9200439453125,0.061767578125,-3.601073980331421,16.6015625,-4.08935546875
0.2119140625,-0.9049072265625,-0.00732421875,-1.4038084745407104,-3.784179449081421,-13.732909202575684
0.2332763671875,-0.7298583984375,0.078857421875,5.676269054412842,-40.405269622802734,26.489255905151367
0.203125,-0.5718994140625,0.09423828125,9.33837890625,-46.630855560302734,44.982906341552734
0.1021728515625,-0.5517578125,0.0169677734375,10.192870140075684,-34.423828125,33.3251953125
0.0753173828125,-0.6727294921875,0.00634765625,16.357421875,-49.560543060302734,28.259275436401367
0.2490234375,-0.8668212890625,0.128173828125,23.437498092651367,-82.64159393310547,39.55078125
0.426025390625,-1.0394287109375,0.2132568359375,23.986814498901367,-83.37401580810547,44.189449310302734
0.478759765625,-1.0325927734375,0.2745361328125,23.620603561401367,-70.98388671875,30.212400436401367
0.5172119140625,-0.9501953125,0.3504638671875,20.568845748901367,-65.49072265625,10.253905296325684
0.55078125,-1.002197265625,0.276123046875,5.920409679412842,-24.047849655151367,-4.94384765625
0.525634765625,-1.0859375,0.1373291015625,-9.09423828125,20.141599655151367,-12.451170921325684
0.4766845703125,-1.1015625,0.0863037109375,-8.7890625,11.169432640075684,-5.798339366912842
0.413330078125,-1.0330810546875,0.1375732421875,-0.7324218153953552,-26.977537155151367,16.78466796875
0.298095703125,-0.9039306640625,0.268798828125,3.173827886581421,-68.4814453125,36.43798828125
0.1998291015625,-0.7818603515625,0.3814697265625,0.8544921278953552,-85.32714080810547,31.799314498901367
0.1556396484375,-0.708251953125,0.3780517578125,-2.990722417831421,-57.678218841552734,12.695311546325684
0.171142578125,-0.6878662109375,0.31787109375,-0.9155272841453552,-15.930174827575684,1.220703125
0.259521484375,-0.693359375,0.2869873046875,7.446288585662842,10.803221702575684,2.38037109375
0.365478515625,-0.779296875,0.2205810546875,14.526366233825684,29.541013717651367,-0.6103515625
0.4598388671875,-0.99462890625,0.01318359375,12.573241233825684,56.213375091552734,-21.667478561401367
0.4990234375,-1.2308349609375,-0.1676025390625,-0.4272460639476776,74.76806640625,-40.832515716552734
0.3892822265625,-1.334716796875,-0.0504150390625,-15.380858421325684,50.170894622802734,-23.254392623901367
0.269287109375,-1.2166748046875,0.2596435546875,-19.22607421875,-1.3427733182907104,21.789548873901367
0.24462890625,-0.9539794921875,0.370849609375,-16.2353515625,-4.39453125,45.410152435302734
0.271728515625,-0.8154296875,0.253173828125,-21.057126998901367,60.791011810302734,8.30078125
0.3167724609375,-0.8372802734375,0.1397705078125,-32.1044921875,126.03759002685547,-41.503902435302734
0.2965087890625,-0.819580078125,0.1177978515625,-36.0107421875,136.23046875,-27.526853561401367
0.2406005859375,-0.708984375,0.1312255859375,-34.24072265625,119.56786346435547,16.54052734375
0.2481689453125,-0.6688232421875,0.037841796875,-39.1845703125,132.38525390625,23.254392623901367
0.36328125,-0.8154296875,-0.10791015625,-52.917476654052734,161.01072692871094,-2.807616949081421
0.6236572265625,-0.8887939453125,-0.060302734375,-63.537593841552734,154.23583984375,-16.845703125
0.914794921875,-0.8270263671875,0.1810302734375,-57.678218841552734,113.34227752685547,-23.071287155151367
0.8740234375,-1.0330810546875,0.340087890625,-58.288570404052734,144.47021484375,-67.0166015625
0.7208251953125,-1.08544921875,0.281005859375,-54.748531341552734,158.3251953125,-47.668453216552734
0.6370849609375,-1.0640869140625,0.2734375,-41.442867279052734,140.07568359375,-21.545408248901367
0.69091796875,-0.8037109375,0.2744140625,-37.2314453125,133.97216796875,11.291502952575684
0.6890869140625,-0.6834716796875,0.206298828125,-40.344234466552734,134.6435546875,12.084959983825684
0.5587158203125,-0.79150390625,0.1021728515625,-45.715328216552734,134.70458984375,-6.164550304412842
0.4495849609375,-0.8277587890625,0.081787109375,-49.865718841552734,131.16455078125,4.21142578125
0.4310302734375,-0.7437744140625,0.1416015625,-48.034664154052734,116.02782440185547,23.437498092651367
0.4588623046875,-0.6239013671875,0.2027587890625,-41.748043060302734,98.99901580810547,22.216794967651367
0.4693603515625,-0.5855712890625,0.224365234375,-35.15625,93.07860565185547,5.493163585662842
0.4794921875,-0.71728515625,0.2388916015625,-31.188962936401367,95.64208221435547,-14.404295921325684
0.533447265625,-0.968017578125,0.2064208984375,-31.738279342651367,103.39354705810547,-29.907224655151367
0.518310546875,-1.2061767578125,0.0914306640625,-36.376953125,108.27635955810547,-48.645015716552734
0.337890625,-1.2418212890625,0.009033203125,-45.043941497802734,99.97557830810547,-53.527828216552734
0.18408203125,-1.040771484375,0.0128173828125,-55.603023529052734,94.17723846435547,-21.301267623901367
0.2449951171875,-0.863525390625,0.0289306640625,-58.898921966552734,94.90966033935547,2.44140625
0.41064453125,-0.83349609375,0.028564453125,-52.307125091552734,86.85301971435547,-16.17431640625
0.4742431640625,-0.9100341796875,0.014404296875,-46.203609466552734,78.43017578125,-39.00146484375
0.396484375,-0.9981689453125,-0.048095703125,-49.865718841552734,92.59032440185547,-27.343748092651367
0.3486328125,-1.0018310546875,-0.067138671875,-53.466793060302734,106.01805877685547,0.7934569716453552
0.3880615234375,-0.974609375,0.01513671875,-44.982906341552734,84.59471893310547,0.54931640625
0.3642578125,-0.9237060546875,0.02880859375,-34.36279296875,67.9931640625,-20.629880905151367
0.27001953125,-0.86181640625,-0.0555419921875,-28.930662155151367,75.8056640625,-31.372068405151367
0.262939453125,-0.8265380859375,-0.11865234375,-20.935056686401367,67.2607421875,-28.015134811401367
0.3233642578125,-0.81103515625,-0.1112060546875,-7.995604991912842,32.8369140625,-14.465331077575684
0.3099365234375,-0.885009765625,-0.0413818359375,3.967284917831421,4.2724609375,0.6103515625
0.3045654296875,-0.9736328125,0.05859375,10.192870140075684,-3.295898199081421,16.90673828125
0.427001953125,-1.040283203125,0.0880126953125,6.530761241912842,6.103515148162842,24.597166061401367
0.5941162109375,-1.0103759765625,0.0174560546875,-2.624511480331421,26.367185592651367,22.216794967651367
0.6943359375,-0.900390625,0.0225830078125,-4.33349609375,20.446775436401367,10.803221702575684
0.6424560546875,-1.073974609375,0.0235595703125,-6.835937023162842,21.789548873901367,-25.512693405151367
0.5379638671875,-1.197998046875,-0.10595703125,-18.24951171875,64.3310546875,-25.878904342651367
0.5057373046875,-1.000732421875,-0.139404296875,-13.977049827575684,41.687007904052734,21.728513717651367
0.443115234375,-0.816650390625,0.041259765625,2.746581792831421,-58.837886810302734,43.395992279052734
0.3450927734375,-0.72705078125,0.24658203125,-0.1831054538488388,-96.98485565185547,34.36279296875
0.2799072265625,-0.75048828125,0.2777099609375,-14.465331077575684,-39.73388671875,15.258788108825684
0.24072265625,-0.824462890625,0.1776123046875,-10.925292015075684,9.33837890625,3.723144292831421
0.2578125,-0.81689453125,0.14501953125,9.27734375,-3.540038824081421,9.6435546875
0.3521728515625,-0.794677734375,0.17041015625,22.399900436401367,-28.503416061401367,13.061522483825684
0.461181640625,-0.901123046875,0.0213623046875,18.798828125,-10.009765625,0.0610351525247097
0.4794921875,-1.076416015625,-0.2930908203125,6.225585460662842,32.77587890625,-10.681151390075684
0.4014892578125,-1.112548828125,-0.4017333984375,-1.5258787870407104,31.188962936401367,2.929687261581421
0.3604736328125,-1.1207275390625,-0.1767578125,3.234863042831421,-33.0810546875,6.164550304412842
0.353515625,-1.151611328125,0.057861328125,7.080077648162842,-79.58984375,-15.930174827575684
0.2962646484375,-0.9906005859375,0.090576171875,-2.3193359375,-52.612300872802734,-14.648436546325684
0.1839599609375,-0.7823486328125,0.0228271484375,-13.793944358825684,-1.6479490995407104,3.173827886581421
0.075927734375,-0.69921875,-0.0469970703125,-14.648436546325684,18.98193359375,7.690429210662842
0.0750732421875,-0.6629638671875,-0.119873046875,-4.08935546875,9.1552734375,9.521484375
0.1138916015625,-0.65869140625,-0.1568603515625,12.145995140075684,-11.596678733825684,16.29638671875
0.149169921875,-0.7467041015625,-0.208740234375,26.367185592651367,-29.235837936401367,23.193357467651367
0.4609375,-1.1229248046875,-0.4615478515625,31.555173873901367,-23.803709030151367,2.3193359375
0.9234619140625,-1.5623779296875,-0.4075927734375,35.33935546875,-38.75732421875,-37.59765625
1.0377197265625,-1.34375,0.0791015625,41.320796966552734,-115.11229705810547,-7.507323741912842
0.743896484375,-1.0322265625,0.1478271484375,32.8369140625,-114.99022674560547,28.137205123901367
0.384521484375,-0.9842529296875,-0.1888427734375,15.563963890075684,-16.11328125,10.681151390075684
0.2808837890625,-0.79296875,-0.279052734375,19.47021484375,-15.441893577575684,12.817381858825684
0.4129638671875,-0.7205810546875,-0.0057373046875,45.227046966552734,-122.19237518310547,13.732909202575684
0.51025390625,-0.6932373046875,0.2572021484375,57.067867279052734,-164.85594177246094,26.672361373901367
0.4117431640625,-0.745361328125,0.3370361328125,45.837398529052734,-120.42235565185547,37.841796875
0.2601318359375,-0.8677978515625,0.2926025390625,35.21728515625,-77.1484375,15.014647483825684
0.2427978515625,-0.8836669921875,0.215087890625,28.564451217651367,-42.236324310302734,-4.94384765625
0.3204345703125,-0.901611328125,0.176513671875,19.95849609375,-12.207030296325684,-16.9677734375
0.3502197265625,-0.9287109375,0.1634521484375,12.695311546325684,-4.21142578125,-15.930174827575684
0.3380126953125,-0.9361572265625,0.213134765625,12.634276390075684,-20.874021530151367,-2.746581792831421
0.349609375,-0.934814453125,0.28662109375,19.59228515625,-40.649410247802734,8.056640625
0.376220703125,-0.97119140625,0.1905517578125,21.911619186401367,-22.216794967651367,8.60595703125
0.339111328125,-1.0294189453125,-0.0936279296875,8.72802734375,28.381345748901367,-4.33349609375
0.209228515625,-1.047119140625,-0.31982421875,-10.742186546325684,51.208492279052734,-6.225585460662842
0.131103515625,-1.0206298828125,-0.276123046875,-18.24951171875,13.916014671325684,10.559081077575684
0.2139892578125,-1.00927734375,-0.059326171875,-13.183592796325684,-43.273921966552734,3.723144292831421
0.3287353515625,-0.978515625,0.0501708984375,-6.469726085662842,-58.959957122802734,-20.507810592651367
0.3458251953125,-0.9605712890625,-0.07373046875,-1.5869139432907104,-35.7666015625,-24.169919967651367
0.3056640625,-0.9967041015625,-0.2364501953125,6.530761241912842,-27.099607467651367,-16.41845703125
0.2042236328125,-0.989990234375,-0.1649169921875,13.244627952575684,-49.011226654052734,3.845214605331421
0.11962890625,-0.9326171875,0.0496826171875,10.131834983825684,-65.73486328125,28.991697311401367
0.1273193359375,-0.88671875,0.1597900390625,5.187987804412842,-52.612300872802734,26.611326217651367
0.1055908203125,-0.8955078125,0.0992431640625,8.36181640625,-25.512693405151367,0.1220703050494194
0.043701171875,-0.911376953125,-0.0374755859375,16.54052734375,-5.554198741912842,-23.437498092651367
0.0537109375,-0.8975830078125,-0.09130859375,26.550291061401367,-7.507323741912842,-30.273435592651367
0.2642822265625,-0.9244384765625,-0.0760498046875,31.433103561401367,-20.629880905151367,-35.33935546875
0.6175537109375,-1.0616455078125,-0.157470703125,23.620603561401367,-8.7890625,-55.603023529052734
0.8642578125,-1.086669921875,-0.17724609375,16.11328125,-6.103515148162842,-44.311519622802734
0.810302734375,-1.01171875,0.0362548828125,22.094724655151367,-56.640621185302734,15.686034202575684
0.529052734375,-1.0489501953125,0.1632080078125,27.465818405151367,-83.74022674560547,53.466793060302734
0.3138427734375,-1.1004638671875,0.078125,24.108884811401367,-60.363765716552734,42.907711029052734
0.3360595703125,-1.028564453125,0.0765380859375,22.949216842651367,-61.096187591552734,16.66259765625
0.5245361328125,-0.765869140625,0.1337890625,19.1650390625,-60.607906341552734,2.197265625
0.3621826171875,-0.8359375,0.1016845703125,16.6015625,-57.556148529052734,3.112792730331421
0.2054443359375,-0.83349609375,0.1156005859375,17.88330078125,-70.068359375,20.568845748901367
0.198486328125,-0.732666015625,0.1607666015625,19.59228515625,-73.2421875,33.99658203125
0.2501220703125,-0.69189453125,0.2010498046875,18.61572265625,-60.485836029052734,24.169919967651367
0.3448486328125,-0.9302978515625,0.112548828125,22.949216842651367,-30.029294967651367,-0.7934569716453552
0.4078369140625,-1.1070556640625,-0.0699462890625,21.545408248901367,-8.9111328125,-6.530761241912842
0.44482421875,-1.1878662109375,-0.24267578125,15.686034202575684,3.173827886581421,0.1220703050494194
0.3834228515625,-1.2265625,-0.2596435546875,12.878417015075684,-18.798828125,6.286620616912842
0.261962890625,-1.1414794921875,-0.056396484375,13.000487327575684,-62.072750091552734,11.413573265075684
0.232421875,-0.918701171875,0.1722412109375,11.352538108825684,-81.35985565185547,20.629880905151367
0.26025390625,-0.8468017578125,0.104736328125,5.126952648162842,-41.076656341552734,11.047362327575684
0.268798828125,-0.96533203125,-0.121826171875,2.746581792831421,4.33349609375,-12.817381858825684
0.2054443359375,-0.984130859375,-0.14599609375,14.221190452575684,-19.95849609375,-1.03759765625
0.0992431640625,-0.910400390625,0.0250244140625,26.489255905151367,-73.486328125,35.33935546875
0.064697265625,-0.893310546875,0.13623046875,22.338865280151367,-78.18603515625,40.222164154052734
0.028564453125,-0.9486083984375,0.1156005859375,3.784179449081421,-20.01953125,12.573241233825684
0.0533447265625,-0.94091796875,0.1669921875,12.023924827575684,-24.719236373901367,7.751464366912842
0.1617431640625,-1.01318359375,0.117919921875,16.845703125,-12.268065452575684,-5.676269054412842
0.400390625,-1.1563720703125,0.023193359375,12.878417015075684,16.2353515625,-39.1845703125
0.6478271484375,-1.0853271484375,0.029541015625,9.27734375,14.953612327575684,-48.339839935302734
0.633056640625,-0.9453125,0.0238037109375,7.141112804412842,1.9531248807907104,-17.88330078125
0.4202880859375,-0.9796142578125,-0.0799560546875,2.25830078125,14.160155296325684,6.225585460662842
0.285888671875,-1.0135498046875,-0.0740966796875,-1.7089842557907104,3.662109136581421,11.901854515075684
0.322021484375,-0.9285888671875,0.1273193359375,2.13623046875,-46.691890716552734,10.498045921325684
0.4083251953125,-0.826171875,0.2601318359375,9.521484375,-65.49072265625,7.690429210662842
0.4119873046875,-0.8621826171875,0.231201171875,12.939452171325684,-41.748043060302734,-3.295898199081421
0.3321533203125,-0.946044921875,0.181884765625,13.916014671325684,-31.677244186401367,-8.11767578125
0.238037109375,-0.9527587890625,0.1749267578125,13.854979515075684,-39.61181640625,3.906249761581421
0.26123046875,-0.8096923828125,0.2550048828125,12.084959983825684,-32.40966796875,13.244627952575684
0.23681640625,-0.7603759765625,0.2598876953125,16.9677734375,-29.113767623901367,18.12744140625
0.1756591796875,-0.7789306640625,0.2213134765625,24.658201217651367,-27.954099655151367,22.094724655151367
0.2305908203125,-0.9671630859375,0.0821533203125,29.724119186401367,-10.131834983825684,5.676269054412842
0.403076171875,-1.196044921875,-0.14990234375,25.146482467651367,26.672361373901367,-23.132322311401367
0.437255859375,-1.20654296875,-0.202392578125,18.37158203125,20.874021530151367,-21.362302780151367
0.319580078125,-1.088134765625,0.0555419921875,18.798828125,-54.077144622802734,4.5166015625
0.2252197265625,-1.0010986328125,0.2958984375,15.686034202575684,-97.77831268310547,15.624999046325684
0.1748046875,-1.011474609375,0.22900390625,4.8828125,-50.231929779052734,8.72802734375
0.194091796875,-1.0689697265625,0.044677734375,-0.2441406100988388,4.45556640625,-1.9531248807907104
0.146240234375,-0.976318359375,0.0228271484375,4.638671875,-5.859374523162842,17.88330078125
0.013671875,-0.7388916015625,0.1077880859375,11.230467796325684,-42.663570404052734,62.133785247802734
-0.0164794921875,-0.5548095703125,0.1385498046875,15.808104515075684,-50.537105560302734,72.3876953125
0.06689453125,-0.578369140625,0.093994140625,18.00537109375,-28.137205123901367,34.5458984375
0.2196044921875,-0.7205810546875,0.0906982421875,15.319823265075684,-5.920409679412842,-13.183592796325684
0.49560546875,-0.827392578125,0.0164794921875,4.82177734375,0.1220703050494194,-49.133296966552734
0.7591552734375,-1.002197265625,-0.14794921875,-7.080077648162842,-2.624511480331421,-75.37841796875
0.72265625,-1.1412353515625,0.048828125,-7.629394054412842,-55.969234466552734,-64.88037109375
0.5369873046875,-1.017333984375,0.3795166015625,-6.347655773162842,-136.90185546875,-21.972654342651367
0.462890625,-0.7958984375,0.3321533203125,-21.362302780151367,-143.9208984375,-13.488768577575684
0.4766845703125,-0.760009765625,0.1263427734375,-46.691890716552734,-108.33739471435547,-55.419918060302734
0.4481201171875,-0.87890625,0.0897216796875,-69.15283203125,-101.31835174560547,-90.39305877685547
0.3397216796875,-0.9189453125,0.2032470703125,-88.13475799560547,-109.68016815185547,-77.20947265625
0.2825927734375,-0.862060546875,0.2520751953125,-98.57176971435547,-91.12548065185547,-21.484373092651367
0.3873291015625,-0.772216796875,0.1455078125,-97.65624237060547,-58.593746185302734,28.198240280151367
0.515380859375,-0.7181396484375,-0.2880859375,-99.48729705810547,-33.02001953125,13.122557640075684
0.765380859375,-1.108154296875,-1.014404296875,-99.79247283935547,15.014647483825684,-70.4345703125
0.96337890625,-1.4803466796875,-1.3577880859375,-85.26610565185547,51.574703216552734,-114.92919158935547
0.8338623046875,-1.1339111328125,-1.1015625,-69.3359375,40.710445404052734,-49.499507904052734
0.7110595703125,-0.849853515625,-0.6209716796875,-47.607418060302734,1.220703125,-8.97216796875
0.6571044921875,-0.9622802734375,-0.197265625,-8.4228515625,-27.343748092651367,-47.119136810302734
0.4822998046875,-0.897705078125,-0.015380859375,37.17041015625,-8.6669921875,-50.781246185302734
0.252685546875,-0.6580810546875,-0.0333251953125,82.33641815185547,39.97802734375,-1.2817381620407104
0.1343994140625,-0.546630859375,-0.0787353515625,119.44579315185547,80.13916015625,50.109859466552734
0.177490234375,-0.4891357421875,-0.0980224609375,136.65771484375,96.74071502685547,105.28563690185547
0.43994140625,-0.3856201171875,-0.2152099609375,124.38964080810547,113.76952362060547,156.3720703125
1.7110595703125,-1.8837890625,0.2718505859375,59.753414154052734,100.28075408935547,-21.728513717651367
1.447998046875,-1.9736328125,0.0162353515625,48.767086029052734,122.19237518310547,-90.75926971435547
0.8084716796875,-1.248291015625,-0.3153076171875,56.579586029052734,143.00537109375,21.057126998901367
0.283447265625,-0.694580078125,-0.1629638671875,71.83837890625,53.833003997802734,138.00048828125
0.0938720703125,0.2869873046875,0.2037353515625,37.109375,-63.537593841552734,236.87742614746094
0.1600341796875,0.5880126953125,0.0765380859375,5.432128429412842,-9.58251953125,248.47410583496094
0.2275390625,0.5091552734375,-0.060791015625,-18.61572265625,56.091304779052734,171.93601989746094
0.7738037109375,-0.80615234375,-0.0662841796875,-23.559568405151367,61.462398529052734,-110.22948455810547
1.492431640625,-2.1646728515625,-0.14990234375,-29.174802780151367,53.710933685302734,-386.4745788574219
1.3812255859375,-1.770263671875,-0.2197265625,-43.029781341552734,51.330562591552734,-217.77342224121094
0.7484130859375,-1.1468505859375,0.0244140625,-14.831542015075684,-53.039546966552734,60.791011810302734
0.208740234375,-1.0428466796875,0.2828369140625,37.17041015625,-177.12400817871094,62.744136810302734
-0.0701904296875,-0.6873779296875,0.261962890625,38.57421875,-163.39109802246094,48.522945404052734
-0.0599365234375,-0.2742919921875,0.1201171875,1.5258787870407104,-73.6083984375,72.8759765625
0.0609130859375,-0.2093505859375,0.05859375,-19.1650390625,-20.874021530151367,41.809078216552734
0.1103515625,-0.488037109375,0.0631103515625,-12.084959983825684,-3.356933355331421,-9.09423828125
0.078125,-0.7889404296875,0.0635986328125,3.051757574081421,-0.8544921278953552,-20.324705123901367
0.0594482421875,-0.9764404296875,0.0296630859375,9.70458984375,-4.150390625,-5.859374523162842
0.3297119140625,-1.1197509765625,-0.045654296875,8.11767578125,-2.38037109375,-6.286620616912842
0.7728271484375,-1.30224609375,0.0076904296875,6.958007335662842,-12.512206077575684,-32.2265625
0.947021484375,-1.307861328125,0.1373291015625,4.7607421875,-34.0576171875,-26.733396530151367
0.7620849609375,-1.337158203125,0.050537109375,-0.4272460639476776,-27.832029342651367,-3.234863042831421
0.439453125,-1.3486328125,-0.1356201171875,4.82177734375,-22.094724655151367,12.084959983825684
0.3424072265625,-0.93310546875,-0.088134765625,24.047849655151367,-83.00780487060547,49.621578216552734
0.50732421875,-0.5565185546875,0.122314453125,46.203609466552734,-170.28807067871094,43.212886810302734
0.5916748046875,-0.5262451171875,0.2110595703125,53.283687591552734,-188.90379333496094,-5.859374523162842
0.363037109375,-0.752685546875,0.19287109375,44.799800872802734,-147.4609375,1.2817381620407104
0.349609375,-0.65087890625,0.2064208984375,47.973628997802734,-155.8837890625,24.902341842651367
0.427734375,-0.57421875,0.1907958984375,46.997066497802734,-141.2353515625,22.399900436401367
0.6756591796875,-1.010009765625,0.0831298828125,49.560543060302734,-110.65673065185547,-6.591796398162842
0.5897216796875,-1.3359375,0.041015625,52.551265716552734,-124.38964080810547,0.54931640625
0.4720458984375,-1.3751220703125,0.0574951171875,52.246089935302734,-147.3388671875,9.6435546875
0.480712890625,-1.1553955078125,-0.0052490234375,39.306640625,-137.51220703125,14.099120140075684
0.5074462890625,-0.929443359375,-0.10595703125,19.6533203125,-105.59081268310547,7.446288585662842
0.43896484375,-0.8128662109375,-0.082275390625,14.465331077575684,-104.85839080810547,6.347655773162842
0.349853515625,-0.739990234375,0.0274658203125,22.888181686401367,-127.99071502685547,22.155759811401367
0.3070068359375,-0.7276611328125,0.07373046875,29.113767623901367,-133.36181640625,29.296873092651367
0.3072509765625,-0.763671875,0.0699462890625,30.151365280151367,-120.05614471435547,19.287109375
0.3314208984375,-0.840576171875,0.0855712890625,30.761716842651367,-106.87255096435547,10.131834983825684
0.3521728515625,-0.979736328125,0.0987548828125,30.456541061401367,-96.37450408935547,6.530761241912842
0.334228515625,-1.10595703125,0.0870361328125,28.686521530151367,-88.19579315185547,3.784179449081421
0.276611328125,-1.1390380859375,0.0555419921875,26.184080123901367,-78.67431640625,2.13623046875
0.2371826171875,-1.072021484375,-0.0054931640625,22.827146530151367,-62.622066497802734,3.906249761581421
0.225830078125,-0.96044921875,-0.0516357421875,21.972654342651367,-52.551265716552734,6.042479991912842
0.20556640625,-0.8961181640625,-0.04296875,24.719236373901367,-54.565425872802734,3.112792730331421
0.165283203125,-0.874755859375,-0.0120849609375,26.306150436401367,-55.114742279052734,-1.0986328125
0.1380615234375,-0.87841796875,0.0179443359375,25.390623092651367,-49.194332122802734,-1.7089842557907104
0.1475830078125,-0.905029296875,0.0457763671875,26.733396530151367,-44.372554779052734,-1.6479490995407104
0.1597900390625,-0.9326171875,0.0806884765625,31.188962936401367,-41.198726654052734,-1.9531248807907104
0.160888671875,-0.9398193359375,0.0826416015625,33.3251953125,-29.846189498901367,0.6713866591453552
0.2508544921875,-1.004638671875,-0.046630859375,28.625486373901367,-4.2724609375,-5.615233898162842
0.48193359375,-1.0496826171875,-0.1766357421875,21.911619186401367,12.695311546325684,-20.751951217651367
0.7686767578125,-0.898193359375,-0.1165771484375,16.9677734375,-2.0751953125,-10.192870140075684
0.8671875,-0.8875732421875,0.002197265625,15.319823265075684,-34.97314453125,7.568358898162842
0.627685546875,-1.135986328125,0.022216796875,22.766111373901367,-70.9228515625,4.21142578125
0.393310546875,-1.21533203125,0.04931640625,36.2548828125,-106.32323455810547,8.72802734375
0.4232177734375,-1.02685546875,0.1405029296875,40.954586029052734,-120.54442596435547,20.568845748901367
0.5010986328125,-0.8341064453125,0.1583251953125,32.28759765625,-99.12108612060547,16.90673828125
0.4691162109375,-0.8038330078125,0.1610107421875,23.742673873901367,-85.63231658935547,-0.9765624403953552
0.2257080078125,-0.835693359375,0.2503662109375,26.611326217651367,-105.59081268310547,15.319823265075684
0.1883544921875,-0.7852783203125,0.1781005859375,19.10400390625,-62.683101654052734,28.320310592651367
0.2352294921875,-0.7752685546875,0.118896484375,12.451170921325684,-29.174802780151367,15.930174827575684
0.2642822265625,-0.762939453125,0.0936279296875,14.038084983825684,-26.367185592651367,5.187987804412842
0.323486328125,-0.8074951171875,0.084716796875,19.775390625,-30.639646530151367,0.3662109076976776
0.561279296875,-1.0423583984375,0.050537109375,26.062009811401367,-25.085447311401367,-13.732909202575684
0.6947021484375,-1.3157958984375,-0.0828857421875,31.433103561401367,-10.253905296325684,-27.099607467651367
0.46435546875,-1.218017578125,-0.179931640625,31.738279342651367,-2.685546636581421,5.493163585662842
0.2647705078125,-0.841064453125,-0.0472412109375,28.564451217651367,-24.841306686401367,46.997066497802734
0.3291015625,-0.6348876953125,0.1732177734375,25.939939498901367,-61.889644622802734,17.02880859375
0.3675537109375,-0.7076416015625,0.2318115234375,14.526366233825684,-58.410640716552734,-28.015134811401367
0.287841796875,-0.8629150390625,0.126708984375,-5.249022960662842,-5.676269054412842,-19.04296875
0.30517578125,-1.014892578125,0.0013427734375,-17.76123046875,38.57421875,-10.925292015075684
0.3828125,-1.1754150390625,-0.091552734375,-17.76123046875,45.715328216552734,-25.634763717651367
0.408447265625,-1.103515625,-0.080810546875,-10.070799827575684,21.850584030151367,-3.784179449081421
0.3258056640625,-0.8857421875,0.05078125,-0.7934569716453552,-10.681151390075684,29.479978561401367
0.1590576171875,-0.8509521484375,0.171142578125,7.141112804412842,-21.057126998901367,18.5546875
0.0953369140625,-0.8900146484375,0.1563720703125,7.446288585662842,-0.0610351525247097,-8.6669921875
0.1783447265625,-0.9034423828125,0.041259765625,-2.929687261581421,37.841796875,-29.174802780151367
0.2987060546875,-0.944580078125,-0.016845703125,-13.366698265075684,55.419918060302734,-45.227046966552734
0.43603515625,-0.932861328125,0.0330810546875,-16.05224609375,40.344234466552734,-39.4287109375
0.6240234375,-0.934326171875,0.117431640625,-14.038084983825684,23.376462936401367,-26.733396530151367
0.78515625,-0.931884765625,0.1331787109375,-13.671874046325684,21.179197311401367,-23.498533248901367
0.7955322265625,-0.8184814453125,0.108642578125,-13.305663108825684,11.962889671325684,-5.798339366912842
0.5899658203125,-0.8629150390625,0.081298828125,-10.742186546325684,2.44140625,7.629394054412842
0.3895263671875,-1.0216064453125,-0.0035400390625,-11.962889671325684,23.559568405151367,6.591796398162842
0.444091796875,-0.956298828125,-0.0120849609375,-10.559081077575684,31.311033248901367,20.080564498901367
0.56494140625,-0.77783203125,0.149169921875,2.44140625,-19.34814453125,34.5458984375
0.4931640625,-0.7362060546875,0.31201171875,10.620116233825684,-67.2607421875,28.564451217651367
0.322509765625,-0.833251953125,0.328857421875,2.50244140625,-55.175777435302734,13.183592796325684
0.2703857421875,-0.913330078125,0.2261962890625,-8.544921875,-12.329100608825684,4.0283203125
0.3504638671875,-0.892822265625,0.1392822265625,-12.634276390075684,15.991209983825684,0.0
0.4222412109375,-0.8416748046875,0.1448974609375,-11.108397483825684,15.747069358825684,-0.9765624403953552
0.4073486328125,-0.8466796875,0.189453125,-7.324218273162842,1.9531248807907104,0.1831054538488388
0.3367919921875,-0.893310546875,0.1729736328125,-2.44140625,-5.065917491912842,2.0751953125
0.33056640625,-0.9017333984375,0.09228515625,1.7089842557907104,0.6103515625,6.530761241912842
0.4912109375,-0.869384765625,-0.00146484375,5.249022960662842,9.27734375,0.54931640625
0.6392822265625,-0.905517578125,-0.08056640625,12.084959983825684,5.615233898162842,-26.062009811401367
0.5401611328125,-0.979248046875,-0.087158203125,14.343260765075684,-6.225585460662842,-31.555173873901367
0.3798828125,-0.9642333984375,0.031005859375,6.896972179412842,-15.563963890075684,2.13623046875
0.4056396484375,-0.901611328125,0.187255859375,2.25830078125,-19.22607421875,21.423337936401367
0.52197265625,-0.95458984375,0.1087646484375,-1.2817381620407104,10.620116233825684,6.286620616912842
0.4990234375,-1.067626953125,-0.1083984375,-10.498045921325684,55.114742279052734,-7.385253429412842
0.340576171875,-1.08203125,-0.098876953125,-17.7001953125,46.630855560302734,3.112792730331421
0.2496337890625,-1.0135498046875,0.0528564453125,-20.080564498901367,10.070799827575684,22.888181686401367
0.2479248046875,-0.8721923828125,0.130615234375,-17.578125,-1.5869139432907104,31.372068405151367
0.2205810546875,-0.7589111328125,0.15234375,-10.253905296325684,7.995604991912842,19.22607421875
0.1654052734375,-0.7584228515625,0.1231689453125,-1.0986328125,29.357908248901367,-5.310058116912842
0.1468505859375,-0.8023681640625,0.0552978515625,7.141112804412842,49.438472747802734,-18.310546875
0.268798828125,-0.8206787109375,0.05517578125,9.033203125,58.715816497802734,-17.7001953125
0.635498046875,-0.9442138671875,0.0439453125,-2.3193359375,73.42529296875,-33.8134765625
0.9583740234375,-1.1009521484375,0.0166015625,-17.51708984375,83.19091033935547,-55.419918060302734
0.9619140625,-0.99169921875,0.0865478515625,-15.686034202575684,38.26904296875,-26.672361373901367
0.69775390625,-1.022216796875,0.1138916015625,-2.929687261581421,-7.324218273162842,10.498045921325684
0.388671875,-1.0928955078125,0.056640625,1.2817381620407104,-0.1220703050494194,34.97314453125
0.333740234375,-0.908935546875,0.124267578125,2.25830078125,-11.474608421325684,50.659175872802734
0.4581298828125,-0.7874755859375,0.2449951171875,2.01416015625,-31.433103561401367,19.6533203125
0.4671630859375,-0.772216796875,0.2249755859375,-8.4228515625,-0.30517578125,-10.620116233825684
0.340087890625,-0.8109130859375,0.1773681640625,-14.404295921325684,26.000974655151367,-6.103515148162842
0.260009765625,-0.77392578125,0.2135009765625,0.1220703050494194,-5.371093273162842,14.892577171325684
0.2615966796875,-0.68115234375,0.2548828125,19.53125,-40.710445404052734,27.954099655151367
0.2945556640625,-0.65966796875,0.2431640625,22.644041061401367,-24.658201217651367,16.54052734375
0.3699951171875,-0.7340087890625,0.1702880859375,16.11328125,20.874021530151367,0.0
0.5150146484375,-0.8895263671875,0.0013427734375,14.404295921325684,54.504390716552734,-5.920409679412842
0.6326904296875,-1.122802734375,-0.179931640625,15.563963890075684,59.143062591552734,-12.268065452575684
0.5220947265625,-1.3447265625,-0.192626953125,13.854979515075684,27.709959030151367,-7.568358898162842
0.327880859375,-1.28271484375,0.0322265625,17.88330078125,-32.470703125,31.249998092651367
0.3509521484375,-0.989990234375,0.3447265625,31.188962936401367,-85.08300018310547,57.922359466552734
0.3818359375,-0.8155517578125,0.4217529296875,31.494138717651367,-64.88037109375,39.48974609375
0.2349853515625,-0.8720703125,0.2364501953125,15.563963890075684,14.404295921325684,7.812499523162842
0.17626953125,-0.988037109375,0.03564453125,6.652831554412842,55.236812591552734,-11.535643577575684
0.2591552734375,-0.925048828125,-0.0780029296875,4.7607421875,38.14697265625,2.01416015625
0.2139892578125,-0.7633056640625,0.0025634765625,-2.563476324081421,12.207030296325684,42.663570404052734
0.0665283203125,-0.7030029296875,0.176025390625,-5.859374523162842,3.356933355331421,66.46728515625
0.0595703125,-0.750732421875,0.1737060546875,0.54931640625,19.4091796875,53.710933685302734
0.2613525390625,-0.8880615234375,0.1883544921875,10.009765625,28.198240280151367,15.991209983825684
0.541748046875,-0.9964599609375,0.2685546875,19.95849609375,25.085447311401367,-22.888181686401367
0.6036376953125,-1.08349609375,0.2274169921875,24.841306686401367,39.73388671875,-35.33935546875
0.43017578125,-1.279541015625,0.2210693359375,21.484373092651367,55.786128997802734,-27.282712936401367
0.344482421875,-1.252197265625,0.2279052734375,17.02880859375,64.02587890625,10.498045921325684
0.447021484375,-1.0966796875,0.318115234375,32.53173828125,18.4326171875,42.175289154052734
0.5029296875,-1.06494140625,0.4122314453125,58.410640716552734,-37.353515625,39.306640625
0.4046630859375,-0.94189453125,0.241943359375,63.293453216552734,0.1831054538488388,50.720211029052734
0.3077392578125,-0.7364501953125,0.08203125,55.114742279052734,44.738765716552734,60.668941497802734
0.2620849609375,-0.4810791015625,0.050048828125,44.372554779052734,35.58349609375,51.269527435302734
0.1373291015625,-0.2388916015625,0.142578125,25.756834030151367,16.90673828125,65.185546875
0.0185546875,-0.219970703125,0.4500732421875,11.535643577575684,-39.0625,106.81151580810547
0.28271484375,-0.8984375,0.519775390625,-4.69970703125,-52.062984466552734,45.715328216552734
0.65625,-1.680908203125,0.01318359375,-30.395505905151367,40.466304779052734,-119.50682830810547
0.4503173828125,-1.450439453125,-0.157470703125,-31.249998092651367,26.062009811401367,-101.92870330810547
-0.18505859375,-0.9122314453125,0.5081787109375,-8.48388671875,-157.1044921875,82.64159393310547
-0.4256591796875,-0.7596435546875,1.0557861328125,-8.23974609375,-242.73680114746094,130.615234375
-0.0634765625,-0.828369140625,1.066162109375,-41.687007904052734,-148.25439453125,6.530761241912842
0.3377685546875,-1.21923828125,0.742431640625,-85.32714080810547,-7.568358898162842,-140.13671875
0.5521240234375,-1.5576171875,0.2767333984375,-104.24803924560547,82.51952362060547,-193.42039489746094
0.60205078125,-1.313232421875,-0.0889892578125,-86.18163299560547,78.7353515625,-140.380859375
0.463623046875,-0.69775390625,-0.2677001953125,-62.805171966552734,25.634763717651367,-70.00732421875
0.2115478515625,-0.180908203125,-0.3050537109375,-61.462398529052734,-13.671874046325684,-40.344234466552734
0.0413818359375,0.0052490234375,-0.2503662109375,-75.98876953125,-33.38623046875,-30.334470748901367
0.3011474609375,-0.71728515625,0.0982666015625,-76.2939453125,-74.89013671875,-54.443355560302734
0.8927001953125,-1.5924072265625,0.44091796875,-53.527828216552734,-82.27538299560547,-100.76903533935547
1.03173828125,-1.423583984375,0.4117431640625,-19.6533203125,-26.977537155151367,-99.85350799560547
0.6905517578125,-1.0498046875,0.3746337890625,33.26416015625,-46.142574310302734,-89.72167205810547
0.573974609375,-0.9031982421875,0.299560546875,64.453125,-79.04052734375,-75.74462890625
0.73486328125,-0.6356201171875,0.0948486328125,28.503416061401367,-8.11767578125,-17.63916015625
0.8094482421875,-0.316650390625,0.02490234375,-27.404783248901367,39.48974609375,38.26904296875
0.6195068359375,-0.1429443359375,0.0155029296875,-55.786128997802734,40.10009765625,45.715328216552734
0.330322265625,-0.2760009765625,-0.0250244140625,-55.358882904052734,75.68359375,-2.50244140625
0.2794189453125,-0.813720703125,0.0013427734375,-41.687007904052734,99.36522674560547,-47.668453216552734
0.591064453125,-1.4775390625,0.0958251953125,-30.639646530151367,102.90526580810547,-9.3994140625
0.7945556640625,-1.649658203125,0.120849609375,-22.338865280151367,116.51610565185547,87.40233612060547
0.37109375,-1.4190673828125,0.40380859375,25.146482467651367,-7.873534679412842,80.32225799560547
0.3443603515625,-1.203857421875,0.3035888671875,18.5546875,9.765625,35.400390625
0.3724365234375,-0.8525390625,0.108154296875,-8.9111328125,71.71630859375,1.6479490995407104
0.2677001953125,-0.5711669921875,0.005615234375,-22.766111373901367,81.35985565185547,4.8828125
0.16552734375,-0.2296142578125,-0.0958251953125,-27.648923873901367,62.316890716552734,40.832515716552734
0.3104248046875,-0.3145751953125,-0.18017578125,-27.160642623901367,39.9169921875,10.620116233825684
0.6273193359375,-1.094482421875,-0.0142822265625,-22.338865280151367,-48.522945404052734,-56.518550872802734
0.611083984375,-1.4266357421875,0.510986328125,-6.164550304412842,-137.87841796875,-48.278804779052734
0.5384521484375,-1.297607421875,0.837646484375,11.108397483825684,-157.04345703125,25.512693405151367
0.3616943359375,-1.2738037109375,0.5743408203125,8.97216796875,-37.2314453125,33.5693359375
0.27587890625,-1.231689453125,0.11181640625,-8.23974609375,93.93309783935547,-27.587888717651367
0.337158203125,-0.98583984375,0.0045166015625,-7.019042491912842,79.65087890625,-41.931148529052734
0.3616943359375,-0.8052978515625,0.1729736328125,10.437010765075684,-14.038084983825684,-11.169432640075684
0.3370361328125,-0.682373046875,0.274169921875,14.038084983825684,-40.771480560302734,23.193357467651367
0.280029296875,-0.7098388671875,0.262939453125,3.479003667831421,-5.126952648162842,16.4794921875
0.2362060546875,-0.791259765625,0.265625,-1.5869139432907104,21.850584030151367,0.0610351525247097
0.2982177734375,-0.851806640625,0.37158203125,-0.0610351525247097,19.83642578125,3.295898199081421
0.4327392578125,-1.01611328125,0.35009765625,-5.493163585662842,28.381345748901367,-2.38037109375
0.4949951171875,-1.12451171875,0.1064453125,-13.488768577575684,52.795406341552734,3.906249761581421
0.3455810546875,-1.04248046875,-0.0335693359375,-12.268065452575684,46.813961029052734,41.625972747802734
0.17529296875,-0.894775390625,0.027099609375,-7.629394054412842,16.05224609375,63.659664154052734
0.210693359375,-0.8583984375,0.15673828125,-4.39453125,-3.295898199081421,31.433103561401367
0.35107421875,-0.9462890625,0.2252197265625,-3.173827886581421,-0.2441406100988388,-25.085447311401367
0.4427490234375,-1.0482177734375,0.1783447265625,-7.507323741912842,16.845703125,-59.814449310302734
0.4825439453125,-1.0799560546875,0.1246337890625,-10.864256858825684,22.033689498901367,-55.297847747802734
0.3626708984375,-0.9007568359375,0.2869873046875,4.150390625,-35.82763671875,16.78466796875
0.24560546875,-0.72216796875,0.357421875,9.3994140625,-49.926753997802734,41.442867279052734
0.16162109375,-0.5980224609375,0.3177490234375,8.97216796875,-34.7900390625,41.198726654052734
0.224853515625,-0.6248779296875,0.1802978515625,4.94384765625,8.544921875,15.258788108825684
0.4322509765625,-0.8734130859375,-0.064697265625,0.54931640625,63.537593841552734,-22.766111373901367
0.503662109375,-1.1998291015625,-0.2662353515625,-1.6479490995407104,86.42577362060547,-34.48486328125
0.3951416015625,-1.3546142578125,-0.1328125,7.873534679412842,24.475095748901367,-3.234863042831421
0.3629150390625,-1.3603515625,0.231689453125,25.756834030151367,-75.50048828125,19.34814453125
0.35546875,-1.26416015625,0.3536376953125,26.367185592651367,-82.58055877685547,18.73779296875
0.2733154296875,-1.08251953125,0.1607666015625,7.629394054412842,1.8920897245407104,17.822265625
0.164306640625,-0.8818359375,-0.00341796875,-1.15966796875,45.288082122802734,16.9677734375
0.06298828125,-0.6763916015625,0.0003662109375,7.080077648162842,5.920409679412842,29.785154342651367
0.0133056640625,-0.5330810546875,0.110107421875,10.559081077575684,-46.386714935302734,49.072261810302734
0.0125732421875,-0.554931640625,0.1859130859375,-0.3662109076976776,-47.668453216552734,44.250484466552734
0.034423828125,-0.8175048828125,0.119140625,-15.686034202575684,7.690429210662842,12.145995140075684
0.1639404296875,-1.181884765625,0.003662109375,-21.789548873901367,58.898921966552734,-18.61572265625
0.4483642578125,-1.2999267578125,0.032470703125,-10.742186546325684,43.029781341552734,-29.907224655151367
0.739990234375,-1.030029296875,0.1326904296875,1.7700194120407104,-9.521484375,-18.9208984375
0.7520751953125,-0.835205078125,0.0628662109375,-7.446288585662842,-9.09423828125,-2.868652105331421
0.5093994140625,-0.998779296875,-0.09814453125,-25.085447311401367,29.663084030151367,-4.0283203125
0.336181640625,-1.1929931640625,-0.1063232421875,-26.977537155151367,19.1650390625,-6.164550304412842
0.3448486328125,-1.11669921875,-0.017333984375,-19.95849609375,-16.90673828125,6.530761241912842
0.38671875,-0.9049072265625,-0.004150390625,-11.840819358825684,-29.479978561401367,19.10400390625
0.34228515625,-0.807373046875,0.0166015625,2.624511480331421,-54.077144622802734,9.8876953125
0.2569580078125,-0.7913818359375,0.1409912109375,15.258788108825684,-93.74999237060547,-10.437010765075684
0.19482421875,-0.746337890625,0.271240234375,14.709471702575684,-96.31346893310547,-12.451170921325684
0.2056884765625,-0.67041015625,0.2769775390625,7.385253429412842,-53.955074310302734,-1.5258787870407104
0.266845703125,-0.7052001953125,0.16259765625,1.7089842557907104,-1.8310545682907104,-7.507323741912842
0.2939453125,-0.8016357421875,0.060791015625,2.563476324081421,22.155759811401367,-18.61572265625
0.314697265625,-0.799560546875,0.0205078125,13.366698265075684,11.169432640075684,-6.286620616912842
0.475830078125,-0.8927001953125,-0.04345703125,24.841306686401367,8.6669921875,4.638671875
0.5740966796875,-1.4285888671875,-0.1492919921875,28.930662155151367,19.71435546875,-28.320310592651367
0.4486083984375,-1.65673828125,-0.1109619140625,31.372068405151367,1.5869139432907104,-29.846189498901367
0.4459228515625,-1.122802734375,0.1170654296875,41.198726654052734,-50.964351654052734,35.82763671875
0.432861328125,-0.78564453125,0.263427734375,45.837398529052734,-79.77294921875,47.851558685302734
0.2447509765625,-0.89013671875,0.2271728515625,22.399900436401367,-35.888671875,-1.9531248807907104
0.1796875,-0.9847412109375,0.0963134765625,-10.620116233825684,28.625486373901367,-26.062009811401367
0.22265625,-0.9403076171875,-0.0194091796875,-24.169919967651367,44.738765716552734,-12.939452171325684
0.223388671875,-0.848876953125,-0.0084228515625,-22.766111373901367,21.667478561401367,6.286620616912842
0.170166015625,-0.7989501953125,0.0614013671875,-17.39501953125,3.234863042831421,10.803221702575684
0.1092529296875,-0.8134765625,0.0474853515625,-10.742186546325684,7.019042491912842,-0.4272460639476776
0.0899658203125,-0.8441162109375,-0.01123046875,-2.685546636581421,11.657713890075684,-9.46044921875
0.2220458984375,-0.837890625,0.0203857421875,1.5869139432907104,4.5166015625,-8.9111328125
0.5267333984375,-0.976806640625,0.1002197265625,-7.934569835662842,9.33837890625,-28.625486373901367
0.7825927734375,-1.074951171875,0.1363525390625,-22.399900436401367,27.526853561401367,-55.786128997802734
0.8297119140625,-0.9505615234375,0.1617431640625,-24.230955123901367,23.376462936401367,-35.15625
0.6656494140625,-0.996337890625,0.1485595703125,-15.624999046325684,7.873534679412842,2.0751953125
0.44970703125,-1.0947265625,0.061767578125,-9.27734375,12.329100608825684,27.343748092651367
0.4049072265625,-1.0469970703125,0.0584716796875,-4.57763671875,-0.2441406100988388,36.43798828125
0.376708984375,-0.7816162109375,0.30859375,-10.192870140075684,-44.433589935302734,1.7700194120407104
0.331298828125,-0.7540283203125,0.23876953125,-16.05224609375,-11.657713890075684,-17.822265625
0.3365478515625,-0.78564453125,0.11962890625,-14.160155296325684,15.319823265075684,-25.329587936401367
0.355224609375,-0.7489013671875,0.0966796875,-10.375975608825684,19.71435546875,-6.896972179412842
0.344970703125,-0.705810546875,0.1458740234375,-6.896972179412842,9.765625,11.169432640075684
0.3023681640625,-0.74853515625,0.1754150390625,-5.432128429412842,9.21630859375,8.056640625
0.2978515625,-0.8558349609375,0.178466796875,-1.6479490995407104,18.37158203125,-5.554198741912842
0.4281005859375,-0.9051513671875,0.1182861328125,7.751464366912842,29.113767623901367,-4.69970703125
0.6806640625,-0.97265625,-0.038818359375,12.451170921325684,53.833003997802734,-7.446288585662842
0.740966796875,-1.2305908203125,-0.2003173828125,6.591796398162842,74.15771484375,-40.405269622802734
0.5616455078125,-1.090576171875,-0.2066650390625,5.615233898162842,43.945308685302734,-35.15625
0.5552978515625,-0.72998046875,-0.00634765625,40.161128997802734,-52.062984466552734,-15.808104515075684
0.641845703125,-0.8690185546875,0.3699951171875,109.31395721435547,-165.16111755371094,-63.232418060302734
0.62646484375,-1.1058349609375,0.8875732421875,126.40380096435547,-188.11033630371094,-65.3076171875
0.716552734375,-0.87060546875,0.6380615234375,-13.244627952575684,46.752925872802734,73.486328125
0.796630859375,-0.399658203125,-0.2421875,-176.39158630371094,375.8544616699219,161.56004333496094
0.590576171875,-0.5372314453125,-0.3790283203125,-141.357421875,319.4580078125,52.612300872802734
0.3756103515625,-1.060302734375,0.0546875,-1.2817381620407104,-2.0751953125,-81.54296112060547
0.40478515625,-1.157958984375,0.2506103515625,45.959468841552734,-104.30907440185547,-44.494625091552734
0.3544921875,-0.941650390625,0.1234130859375,5.187987804412842,16.4794921875,118.10301971435547
0.0689697265625,-0.750732421875,-0.0048828125,-31.860349655151367,125.61034393310547,240.53953552246094
-0.126708984375,-0.7996826171875,-0.046142578125,-38.0859375,152.16064453125,243.34715270996094
-0.0714111328125,-1.136474609375,-0.00048828125,-32.1044921875,106.81151580810547,146.97265625
0.0478515625,-1.28564453125,0.093505859375,-24.108884811401367,38.0859375,45.776363372802734
0.0416259765625,-1.13916015625,0.140869140625,-8.97216796875,7.385253429412842,11.291502952575684
-0.1265869140625,-1.05419921875,0.1119384765625,14.160155296325684,37.04833984375,53.405757904052734
-0.1259765625,-0.99462890625,0.05712890625,13.183592796325684,59.936519622802734,39.9169921875
-0.130126953125,-0.91259765625,0.0467529296875,9.6435546875,65.91796875,4.150390625
-0.14599609375,-0.9083251953125,0.0970458984375,4.7607421875,42.236324310302734,-34.11865234375
-0.1395263671875,-0.9658203125,0.1617431640625,-0.8544921278953552,2.38037109375,-63.903804779052734
-0.1424560546875,-0.987060546875,0.2099609375,-4.33349609375,-20.263669967651367,-69.091796875
-0.1546630859375,-0.9136962890625,0.2186279296875,-2.624511480331421,-7.324218273162842,-48.156734466552734
-0.1246337890625,-0.8385009765625,0.200927734375,1.3427733182907104,17.7001953125,-28.808591842651367
-0.0784912109375,-0.8526611328125,0.169677734375,2.990722417831421,25.390623092651367,-30.700681686401367
0.0321044921875,-0.9451904296875,0.1517333984375,1.4648436307907104,10.681151390075684,-42.663570404052734
0.14892578125,-0.9918212890625,0.1580810546875,0.30517578125,-9.21630859375,-28.198240280151367
0.111328125,-0.9923095703125,0.1954345703125,7.507323741912842,-19.10400390625,14.526366233825684
0.05419921875,-1.107421875,0.109130859375,32.3486328125,-12.512206077575684,-0.9155272841453552
0.024169921875,-1.0321044921875,-0.1209716796875,24.658201217651367,35.7666015625,-47.058101654052734
-0.036865234375,-1.0072021484375,-0.1593017578125,18.85986328125,79.9560546875,-96.13036346435547
0.1551513671875,-1.081787109375,0.1947021484375,21.240232467651367,40.893550872802734,-163.08592224121094
0.6688232421875,-1.050537109375,0.4957275390625,9.09423828125,-24.475095748901367,-199.03562927246094
0.7967529296875,-0.9288330078125,0.26806640625,-29.846189498901367,27.099607467651367,-136.04736328125
0.44970703125,-0.953369140625,-0.043701171875,-61.096187591552734,118.16405487060547,-40.710445404052734
0.2117919921875,-0.95751953125,-0.0284423828125,-58.288570404052734,111.20604705810547,12.451170921325684
0.2547607421875,-0.8505859375,0.1302490234375,-42.907711029052734,57.922359466552734,20.812986373901367
0.32958984375,-0.759521484375,0.1907958984375,-37.4755859375,36.56005859375,-1.0986328125
0.27294921875,-0.7652587890625,0.1142578125,-39.55078125,52.001949310302734,-16.41845703125
0.2166748046875,-0.8197021484375,0.0439453125,-34.72900390625,57.739253997802734,-12.084959983825684
0.27587890625,-0.851806640625,0.01513671875,-21.179197311401367,32.1044921875,-0.9155272841453552
0.3082275390625,-0.834228515625,0.02099609375,-8.48388671875,3.051757574081421,18.73779296875
0.2666015625,-0.7861328125,0.0673828125,-12.634276390075684,42.663570404052734,51.513668060302734
0.6353759765625,-0.840576171875,0.115966796875,-10.925292015075684,59.631343841552734,14.160155296325684
0.9586181640625,-0.9888916015625,0.14111328125,-2.50244140625,45.654293060302734,-41.564937591552734
0.7293701171875,-1.2403564453125,0.0704345703125,-6.164550304412842,35.7666015625,-64.27001953125
0.355224609375,-1.0904541015625,0.0240478515625,-12.512206077575684,36.1328125,8.1787109375
0.3389892578125,-0.737060546875,0.2279052734375,-1.9531248807907104,-26.428220748901367,69.82421875
0.4256591796875,-0.730224609375,0.3048095703125,5.0048828125,-79.65087890625,13.427733421325684
0.4451904296875,-0.8509521484375,0.005615234375,-14.587401390075684,-30.639646530151367,-49.621578216552734
0.4510498046875,-0.905517578125,-0.1357421875,-43.884273529052734,-0.2441406100988388,-43.518062591552734
0.4151611328125,-0.804931640625,0.0684814453125,-72.3876953125,-56.213375091552734,-6.652831554412842
0.3570556640625,-0.5657958984375,0.2591552734375,-105.28563690185547,-100.52489471435547,10.437010765075684
0.2886962890625,-0.4722900390625,0.16357421875,-132.50732421875,-70.4345703125,-19.287109375
0.3958740234375,-0.6849365234375,-0.2247314453125,-141.41845703125,-14.526366233825684,-70.3125
0.744384765625,-0.9810791015625,-0.630859375,-132.8125,11.901854515075684,-99.12108612060547
0.8525390625,-1.26416015625,-0.8355712890625,-109.61913299560547,-18.98193359375,-87.58544158935547
0.769775390625,-1.3873291015625,-0.9404296875,-84.04540252685547,-50.903316497802734,-54.260250091552734
0.8128662109375,-1.22998046875,-0.916748046875,-71.22802734375,-31.738279342651367,-26.977537155151367
0.59814453125,-0.8321533203125,-0.228515625,-46.508785247802734,-18.06640625,2.563476324081421
0.46875,-0.681396484375,0.060302734375,-10.375975608825684,1.0986328125,-6.042479991912842
-0.09130859375,-0.157470703125,0.0394287109375,56.640621185302734,120.48339080810547,61.096187591552734
-0.1053466796875,-0.1104736328125,0.035888671875,81.29882049560547,119.20165252685547,127.92967987060547
1.00244140625,-0.1593017578125,-0.39453125,71.59423828125,151.7333984375,91.43065643310547
2.2286376953125,-0.9935302734375,-0.4368896484375,26.794431686401367,189.69725036621094,-85.02196502685547
2.1978759765625,-1.9429931640625,-0.0687255859375,-1.7089842557907104,148.5595703125,-195.06834411621094
1.5198974609375,-1.514892578125,-0.0284423828125,-9.70458984375,116.08885955810547,-84.10643768310547
0.7978515625,-0.7808837890625,0.1212158203125,8.48388671875,82.03124237060547,53.039546966552734
0.3472900390625,-0.5469970703125,0.2099609375,29.357908248901367,59.143062591552734,71.044921875
0.1744384765625,-0.3814697265625,-0.0152587890625,9.09423828125,117.85887908935547,84.71678924560547
0.010986328125,-0.1502685546875,-0.2685546875,-20.324705123901367,151.18408203125,154.4189453125
0.0089111328125,0.0511474609375,-0.3348388671875,-18.61572265625,84.04540252685547,229.85838317871094
0.9393310546875,-0.4228515625,-0.2091064453125,10.437010765075684,6.408690929412842,184.08201599121094
1.87841796875,-1.8101806640625,-0.1717529296875,55.419918060302734,-3.662109136581421,-63.049312591552734
1.3135986328125,-2.33447265625,-0.3607177734375,54.809566497802734,38.75732421875,-157.2265625
0.4735107421875,-1.3226318359375,-0.310791015625,10.131834983825684,10.253905296325684,75.62255859375
0.3885498046875,-0.3826904296875,0.094482421875,9.8876953125,-114.19676971435547,184.32615661621094
0.3724365234375,-0.3560791015625,0.5196533203125,37.41455078125,-192.01658630371094,64.697265625
0.164306640625,-0.526123046875,0.5277099609375,41.809078216552734,-139.404296875,-5.432128429412842
0.002685546875,-0.282958984375,0.206298828125,15.808104515075684,5.371093273162842,23.864744186401367
-0.1427001953125,-0.0028076171875,-0.0389404296875,-16.6015625,115.53954315185547,53.955074310302734
-0.1375732421875,-0.107421875,-0.059814453125,-26.245115280151367,129.2724609375,42.602535247802734
0.796875,-1.04443359375,0.3096923828125,-17.63916015625,94.05516815185547,-68.66455078125
1.656005859375,-1.8492431640625,0.37841796875,-40.405269622802734,110.35155487060547,-192.07762145996094
1.354248046875,-1.5865478515625,0.004150390625,-84.83885955810547,143.00537109375,-110.65673065185547
0.8017578125,-1.3387451171875,-0.08447265625,-73.974609375,67.5048828125,19.34814453125
0.3778076171875,-1.1241455078125,-0.0418701171875,-35.58349609375,-19.59228515625,51.513668060302734
0.1629638671875,-0.6439208984375,-0.01220703125,-9.70458984375,-58.044429779052734,64.94140625
0.1943359375,-0.4237060546875,0.0721435546875,15.869139671325684,-102.11180877685547,38.87939453125
0.2509765625,-0.4287109375,0.1175537109375,20.263669967651367,-95.21483612060547,11.413573265075684
0.1861572265625,-0.464111328125,0.0860595703125,13.977049827575684,-65.24658203125,30.090330123901367
0.1507568359375,-0.526611328125,0.1239013671875,21.545408248901367,-88.01268768310547,45.776363372802734
0.2127685546875,-0.6934814453125,0.2147216796875,24.414060592651367,-93.13964080810547,10.314940452575684
0.333251953125,-0.96044921875,0.2493896484375,15.930174827575684,-42.419429779052734,-41.137691497802734
0.5142822265625,-1.1015625,0.2369384765625,14.831542015075684,-7.019042491912842,-47.912593841552734
0.66943359375,-1.15576171875,0.0892333984375,17.76123046875,10.131834983825684,-24.291990280151367
0.6436767578125,-1.21533203125,-0.1990966796875,14.770506858825684,37.2314453125,-22.583005905151367
0.56494140625,-1.390625,-0.2139892578125,24.414060592651367,18.310546875,-50.048824310302734
0.5355224609375,-1.3360595703125,0.0802001953125,32.8369140625,-48.156734466552734,-22.521970748901367
0.4827880859375,-0.6842041015625,0.268310546875,11.779784202575684,-96.19139862060547,119.44579315185547
0.3565673828125,-0.3466796875,0.2509765625,-16.54052734375,-93.56688690185547,141.66259765625
0.2314453125,-0.8447265625,0.0845947265625,-18.9208984375,-46.569820404052734,-51.391597747802734
0.2978515625,-1.1829833984375,-0.06982421875,1.3427733182907104,-9.1552734375,-145.263671875
0.386474609375,-0.9935302734375,-0.041259765625,13.305663108825684,-22.155759811401367,-56.030269622802734
0.3341064453125,-0.8302001953125,0.01708984375,8.7890625,-41.137691497802734,33.02001953125
0.252685546875,-0.8046875,-0.08642578125,4.21142578125,-24.597166061401367,48.828121185302734
0.2197265625,-0.8819580078125,-0.1812744140625,13.793944358825684,-21.240232467651367,23.132322311401367
0.3033447265625,-0.917724609375,-0.04541015625,31.127927780151367,-59.509273529052734,4.33349609375
0.49951171875,-1.01806640625,0.1343994140625,35.15625,-74.64599609375,-16.05224609375
0.6656494140625,-1.087890625,0.0474853515625,19.22607421875,-20.690916061401367,-41.015621185302734
0.795166015625,-0.9075927734375,-0.11083984375,1.5258787870407104,25.695798873901367,-23.620603561401367
0.87744140625,-0.8690185546875,-0.077880859375,3.784179449081421,0.4882812201976776,3.540038824081421
0.56591796875,-0.982666015625,0.0867919921875,43.640132904052734,-106.07909393310547,22.644041061401367
0.4786376953125,-0.8297119140625,0.0755615234375,60.668941497802734,-135.92529296875,37.29248046875
0.5113525390625,-0.7152099609375,0.097900390625,71.96044921875,-153.3203125,32.8369140625
0.5665283203125,-0.693603515625,0.135986328125,77.57568359375,-163.08592224121094,16.6015625
0.5582275390625,-0.7017822265625,0.174072265625,77.0263671875,-167.78562927246094,12.145995140075684
0.48876953125,-0.7080078125,0.2120361328125,70.86181640625,-166.07664489746094,21.484373092651367
0.4522705078125,-0.6549072265625,0.218994140625,62.499996185302734,-149.59716796875,27.404783248901367
0.53173828125,-0.609375,0.1661376953125,53.344722747802734,-114.37987518310547,20.202634811401367
0.6640625,-0.775390625,0.05322265625,45.959468841552734,-79.2236328125,1.7700194120407104
0.639892578125,-1.070068359375,-0.0390625,49.011226654052734,-78.91845703125,-5.493163585662842
0.4754638671875,-1.189453125,0.0211181640625,68.4814453125,-130.4931640625,14.038084983825684
0.4075927734375,-1.09814453125,0.139404296875,83.49608612060547,-180.29783630371094,29.174802780151367
0.4171142578125,-1.0072021484375,0.0107421875,61.096187591552734,-132.4462890625,10.925292015075684
0.4373779296875,-0.937744140625,-0.2384033203125,23.864744186401367,-33.8134765625,-9.58251953125
0.4798583984375,-0.8280029296875,-0.162841796875,25.756834030151367,-43.640132904052734,4.08935546875
0.44091796875,-0.7977294921875,0.171875,64.27001953125,-153.1982421875,28.320310592651367
0.3416748046875,-0.864013671875,0.3763427734375,96.31346893310547,-216.06443786621094,32.16552734375
0.3099365234375,-0.9403076171875,0.293701171875,93.50585174560547,-167.66355895996094,16.54052734375
0.3126220703125,-1.0172119140625,0.0677490234375,66.0400390625,-70.25146484375,4.638671875
0.2659912109375,-0.996337890625,-0.03271484375,49.255367279052734,-38.6962890625,21.972654342651367
0.1798095703125,-0.848388671875,0.0103759765625,47.912593841552734,-77.1484375,49.011226654052734
0.21923828125,-0.850341796875,0.111328125,33.38623046875,-95.33690643310547,31.982419967651367
0.41943359375,-0.9219970703125,0.140380859375,23.681638717651367,-79.28466796875,8.60595703125
0.61328125,-0.9144287109375,0.156982421875,19.59228515625,-68.42041015625,-14.404295921325684
0.6534423828125,-0.86279296875,0.2108154296875,18.61572265625,-71.59423828125,-19.71435546875
0.615966796875,-0.929443359375,0.29150390625,15.319823265075684,-69.7021484375,-11.169432640075684
0.652587890625,-1.0040283203125,0.2958984375,12.512206077575684,-49.560543060302734,0.7324218153953552
0.649169921875,-1.034912109375,0.23779296875,15.991209983825684,-41.992183685302734,3.112792730331421
0.55810546875,-1.017333984375,0.197021484375,15.930174827575684,-47.058101654052734,7.873534679412842
0.4820556640625,-0.9146728515625,0.2322998046875,1.7700194120407104,-43.762203216552734,30.151365280151367
0.402099609375,-0.8267822265625,0.3096923828125,-12.268065452575684,-47.790523529052734,39.1845703125
0.309814453125,-0.800537109375,0.327880859375,-12.573241233825684,-56.823726654052734,23.315427780151367
0.2506103515625,-0.7919921875,0.2716064453125,-6.042479991912842,-46.142574310302734,6.408690929412842
0.2470703125,-0.769775390625,0.1912841796875,-1.15966796875,-21.728513717651367,0.8544921278953552
0.2789306640625,-0.7659912109375,0.144287109375,1.7700194120407104,-6.469726085662842,-1.3427733182907104
0.306640625,-0.795654296875,0.1522216796875,3.967284917831421,-5.310058116912842,-1.4038084745407104
0.3043212890625,-0.8624267578125,0.176513671875,5.859374523162842,-6.347655773162842,1.9531248807907104
0.3521728515625,-0.90869140625,0.1751708984375,7.629394054412842,1.7700194120407104,6.042479991912842
0.5528564453125,-0.9307861328125,0.095458984375,12.451170921325684,20.446775436401367,-6.530761241912842
0.64208984375,-1.151611328125,-0.1181640625,16.54052734375,43.395992279052734,-40.161128997802734
0.447021484375,-1.304443359375,-0.2374267578125,11.413573265075684,41.748043060302734,-24.658201217651367
0.3997802734375,-1.0164794921875,0.03759765625,15.502928733825684,-24.841306686401367,44.128414154052734
0.423583984375,-0.791259765625,0.3482666015625,27.404783248901367,-87.46337127685547,58.654781341552734
0.329345703125,-0.923828125,0.2703857421875,13.366698265075684,-38.818359375,-0.6103515625
0.3177490234375,-1.03271484375,0.00439453125,-16.29638671875,58.227535247802734,-47.546382904052734
0.25390625,-1.020751953125,-0.122314453125,-28.564451217651367,85.57128143310547,-36.80419921875
0.2706298828125,-0.75732421875,0.0767822265625,-12.084959983825684,-8.97216796875,26.977537155151367
0.1971435546875,-0.7210693359375,0.126220703125,-10.070799827575684,-11.779784202575684,20.874021530151367
0.1282958984375,-0.8660888671875,0.1142578125,-4.7607421875,5.554198741912842,-4.33349609375
0.52490234375,-0.9869384765625,0.1092529296875,-1.5258787870407104,33.02001953125,-13.793944358825684
0.80078125,-1.0919189453125,0.097900390625,-19.8974609375,57.922359466552734,-43.518062591552734
0.861328125,-0.9412841796875,0.054443359375,-36.865234375,62.805171966552734,-32.5927734375
0.716552734375,-0.83984375,0.0452880859375,-37.17041015625,35.400390625,4.8828125
0.4718017578125,-1.0418701171875,-0.0374755859375,-30.822751998901367,36.865234375,11.901854515075684
0.43017578125,-1.0721435546875,-0.0361328125,-23.437498092651367,39.794921875,23.010251998901367
0.4962158203125,-0.855224609375,0.132080078125,-7.934569835662842,-16.845703125,35.400390625
0.4547119140625,-0.7486572265625,0.267578125,9.27734375,-82.64159393310547,21.240232467651367
0.3233642578125,-0.830078125,0.235595703125,6.958007335662842,-72.021484375,-4.7607421875
0.2489013671875,-0.865478515625,0.0985107421875,-11.474608421325684,4.21142578125,-13.854979515075684
0.3084716796875,-0.7984619140625,0.0184326171875,-11.901854515075684,42.297359466552734,-14.160155296325684
0.3780517578125,-0.728515625,0.084228515625,8.1787109375,6.774901866912842,-12.756346702575684
0.34228515625,-0.697998046875,0.18017578125,22.460935592651367,-32.89794921875,-0.4272460639476776
0.2918701171875,-0.7879638671875,0.20361328125,24.963376998901367,-32.28759765625,4.150390625
0.3858642578125,-0.9935302734375,0.1571044921875,20.812986373901367,-3.417968511581421,-6.530761241912842
0.6910400390625,-1.1136474609375,-0.143798828125,12.145995140075684,63.415523529052734,-10.620116233825684
0.5267333984375,-1.0784912109375,-0.2288818359375,19.04296875,45.532222747802734,1.5258787870407104
0.462158203125,-0.9805908203125,-0.00146484375,31.616209030151367,-24.719236373901367,15.991209983825684
0.49072265625,-0.8822021484375,0.3265380859375,41.259761810302734,-94.42137908935547,11.047362327575684
0.42822265625,-0.7955322265625,0.414306640625,28.442380905151367,-86.85301971435547,10.559081077575684
0.318115234375,-0.75634765625,0.247314453125,-4.57763671875,-10.559081077575684,10.742186546325684
0.2484130859375,-0.90234375,0.04833984375,-31.433103561401367,56.335445404052734,-22.338865280151367
0.30322265625,-1.04638671875,0.011474609375,-37.90283203125,67.9931640625,-55.114742279052734
0.4114990234375,-0.9586181640625,0.05810546875,-27.160642623901367,40.649410247802734,-42.053218841552734
0.45947265625,-0.866943359375,-0.0186767578125,-5.0048828125,16.357421875,-12.329100608825684
0.3702392578125,-0.8582763671875,-0.142822265625,14.648436546325684,4.08935546875,16.6015625
0.19677734375,-0.7301025390625,-0.020263671875,23.742673873901367,-39.12353515625,60.607906341552734
0.1175537109375,-0.4896240234375,0.2801513671875,26.000974655151367,-91.18651580810547,93.99413299560547
0.226318359375,-0.3204345703125,0.3736572265625,14.831542015075684,-60.974117279052734,65.5517578125
0.70556640625,-0.5986328125,0.242431640625,-7.263183116912842,44.067378997802734,-30.151365280151367
1.26416015625,-1.2762451171875,0.0767822265625,-23.559568405151367,108.88671112060547,-130.31005859375
1.2490234375,-1.5133056640625,0.028564453125,-26.733396530151367,64.51416015625,-120.23925018310547
0.8175048828125,-1.15869140625,0.1614990234375,-13.366698265075684,-46.142574310302734,-12.695311546325684
0.5177001953125,-0.7674560546875,0.276123046875,0.9765624403953552,-119.26268768310547,49.987789154052734
0.4627685546875,-0.54638671875,0.2864990234375,-9.3994140625,-117.24852752685547,34.7900390625
0.433349609375,-0.453125,0.2127685546875,-46.386714935302734,-70.73974609375,2.685546636581421
0.337646484375,-0.45654296875,0.07373046875,-86.60887908935547,-15.686034202575684,-20.935056686401367
0.26416015625,-0.549072265625,0.0010986328125,-99.42626190185547,-10.986327171325684,-43.334957122802734
0.33984375,-0.6357421875,0.03662109375,-82.94676971435547,-57.861324310302734,-47.180171966552734
0.6390380859375,-0.645751953125,-0.124755859375,-67.626953125,-69.03076171875,-38.2080078125
0.928466796875,-0.8328857421875,-0.5081787109375,-77.20947265625,-15.075682640075684,-57.922359466552734
0.962158203125,-1.2779541015625,-0.6138916015625,-96.98485565185547,-10.070799827575684,-86.91405487060547
0.863037109375,-1.3609619140625,-0.5977783203125,-122.43651580810547,-44.982906341552734,-51.147457122802734
0.73876953125,-0.9837646484375,-0.7073974609375,-145.8740234375,-10.498045921325684,8.36181640625
0.634765625,-0.765380859375,-0.4981689453125,-126.22069549560547,20.385740280151367,-9.27734375
0.5955810546875,-0.7216796875,-0.001953125,-68.90869140625,-1.4648436307907104,-55.419918060302734
0.39990234375,-0.497314453125,0.2406005859375,-19.8974609375,8.48388671875,-29.113767623901367
0.0552978515625,-0.1231689453125,0.2073974609375,4.08935546875,74.951171875,70.98388671875
0.2021484375,0.0396728515625,-0.13720703125,6.591796398162842,155.21240234375,145.81298828125
1.338623046875,-0.5302734375,-0.682861328125,-19.775390625,219.42137145996094,68.42041015625
2.148193359375,-1.125,-0.757568359375,-51.879878997802734,184.38719177246094,-46.508785247802734
1.6756591796875,-0.9161376953125,-0.536376953125,-63.476558685302734,88.80614471435547,-14.953612327575684
1.093994140625,-0.8662109375,-0.3623046875,-48.095699310302734,30.944822311401367,13.366698265075684
1.03662109375,-1.194580078125,-0.144287109375,-16.54052734375,16.90673828125,-45.227046966552734
0.925048828125,-1.0968017578125,0.0633544921875,10.498045921325684,23.254392623901367,-25.695798873901367
0.4686279296875,-0.623779296875,0.1500244140625,30.273435592651367,31.799314498901367,80.81053924560547
0.014892578125,-0.15380859375,0.095703125,37.78076171875,47.241207122802734,170.89842224121094
-0.080078125,0.2337646484375,-0.029541015625,31.494138717651367,42.419429779052734,232.54393005371094
0.4375,0.4453125,-0.2342529296875,-2.624511480331421,64.14794921875,239.92918395996094
1.7640380859375,-0.3087158203125,-0.584228515625,-55.786128997802734,137.5732421875,49.926753997802734
2.5513916015625,-1.7535400390625,-0.6961669921875,-58.105464935302734,176.26951599121094,-243.65232849121094
1.8751220703125,-1.7620849609375,-0.3660888671875,-19.71435546875,99.73143768310547,-172.11912536621094
1.0029296875,-0.5848388671875,-0.0146484375,2.44140625,1.5869139432907104,130.43212890625
0.577392578125,-0.2078857421875,0.1002197265625,8.23974609375,11.474608421325684,151.85546875
0.282958984375,-0.7291259765625,-0.01123046875,10.742186546325684,75.98876953125,1.220703125
0.124267578125,-0.8551025390625,-0.11328125,15.930174827575684,89.41649627685547,6.225585460662842
0.1099853515625,-0.2943115234375,-0.114990234375,15.136717796325684,70.61767578125,150.57373046875
0.0390625,0.1419677734375,-0.07470703125,9.09423828125,79.1015625,228.02732849121094
0.1595458984375,0.1920166015625,0.0814208984375,4.08935546875,82.45848846435547,188.04930114746094
1.1953125,-0.2984619140625,0.572265625,1.4648436307907104,73.6083984375,36.4990234375
2.1680908203125,-1.410888671875,0.4910888671875,-24.353025436401367,157.2265625,-201.47703552246094
2.0159912109375,-1.814697265625,0.0399169921875,-66.71142578125,240.47850036621094,-250.12205505371094
1.3203125,-1.2938232421875,0.360107421875,-56.884761810302734,93.68895721435547,-52.978511810302734
0.6158447265625,-0.8778076171875,0.7117919921875,-10.864256858825684,-72.6318359375,72.75390625
0.3775634765625,-0.4921875,0.572021484375,-9.82666015625,-1.4038084745407104,37.59765625
0.414794921875,-0.1748046875,0.1668701171875,-58.532711029052734,183.41062927246094,-23.376462936401367
0.2845458984375,-0.1082763671875,-0.2791748046875,-72.57080078125,165.22215270996094,-42.785640716552734
0.26318359375,-0.3564453125,0.00537109375,-34.36279296875,29.174802780151367,-40.405269622802734
0.764892578125,-0.8414306640625,0.39599609375,-39.0625,18.00537109375,-71.22802734375
1.1995849609375,-1.279296875,0.37255859375,-80.2001953125,135.19287109375,-105.83495330810547
0.7935791015625,-1.2091064453125,0.414794921875,-56.640621185302734,84.53368377685547,28.991697311401367
0.6243896484375,-1.001953125,0.6162109375,-21.972654342651367,5.859374523162842,66.650390625
0.5872802734375,-0.85302734375,0.4398193359375,-16.4794921875,60.668941497802734,24.841306686401367
0.5726318359375,-0.7041015625,0.120361328125,-28.442380905151367,138.12255859375,-8.544921875
0.47705078125,-0.5477294921875,0.01025390625,-34.11865234375,126.28173065185547,6.347655773162842
0.3272705078125,-0.451171875,0.1304931640625,-27.954099655151367,49.377437591552734,26.733396530151367
0.2418212890625,-0.455078125,0.257080078125,-27.343748092651367,12.939452171325684,21.118162155151367
0.30712890625,-0.545654296875,0.2867431640625,-40.222164154052734,49.987789154052734,-2.929687261581421
0.508056640625,-0.7769775390625,0.30615234375,-53.955074310302734,98.99901580810547,-30.639646530151367
0.712646484375,-1.1146240234375,0.3719482421875,-57.861324310302734,108.21532440185547,-51.513668060302734
0.770751953125,-1.2620849609375,0.4365234375,-51.879878997802734,84.65575408935547,-45.288082122802734
0.6976318359375,-1.066650390625,0.4302978515625,-38.330078125,60.302730560302734,-8.544921875
0.5430908203125,-0.770263671875,0.325927734375,-25.390623092651367,56.457515716552734,21.362302780151367
0.3692626953125,-0.5443115234375,0.227294921875,-19.34814453125,56.457515716552734,29.479978561401367
0.2845458984375,-0.3843994140625,0.2236328125,-16.7236328125,39.1845703125,29.602048873901367
0.33740234375,-0.3857421875,0.283203125,-16.05224609375,26.428220748901367,14.709471702575684
0.609130859375,-0.86328125,0.3170166015625,-26.000974655151367,58.410640716552734,-34.85107421875
0.7532958984375,-1.6239013671875,0.0809326171875,-61.584468841552734,150.87890625,-103.14940643310547
0.5042724609375,-1.7381591796875,-0.2431640625,-95.76415252685547,207.51951599121094,-85.51024627685547
0.4031982421875,-1.193359375,-0.0902099609375,-71.22802734375,106.01805877685547,7.629394054412842
0.47314453125,-0.7296142578125,0.23681640625,-14.465331077575684,-35.70556640625,35.82763671875
0.361572265625,-0.6015625,0.2071533203125,-4.0283203125,-26.550291061401367,-7.263183116912842
0.2362060546875,-0.66748046875,-0.014404296875,-41.931148529052734,79.7119140625,-37.7197265625
0.2637939453125,-0.7305908203125,-0.132568359375,-78.30810546875,138.73291015625,-25.573728561401367
0.3988037109375,-0.871337890625,-0.080810546875,-89.17235565185547,122.86376190185547,-9.46044921875
0.4273681640625,-1.0836181640625,-0.008544921875,-82.88573455810547,90.39305877685547,-9.033203125
0.31005859375,-1.1136474609375,0.0216064453125,-64.75830078125,62.194820404052734,-3.356933355331421
0.212890625,-0.9981689453125,0.04541015625,-38.9404296875,29.602048873901367,4.21142578125
0.235107421875,-0.9669189453125,0.0069580078125,-23.620603561401367,24.047849655151367,-3.173827886581421
0.3778076171875,-1.011474609375,-0.1329345703125,-23.437498092651367,49.255367279052734,-14.160155296325684
0.3575439453125,-0.9864501953125,-0.23583984375,-30.090330123901367,50.598140716552734,7.568358898162842
0.1107177734375,-0.8433837890625,-0.1595458984375,-32.77587890625,5.126952648162842,59.570308685302734
-0.0498046875,-0.760009765625,-0.06396484375,-23.986814498901367,-28.930662155151367,73.486328125
0.008056640625,-0.8133544921875,-0.02734375,-9.1552734375,-18.310546875,31.249998092651367
0.359375,-0.96337890625,0.105712890625,5.126952648162842,-1.6479490995407104,-18.61572265625
0.846923828125,-1.1370849609375,0.177978515625,5.187987804412842,30.334470748901367,-63.598628997802734
1.074951171875,-1.07470703125,0.0799560546875,-18.49365234375,77.5146484375,-58.349605560302734
0.9034423828125,-0.9703369140625,0.0748291015625,-35.15625,58.288570404052734,-0.7324218153953552
0.4703369140625,-1.106689453125,0.11474609375,-32.958984375,4.94384765625,27.404783248901367
0.171875,-1.10986328125,0.105712890625,-26.184080123901367,-6.103515148162842,36.19384765625
0.5496826171875,-0.672119140625,0.043701171875,5.310058116912842,25.878904342651367,8.9111328125
0.4637451171875,-0.72509765625,-0.0787353515625,-6.225585460662842,66.5283203125,-4.94384765625
0.209228515625,-0.8133544921875,-0.040283203125,-4.7607421875,33.02001953125,18.9208984375
0.15185546875,-0.6837158203125,0.1971435546875,13.732909202575684,-40.771480560302734,52.490230560302734
0.261474609375,-0.50732421875,0.392578125,24.719236373901367,-50.048824310302734,48.950191497802734
0.412841796875,-0.5709228515625,0.4281005859375,23.986814498901367,8.056640625,2.38037109375
0.5997314453125,-0.8927001953125,0.3173828125,9.46044921875,89.35546112060547,-50.354000091552734
0.73974609375,-1.1834716796875,0.087890625,-21.545408248901367,181.82371520996094,-83.86229705810547
0.7620849609375,-1.2664794921875,0.0089111328125,-50.415035247802734,224.79246520996094,-87.03612518310547
0.7203369140625,-1.1650390625,0.251220703125,-55.053707122802734,163.33006286621094,-56.091304779052734
0.6695556640625,-0.8970947265625,0.4891357421875,-45.654293060302734,98.02245330810547,-13.854979515075684
0.693603515625,-0.7142333984375,0.412841796875,-46.936031341552734,141.4794921875,-8.7890625
0.7298583984375,-0.6861572265625,0.114501953125,-60.058589935302734,236.26707458496094,-31.677244186401367
0.5931396484375,-0.6287841796875,0.021728515625,-62.133785247802734,240.90574645996094,-27.893064498901367
0.3785400390625,-0.5704345703125,0.203857421875,-50.842281341552734,170.59324645996094,-13.793944358825684
0.3966064453125,-0.61328125,0.2796630859375,-57.678218841552734,175.29295349121094,-32.28759765625
0.7215576171875,-0.8392333984375,0.2061767578125,-89.84374237060547,244.56785583496094,-78.43017578125
0.998779296875,-0.982421875,0.15380859375,-116.69921112060547,264.22119140625,-89.78270721435547
0.9815673828125,-0.8165283203125,0.27587890625,-111.32811737060547,209.35057067871094,-33.38623046875
0.86962890625,-0.816650390625,0.5992431640625,-78.55224609375,131.77490234375,14.953612327575684
0.8126220703125,-1.0467529296875,0.7281494140625,-51.330562591552734,115.05126190185547,11.596678733825684
0.76806640625,-1.1026611328125,0.4833984375,-51.635738372802734,176.45262145996094,-11.779784202575684
0.622314453125,-0.6170654296875,-0.0223388671875,-69.64111328125,238.89158630371094,-31.249998092651367
0.4364013671875,-0.233642578125,-0.1668701171875,-55.236812591552734,193.48143005371094,-7.873534679412842
0.177490234375,0.052734375,-0.259033203125,-39.12353515625,140.13671875,28.564451217651367
0.3197021484375,-0.8800048828125,0.0513916015625,-20.446775436401367,54.809566497802734,-17.333984375
0.671142578125,-2.1165771484375,0.25439453125,-6.103515148162842,48.583980560302734,-166.32078552246094
0.6185302734375,-2.204833984375,0.1834716796875,-12.145995140075684,67.32177734375,-138.00048828125
0.445068359375,-1.5589599609375,0.1883544921875,-9.70458984375,66.10107421875,21.240232467651367
0.33203125,-1.045654296875,0.1959228515625,7.080077648162842,72.20458984375,86.42577362060547
0.2991943359375,-0.608154296875,0.0093994140625,15.075682640075684,112.54882049560547,71.35009765625
0.26611328125,-0.4041748046875,-0.1640625,14.892577171325684,141.78466796875,21.911619186401367
0.2696533203125,-0.38525390625,-0.0677490234375,13.000487327575684,121.15477752685547,-9.46044921875
0.427978515625,-0.4732666015625,0.37060546875,21.545408248901367,31.188962936401367,24.597166061401367
0.3638916015625,-1.075439453125,0.9110107421875,43.701168060302734,-59.692378997802734,57.189937591552734
0.186279296875,-1.69580078125,1.1622314453125,64.27001953125,-48.522945404052734,44.921871185302734
0.23974609375,-1.862060546875,0.930908203125,61.401363372802734,56.274410247802734,18.00537109375
0.306884765625,-1.583740234375,0.46240234375,38.87939453125,134.46044921875,19.287109375
0.3564453125,-0.767822265625,0.1221923828125,18.5546875,113.46434783935547,70.61767578125
0.329833984375,0.0048828125,-0.0831298828125,-3.845214605331421,57.556148529052734,109.80223846435547
0.1973876953125,0.4345703125,-0.2830810546875,-47.058101654052734,42.236324310302734,124.02342987060547
0.185302734375,0.6983642578125,-0.5379638671875,-103.57665252685547,34.85107421875,133.85009765625
0.259765625,0.6617431640625,-0.4671630859375,-135.31494140625,-47.607418060302734,60.791011810302734
0.5440673828125,-0.492431640625,0.6446533203125,-112.79296112060547,-227.11180114746094,-154.052734375
1.01416015625,-1.9598388671875,1.68505859375,-101.13524627685547,-275.87890625,-401.6112976074219
0.9923095703125,-2.228759765625,1.210693359375,-129.638671875,-63.781734466552734,-313.53759765625
0.4932861328125,-1.9083251953125,0.4312744140625,-98.02245330810547,67.9931640625,-16.7236328125
0.0784912109375,-1.4129638671875,0.36083984375,-9.70458984375,-7.019042491912842,111.26708221435547
-0.0733642578125,-0.8660888671875,0.45751953125,38.75732421875,-66.58935546875,102.84423065185547
0.0751953125,-0.64599609375,0.29736328125,17.4560546875,-2.868652105331421,18.61572265625
0.273193359375,-0.5225830078125,-0.156982421875,-36.43798828125,130.859375,-45.776363372802734
0.248046875,-0.303955078125,-0.4854736328125,-64.5751953125,182.67820739746094,-42.297359466552734
0.115234375,-0.0433349609375,-0.457275390625,-58.044429779052734,127.62450408935547,-15.441893577575684
0.0870361328125,0.132568359375,-0.3360595703125,-47.668453216552734,69.82421875,7.446288585662842
0.47802734375,-0.089599609375,-0.060546875,-28.259275436401367,5.676269054412842,-7.080077648162842
1.05810546875,-1.3173828125,0.5723876953125,21.362302780151367,-121.70409393310547,-156.31103515625
0.974853515625,-2.15283203125,0.9302978515625,50.109859466552734,-180.84715270996094,-220.76414489746094
0.5885009765625,-1.419921875,0.7891845703125,44.189449310302734,-122.43651580810547,17.76123046875
0.486083984375,-0.9285888671875,0.743408203125,42.236324310302734,-53.771968841552734,154.78515625
0.4854736328125,-1.0478515625,0.6202392578125,22.033689498901367,49.194332122802734,18.310546875
0.603759765625,-0.932861328125,0.1959228515625,-21.606443405151367,155.70068359375,-90.88134002685547
0.6785888671875,-0.678466796875,-0.2030029296875,-46.569820404052734,165.22215270996094,-87.52440643310547
0.452392578125,-0.471923828125,-0.308837890625,-30.639646530151367,80.68846893310547,-37.841796875
0.124755859375,-0.3497314453125,-0.150146484375,4.2724609375,-34.423828125,18.24951171875
0.0797119140625,-0.2266845703125,0.104736328125,18.798828125,-103.69872283935547,48.767086029052734
0.1610107421875,-0.5723876953125,0.4698486328125,-0.3662109076976776,-92.40721893310547,24.902341842651367
0.249267578125,-1.3453369140625,0.630615234375,-37.353515625,-1.9531248807907104,-43.640132904052734
0.495361328125,-1.5238037109375,0.2664794921875,-60.546871185302734,101.74559783935547,-92.22411346435547
0.624755859375,-1.1739501953125,-0.0191650390625,-40.0390625,82.39745330810547,-68.84765625
0.462158203125,-1.259765625,0.149658203125,-7.751464366912842,-8.36181640625,-25.451658248901367
0.43896484375,-1.4429931640625,0.3348388671875,-4.94384765625,-15.319823265075684,-1.3427733182907104
0.528076171875,-1.1868896484375,0.3131103515625,-4.21142578125,8.9111328125,9.521484375
0.4197998046875,-0.9276123046875,0.3004150390625,15.502928733825684,-31.799314498901367,2.929687261581421
0.41259765625,-0.9849853515625,0.204833984375,-2.685546636581421,1.4648436307907104,-20.324705123901367
0.517822265625,-0.9417724609375,-0.0029296875,-34.1796875,70.9228515625,-22.338865280151367
0.4344482421875,-0.8463134765625,-0.1220703125,-32.958984375,51.269527435302734,-3.234863042831421
0.27587890625,-0.669189453125,-0.0887451171875,-6.469726085662842,-28.442380905151367,27.099607467651367
0.241455078125,-0.4808349609375,0.0269775390625,10.009765625,-77.33154296875,39.55078125
0.3509521484375,-0.423095703125,0.0928955078125,-3.906249761581421,-51.147457122802734,25.390623092651367
0.4765625,-0.6419677734375,0.088623046875,-30.883787155151367,10.192870140075684,-0.30517578125
0.5418701171875,-0.9765625,0.1748046875,-35.64453125,25.634763717651367,-11.291502952575684
0.5111083984375,-1.152587890625,0.30859375,-13.732909202575684,-12.878417015075684,3.906249761581421
0.442626953125,-1.1903076171875,0.2603759765625,2.38037109375,-16.78466796875,18.24951171875
0.4932861328125,-1.1229248046875,0.1405029296875,5.432128429412842,6.225585460662842,15.930174827575684
0.5513916015625,-1.083740234375,0.12744140625,7.507323741912842,-4.5166015625,5.0048828125
0.4150390625,-1.080322265625,0.189453125,0.7934569716453552,-22.094724655151367,3.845214605331421
0.231201171875,-0.9598388671875,0.302490234375,-10.681151390075684,-34.11865234375,14.770506858825684
0.2125244140625,-0.7691650390625,0.3826904296875,-8.23974609375,-47.363277435302734,13.122557640075684
0.306640625,-0.6329345703125,0.302001953125,4.39453125,-34.11865234375,-4.7607421875
0.3563232421875,-0.6312255859375,0.104248046875,3.295898199081421,21.240232467651367,-18.4326171875
0.355712890625,-0.705810546875,-0.025390625,-7.324218273162842,66.89453125,-7.507323741912842
0.4857177734375,-0.753662109375,-0.018798828125,3.479003667831421,52.551265716552734,7.751464366912842
0.7506103515625,-0.9451904296875,-0.002685546875,31.494138717651367,20.507810592651367,-24.291990280151367
0.8131103515625,-1.2430419921875,-0.058837890625,33.63037109375,28.869626998901367,-69.51904296875
0.662353515625,-1.110107421875,-0.0526123046875,10.620116233825684,36.0107421875,-37.17041015625
0.670654296875,-0.8992919921875,0.1934814453125,17.51708984375,-18.4326171875,4.39453125
0.642822265625,-0.9940185546875,0.3443603515625,33.935546875,-54.687496185302734,-7.080077648162842
0.4483642578125,-0.8529052734375,0.1214599609375,-2.624511480331421,16.17431640625,32.1044921875
0.3623046875,-0.9466552734375,-0.0689697265625,-34.0576171875,59.448238372802734,-2.563476324081421
0.34716796875,-0.8226318359375,0.0831298828125,-7.202147960662842,-11.901854515075684,11.840819358825684
0.2462158203125,-0.6837158203125,0.2044677734375,3.356933355331421,-34.7900390625,49.682613372802734
0.159912109375,-0.728271484375,0.1832275390625,1.2817381620407104,-1.8310545682907104,39.4287109375
0.2840576171875,-0.8409423828125,0.060791015625,-11.413573265075684,51.330562591552734,17.08984375
0.6236572265625,-1.0211181640625,0.0052490234375,-24.963376998901367,74.52392578125,-4.5166015625
0.8560791015625,-1.031005859375,0.07666015625,-25.268552780151367,48.706050872802734,-14.404295921325684
0.877685546875,-0.8868408203125,0.1422119140625,-11.535643577575684,-12.451170921325684,3.845214605331421
0.87060546875,-1.0521240234375,0.1240234375,0.6713866591453552,-58.410640716552734,38.818359375
0.5626220703125,-1.1158447265625,0.0682373046875,5.371093273162842,-47.607418060302734,145.08056640625
0.064697265625,-0.88671875,0.041015625,4.57763671875,-17.76123046875,255.67625427246094
-0.103271484375,-0.7796630859375,0.0406494140625,-1.2817381620407104,9.1552734375,216.00340270996094
-0.0155029296875,-0.776123046875,0.035888671875,-7.324218273162842,39.1845703125,88.74510955810547
0.060546875,-0.880859375,0.087158203125,-11.962889671325684,32.65380859375,-3.967284917831421
0.0260009765625,-0.971435546875,0.16552734375,-16.4794921875,-11.413573265075684,-38.330078125
-0.056884765625,-0.94775390625,0.2376708984375,-18.4326171875,-39.55078125,-37.65869140625
-0.0926513671875,-0.9027099609375,0.30078125,-13.977049827575684,-31.982419967651367,-17.822265625
-0.0838623046875,-0.8858642578125,0.307373046875,-4.33349609375,-10.681151390075684,15.747069358825684
-0.0721435546875,-0.887451171875,0.2659912109375,7.934569835662842,5.126952648162842,43.945308685302734
0.0096435546875,-0.8822021484375,0.1734619140625,20.324705123901367,11.718749046325684,50.476070404052734
0.14990234375,-0.8304443359375,0.0751953125,25.817869186401367,11.047362327575684,21.118162155151367
0.070556640625,-0.9395751953125,0.0362548828125,20.446775436401367,25.512693405151367,-99.12108612060547
0.1015625,-1.31201171875,0.0487060546875,2.25830078125,70.556640625,-275.45166015625
0.50439453125,-1.4208984375,0.08447265625,-21.545408248901367,112.79296112060547,-301.94091796875
0.773681640625,-1.118408203125,0.111572265625,-29.907224655151367,109.74120330810547,-137.6953125
0.713623046875,-0.8282470703125,0.11865234375,-18.61572265625,61.035152435302734,10.131834983825684
0.418701171875,-0.8424072265625,0.07080078125,-7.995604991912842,20.507810592651367,30.090330123901367
0.1353759765625,-0.94189453125,0.010498046875,-11.779784202575684,16.54052734375,5.737304210662842
0.13232421875,-0.864013671875,0.0115966796875,-23.071287155151367,27.160642623901367,7.385253429412842
0.2945556640625,-0.7462158203125,0.042724609375,-31.616209030151367,40.161128997802734,13.977049827575684
0.341552734375,-0.7540283203125,0.0140380859375,-33.26416015625,51.818843841552734,10.925292015075684
0.2314453125,-0.9066162109375,-0.089599609375,-30.151365280151367,58.654781341552734,5.493163585662842
0.1121826171875,-1.0106201171875,-0.1837158203125,-23.315427780151367,52.001949310302734,13.916014671325684
0.1234130859375,-1.0037841796875,-0.16259765625,-6.164550304412842,17.15087890625,29.724119186401367
0.2777099609375,-0.974365234375,0.0086669921875,20.690916061401367,-38.51318359375,31.433103561401367
0.440185546875,-1.0521240234375,0.089111328125,36.376953125,-64.14794921875,5.371093273162842
0.5350341796875,-1.0958251953125,-0.126708984375,26.855466842651367,-21.362302780151367,-32.04345703125
0.7064208984375,-0.903076171875,-0.316650390625,3.906249761581421,24.414060592651367,-20.690916061401367
0.9144287109375,-0.7794189453125,-0.2620849609375,-4.150390625,4.638671875,13.122557640075684
0.8724365234375,-0.9261474609375,-0.1429443359375,15.014647483825684,-52.368160247802734,4.150390625
0.61669921875,-1.0257568359375,0.0062255859375,46.081539154052734,-125.61034393310547,2.746581792831421
0.511474609375,-0.9129638671875,0.2362060546875,72.08251953125,-206.97019958496094,35.70556640625
0.5679931640625,-0.7919921875,0.185791015625,60.485836029052734,-151.611328125,15.075682640075684
0.480224609375,-0.795654296875,0.0830078125,51.391597747802734,-112.48778533935547,1.03759765625
0.482421875,-0.7176513671875,0.1456298828125,58.349605560302734,-139.46533203125,13.244627952575684
0.54541015625,-0.656982421875,0.2122802734375,65.12451171875,-164.91697692871094,20.446775436401367
0.64501953125,-0.5889892578125,0.205078125,67.07763671875,-168.15184020996094,20.263669967651367
0.7340087890625,-0.622802734375,0.3065185546875,76.96533203125,-198.36424255371094,17.9443359375
0.6585693359375,-0.82568359375,0.44677734375,80.50536346435547,-218.38377380371094,25.329587936401367
0.393798828125,-1.081787109375,0.3743896484375,53.283687591552734,-152.2216796875,29.663084030151367
0.1806640625,-1.2041015625,0.2015380859375,17.02880859375,-58.837886810302734,18.06640625
0.189453125,-1.1611328125,0.0889892578125,4.82177734375,-25.573728561401367,7.263183116912842
0.3197021484375,-1.167724609375,0.0164794921875,12.207030296325684,-37.2314453125,0.7324218153953552
0.3751220703125,-1.120849609375,-0.00634765625,18.98193359375,-46.264644622802734,18.310546875
0.285400390625,-0.9674072265625,0.0576171875,21.301267623901367,-42.541500091552734,55.908199310302734
0.194091796875,-0.9232177734375,0.0894775390625,19.83642578125,-19.71435546875,59.020992279052734
0.2459716796875,-0.949951171875,-0.0067138671875,10.314940452575684,24.780271530151367,24.780271530151367
0.3525390625,-0.79638671875,-0.1141357421875,-1.03759765625,47.424312591552734,1.0986328125
0.3154296875,-0.5023193359375,-0.1197509765625,-3.234863042831421,17.02880859375,7.873534679412842
0.242919921875,-0.35693359375,0.0264892578125,10.925292015075684,-40.344234466552734,33.38623046875
0.3153076171875,-0.6705322265625,0.2117919921875,39.73388671875,-79.89501953125,50.598140716552734
0.3919677734375,-1.4476318359375,0.253173828125,67.19970703125,-69.9462890625,20.446775436401367
0.4964599609375,-1.9298095703125,0.2467041015625,81.97020721435547,-47.607418060302734,-10.742186546325684
0.6129150390625,-1.53369140625,0.1312255859375,83.37401580810547,-38.57421875,56.701656341552734
0.576416015625,-0.6832275390625,-0.057861328125,70.61767578125,-39.61181640625,156.494140625
0.5350341796875,-0.0496826171875,0.01025390625,41.137691497802734,-74.21875,155.82275390625
0.330078125,-0.07421875,0.3690185546875,-3.417968511581421,-119.44579315185547,72.93701171875
-0.261962890625,-1.0013427734375,0.9127197265625,-23.986814498901367,-117.06542205810547,0.4272460639476776
-0.4620361328125,-1.9678955078125,0.98193359375,-3.784179449081421,-41.870113372802734,-64.453125
0.012939453125,-2.0755615234375,0.6649169921875,22.338865280151367,16.6015625,-96.74071502685547
0.274658203125,-1.4727783203125,0.6109619140625,53.039546966552734,-52.185054779052734,-13.061522483825684
0.15771484375,-0.56298828125,0.48046875,75.3173828125,-156.67724609375,103.57665252685547
0.089599609375,0.1241455078125,0.2110595703125,32.40966796875,-120.97167205810547,121.09374237060547
0.1300048828125,0.400146484375,-0.1065673828125,-65.36865234375,70.9228515625,71.1669921875
0.13330078125,0.322509765625,-0.510009765625,-136.8408203125,236.75535583496094,11.108397483825684
1.0882568359375,-1.7276611328125,0.473388671875,-59.204097747802734,-93.93309783935547,-332.6415710449219
1.1717529296875,-2.3856201171875,0.939208984375,-31.433103561401367,-223.44969177246094,-301.08642578125
0.74951171875,-1.7611083984375,0.899658203125,-33.26416015625,-186.82859802246094,-11.108397483825684
0.3692626953125,-1.306884765625,0.7667236328125,-29.724119186401367,-105.65184783935547,101.56249237060547
0.1495361328125,-1.0809326171875,0.3563232421875,-26.489255905151367,-2.563476324081421,14.587401390075684
0.2529296875,-0.6512451171875,-0.1058349609375,-25.085447311401367,64.39208984375,-35.94970703125
0.468994140625,-0.273193359375,-0.20556640625,-28.991697311401367,48.645015716552734,-27.099607467651367
0.433837890625,-0.0772705078125,0.0009765625,-28.564451217651367,-31.433103561401367,10.009765625
0.191162109375,-0.1229248046875,0.245361328125,-20.629880905151367,-96.67967987060547,38.818359375
0.1046142578125,-0.685791015625,0.5081787109375,-15.686034202575684,-80.99364471435547,16.90673828125
0.40869140625,-1.537841796875,0.5255126953125,-35.46142578125,55.847164154052734,-53.527828216552734
0.6309814453125,-2.033935546875,-0.0380859375,-90.57616424560547,255.92039489746094,-121.39891815185547
0.6917724609375,-1.74560546875,-0.415283203125,-113.70848846435547,283.69140625,-63.598628997802734
0.7847900390625,-1.074462890625,-0.1075439453125,-51.513668060302734,73.486328125,52.917476654052734
0.543701171875,-0.9193115234375,0.123779296875,11.108397483825684,-63.171382904052734,49.316402435302734
0.1427001953125,-1.037353515625,-0.0419921875,1.9531248807907104,18.4326171875,5.187987804412842
0.1158447265625,-0.847900390625,-0.1455078125,-27.648923873901367,102.17284393310547,21.118162155151367
0.4224853515625,-0.8226318359375,0.08154296875,4.08935546875,-9.3994140625,-37.90283203125
0.2049560546875,-0.8515625,-0.027587890625,4.8828125,-0.54931640625,-19.83642578125
0.096435546875,-0.643798828125,-0.111083984375,-0.6713866591453552,16.29638671875,33.14208984375
0.14501953125,-0.5694580078125,-0.1107177734375,4.39453125,-1.8920897245407104,43.090816497802734
0.314208984375,-0.7196044921875,-0.0489501953125,14.221190452575684,-30.334470748901367,30.395505905151367
0.5968017578125,-1.0054931640625,0.14892578125,19.775390625,-52.612300872802734,13.793944358825684
0.781982421875,-1.1529541015625,0.2998046875,14.038084983825684,-57.617183685302734,9.765625
0.732666015625,-1.1612548828125,0.193359375,-11.352538108825684,-9.58251953125,24.475095748901367
0.5718994140625,-1.3043212890625,-0.0169677734375,-37.90283203125,60.119625091552734,14.831542015075684
0.4017333984375,-1.348876953125,-0.0999755859375,-44.860836029052734,83.00780487060547,7.934569835662842
0.335693359375,-1.0950927734375,0.0438232421875,-24.353025436401367,30.517576217651367,26.367185592651367
0.3612060546875,-0.8656005859375,0.187744140625,15.075682640075684,-51.208492279052734,13.427733421325684
0.3255615234375,-0.765380859375,0.1370849609375,26.855466842651367,-53.161617279052734,-9.033203125
0.190185546875,-0.65234375,-0.00048828125,0.6713866591453552,19.59228515625,18.37158203125
0.090087890625,-0.4512939453125,-0.067138671875,-14.587401390075684,52.978511810302734,71.10595703125
0.133544921875,-0.2373046875,-0.029541015625,7.507323741912842,7.446288585662842,86.48680877685547
0.3712158203125,-0.378173828125,0.02490234375,43.579097747802734,-42.968746185302734,31.616209030151367
0.685546875,-1.268310546875,-0.1546630859375,57.373043060302734,-16.2353515625,-80.13916015625
0.687744140625,-1.925048828125,-0.43994140625,36.9873046875,41.076656341552734,-104.79735565185547
0.523193359375,-1.5556640625,-0.329833984375,16.66259765625,8.48388671875,13.671874046325684
0.46826171875,-1.0426025390625,0.002197265625,28.137205123901367,-83.19091033935547,79.345703125
0.342529296875,-0.9134521484375,0.154296875,44.738765716552734,-115.05126190185547,35.94970703125
0.1654052734375,-0.953857421875,0.205322265625,35.82763671875,-85.81542205810547,5.554198741912842
0.0662841796875,-0.85888671875,0.2215576171875,14.465331077575684,-48.522945404052734,23.376462936401367
0.0609130859375,-0.67626953125,0.1229248046875,1.7089842557907104,-12.939452171325684,31.555173873901367
0.0909423828125,-0.6199951171875,-0.0203857421875,0.30517578125,13.366698265075684,1.3427733182907104
0.12158203125,-0.6854248046875,-0.04541015625,7.934569835662842,5.554198741912842,-29.541013717651367
0.134521484375,-0.8236083984375,0.019287109375,18.85986328125,-22.827146530151367,-32.40966796875
0.152099609375,-0.963134765625,0.052978515625,24.658201217651367,-31.372068405151367,-15.991209983825684
0.5506591796875,-1.1239013671875,0.035400390625,20.263669967651367,-9.765625,-33.14208984375
0.802490234375,-1.178955078125,0.08203125,13.549803733825684,-8.30078125,-46.081539154052734
0.71240234375,-1.1845703125,0.0814208984375,1.2817381620407104,-10.742186546325684,-16.54052734375
0.397216796875,-1.2415771484375,-0.054443359375,-10.681151390075684,2.746581792831421,9.27734375
0.2738037109375,-1.068359375,-0.09814453125,-6.042479991912842,-15.136717796325684,34.912109375
0.4071044921875,-0.7862548828125,0.0858154296875,20.141599655151367,-101.44042205810547,43.457027435302734
0.4766845703125,-0.7333984375,0.2657470703125,33.38623046875,-151.0009765625,16.2353515625
0.316650390625,-0.8074951171875,0.2608642578125,13.366698265075684,-101.31835174560547,6.286620616912842
0.13037109375,-0.8057861328125,0.160400390625,-3.906249761581421,-49.011226654052734,26.428220748901367
0.08349609375,-0.7200927734375,0.1229248046875,2.197265625,-49.011226654052734,38.4521484375
0.142578125,-0.6539306640625,0.1458740234375,14.709471702575684,-56.213375091552734,24.108884811401367
0.2689208984375,-0.647216796875,0.1204833984375,23.559568405151367,-37.90283203125,-4.5166015625
0.50732421875,-0.8546142578125,-0.04833984375,27.160642623901367,3.234863042831421,-37.90283203125
0.7269287109375,-1.41015625,-0.371337890625,23.315427780151367,46.203609466552734,-72.44873046875
0.65771484375,-1.66552734375,-0.4404296875,24.169919967651367,13.122557640075684,-55.053707122802734
0.481201171875,-1.2105712890625,-0.1046142578125,39.794921875,-105.59081268310547,23.071287155151367
0.4324951171875,-0.7996826171875,0.2020263671875,56.213375091552734,-179.32127380371094,52.917476654052734
0.383544921875,-0.85205078125,0.2442626953125,50.476070404052734,-136.8408203125,6.652831554412842
0.097412109375,-0.9012451171875,0.021728515625,14.038084983825684,-17.51708984375,13.305663108825684
0.061767578125,-0.7008056640625,0.0128173828125,20.507810592651367,-39.0625,48.461910247802734
0.1029052734375,-0.6171875,0.049560546875,28.869626998901367,-57.983394622802734,42.846675872802734
0.14794921875,-0.732421875,0.0782470703125,33.5693359375,-49.194332122802734,9.3994140625
0.2119140625,-0.947021484375,0.045166015625,40.10009765625,-30.334470748901367,-16.66259765625
0.485107421875,-1.1026611328125,-0.0198974609375,40.10009765625,-16.2353515625,-32.470703125
0.803955078125,-1.1551513671875,-0.0316162109375,28.503416061401367,-10.498045921325684,-44.250484466552734
0.851806640625,-1.1180419921875,0.0941162109375,19.1650390625,-37.7197265625,-15.502928733825684
0.6470947265625,-1.12841796875,0.1707763671875,11.840819358825684,-57.312007904052734,26.062009811401367
0.401611328125,-1.0804443359375,0.0592041015625,6.774901866912842,-42.297359466552734,41.870113372802734
0.340576171875,-0.8748779296875,-0.0042724609375,13.549803733825684,-61.645503997802734,40.649410247802734
0.412109375,-0.7681884765625,0.078857421875,20.385740280151367,-102.05077362060547,10.192870140075684
0.4114990234375,-0.7911376953125,0.194091796875,19.287109375,-118.28612518310547,-11.108397483825684
0.310791015625,-0.7960205078125,0.2645263671875,18.5546875,-122.19237518310547,12.573241233825684
0.232666015625,-0.715087890625,0.2919921875,20.01953125,-114.19676971435547,44.311519622802734
0.217041015625,-0.6781005859375,0.293701171875,19.34814453125,-87.95165252685547,41.015621185302734
0.210693359375,-0.734375,0.2537841796875,18.06640625,-52.551265716552734,11.535643577575684
0.2164306640625,-0.7542724609375,0.1859130859375,23.925779342651367,-27.221677780151367,-8.6669921875
0.505126953125,-1.022705078125,-0.111328125,30.761716842651367,26.733396530151367,-38.14697265625
0.5819091796875,-1.4388427734375,-0.3143310546875,20.812986373901367,51.330562591552734,-63.842769622802734
0.5654296875,-1.438720703125,-0.203857421875,23.620603561401367,-12.390135765075684,-27.893064498901367
0.572021484375,-0.9306640625,0.171630859375,42.907711029052734,-129.150390625,42.968746185302734
0.428955078125,-0.6622314453125,0.3818359375,47.729488372802734,-164.97801208496094,52.734371185302734
0.17578125,-0.819091796875,0.2752685546875,21.057126998901367,-85.69335174560547,6.103515148162842
0.180419921875,-1.0987548828125,0.0189208984375,-7.202147960662842,4.39453125,-39.00146484375
0.3609619140625,-1.2445068359375,-0.1895751953125,-14.160155296325684,36.31591796875,-43.640132904052734
0.41259765625,-1.0506591796875,-0.164306640625,0.7324218153953552,-12.512206077575684,7.141112804412842
0.3272705078125,-0.714111328125,0.0615234375,28.564451217651367,-105.52977752685547,54.138179779052734
0.141357421875,-0.5367431640625,0.2108154296875,53.283687591552734,-148.92578125,49.560543060302734
0.005126953125,-0.4698486328125,0.17041015625,58.654781341552734,-115.90575408935547,29.479978561401367
0.2236328125,-0.3863525390625,0.0675048828125,39.6728515625,-57.312007904052734,13.305663108825684
0.8717041015625,-0.59765625,0.0120849609375,3.051757574081421,-6.042479991912842,-58.471675872802734
1.2879638671875,-1.0950927734375,-0.0625,-33.0810546875,19.4091796875,-151.611328125
1.0880126953125,-1.2757568359375,-0.052001953125,-43.884273529052734,-32.53173828125,-132.75146484375
0.8226318359375,-1.1785888671875,0.1595458984375,-36.9873046875,-135.986328125,-52.795406341552734
0.63330078125,-1.1134033203125,0.3077392578125,-51.696773529052734,-174.62156677246094,-34.11865234375
0.446044921875,-0.851318359375,0.260498046875,-90.63719940185547,-109.25292205810547,-32.3486328125
0.34033203125,-0.5521240234375,0.1121826171875,-100.64696502685547,-24.536130905151367,-4.5166015625
0.2860107421875,-0.478515625,0.009765625,-58.288570404052734,-9.82666015625,9.033203125
0.288330078125,-0.271484375,-0.085693359375,-13.183592796325684,-36.56005859375,42.114253997802734
0.384765625,-0.2984619140625,-0.6529541015625,-21.789548873901367,-12.939452171325684,80.2001953125
0.84375,-0.9962158203125,-1.2276611328125,-65.5517578125,47.058101654052734,-18.00537109375
1.272216796875,-1.59765625,-1.003662109375,-75.8056640625,45.471187591552734,-149.169921875
1.1837158203125,-1.251708984375,-0.5667724609375,-48.034664154052734,1.3427733182907104,-108.64257049560547
0.8094482421875,-0.7032470703125,-0.3218994140625,-12.756346702575684,-19.287109375,-29.479978561401367
0.49072265625,-0.8482666015625,0.050537109375,21.484373092651367,-34.423828125,-45.288082122802734
0.2835693359375,-0.8907470703125,0.3233642578125,42.968746185302734,-6.896972179412842,-27.954099655151367
0.05126953125,-0.5489501953125,0.3084716796875,56.030269622802734,54.138179779052734,58.776851654052734
0.1326904296875,-0.25146484375,-0.0037841796875,71.47216796875,99.24315643310547,114.37987518310547
1.236572265625,-0.445068359375,-0.4112548828125,63.293453216552734,171.87498474121094,68.66455078125
2.13671875,-1.2481689453125,-0.327880859375,33.3251953125,181.45750427246094,-48.767086029052734
1.8505859375,-1.4178466796875,-0.1365966796875,7.812499523162842,121.76512908935547,-56.457515716552734
1.2520751953125,-1.1558837890625,-0.043212890625,6.652831554412842,82.51952362060547,23.620603561401367
0.8245849609375,-1.1783447265625,0.2767333984375,34.48486328125,46.874996185302734,46.874996185302734
0.392578125,-0.357177734375,-0.05859375,23.376462936401367,147.39990234375,88.56200408935547
0.0703125,-0.0028076171875,-0.2999267578125,2.868652105331421,138.73291015625,129.69970703125
-0.13623046875,0.136474609375,-0.2982177734375,-19.22607421875,76.84326171875,184.50926208496094
0.0460205078125,0.239501953125,-0.1539306640625,-39.794921875,4.8828125,240.47850036621094
0.9990234375,-0.1588134765625,0.3831787109375,-30.639646530151367,-73.6083984375,163.81834411621094
2.1143798828125,-1.56298828125,0.4317626953125,-17.7001953125,-37.4755859375,-147.0947265625
2.0970458984375,-2.05908203125,-0.3785400390625,-84.83885955810547,144.8974609375,-269.47021484375
1.2108154296875,-1.234375,-0.4876708984375,-110.77880096435547,113.52538299560547,-32.65380859375
0.48583984375,-0.7694091796875,0.2100830078125,7.385253429412842,-175.72019958496094,110.65673065185547
-0.1343994140625,-0.1341552734375,0.302734375,82.94676971435547,-155.2734375,145.01953125
-0.1876220703125,0.0361328125,-0.2039794921875,19.59228515625,47.973628997802734,126.70897674560547
-0.0582275390625,0.01416015625,-0.36865234375,-9.765625,101.44042205810547,82.76366424560547
0.5941162109375,-0.4361572265625,0.1336669921875,7.019042491912842,9.6435546875,-3.601073980331421
1.27734375,-1.3955078125,0.7359619140625,20.202634811401367,-75.8056640625,-140.44189453125
1.0953369140625,-1.97998046875,0.7174072265625,-7.934569835662842,-51.635738372802734,-157.89794921875
0.6962890625,-1.7005615234375,0.382568359375,-34.0576171875,6.347655773162842,-14.831542015075684
0.5791015625,-1.3138427734375,0.06494140625,-31.005857467651367,23.498533248901367,59.448238372802734
0.4432373046875,-1.035888671875,-0.1270751953125,-26.855466842651367,13.916014671325684,42.358394622802734
0.3175048828125,-0.661865234375,-0.0074462890625,-20.568845748901367,-43.945308685302734,53.161617279052734
0.2747802734375,-0.5032958984375,0.224609375,11.840819358825684,-140.80810546875,49.865718841552734
0.2161865234375,-0.477294921875,0.2659912109375,39.85595703125,-173.46189880371094,41.381832122802734
0.0772705078125,-0.4158935546875,0.116943359375,30.090330123901367,-110.16844940185547,65.97900390625
-0.0025634765625,-0.4256591796875,-0.0111083984375,11.474608421325684,-56.396480560302734,57.800289154052734
0.139404296875,-0.5269775390625,0.029052734375,11.474608421325684,-64.14794921875,-5.920409679412842
0.3857421875,-0.7264404296875,0.078125,18.24951171875,-78.61328125,-51.025386810302734
0.6046142578125,-1.08154296875,0.0252685546875,21.118162155151367,-62.255855560302734,-57.617183685302734
0.7613525390625,-1.4219970703125,0.0106201171875,27.770994186401367,-57.495113372802734,-57.373043060302734
0.7818603515625,-1.503662109375,0.0594482421875,39.61181640625,-99.91454315185547,-24.597166061401367
0.6231689453125,-1.4227294921875,0.0875244140625,42.968746185302734,-144.10400390625,25.268552780151367
0.715087890625,-1.2791748046875,0.1619873046875,32.16552734375,-138.12255859375,54.992671966552734
0.563720703125,-0.97705078125,0.214599609375,10.986327171325684,-98.99901580810547,117.24852752685547
-0.025390625,-0.7064208984375,0.2171630859375,-5.554198741912842,-105.28563690185547,176.75779724121094
-0.192626953125,-0.677734375,0.22509765625,-7.080077648162842,-127.74657440185547,125.24413299560547
-0.069091796875,-0.6832275390625,0.1346435546875,-5.310058116912842,-80.32225799560547,25.512693405151367
0.047119140625,-0.67333984375,0.0067138671875,-3.662109136581421,-13.916014671325684,-21.789548873901367
0.070556640625,-0.73583984375,-0.0098876953125,1.6479490995407104,-7.690429210662842,-9.27734375
0.01904296875,-0.87939453125,0.0611572265625,8.23974609375,-49.499507904052734,29.174802780151367
-0.0675048828125,-1.041748046875,0.181884765625,13.427733421325684,-85.44921112060547,46.997066497802734
-0.130615234375,-1.138427734375,0.3455810546875,17.51708984375,-102.90526580810547,39.6728515625
-0.0953369140625,-1.1649169921875,0.390380859375,19.47021484375,-95.94725799560547,21.545408248901367
-0.02734375,-1.1212158203125,0.1956787109375,12.512206077575684,-64.5751953125,4.0283203125
0.051025390625,-1.043701171875,-0.126708984375,-3.784179449081421,-50.231929779052734,9.033203125
0.1539306640625,-0.8968505859375,-0.327880859375,-17.4560546875,-85.93749237060547,15.258788108825684
0.413330078125,-0.9173583984375,-0.144287109375,-7.446288585662842,-116.82128143310547,-86.18163299560547
0.801513671875,-1.1663818359375,0.1566162109375,14.831542015075684,-92.83446502685547,-232.91014099121094
0.7930908203125,-1.1134033203125,0.1552734375,11.718749046325684,-41.931148529052734,-165.40525817871094
0.4727783203125,-0.790283203125,0.1214599609375,7.141112804412842,-59.509273529052734,28.015134811401367
0.3287353515625,-0.69384765625,0.231689453125,27.832029342651367,-141.05224609375,72.3876953125
0.3065185546875,-0.7974853515625,0.2628173828125,40.283199310302734,-152.64892578125,15.747069358825684
0.2733154296875,-0.86669921875,0.1820068359375,28.869626998901367,-92.59032440185547,-7.019042491912842
0.2750244140625,-0.830322265625,0.1282958984375,16.6015625,-51.086421966552734,2.807616949081421
0.341064453125,-0.7547607421875,0.1302490234375,18.00537109375,-55.358882904052734,11.657713890075684
0.4525146484375,-0.773681640625,0.1268310546875,27.282712936401367,-71.1669921875,5.249022960662842
0.5421142578125,-0.8951416015625,0.0108642578125,34.1796875,-66.95556640625,-6.103515148162842
0.532958984375,-1.0859375,-0.1839599609375,38.330078125,-56.945796966552734,-9.09423828125
0.46435546875,-1.291015625,-0.291748046875,47.912593841552734,-83.31298065185547,-8.1787109375
0.4317626953125,-1.244873046875,-0.199951171875,61.889644622802734,-149.5361328125,14.831542015075684
0.422119140625,-0.9761962890625,-0.0513916015625,60.485836029052734,-178.10057067871094,54.077144622802734
0.3704833984375,-0.9293212890625,-0.033203125,44.311519622802734,-132.14111328125,45.715328216552734
0.367919921875,-1.1287841796875,0.0010986328125,38.2080078125,-85.75438690185547,7.629394054412842
0.3594970703125,-1.1812744140625,0.0599365234375,39.55078125,-67.626953125,41.442867279052734
0.214111328125,-0.9278564453125,0.1405029296875,34.72900390625,-80.93260955810547,140.5029296875
-0.00439453125,-0.6895751953125,0.2359619140625,26.733396530151367,-128.35693359375,180.66404724121094
-0.154296875,-0.7108154296875,0.2027587890625,20.812986373901367,-151.9775390625,110.53466033935547
-0.1507568359375,-0.8052978515625,0.1119384765625,17.51708984375,-129.21142578125,21.179197311401367
-0.1011962890625,-0.78759765625,0.060546875,14.770506858825684,-96.37450408935547,-6.652831554412842
-0.0802001953125,-0.775634765625,0.0994873046875,10.559081077575684,-71.96044921875,0.1220703050494194
-0.075927734375,-0.7919921875,0.0439453125,5.554198741912842,-39.97802734375,-3.784179449081421
0.0458984375,-0.951904296875,0.018310546875,17.08984375,-43.029781341552734,-72.6318359375
0.5516357421875,-1.1300048828125,0.326171875,40.527339935302734,-104.61425018310547,-172.79051208496094
0.9278564453125,-1.04296875,0.443603515625,27.404783248901367,-85.38817596435547,-140.80810546875
0.73046875,-1.1400146484375,0.201904296875,-4.69970703125,3.845214605331421,-33.0810546875
0.4095458984375,-1.309814453125,0.078857421875,-0.54931640625,-10.620116233825684,20.996091842651367
0.2637939453125,-1.1556396484375,0.1900634765625,18.49365234375,-92.95653533935547,50.354000091552734
0.2503662109375,-0.9569091796875,0.3575439453125,13.183592796325684,-116.14989471435547,46.569820404052734
0.25244140625,-0.843505859375,0.4002685546875,-8.1787109375,-71.83837890625,11.535643577575684
0.2283935546875,-0.7825927734375,0.287109375,-15.075682640075684,-32.28759765625,-8.7890625
0.1776123046875,-0.7142333984375,0.111572265625,-8.056640625,-13.244627952575684,3.540038824081421
0.1495361328125,-0.6219482421875,0.0357666015625,-2.807616949081421,-2.01416015625,19.8974609375
0.162109375,-0.6282958984375,0.1015625,3.906249761581421,-17.822265625,13.122557640075684
0.237060546875,-0.686767578125,0.18212890625,12.329100608825684,-33.447265625,2.38037109375
0.4224853515625,-0.8489990234375,0.11328125,20.690916061401367,-13.549803733825684,-9.765625
0.5733642578125,-1.3004150390625,-0.1820068359375,31.005857467651367,20.874021530151367,-47.058101654052734
0.59033203125,-1.5562744140625,-0.3408203125,34.423828125,18.98193359375,-57.983394622802734
0.5887451171875,-1.2728271484375,-0.048095703125,29.724119186401367,-35.46142578125,-5.676269054412842
0.4825439453125,-1.001953125,0.310546875,32.77587890625,-87.64647674560547,31.677244186401367
0.3394775390625,-0.9730224609375,0.3089599609375,33.02001953125,-72.93701171875,17.2119140625
0.291015625,-0.902099609375,0.0703125,12.817381858825684,-8.60595703125,-5.615233898162842
0.1845703125,-0.82568359375,-0.0059814453125,-1.5258787870407104,3.845214605331421,-12.695311546325684
0.091796875,-0.7591552734375,0.098388671875,3.234863042831421,-40.954586029052734,2.807616949081421
0.149169921875,-0.5921630859375,0.161865234375,3.234863042831421,-47.851558685302734,29.235837936401367
0.185546875,-0.5911865234375,0.1864013671875,0.4272460639476776,-22.644041061401367,26.062009811401367
0.1876220703125,-0.828125,0.1923828125,4.08935546875,-5.615233898162842,-4.8828125
0.43896484375,-1.03466796875,0.1934814453125,0.30517578125,14.831542015075684,-31.799314498901367
0.8031005859375,-1.0772705078125,0.20947265625,-17.7001953125,39.9169921875,-43.212886810302734
0.9459228515625,-1.040283203125,0.2183837890625,-37.17041015625,54.016109466552734,-25.939939498901367
0.776123046875,-1.11669921875,0.1309814453125,-42.114253997802734,57.678218841552734,-8.23974609375
0.47021484375,-1.1634521484375,-0.054931640625,-30.578611373901367,52.001949310302734,-1.6479490995407104
0.3524169921875,-1.0345458984375,-0.100830078125,-13.732909202575684,23.254392623901367,22.888181686401367
0.416748046875,-0.87841796875,0.1126708984375,-5.615233898162842,-19.6533203125,43.579097747802734
0.4190673828125,-0.7626953125,0.3900146484375,-12.268065452575684,-54.077144622802734,32.470703125
0.2689208984375,-0.679931640625,0.4521484375,-21.789548873901367,-47.363277435302734,14.892577171325684
0.106689453125,-0.62109375,0.2525634765625,-21.911619186401367,4.33349609375,20.324705123901367
0.1187744140625,-0.615234375,0.024169921875,-16.9677734375,57.800289154052734,23.437498092651367
0.28125,-0.65478515625,-0.0074462890625,-9.58251953125,66.40625,6.286620616912842
0.468505859375,-0.76611328125,0.058837890625,3.417968511581421,33.69140625,-9.46044921875
0.7021484375,-1.0992431640625,-0.01220703125,15.380858421325684,24.108884811401367,-32.28759765625
0.7156982421875,-1.5142822265625,-0.2318115234375,18.61572265625,41.015621185302734,-57.861324310302734
0.506591796875,-1.46240234375,-0.207763671875,12.512206077575684,20.629880905151367,-17.63916015625
0.4561767578125,-1.0147705078125,0.1055908203125,8.72802734375,-30.029294967651367,53.283687591552734
0.384521484375,-0.98046875,0.0936279296875,14.648436546325684,-2.25830078125,-32.89794921875
0.23291015625,-1.021728515625,0.049560546875,6.713866710662842,4.57763671875,-35.2783203125
0.1578369140625,-0.8934326171875,0.0567626953125,-6.958007335662842,1.3427733182907104,2.38037109375
0.185791015625,-0.765380859375,0.0478515625,-18.12744140625,17.2119140625,21.484373092651367
0.2115478515625,-0.6673583984375,0.08935546875,-17.27294921875,20.385740280151367,27.099607467651367
0.0172119140625,-0.79248046875,0.0347900390625,5.310058116912842,5.737304210662842,13.793944358825684
0.0623779296875,-0.822509765625,0.0528564453125,11.718749046325684,0.1220703050494194,23.193357467651367
0.2296142578125,-0.8497314453125,0.211181640625,7.446288585662842,-5.554198741912842,32.77587890625
0.560302734375,-1.189697265625,0.3387451171875,-3.112792730331421,16.2353515625,-7.324218273162842
0.6478271484375,-1.2540283203125,0.3118896484375,3.112792730331421,23.315427780151367,5.676269054412842
0.41796875,-1.269287109375,0.203369140625,1.4038084745407104,37.04833984375,16.845703125
0.5291748046875,-1.2049560546875,0.2313232421875,2.868652105331421,34.60693359375,0.9765624403953552
0.537353515625,-0.952880859375,0.3568115234375,8.11767578125,-7.690429210662842,5.310058116912842
0.332763671875,-0.5250244140625,0.359619140625,7.751464366912842,-30.700681686401367,28.808591842651367
0.1392822265625,-0.120849609375,0.2313232421875,1.4648436307907104,-25.939939498901367,37.841796875
0.0938720703125,0.2889404296875,-0.3507080078125,-48.034664154052734,96.92382049560547,44.738765716552734
0.206787109375,0.1693115234375,-0.467529296875,-79.16259765625,114.37987518310547,31.921384811401367
0.7757568359375,-1.0001220703125,-0.130615234375,-73.18115234375,22.888181686401367,-127.44139862060547
1.4818115234375,-2.2327880859375,0.2164306640625,-48.095699310302734,-53.588863372802734,-386.5966491699219
1.18212890625,-1.266845703125,-0.0162353515625,-66.71142578125,-121.33788299560547,-91.30858612060547
0.696533203125,-0.71240234375,0.139404296875,-72.44873046875,-152.7099609375,32.3486328125
0.171142578125,-0.5257568359375,0.346923828125,-42.785640716552734,-132.14111328125,6.713866710662842
-0.2169189453125,-0.2972412109375,0.358642578125,-3.112792730331421,-80.56639862060547,41.259761810302734
-0.2791748046875,0.058349609375,0.11767578125,10.314940452575684,-5.859374523162842,193.96971130371094
0.493408203125,0.1761474609375,-0.3876953125,-42.907711029052734,139.2822265625,233.15428161621094
2.151611328125,-0.2535400390625,-0.486083984375,-124.87792205810547,277.40478515625,-38.9404296875
2.6964111328125,-1.102294921875,-0.426513671875,-122.61962127685547,248.35203552246094,-331.5429382324219
1.779052734375,-1.289306640625,-0.7935791015625,-101.62352752685547,175.72019958496094,-330.4443054199219
1.1864013671875,-0.8197021484375,-0.6268310546875,-99.97557830810547,84.89989471435547,-156.79931640625
1.022705078125,-0.697265625,0.078125,-52.856441497802734,-66.7724609375,-15.319823265075684
0.726318359375,-0.7593994140625,0.405029296875,-3.051757574081421,-93.07860565185547,66.2841796875
0.3243408203125,-0.52783203125,0.297607421875,22.033689498901367,-12.023924827575684,139.892578125
0.09765625,-0.0731201171875,0.103759765625,31.188962936401367,30.517576217651367,212.09715270996094
0.1585693359375,0.2703857421875,-0.1900634765625,16.9677734375,52.246089935302734,247.98582458496094
0.9830322265625,0.1646728515625,-0.5279541015625,-24.841306686401367,102.78319549560547,164.12351989746094
2.03369140625,-0.8262939453125,-0.7845458984375,-52.185054779052734,130.859375,-59.387203216552734
1.924072265625,-1.420654296875,-0.6015625,-31.494138717651367,90.63719940185547,-139.2822265625
1.470703125,-0.8446044921875,-0.009521484375,-10.375975608825684,54.931636810302734,6.225585460662842
1.3638916015625,-0.5196533203125,0.177001953125,-19.71435546875,118.95751190185547,65.91796875
0.98779296875,-0.548095703125,0.050048828125,-18.24951171875,148.37646484375,37.17041015625
0.1358642578125,-0.4921875,0.2213134765625,43.945308685302734,-8.60595703125,-21.606443405151367
-0.0357666015625,-0.3240966796875,0.173828125,7.263183116912842,43.884273529052734,31.982419967651367
0.1365966796875,-0.337158203125,-0.0091552734375,-42.175289154052734,140.80810546875,174.74363708496094
0.6121826171875,-0.6014404296875,0.0008544921875,-45.166011810302734,198.54734802246094,270.8740234375
1.3304443359375,-0.9261474609375,0.4910888671875,17.27294921875,46.020503997802734,-4.5166015625
1.162841796875,-1.154541015625,0.5263671875,11.657713890075684,-38.39111328125,-126.28173065185547
0.781494140625,-1.1806640625,0.382568359375,-26.184080123901367,31.188962936401367,-65.673828125
0.60888671875,-0.9105224609375,0.12646484375,-48.583980560302734,98.57176971435547,24.108884811401367
0.563720703125,-0.6248779296875,0.099609375,-20.324705123901367,31.005857467651367,43.579097747802734
0.376953125,-0.47119140625,0.306396484375,26.916501998901367,-73.2421875,42.114253997802734
0.1993408203125,-0.4757080078125,0.3095703125,36.0107421875,-70.6787109375,40.161128997802734
0.348388671875,-0.630615234375,0.1075439453125,17.578125,-7.629394054412842,55.114742279052734
0.457763671875,-0.56298828125,0.1993408203125,18.6767578125,-0.9155272841453552,171.56980895996094
0.0985107421875,-0.6873779296875,0.3306884765625,28.930662155151367,14.709471702575684,298.88916015625
-0.4346923828125,-1.319580078125,0.163818359375,21.850584030151367,57.861324310302734,240.29539489746094
-0.6285400390625,-1.55859375,0.0821533203125,8.4228515625,71.533203125,123.96239471435547
-0.3770751953125,-1.14892578125,0.154296875,3.845214605331421,109.74120330810547,112.36571502685547
-0.1866455078125,-0.724365234375,0.2066650390625,3.601073980331421,113.03710174560547,88.98925018310547
-0.303955078125,-0.80517578125,0.227294921875,2.990722417831421,22.399900436401367,-35.94970703125
-0.3858642578125,-1.0718994140625,0.226318359375,8.056640625,-41.870113372802734,-145.3857421875
-0.2822265625,-1.0882568359375,0.1875,9.70458984375,-13.854979515075684,-129.21142578125
-0.1829833984375,-0.940673828125,0.1566162109375,-1.9531248807907104,34.72900390625,-49.072261810302734
-0.171142578125,-0.807861328125,0.149658203125,-16.2353515625,58.593746185302734,-2.3193359375
-0.2349853515625,-0.7586669921875,0.1417236328125,-19.34814453125,67.5048828125,-11.596678733825684
-0.3092041015625,-0.741943359375,0.1468505859375,-12.145995140075684,63.293453216552734,-27.770994186401367
-0.3148193359375,-0.7620849609375,0.16552734375,-3.051757574081421,48.767086029052734,-16.845703125
-0.267578125,-0.8607177734375,0.1900634765625,4.82177734375,35.70556640625,6.225585460662842
-0.119140625,-0.97314453125,0.20556640625,9.8876953125,29.296873092651367,16.357421875
0.05078125,-1.02587890625,0.224853515625,4.08935546875,30.273435592651367,-10.314940452575684
0.0673828125,-0.985107421875,0.2491455078125,-7.263183116912842,61.157222747802734,-70.1904296875
0.08837890625,-1.0283203125,0.298095703125,-9.94873046875,108.03221893310547,-155.09033203125
0.331787109375,-1.2181396484375,0.307373046875,-18.49365234375,128.2958984375,-238.52537536621094
0.6055908203125,-1.27197265625,0.0936279296875,-38.51318359375,142.2119140625,-224.97557067871094
0.6148681640625,-1.07275390625,-0.06689453125,-46.020503997802734,117.37059783935547,-102.96630096435547
0.4755859375,-0.861083984375,0.1134033203125,-35.58349609375,20.01953125,-5.126952648162842
0.3565673828125,-0.8114013671875,0.326171875,-22.888181686401367,-45.043941497802734,5.920409679412842
0.253173828125,-0.8426513671875,0.3052978515625,-17.88330078125,-16.66259765625,-12.756346702575684
0.194580078125,-0.7923583984375,0.171630859375,-16.17431640625,37.353515625,-13.549803733825684
0.234130859375,-0.6492919921875,0.08642578125,-9.27734375,52.856441497802734,-1.5869139432907104
0.31201171875,-0.6043701171875,0.0789794921875,-2.50244140625,42.053218841552734,-7.202147960662842
0.346435546875,-0.719482421875,0.0997314453125,0.2441406100988388,32.71484375,-23.742673873901367
0.4852294921875,-0.877197265625,0.0919189453125,7.141112804412842,27.893064498901367,-28.198240280151367
0.6971435546875,-1.0665283203125,-0.0439453125,12.878417015075684,44.006343841552734,-33.203125
0.6302490234375,-1.3203125,-0.2261962890625,5.493163585662842,64.8193359375,-37.90283203125
0.498046875,-1.302734375,-0.1112060546875,0.7324218153953552,26.428220748901367,-3.967284917831421
0.537353515625,-1.0299072265625,0.18994140625,14.770506858825684,-49.804683685302734,35.64453125
0.486572265625,-0.981689453125,0.208251953125,22.705076217651367,-55.114742279052734,17.63916015625
0.36767578125,-0.992431640625,0.028564453125,7.995604991912842,-2.01416015625,-16.2353515625
0.2528076171875,-0.9129638671875,-0.01611328125,-13.244627952575684,22.094724655151367,-13.732909202575684
0.1697998046875,-0.8553466796875,0.064208984375,-25.207517623901367,17.2119140625,12.329100608825684
0.2152099609375,-0.727783203125,0.165283203125,-21.667478561401367,6.103515148162842,35.09521484375
0.2386474609375,-0.6868896484375,0.1719970703125,-9.58251953125,7.446288585662842,29.846189498901367
0.1568603515625,-0.8447265625,0.046142578125,-0.7324218153953552,32.28759765625,7.324218273162842
0.17822265625,-0.9576416015625,0.0089111328125,4.21142578125,46.508785247802734,7.385253429412842
0.376220703125,-0.95458984375,0.18017578125,3.417968511581421,32.04345703125,16.78466796875
0.6031494140625,-0.9716796875,0.292724609375,-8.7890625,34.85107421875,0.7324218153953552
0.800048828125,-0.9674072265625,0.2420654296875,-22.338865280151367,50.476070404052734,-26.855466842651367
0.759033203125,-1.1229248046875,0.0792236328125,-25.207517623901367,57.800289154052734,-53.344722747802734
0.4886474609375,-1.302490234375,-0.1422119140625,-20.568845748901367,69.9462890625,-46.997066497802734
0.3765869140625,-1.129150390625,-0.1307373046875,-7.568358898162842,35.64453125,11.901854515075684
0.4088134765625,-0.7958984375,0.1630859375,8.1787109375,-54.138179779052734,49.743648529052734
0.345703125,-0.6065673828125,0.35498046875,11.169432640075684,-96.00829315185547,30.334470748901367
0.2071533203125,-0.6214599609375,0.259521484375,2.929687261581421,-52.429195404052734,0.1831054538488388
0.1502685546875,-0.6617431640625,0.1019287109375,-2.624511480331421,-1.2817381620407104,-4.82177734375
0.2100830078125,-0.679931640625,0.1268310546875,2.38037109375,-4.94384765625,2.01416015625
0.3646240234375,-0.855712890625,0.3304443359375,19.6533203125,-37.65869140625,-16.05224609375
0.5499267578125,-0.956298828125,0.1873779296875,18.6767578125,27.832029342651367,-23.803709030151367
0.7403564453125,-1.137451171875,-0.0704345703125,12.268065452575684,105.28563690185547,-37.109375
0.6529541015625,-1.333984375,-0.2144775390625,4.45556640625,118.16405487060547,-37.65869140625
0.5640869140625,-1.2197265625,0.0562744140625,2.746581792831421,22.583005905151367,4.150390625
0.517333984375,-0.9228515625,0.408203125,9.1552734375,-79.58984375,48.889156341552734
0.41015625,-0.8829345703125,0.4464111328125,1.8310545682907104,-42.602535247802734,24.597166061401367
0.4429931640625,-1.018310546875,0.274658203125,-27.587888717651367,79.2236328125,-41.198726654052734
0.456787109375,-1.0528564453125,0.0723876953125,-55.175777435302734,143.98193359375,-58.349605560302734
0.3653564453125,-0.864990234375,0.0386962890625,-61.401363372802734,120.30028533935547,-6.408690929412842
0.281005859375,-0.6158447265625,0.1629638671875,-46.386714935302734,59.570308685302734,43.457027435302734
0.2061767578125,-0.546142578125,0.2203369140625,-29.602048873901367,43.579097747802734,37.41455078125
0.2305908203125,-0.6365966796875,0.164794921875,-28.869626998901367,91.97997283935547,1.0986328125
0.3765869140625,-0.771484375,0.111083984375,-44.189449310302734,143.49365234375,-26.794431686401367
0.5958251953125,-0.85107421875,0.098388671875,-65.91796875,160.88865661621094,-45.959468841552734
0.8255615234375,-0.79443359375,0.1187744140625,-81.78710174560547,155.33447265625,-53.039546966552734
0.853271484375,-0.7679443359375,0.2286376953125,-79.9560546875,130.18798828125,-37.2314453125
0.75244140625,-0.9263916015625,0.4112548828125,-66.22314453125,87.52440643310547,-24.353025436401367
0.74853515625,-1.040283203125,0.4671630859375,-57.189937591552734,74.64599609375,-24.230955123901367
0.7855224609375,-0.959716796875,0.40087890625,-59.997554779052734,110.16844940185547,-19.53125
0.7625732421875,-0.8389892578125,0.2867431640625,-71.71630859375,162.04832458496094,-9.82666015625
0.69677734375,-0.798583984375,0.15478515625,-79.52880859375,192.19969177246094,-4.2724609375
0.6207275390625,-0.831298828125,0.1285400390625,-73.2421875,166.19871520996094,-3.784179449081421
0.531494140625,-0.8392333984375,0.1873779296875,-62.133785247802734,121.27684783935547,4.57763671875
0.498046875,-0.7447509765625,0.2445068359375,-55.725093841552734,108.52050018310547,20.141599655151367
0.501708984375,-0.596923828125,0.2611083984375,-47.119136810302734,113.95262908935547,31.249998092651367
0.47021484375,-0.5191650390625,0.247314453125,-31.494138717651367,109.68016815185547,28.686521530151367
0.4444580078125,-0.538818359375,0.203125,-15.563963890075684,103.33251190185547,3.967284917831421
0.4793701171875,-0.6568603515625,0.107666015625,-9.27734375,115.35643768310547,-31.127927780151367
0.5372314453125,-0.9495849609375,-0.0032958984375,-17.9443359375,140.5029296875,-67.2607421875
0.4285888671875,-1.3333740234375,-0.1292724609375,-38.02490234375,156.1279296875,-80.2001953125
0.325927734375,-1.4725341796875,-0.1846923828125,-53.710933685302734,135.1318359375,-31.860349655151367
0.500732421875,-1.3388671875,-0.1114501953125,-46.630855560302734,86.36473846435547,12.939452171325684
