-0.021240234375,-0.9525146484375,0.2647705078125,-10.864256858825684,-63.964839935302734,12.329100608825684
0.0068359375,-0.868896484375,0.267822265625,-13.793944358825684,-63.415523529052734,12.634276390075684
-0.0145263671875,-0.9495849609375,0.228271484375,-14.953612327575684,-62.194820404052734,5.554198741912842
-0.01806640625,-1.1849365234375,0.1490478515625,-10.498045921325684,-54.931636810302734,-18.798828125
0.0567626953125,-0.94189453125,-0.099853515625,-10.925292015075684,-36.376953125,-16.66259765625
-0.10205078125,-0.833984375,-0.1572265625,-20.996091842651367,-36.56005859375,0.9765624403953552
-0.159912109375,-0.9693603515625,-0.09912109375,-22.277830123901367,-40.893550872802734,-16.11328125
-0.0404052734375,-1.111083984375,-0.0269775390625,-17.2119140625,-31.066892623901367,-34.1796875
0.04150390625,-1.0933837890625,-0.0570068359375,-12.084959983825684,-16.6015625,-23.864744186401367
-0.0340576171875,-0.998046875,-0.160888671875,-10.437010765075684,-13.183592796325684,2.197265625
-0.098388671875,-0.9508056640625,-0.192626953125,-7.568358898162842,-20.751951217651367,14.892577171325684
-0.0540771484375,-0.9708251953125,-0.106201171875,1.4648436307907104,-30.639646530151367,7.080077648162842
0.005615234375,-1.0030517578125,0.0009765625,11.718749046325684,-33.0810546875,-1.8310545682907104
0.013427734375,-1.00439453125,0.0665283203125,17.08984375,-23.681638717651367,1.6479490995407104
0.072021484375,-0.955078125,0.1536865234375,18.73779296875,-12.573241233825684,7.812499523162842
0.1778564453125,-0.9267578125,0.259033203125,17.15087890625,-3.479003667831421,6.164550304412842
0.184814453125,-1.00830078125,0.2740478515625,11.291502952575684,16.11328125,0.8544921278953552
0.1207275390625,-1.1011962890625,0.1807861328125,6.286620616912842,36.865234375,-0.4272460639476776
0.0576171875,-1.0469970703125,0.07763671875,5.981444835662842,37.04833984375,10.192870140075684
0.0706787109375,-0.865234375,0.23779296875,18.12744140625,-27.832029342651367,16.6015625
0.1112060546875,-0.918701171875,0.341552734375,22.521970748901367,-41.931148529052734,-4.69970703125
0.102294921875,-0.9840087890625,0.326904296875,18.85986328125,-14.221190452575684,-18.4326171875
0.0750732421875,-1.0123291015625,0.2384033203125,12.145995140075684,20.568845748901367,-20.996091842651367
0.0677490234375,-1.03173828125,0.176025390625,6.103515148162842,30.456541061401367,-19.287109375
0.06689453125,-1.042724609375,0.1719970703125,0.7324218153953552,21.118162155151367,-16.7236328125
0.0968017578125,-1.0272216796875,0.19677734375,-4.57763671875,11.657713890075684,-14.892577171325684
0.14306640625,-1.0213623046875,0.203125,-10.986327171325684,13.488768577575684,-16.66259765625
0.13134765625,-1.0291748046875,0.1607666015625,-18.310546875,23.376462936401367,-17.63916015625
0.0701904296875,-1.0059814453125,0.1075439453125,-23.620603561401367,28.808591842651367,-11.718749046325684
0.0396728515625,-0.9638671875,0.1063232421875,-24.169919967651367,22.705076217651367,-4.39453125
0.0655517578125,-0.948974609375,0.163818359375,-21.362302780151367,9.6435546875,-1.6479490995407104
0.1134033203125,-0.96240234375,0.2353515625,-17.822265625,-2.50244140625,0.3662109076976776
0.135009765625,-0.9803466796875,0.2791748046875,-12.695311546325684,-10.192870140075684,4.08935546875
0.1220703125,-1.00390625,0.281005859375,-5.737304210662842,-13.122557640075684,6.530761241912842
0.1170654296875,-1.019287109375,0.24462890625,0.0610351525247097,-7.995604991912842,7.690429210662842
0.1322021484375,-0.9940185546875,0.1844482421875,2.44140625,7.141112804412842,9.3994140625
0.1455078125,-0.9403076171875,0.136474609375,1.7700194120407104,24.780271530151367,10.559081077575684
0.1593017578125,-0.91162109375,0.137939453125,-0.4272460639476776,35.82763671875,7.446288585662842
0.17333984375,-0.944580078125,0.1826171875,-1.8920897245407104,41.931148529052734,-2.563476324081421
0.043701171875,-0.985595703125,0.19091796875,-2.563476324081421,58.593746185302734,-28.564451217651367
-0.1290283203125,-0.9110107421875,0.099609375,-7.019042491912842,62.194820404052734,-16.2353515625
-0.157470703125,-0.9288330078125,0.0762939453125,-12.023924827575684,56.457515716552734,-3.540038824081421
-0.0849609375,-1.080322265625,0.1187744140625,-12.451170921325684,51.696773529052734,-16.357421875
-0.044677734375,-1.17529296875,0.1385498046875,-11.901854515075684,58.166500091552734,-32.8369140625
-0.05029296875,-1.0733642578125,0.1180419921875,-14.831542015075684,59.936519622802734,-19.8974609375
-0.0943603515625,-0.9132080078125,0.0904541015625,-17.63916015625,42.053218841552734,8.72802734375
-0.130615234375,-0.8724365234375,0.1038818359375,-14.953612327575684,17.2119140625,17.63916015625
-0.128662109375,-0.951904296875,0.1641845703125,-5.676269054412842,2.50244140625,5.249022960662842
-0.0640869140625,-1.038818359375,0.2318115234375,6.958007335662842,-3.906249761581421,-5.249022960662842
0.1253662109375,-1.0364990234375,0.2647705078125,17.51708984375,-3.417968511581421,-5.493163585662842
0.316162109375,-0.9581298828125,0.2286376953125,17.7001953125,19.71435546875,-7.141112804412842
0.30322265625,-0.937744140625,0.1011962890625,3.662109136581421,60.852046966552734,-11.230467796325684
0.13916015625,-1.0155029296875,-0.0615234375,-13.183592796325684,81.48192596435547,-11.108397483825684
0.058837890625,-1.0701904296875,-0.1173095703125,-19.59228515625,58.044429779052734,-13.549803733825684
0.0535888671875,-1.045166015625,-0.0618896484375,-17.51708984375,12.084959983825684,-17.4560546875
0.0130615234375,-0.978271484375,0.0107421875,-14.648436546325684,-27.587888717651367,-13.549803733825684
0.0078125,-0.912353515625,0.0872802734375,-12.023924827575684,-57.189937591552734,-7.141112804412842
0.0765380859375,-0.86767578125,0.1539306640625,-9.70458984375,-70.37353515625,-5.859374523162842
0.14990234375,-0.8302001953125,0.1612548828125,-9.765625,-60.729976654052734,-10.253905296325684
0.1856689453125,-0.8499755859375,0.0982666015625,-14.709471702575684,-42.297359466552734,-15.075682640075684
0.2979736328125,-0.9049072265625,0.0391845703125,-24.108884811401367,-36.4990234375,-13.122557640075684
0.4459228515625,-0.8211669921875,-0.0074462890625,-30.761716842651367,-40.710445404052734,-6.958007335662842
0.4100341796875,-0.6856689453125,-0.0850830078125,-34.423828125,-39.794921875,-6.652831554412842
0.185302734375,-0.656982421875,-0.193603515625,-36.92626953125,-45.471187591552734,-15.014647483825684
-0.1009521484375,-0.697021484375,-0.2825927734375,-33.38623046875,-71.59423828125,-21.423337936401367
-0.0577392578125,-0.811767578125,-0.2091064453125,-22.460935592651367,-133.4228515625,-23.742673873901367
0.2586669921875,-0.99755859375,0.021484375,-8.11767578125,-184.32615661621094,-38.9404296875
0.310791015625,-1.0169677734375,0.1605224609375,5.981444835662842,-152.099609375,-44.006343841552734
0.1513671875,-0.7979736328125,0.1309814453125,18.06640625,-80.93260955810547,-13.793944358825684
0.0772705078125,-0.6583251953125,0.09228515625,20.751951217651367,-43.762203216552734,16.845703125
0.1610107421875,-0.7213134765625,0.112548828125,11.718749046325684,-47.729488372802734,30.822751998901367
0.2705078125,-0.7535400390625,0.1160888671875,2.929687261581421,-66.46728515625,37.90283203125
0.265869140625,-0.5609130859375,0.027099609375,1.7700194120407104,-70.98388671875,37.9638671875
0.20703125,-0.2784423828125,-0.1138916015625,-1.220703125,-50.292964935302734,22.644041061401367
0.26513671875,-0.3592529296875,-0.1993408203125,-24.963376998901367,-19.6533203125,-24.414060592651367
0.5950927734375,-1.0445556640625,-0.2689208984375,-84.53368377685547,-1.0986328125,-72.6318359375
0.74951171875,-1.651123046875,-0.4891357421875,-144.34814453125,-3.906249761581421,-49.011226654052734
0.2899169921875,-1.2083740234375,-0.705810546875,-121.52098846435547,-24.353025436401367,1.5258787870407104
-0.07373046875,-0.5899658203125,-0.8607177734375,-26.794431686401367,-102.84423065185547,-26.184080123901367
-0.2310791015625,-1.5296630859375,-1.386474609375,-51.513668060302734,-157.3486328125,-46.325679779052734
-0.15771484375,-2.3828125,-2.0009765625,-216.18650817871094,-63.598628997802734,46.447750091552734
0.11474609375,-1.1624755859375,-2.175048828125,-279.296875,-12.207030296325684,200.07322692871094
-0.101318359375,0.64111328125,-1.6414794921875,-175.41502380371094,-130.7373046875,267.15087890625
-0.21533203125,1.0831298828125,-0.545654296875,-42.846675872802734,-250.06101989746094,137.939453125
-0.2913818359375,0.0694580078125,0.103515625,-4.57763671875,-257.2021484375,-16.11328125
-0.7669677734375,-0.630615234375,-0.2491455078125,-29.235837936401367,-181.70164489746094,-32.2265625
-0.9591064453125,-0.4805908203125,-0.906494140625,-59.631343841552734,-103.39354705810547,28.930662155151367
-0.8089599609375,-0.3641357421875,-0.99072265625,-84.04540252685547,-89.59960174560547,70.37353515625
-0.724365234375,-0.2833251953125,-0.5772705078125,-57.128902435302734,-121.33788299560547,49.377437591552734
-0.7569580078125,-0.1123046875,-0.2249755859375,-11.779784202575684,-115.72264862060547,23.803709030151367
-0.8524169921875,0.0133056640625,-0.1763916015625,-0.9155272841453552,-60.302730560302734,37.90283203125
-0.98193359375,-0.0091552734375,-0.3277587890625,18.1884765625,-14.099120140075684,15.441893577575684
-0.9451904296875,-0.1666259765625,-0.3642578125,33.447265625,-22.399900436401367,-35.15625
-0.8607177734375,-0.3067626953125,-0.3848876953125,32.1044921875,-10.498045921325684,-44.006343841552734
-0.8046875,-0.3270263671875,-0.441162109375,25.939939498901367,21.728513717651367,-17.822265625
-0.806884765625,-0.304931640625,-0.5234375,23.071287155151367,41.442867279052734,-0.7324218153953552
-0.8311767578125,-0.339111328125,-0.5550537109375,24.719236373901367,26.916501998901367,-11.779784202575684
-0.8363037109375,-0.41455078125,-0.5185546875,27.648923873901367,-13.977049827575684,-28.259275436401367
-0.8359375,-0.431884765625,-0.451416015625,25.085447311401367,-55.419918060302734,-23.376462936401367
-0.8480224609375,-0.3702392578125,-0.3980712890625,14.892577171325684,-78.857421875,-0.7934569716453552
-0.8487548828125,-0.2884521484375,-0.3485107421875,0.7324218153953552,-86.05956268310547,20.385740280151367
-0.87646484375,-0.2330322265625,-0.267578125,-9.46044921875,-78.79638671875,24.475095748901367
-0.8978271484375,-0.2655029296875,-0.1488037109375,-7.690429210662842,-61.096187591552734,5.737304210662842
-0.870849609375,-0.3873291015625,-0.0631103515625,1.7089842557907104,-36.92626953125,-26.184080123901367
-0.8433837890625,-0.483154296875,-0.087158203125,5.615233898162842,-2.929687261581421,-47.668453216552734
-0.843994140625,-0.4835205078125,-0.19775390625,-1.03759765625,36.62109375,-45.837398529052734
-0.8729248046875,-0.4749755859375,-0.3182373046875,-10.498045921325684,63.110347747802734,-34.912109375
-0.8829345703125,-0.49169921875,-0.369140625,-10.742186546325684,57.128902435302734,-34.97314453125
-0.8438720703125,-0.507080078125,-0.34033203125,-3.662109136581421,21.179197311401367,-50.231929779052734
-0.779541015625,-0.5306396484375,-0.275634765625,0.6103515625,-21.606443405151367,-67.5048828125
-0.74365234375,-0.562744140625,-0.2193603515625,-1.03759765625,-43.762203216552734,-73.66943359375
-0.7457275390625,-0.626953125,-0.1885986328125,-8.6669921875,-40.344234466552734,-72.20458984375
-0.7393798828125,-0.7347412109375,-0.1671142578125,-17.578125,-24.291990280151367,-71.10595703125
-0.7291259765625,-0.7841796875,-0.15576171875,-22.888181686401367,-2.929687261581421,-62.744136810302734
-0.679443359375,-0.7672119140625,-0.1680908203125,-25.573728561401367,21.179197311401367,-47.119136810302734
-0.615234375,-0.75634765625,-0.1839599609375,-21.179197311401367,36.4990234375,-38.63525390625
-0.615966796875,-0.7725830078125,-0.171630859375,-7.751464366912842,22.644041061401367,-34.85107421875
-0.63818359375,-0.82275390625,-0.1597900390625,2.990722417831421,-4.45556640625,-30.212400436401367
-0.6119384765625,-0.8397216796875,-0.14892578125,7.263183116912842,-8.9111328125,-29.724119186401367
-0.55615234375,-0.8382568359375,-0.1685791015625,4.2724609375,6.164550304412842,-27.282712936401367
-0.5552978515625,-0.8402099609375,-0.2449951171875,-9.8876953125,16.90673828125,-10.314940452575684
-0.648681640625,-0.8021240234375,-0.3128662109375,-27.526853561401367,13.244627952575684,16.9677734375
-0.7381591796875,-0.7008056640625,-0.2928466796875,-38.51318359375,-0.30517578125,37.353515625
-0.6942138671875,-0.54833984375,-0.226318359375,-33.69140625,2.685546636581421,36.31591796875
-0.6138916015625,-0.5335693359375,-0.2823486328125,-11.291502952575684,39.55078125,-2.13623046875
-0.5692138671875,-0.7161865234375,-0.375,12.390135765075684,67.93212890625,-58.959957122802734
-0.532958984375,-0.8284912109375,-0.4169921875,20.446775436401367,57.556148529052734,-83.80126190185547
-0.4888916015625,-0.8013916015625,-0.449951171875,13.366698265075684,39.4287109375,-69.27490234375
-0.4315185546875,-0.7515869140625,-0.4461669921875,2.746581792831421,32.89794921875,-48.645015716552734
-0.4105224609375,-0.7418212890625,-0.4161376953125,-4.45556640625,33.63037109375,-45.104976654052734
-0.395263671875,-0.7578125,-0.41357421875,-6.774901866912842,40.344234466552734,-53.894039154052734
-0.335693359375,-0.7650146484375,-0.437255859375,-3.417968511581421,50.109859466552734,-66.650390625
-0.2384033203125,-0.7862548828125,-0.4464111328125,5.065917491912842,54.443355560302734,-84.16747283935547
-0.1478271484375,-0.820556640625,-0.4432373046875,16.05224609375,48.217769622802734,-106.26219940185547
-0.124267578125,-0.9210205078125,-0.4237060546875,21.606443405151367,34.97314453125,-122.25341033935547
-0.1265869140625,-1.015869140625,-0.3961181640625,12.756346702575684,26.977537155151367,-117.55370330810547
-0.04736328125,-0.9921875,-0.424560546875,-6.774901866912842,37.4755859375,-96.86278533935547
0.1414794921875,-0.92724609375,-0.544921875,-23.559568405151367,67.87109375,-81.90917205810547
0.302001953125,-0.9180908203125,-0.5516357421875,-28.686521530151367,96.86278533935547,-80.32225799560547
0.364501953125,-0.922119140625,-0.4825439453125,-28.381345748901367,112.30467987060547,-77.57568359375
0.4122314453125,-0.8536376953125,-0.51806640625,-37.7197265625,120.23925018310547,-76.171875
0.48046875,-0.7437744140625,-0.5179443359375,-51.879878997802734,111.63329315185547,-98.87694549560547
0.5731201171875,-0.6710205078125,-0.46826171875,-64.02587890625,88.86717987060547,-141.6015625
0.7177734375,-0.5552978515625,-0.437255859375,-78.61328125,76.2939453125,-166.01560974121094
0.8900146484375,-0.3743896484375,-0.4178466796875,-90.33202362060547,81.42089080810547,-163.57420349121094
1.0673828125,-0.3189697265625,-0.4228515625,-94.72655487060547,81.84813690185547,-160.400390625
1.099365234375,-0.32861328125,-0.197021484375,-89.53856658935547,-0.1220703050494194,-64.453125
0.84814453125,-0.2127685546875,-0.1328125,-94.60448455810547,-33.69140625,11.352538108825684
0.7725830078125,-0.1009521484375,-0.282958984375,-97.96141815185547,-17.39501953125,49.560543060302734
0.8975830078125,-0.07080078125,-0.51953125,-82.64159393310547,-3.112792730331421,67.138671875
0.94970703125,-0.04296875,-0.6129150390625,-55.969234466552734,-23.986814498901367,84.77782440185547
0.88232421875,0.0557861328125,-0.574951171875,-32.5927734375,-35.94970703125,90.69823455810547
0.8671875,0.0980224609375,-0.5574951171875,-14.343260765075684,-19.04296875,69.82421875
0.9400634765625,-0.0469970703125,-0.539306640625,3.662109136581421,0.3662109076976776,21.789548873901367
1.0338134765625,-0.277099609375,-0.4993896484375,18.9208984375,-0.6103515625,-15.624999046325684
0.804443359375,-0.4326171875,-0.6046142578125,-5.0048828125,-25.756834030151367,38.57421875
0.585205078125,-0.2999267578125,-0.603759765625,-15.808104515075684,-9.82666015625,103.75975799560547
0.5185546875,-0.3001708984375,-0.5477294921875,2.13623046875,24.536130905151367,123.96239471435547
0.548828125,-0.4429931640625,-0.3875732421875,35.64453125,38.39111328125,86.12059783935547
0.5474853515625,-0.4952392578125,-0.2841796875,54.748531341552734,40.954586029052734,63.659664154052734
0.5146484375,-0.5069580078125,-0.3944091796875,56.762691497802734,68.54248046875,65.24658203125
0.543212890625,-0.5626220703125,-0.521484375,60.913082122802734,89.53856658935547,49.987789154052734
0.66943359375,-0.666015625,-0.5594482421875,69.88525390625,63.903804779052734,18.310546875
0.9239501953125,-0.87841796875,-0.577880859375,70.4345703125,17.08984375,-20.385740280151367
1.1668701171875,-1.111572265625,-0.4151611328125,71.59423828125,-17.2119140625,-38.87939453125
1.0826416015625,-0.99072265625,-0.1136474609375,81.42089080810547,-37.65869140625,16.845703125
0.8973388671875,-0.3790283203125,-0.0899658203125,78.67431640625,-52.673336029052734,110.35155487060547
0.7825927734375,-0.3480224609375,0.07666015625,87.15819549560547,-38.39111328125,152.40478515625
0.51123046875,-0.983642578125,0.385009765625,122.37548065185547,35.5224609375,140.68603515625
0.46728515625,-1.0823974609375,0.2862548828125,114.68505096435547,106.56737518310547,74.89013671875
0.7498779296875,-0.84765625,0.0401611328125,37.04833984375,88.62303924560547,-32.28759765625
0.802978515625,-0.8455810546875,-0.08984375,-41.564937591552734,27.221677780151367,-103.08837127685547
0.58154296875,-0.9581298828125,-0.080322265625,-56.335445404052734,17.51708984375,-97.41210174560547
0.48828125,-0.9896240234375,-0.0638427734375,-23.315427780151367,25.573728561401367,-48.156734466552734
0.6300048828125,-0.955078125,-0.0718994140625,7.080077648162842,-7.690429210662842,-13.732909202575684
0.7401123046875,-0.878662109375,-0.031494140625,15.930174827575684,-34.912109375,-6.652831554412842
0.6888427734375,-0.7899169921875,0.0458984375,-1.03759765625,-11.657713890075684,4.39453125
0.60302734375,-0.7403564453125,0.08056640625,-37.4755859375,32.8369140625,36.9873046875
0.529541015625,-0.7069091796875,0.0341796875,-66.40625,68.603515625,76.72119140625
0.4075927734375,-0.673828125,0.0078125,-64.0869140625,105.89598846435547,94.23827362060547
0.3526611328125,-0.6387939453125,0.04296875,-35.33935546875,162.71971130371094,65.12451171875
0.4261474609375,-0.6495361328125,0.092529296875,1.03759765625,186.70652770996094,12.207030296325684
0.5009765625,-0.682861328125,0.1004638671875,17.39501953125,126.89208221435547,-4.94384765625
0.4395751953125,-0.57470703125,-0.0321044921875,5.126952648162842,22.277830123901367,38.75732421875
0.2491455078125,-0.4281005859375,-0.17333984375,-7.629394054412842,-71.71630859375,108.39842987060547
0.1461181640625,-0.5908203125,-0.1114501953125,-13.366698265075684,-89.59960174560547,151.06201171875
0.2191162109375,-1.0928955078125,0.084228515625,-23.559568405151367,-8.97216796875,145.20263671875
0.19921875,-1.53955078125,0.177001953125,-22.521970748901367,50.109859466552734,78.43017578125
0.0439453125,-1.50537109375,0.092529296875,-8.4228515625,12.084959983825684,-10.009765625
-0.0443115234375,-1.0361328125,-0.044677734375,-9.33837890625,-49.133296966552734,-30.273435592651367
-0.0526123046875,-0.7037353515625,-0.0924072265625,-25.451658248901367,-72.021484375,16.54052734375
0.0050048828125,-0.7322998046875,-0.019287109375,-25.329587936401367,-40.771480560302734,52.673336029052734
0.067626953125,-0.8228759765625,0.0411376953125,-2.624511480331421,11.535643577575684,36.92626953125
0.0572509765625,-0.8154296875,-0.0225830078125,20.324705123901367,35.70556640625,10.314940452575684
-0.010986328125,-0.82763671875,-0.13232421875,29.418943405151367,36.56005859375,11.108397483825684
-0.006591796875,-0.9185791015625,-0.1624755859375,24.414060592651367,43.090816497802734,20.080564498901367
0.08251953125,-0.978271484375,-0.13232421875,17.27294921875,51.025386810302734,17.27294921875
0.1322021484375,-0.9736328125,-0.0931396484375,16.357421875,49.621578216552734,10.070799827575684
0.1602783203125,-1.020751953125,-0.0460205078125,16.17431640625,53.100582122802734,10.681151390075684
0.24658203125,-1.143310546875,0.08447265625,12.329100608825684,72.8759765625,5.554198741912842
0.2818603515625,-1.167236328125,0.2813720703125,9.27734375,76.904296875,-9.521484375
0.1197509765625,-1.07177734375,0.349609375,11.169432640075684,43.945308685302734,-18.98193359375
-0.0501708984375,-1.1015625,0.3115234375,9.94873046875,3.967284917831421,-22.155759811401367
-0.0106201171875,-1.1884765625,0.3240966796875,6.286620616912842,-12.512206077575684,-28.991697311401367
0.0406494140625,-1.024169921875,0.3369140625,13.427733421325684,-14.770506858825684,-37.65869140625
0.0225830078125,-0.7462158203125,0.2811279296875,20.01953125,-15.563963890075684,-26.306150436401367
0.037353515625,-0.6954345703125,0.226806640625,7.141112804412842,2.44140625,8.97216796875
0.0516357421875,-0.86669921875,0.2354736328125,-11.047362327575684,30.883787155151367,37.04833984375
0.0654296875,-1.02978515625,0.2901611328125,-10.070799827575684,37.9638671875,30.578611373901367
0.10791015625,-1.048828125,0.3328857421875,3.234863042831421,28.686521530151367,5.981444835662842
0.14013671875,-0.949462890625,0.3128662109375,5.065917491912842,30.517576217651367,-1.2817381620407104
0.129638671875,-0.8292236328125,0.2161865234375,-8.7890625,47.241207122802734,9.521484375
0.0828857421875,-0.8060302734375,0.0943603515625,-25.024412155151367,62.561031341552734,10.253905296325684
0.037841796875,-0.94384765625,0.035400390625,-33.63037109375,68.54248046875,-15.136717796325684
-0.03759765625,-1.068359375,0.026611328125,-31.616209030151367,71.044921875,-42.175289154052734
-0.220703125,-1.186279296875,0.108642578125,-11.718749046325684,16.6015625,-25.146482467651367
-0.148193359375,-1.2158203125,0.22265625,-1.3427733182907104,-1.6479490995407104,-23.498533248901367
-0.022216796875,-1.090087890625,0.2490234375,2.38037109375,23.315427780151367,-19.59228515625
0.00537109375,-0.8885498046875,0.115478515625,-2.50244140625,54.260250091552734,-3.845214605331421
-0.0948486328125,-0.8028564453125,-0.06982421875,-8.056640625,61.462398529052734,6.103515148162842
-0.17236328125,-0.8697509765625,-0.1182861328125,-6.774901866912842,46.203609466552734,3.784179449081421
-0.1280517578125,-0.989990234375,0.008056640625,1.8920897245407104,17.822265625,0.30517578125
-0.0552978515625,-1.0621337890625,0.1483154296875,12.207030296325684,-13.122557640075684,1.6479490995407104
-0.075927734375,-1.0477294921875,0.1683349609375,19.59228515625,-31.921384811401367,3.479003667831421
-0.1392822265625,-1.01318359375,0.124267578125,21.850584030151367,-34.24072265625,2.990722417831421
-0.1693115234375,-1.029296875,0.11279296875,19.1650390625,-26.123044967651367,3.845214605331421
-0.1785888671875,-1.0816650390625,0.133544921875,15.136717796325684,-14.160155296325684,6.469726085662842
-0.190185546875,-1.1375732421875,0.1483154296875,13.183592796325684,-5.859374523162842,8.97216796875
-0.2196044921875,-1.1761474609375,0.1424560546875,13.366698265075684,-5.615233898162842,12.084959983825684
-0.2099609375,-1.1611328125,0.1458740234375,12.695311546325684,-9.1552734375,17.4560546875
-0.0208740234375,-1.0445556640625,0.2169189453125,10.009765625,-10.253905296325684,23.925779342651367
0.2628173828125,-0.8253173828125,0.3280029296875,7.080077648162842,-3.479003667831421,24.353025436401367
0.326416015625,-0.687255859375,0.349853515625,0.0610351525247097,19.287109375,14.709471702575684
0.1597900390625,-0.825439453125,0.2783203125,-12.390135765075684,49.133296966552734,-4.8828125
0.0533447265625,-1.0760498046875,0.2764892578125,-18.6767578125,56.030269622802734,-27.160642623901367
0.0657958984375,-1.1226806640625,0.31591796875,-11.901854515075684,33.38623046875,-35.70556640625
0.036376953125,-0.945556640625,0.245849609375,-2.807616949081421,12.573241233825684,-27.587888717651367
-0.02392578125,-0.7794189453125,0.1409912109375,-6.042479991912842,11.596678733825684,-13.305663108825684
-0.02099609375,-0.822021484375,0.1351318359375,-21.057126998901367,16.05224609375,0.0
0.02685546875,-1.0213623046875,0.1976318359375,-32.2265625,13.793944358825684,2.0751953125
0.0494384765625,-1.150390625,0.2230224609375,-29.418943405151367,8.36181640625,-4.82177734375
0.08740234375,-1.06494140625,0.2197265625,-17.39501953125,-0.6103515625,-0.6103515625
0.2818603515625,-0.813232421875,0.2572021484375,-2.807616949081421,-18.5546875,9.21630859375
0.4405517578125,-0.603515625,0.2681884765625,3.234863042831421,-14.709471702575684,-0.1831054538488388
0.3599853515625,-0.63330078125,0.1375732421875,-8.72802734375,40.466304779052734,-24.658201217651367
0.2757568359375,-0.8380126953125,-0.02734375,-23.681638717651367,102.78319549560547,-49.316402435302734
0.24267578125,-0.910888671875,-0.061767578125,-15.075682640075684,121.39891815185547,-68.42041015625
0.1087646484375,-0.74658203125,0.020751953125,14.709471702575684,97.90038299560547,-74.21875
-0.08544921875,-0.6341552734375,0.15576171875,35.2783203125,60.424800872802734,-66.2841796875
-0.060302734375,-0.635498046875,0.300048828125,29.602048873901367,46.142574310302734,-39.0625
0.24462890625,-0.643798828125,0.373779296875,4.82177734375,90.82030487060547,-4.2724609375
0.4605712890625,-0.7899169921875,0.330078125,-27.770994186401367,187.86619567871094,-2.13623046875
0.3885498046875,-1.0284423828125,0.203857421875,-53.527828216552734,259.94873046875,-14.892577171325684
0.135986328125,-1.089599609375,0.0716552734375,-54.504390716552734,255.98143005371094,-3.601073980331421
-0.0228271484375,-0.9119873046875,0.0447998046875,-33.203125,205.01707458496094,18.61572265625
0.0675048828125,-0.6883544921875,0.1180419921875,-17.51708984375,161.31590270996094,38.2080078125
0.234619140625,-0.5079345703125,0.1246337890625,-16.90673828125,153.38134765625,50.292964935302734
0.3387451171875,-0.439697265625,-0.0218505859375,-9.33837890625,167.78562927246094,24.047849655151367
0.3155517578125,-0.7225341796875,-0.14794921875,9.09423828125,202.75877380371094,-43.090816497802734
0.2821044921875,-1.1220703125,-0.0897216796875,31.127927780151367,271.97265625,-113.09813690185547
0.433349609375,-1.2899169921875,0.2440185546875,53.100582122802734,294.921875,-143.6767578125
0.652099609375,-1.57958984375,0.568603515625,62.866207122802734,202.75877380371094,-93.56688690185547
0.5064697265625,-1.603759765625,0.472412109375,97.65624237060547,64.697265625,-42.358394622802734
0.550537109375,-1.04541015625,0.32763671875,156.79931640625,-70.556640625,-63.171382904052734
0.8052978515625,-0.7930908203125,0.5770263671875,180.23680114746094,-179.80955505371094,-66.40625
0.193603515625,-0.7490234375,1.199462890625,157.8369140625,-242.55369567871094,-62.744136810302734
-0.3468017578125,-0.3848876953125,1.5252685546875,103.88182830810547,-234.25291442871094,-146.728515625
0.957763671875,-0.6419677734375,0.4326171875,13.000487327575684,75.0732421875,-172.97361755371094
1.501953125,-0.6943359375,0.52197265625,-22.888181686401367,97.90038299560547,-53.649898529052734
1.630126953125,0.0230712890625,1.048828125,-1.4038084745407104,-26.367185592651367,29.541013717651367
1.5103759765625,0.0439453125,1.70703125,22.521970748901367,-41.992183685302734,1.9531248807907104
0.8184814453125,-0.198486328125,1.3917236328125,32.40966796875,147.5830078125,-53.222652435302734
0.1981201171875,-0.197265625,0.80078125,49.438472747802734,317.7490234375,-118.04198455810547
-0.0474853515625,-0.0606689453125,0.5780029296875,69.7021484375,307.43408203125,-171.56980895996094
0.052734375,0.0101318359375,0.6864013671875,81.78710174560547,175.90330505371094,-173.58396911621094
0.25,0.103759765625,0.9586181640625,71.96044921875,71.2890625,-137.451171875
0.2623291015625,0.229736328125,1.1240234375,51.696773529052734,31.494138717651367,-80.26123046875
0.142822265625,0.1177978515625,1.0574951171875,27.465818405151367,18.06640625,-28.991697311401367
0.1661376953125,-0.01123046875,0.9813232421875,6.713866710662842,9.521484375,0.0610351525247097
0.1961669921875,0.099853515625,0.9188232421875,-1.5258787870407104,6.103515148162842,6.713866710662842
0.1495361328125,0.1729736328125,0.9525146484375,-11.596678733825684,11.596678733825684,-2.197265625
0.11865234375,0.1341552734375,1.0067138671875,-24.169919967651367,16.357421875,-10.925292015075684
0.0908203125,0.0587158203125,1.012451171875,-30.090330123901367,18.00537109375,-13.244627952575684
0.0806884765625,-0.0369873046875,1.02978515625,-33.69140625,17.27294921875,-8.85009765625
0.1009521484375,-0.0888671875,1.045166015625,-35.400390625,15.563963890075684,1.5258787870407104
0.1126708984375,-0.082763671875,1.0426025390625,-35.46142578125,18.4326171875,12.207030296325684
0.1162109375,-0.083740234375,1.0321044921875,-36.92626953125,26.184080123901367,16.7236328125
0.09619140625,-0.0777587890625,1.0030517578125,-36.68212890625,37.2314453125,17.27294921875
0.0419921875,-0.0625,0.990478515625,-33.69140625,48.767086029052734,15.197752952575684
-0.0267333984375,-0.1224365234375,0.998779296875,-33.38623046875,59.692378997802734,4.94384765625
-0.08935546875,-0.2672119140625,0.942138671875,-42.724605560302734,70.12939453125,-7.568358898162842
-0.1580810546875,-0.198486328125,0.9029541015625,-42.358394622802734,62.622066497802734,2.990722417831421
-0.219482421875,-0.211181640625,0.8924560546875,-43.395992279052734,51.208492279052734,7.629394054412842
-0.2646484375,-0.2965087890625,0.8963623046875,-44.860836029052734,36.865234375,4.94384765625
-0.312744140625,-0.3104248046875,0.8802490234375,-43.273921966552734,20.01953125,6.652831554412842
-0.30908203125,-0.287109375,0.896484375,-41.870113372802734,0.0610351525247097,16.17431640625
-0.255859375,-0.3021240234375,0.9361572265625,-45.166011810302734,-17.76123046875,27.404783248901367
-0.1856689453125,-0.3681640625,0.9130859375,-50.537105560302734,-26.489255905151367,28.259275436401367
-0.17919921875,-0.4322509765625,0.83154296875,-52.917476654052734,-21.423337936401367,17.51708984375
-0.21142578125,-0.444580078125,0.7772216796875,-52.978511810302734,-9.82666015625,8.48388671875
-0.2237548828125,-0.5350341796875,0.777099609375,-56.884761810302734,-5.554198741912842,-1.0986328125
-0.24658203125,-0.6279296875,0.8250732421875,-58.898921966552734,-7.019042491912842,-16.357421875
-0.2470703125,-0.61474609375,0.8173828125,-60.424800872802734,-6.835937023162842,-25.146482467651367
-0.2283935546875,-0.603759765625,0.7147216796875,-68.05419921875,-1.5869139432907104,-19.95849609375
-0.2166748046875,-0.6431884765625,0.655029296875,-67.9931640625,8.72802734375,-16.2353515625
-0.1898193359375,-0.728271484375,0.671875,-56.884761810302734,21.057126998901367,-24.719236373901367
-0.1435546875,-0.7933349609375,0.6839599609375,-50.231929779052734,33.203125,-30.517576217651367
-0.1177978515625,-0.780029296875,0.6463623046875,-52.734371185302734,42.968746185302734,-25.085447311401367
-0.127197265625,-0.76416015625,0.5977783203125,-56.884761810302734,46.386714935302734,-17.63916015625
-0.1654052734375,-0.81201171875,0.559326171875,-58.715816497802734,42.053218841552734,-12.268065452575684
-0.20556640625,-0.8658447265625,0.540771484375,-56.701656341552734,34.66796875,-7.568358898162842
-0.224853515625,-0.8787841796875,0.527099609375,-50.415035247802734,30.700681686401367,-5.981444835662842
-0.246826171875,-0.8646240234375,0.4754638671875,-46.386714935302734,28.991697311401367,-3.173827886581421
-0.2625732421875,-0.85595703125,0.4080810546875,-50.781246185302734,23.132322311401367,5.859374523162842
-0.238037109375,-0.8836669921875,0.3939208984375,-60.119625091552734,14.343260765075684,12.390135765075684
-0.2286376953125,-0.91259765625,0.4105224609375,-67.2607421875,13.061522483825684,15.075682640075684
-0.259765625,-0.9249267578125,0.3857421875,-71.96044921875,14.953612327575684,16.7236328125
-0.30078125,-0.898193359375,0.271728515625,-77.94189453125,12.634276390075684,10.192870140075684
-0.3370361328125,-0.874267578125,0.119140625,-88.98925018310547,16.29638671875,2.868652105331421
-0.3414306640625,-0.8721923828125,0.009033203125,-105.22460174560547,22.155759811401367,4.2724609375
-0.3255615234375,-0.8929443359375,-0.058349609375,-118.59130096435547,15.136717796325684,0.8544921278953552
-0.2978515625,-0.9581298828125,-0.0894775390625,-126.46483612060547,-2.01416015625,-13.549803733825684
-0.2921142578125,-0.9912109375,-0.092041015625,-127.25829315185547,-20.01953125,-27.282712936401367
-0.3201904296875,-0.9560546875,-0.0638427734375,-113.40331268310547,-34.66796875,-38.330078125
-0.326171875,-0.908203125,-0.0389404296875,-88.56200408935547,-37.353515625,-48.645015716552734
-0.3125,-0.912353515625,-0.0924072265625,-67.81005859375,-17.2119140625,-50.598140716552734
-0.3006591796875,-0.935791015625,-0.21728515625,-53.833003997802734,22.827146530151367,-44.860836029052734
-0.2703857421875,-0.963623046875,-0.3056640625,-40.161128997802734,56.213375091552734,-41.992183685302734
-0.2071533203125,-0.957275390625,-0.33203125,-25.939939498901367,68.2373046875,-42.297359466552734
-0.126220703125,-0.908203125,-0.36279296875,-17.4560546875,72.93701171875,-45.715328216552734
-0.0667724609375,-0.9034423828125,-0.4249267578125,-21.179197311401367,80.13916015625,-52.795406341552734
-0.0162353515625,-0.9278564453125,-0.5009765625,-27.648923873901367,84.53368377685547,-55.480953216552734
0.061279296875,-0.8807373046875,-0.5626220703125,-25.146482467651367,82.27538299560547,-48.339839935302734
0.177001953125,-0.7965087890625,-0.5555419921875,-20.507810592651367,77.20947265625,-37.7197265625
0.3271484375,-0.7376708984375,-0.4605712890625,-21.301267623901367,73.91357421875,-35.5224609375
0.4339599609375,-0.7587890625,-0.408447265625,-29.602048873901367,79.77294921875,-37.9638671875
0.4169921875,-0.8883056640625,-0.4908447265625,-46.447750091552734,98.20555877685547,-29.785154342651367
0.3612060546875,-1.002197265625,-0.5926513671875,-59.631343841552734,114.01366424560547,-9.82666015625
0.414306640625,-0.9605712890625,-0.624755859375,-59.570308685302734,107.48290252685547,14.953612327575684
0.493896484375,-0.8096923828125,-0.644287109375,-56.945796966552734,84.89989471435547,41.259761810302734
0.4561767578125,-0.7352294921875,-0.7000732421875,-59.509273529052734,64.0869140625,59.143062591552734
0.3753662109375,-0.7193603515625,-0.730712890625,-58.410640716552734,51.391597747802734,58.715816497802734
0.3448486328125,-0.684326171875,-0.69580078125,-45.166011810302734,44.067378997802734,38.0859375
0.3529052734375,-0.6708984375,-0.6497802734375,-29.235837936401367,37.17041015625,10.314940452575684
0.3804931640625,-0.704833984375,-0.6121826171875,-21.179197311401367,29.235837936401367,-5.126952648162842
0.39404296875,-0.7796630859375,-0.550048828125,-18.06640625,17.08984375,-8.48388671875
0.407470703125,-0.8687744140625,-0.4373779296875,-11.413573265075684,1.7700194120407104,-4.94384765625
0.4400634765625,-1.0079345703125,-0.29052734375,2.807616949081421,-9.3994140625,-1.7700194120407104
0.476806640625,-1.1243896484375,-0.2255859375,20.385740280151367,-12.817381858825684,-4.5166015625
0.5277099609375,-1.069580078125,-0.30517578125,32.89794921875,-8.36181640625,-6.408690929412842
0.5467529296875,-0.9163818359375,-0.4302978515625,36.1328125,1.4038084745407104,-5.554198741912842
0.493408203125,-0.8314208984375,-0.471923828125,34.912109375,6.591796398162842,-6.408690929412842
0.4112548828125,-0.843017578125,-0.4327392578125,35.70556640625,-0.1831054538488388,-7.385253429412842
0.37939453125,-0.8629150390625,-0.415283203125,41.564937591552734,-17.333984375,-6.347655773162842
0.403076171875,-0.8487548828125,-0.44091796875,49.682613372802734,-41.015621185302734,-5.615233898162842
0.3717041015625,-0.77587890625,-0.497314453125,57.678218841552734,-66.40625,-5.065917491912842
0.266845703125,-0.623779296875,-0.560302734375,66.650390625,-87.34130096435547,-4.150390625
0.2010498046875,-0.466796875,-0.54150390625,75.01220703125,-100.40282440185547,-6.347655773162842
0.244384765625,-0.3909912109375,-0.4022216796875,83.49608612060547,-105.83495330810547,-19.1650390625
0.33544921875,-0.4207763671875,-0.24853515625,92.59032440185547,-103.75975799560547,-41.259761810302734
0.37890625,-0.6434326171875,-0.2235107421875,78.7353515625,-68.66455078125,-67.81005859375
0.402099609375,-0.7701416015625,-0.2298583984375,62.255855560302734,-48.217769622802734,-62.255855560302734
0.5123291015625,-1.0465087890625,-0.2274169921875,50.231929779052734,-31.494138717651367,-53.039546966552734
0.68798828125,-1.4521484375,-0.2672119140625,32.77587890625,1.8920897245407104,-37.7197265625
0.708251953125,-1.5562744140625,-0.35595703125,23.132322311401367,37.353515625,-21.850584030151367
0.523681640625,-1.1634521484375,-0.3768310546875,37.78076171875,30.395505905151367,-8.4228515625
0.423583984375,-0.7239990234375,-0.24658203125,51.757808685302734,-12.695311546325684,11.901854515075684
0.51025390625,-0.736083984375,-0.0980224609375,43.151851654052734,-40.893550872802734,25.085447311401367
0.6343994140625,-1.0380859375,-0.0814208984375,25.939939498901367,-39.6728515625,17.39501953125
0.645751953125,-1.199951171875,-0.17236328125,19.287109375,-39.85595703125,6.408690929412842
0.468505859375,-1.1656494140625,-0.026611328125,37.41455078125,-65.4296875,-4.94384765625
0.461181640625,-1.166015625,0.1298828125,48.461910247802734,-59.814449310302734,-6.774901866912842
0.5098876953125,-1.04638671875,0.1453857421875,61.523433685302734,-46.447750091552734,-8.60595703125
0.574462890625,-0.7969970703125,0.0650634765625,69.4580078125,-30.578611373901367,-9.27734375
0.589111328125,-0.6015625,-0.03759765625,57.495113372802734,-12.939452171325684,-4.7607421875
0.4771728515625,-0.596923828125,-0.0899658203125,31.433103561401367,-3.662109136581421,-0.7324218153953552
0.3604736328125,-0.759521484375,0.0196533203125,14.770506858825684,-18.9208984375,0.9155272841453552
0.32177734375,-0.87060546875,0.22314453125,21.667478561401367,-48.645015716552734,3.784179449081421
0.26904296875,-0.8330078125,0.3255615234375,39.61181640625,-59.509273529052734,7.080077648162842
0.1851806640625,-0.7044677734375,0.2476806640625,46.752925872802734,-43.212886810302734,16.845703125
0.1512451171875,-0.533447265625,0.0655517578125,40.10009765625,-21.545408248901367,37.90283203125
0.1912841796875,-0.400634765625,-0.0994873046875,29.907224655151367,-13.610838890075684,60.546871185302734
0.2742919921875,-0.3785400390625,-0.1798095703125,22.766111373901367,-23.925779342651367,75.25634765625
0.4002685546875,-0.6875,-0.1302490234375,16.78466796875,-52.734371185302734,69.51904296875
0.4288330078125,-1.3157958984375,-0.0550537109375,14.221190452575684,-98.63280487060547,32.77587890625
0.2623291015625,-1.6278076171875,-0.0621337890625,31.066892623901367,-145.99609375,0.7324218153953552
0.126220703125,-1.2803955078125,-0.0223388671875,58.837886810302734,-171.44773864746094,14.892577171325684
0.118896484375,-0.7332763671875,0.0989990234375,62.805171966552734,-161.74314880371094,52.856441497802734
0.0501708984375,-0.5474853515625,0.1728515625,37.53662109375,-117.61473846435547,72.6318359375
-0.1075439453125,-1.0538330078125,0.11181640625,8.544921875,-51.757808685302734,44.372554779052734
-0.0736083984375,-1.037109375,0.0384521484375,18.798828125,-56.518550872802734,39.0625
-0.063232421875,-0.9510498046875,0.019775390625,24.230955123901367,-62.622066497802734,43.395992279052734
0.0205078125,-0.9007568359375,0.0777587890625,22.644041061401367,-65.3076171875,44.860836029052734
0.1373291015625,-0.9683837890625,0.146484375,19.287109375,-57.739253997802734,34.423828125
0.1494140625,-1.19873046875,0.185546875,14.465331077575684,-36.68212890625,10.070799827575684
0.0673828125,-0.9976806640625,0.185791015625,19.10400390625,-42.358394622802734,5.981444835662842
0.070068359375,-1.0250244140625,0.2265625,14.709471702575684,-59.143062591552734,15.014647483825684
0.1005859375,-1.0771484375,0.311767578125,10.375975608825684,-70.25146484375,11.535643577575684
0.0950927734375,-0.927734375,0.29833984375,14.831542015075684,-82.70262908935547,10.803221702575684
0.090576171875,-0.7672119140625,0.204833984375,15.502928733825684,-92.59032440185547,17.39501953125
0.1126708984375,-0.770263671875,0.1328125,2.929687261581421,-92.40721893310547,24.719236373901367
0.1473388671875,-0.875244140625,0.13818359375,-11.779784202575684,-94.72655487060547,30.212400436401367
0.1826171875,-0.9371337890625,0.2276611328125,-12.939452171325684,-117.00438690185547,29.541013717651367
0.2303466796875,-0.924560546875,0.3580322265625,-3.662109136581421,-150.634765625,25.817869186401367
0.2967529296875,-0.937744140625,0.4915771484375,0.7324218153953552,-171.69187927246094,27.038572311401367
0.3345947265625,-0.9937744140625,0.5980224609375,0.1220703050494194,-173.52293395996094,29.663084030151367
0.3248291015625,-1.006591796875,0.610107421875,7.507323741912842,-169.92185974121094,22.827146530151367
0.2156982421875,-1.0325927734375,0.4302978515625,18.85986328125,-164.00144958496094,5.310058116912842
0.080322265625,-1.11376953125,0.1025390625,16.29638671875,-148.4375,-2.990722417831421
0.0697021484375,-1.1475830078125,-0.127685546875,-0.30517578125,-127.31932830810547,7.690429210662842
0.154541015625,-1.0859375,-0.0885009765625,-8.544921875,-113.46434783935547,14.343260765075684
0.181640625,-0.991455078125,0.067138671875,0.1831054538488388,-106.81151580810547,5.859374523162842
0.1129150390625,-0.955078125,0.1092529296875,6.774901866912842,-88.56200408935547,0.1831054538488388
0.074951171875,-0.9541015625,0.0416259765625,-1.5869139432907104,-51.025386810302734,7.507323741912842
0.1336669921875,-0.9139404296875,-0.0147705078125,-12.023924827575684,-16.05224609375,18.9208984375
0.217041015625,-0.8367919921875,-0.0211181640625,-10.375975608825684,-8.36181640625,22.583005905151367
0.2435302734375,-0.7841796875,-0.00927734375,2.0751953125,-24.475095748901367,11.352538108825684
0.2501220703125,-0.758544921875,0.0238037109375,16.7236328125,-42.297359466552734,-8.4228515625
0.2847900390625,-0.6964111328125,0.0792236328125,28.198240280151367,-45.104976654052734,-23.620603561401367
0.3043212890625,-0.6556396484375,0.15087890625,35.58349609375,-35.21728515625,-33.75244140625
0.2635498046875,-0.8380126953125,0.2698974609375,40.405269622802734,-29.418943405151367,-45.043941497802734
0.16064453125,-1.25244140625,0.3861083984375,46.691890716552734,-36.92626953125,-56.396480560302734
0.0487060546875,-1.611572265625,0.401611328125,50.659175872802734,-41.137691497802734,-57.250972747802734
0.0421142578125,-1.2562255859375,0.1614990234375,22.094724655151367,-0.0610351525247097,-1.03759765625
0.1053466796875,-1.011962890625,0.1307373046875,2.0751953125,11.230467796325684,27.343748092651367
-0.0303955078125,-0.8179931640625,0.2325439453125,3.906249761581421,-15.075682640075684,26.245115280151367
0.0126953125,-0.7384033203125,0.322998046875,9.27734375,-33.50830078125,29.418943405151367
0.0721435546875,-0.7862548828125,0.3936767578125,6.103515148162842,-33.935546875,24.719236373901367
0.0672607421875,-0.9488525390625,0.3431396484375,-0.1220703050494194,-19.10400390625,3.784179449081421
0.0777587890625,-1.055419921875,0.1512451171875,-9.70458984375,-6.347655773162842,-13.488768577575684
0.2156982421875,-0.92138671875,-0.030029296875,-22.155759811401367,-8.36181640625,-6.530761241912842
0.3948974609375,-0.69580078125,-0.0450439453125,-30.883787155151367,-23.864744186401367,9.21630859375
0.3504638671875,-0.807373046875,0.0458984375,-31.066892623901367,-41.625972747802734,1.4648436307907104
0.1177978515625,-1.3570556640625,0.152587890625,-18.98193359375,-57.983394622802734,-31.799314498901367
-0.0413818359375,-1.6046142578125,0.2491455078125,8.056640625,-74.8291015625,-49.926753997802734
-0.00390625,-1.1373291015625,0.2716064453125,37.29248046875,-86.12059783935547,-19.47021484375
0.0887451171875,-0.7166748046875,0.2203369140625,34.1796875,-68.115234375,23.925779342651367
0.071044921875,-0.790283203125,0.162841796875,-0.4272460639476776,-21.057126998901367,37.53662109375
0.150146484375,-0.882568359375,0.1468505859375,-16.357421875,5.981444835662842,31.127927780151367
0.3140869140625,-0.7855224609375,0.15576171875,-4.2724609375,2.990722417831421,20.996091842651367
0.29345703125,-0.8062744140625,0.1968994140625,0.4272460639476776,8.60595703125,9.521484375
0.22705078125,-0.9940185546875,0.3062744140625,-2.868652105331421,18.1884765625,-5.737304210662842
0.256103515625,-1.1363525390625,0.392333984375,-1.15966796875,16.90673828125,-22.583005905151367
0.2467041015625,-1.091796875,0.317138671875,-4.8828125,17.08984375,-22.094724655151367
0.185302734375,-0.9097900390625,0.17919921875,-9.09423828125,10.375975608825684,-10.986327171325684
0.158935546875,-0.7882080078125,0.1610107421875,-3.845214605331421,-12.145995140075684,-18.49365234375
0.1693115234375,-0.8084716796875,0.216064453125,-1.3427733182907104,-29.907224655151367,-34.66796875
0.20068359375,-0.8472900390625,0.2119140625,-9.21630859375,-30.029294967651367,-38.330078125
0.2867431640625,-0.7767333984375,0.1376953125,-19.6533203125,-26.916501998901367,-35.2783203125
0.4024658203125,-0.6353759765625,0.0401611328125,-26.855466842651367,-35.0341796875,-36.1328125
0.4407958984375,-0.6290283203125,-0.069091796875,-34.5458984375,-42.663570404052734,-40.649410247802734
0.3809814453125,-0.779052734375,-0.1275634765625,-40.649410247802734,-37.41455078125,-45.166011810302734
0.3560791015625,-0.8394775390625,-0.0626220703125,-33.26416015625,-33.5693359375,-42.053218841552734
0.4227294921875,-0.7869873046875,0.0369873046875,-17.88330078125,-39.36767578125,-31.982419967651367
0.4742431640625,-0.771484375,0.025634765625,-11.413573265075684,-38.14697265625,-22.949216842651367
0.4769287109375,-0.81884765625,-0.073486328125,-15.136717796325684,-24.047849655151367,-16.6015625
0.460205078125,-0.86962890625,-0.152099609375,-16.78466796875,-16.05224609375,-12.023924827575684
0.4176025390625,-0.8687744140625,-0.13916015625,-6.286620616912842,-29.968259811401367,-5.920409679412842
0.3560791015625,-0.8599853515625,-0.0413818359375,12.207030296325684,-59.387203216552734,6.347655773162842
0.2840576171875,-0.86376953125,0.047607421875,29.235837936401367,-88.19579315185547,25.756834030151367
0.208740234375,-0.7723388671875,0.0802001953125,43.090816497802734,-108.88671112060547,49.377437591552734
0.1495361328125,-0.5537109375,0.0860595703125,57.128902435302734,-126.34276580810547,66.40625
0.2039794921875,-0.3125,0.0821533203125,67.7490234375,-142.4560546875,67.32177734375
0.5037841796875,-0.1796875,0.1121826171875,59.753414154052734,-138.24462890625,49.682613372802734
1.0078125,-0.2606201171875,0.2611083984375,26.428220748901367,-91.30858612060547,1.4648436307907104
1.2083740234375,-0.853271484375,0.0662841796875,-13.671874046325684,-30.029294967651367,-88.19579315185547
0.7618408203125,-1.5743408203125,-0.598388671875,-36.7431640625,-9.46044921875,-159.66796875
0.470947265625,-1.513916015625,-0.847412109375,-23.681638717651367,-75.86669921875,-115.29540252685547
0.518798828125,-1.302490234375,-0.7418212890625,-13.793944358825684,-183.16648864746094,22.094724655151367
0.6427001953125,-1.6656494140625,-0.818359375,-78.9794921875,-204.77293395996094,114.07469940185547
0.367431640625,-2.130859375,-1.4664306640625,-200.07322692871094,-130.55419921875,116.57714080810547
0.032470703125,-1.6986083984375,-1.9228515625,-268.00537109375,-118.16405487060547,138.24462890625
-0.01171875,-0.28466796875,-1.083251953125,-210.75437927246094,-193.11521911621094,174.92674255371094
-0.337646484375,0.3575439453125,0.11572265625,-88.31786346435547,-212.52439880371094,121.64305877685547
-0.628173828125,-0.228271484375,0.2718505859375,-10.742186546325684,-140.7470703125,67.93212890625
-0.66162109375,-0.3397216796875,-0.5933837890625,12.084959983825684,-35.0341796875,87.89061737060547
-0.464599609375,0.1650390625,-1.326416015625,15.441893577575684,35.21728515625,95.21483612060547
-0.3603515625,0.0322265625,-1.36767578125,0.7934569716453552,58.349605560302734,48.767086029052734
-0.3861083984375,-0.5484619140625,-0.958251953125,4.45556640625,54.504390716552734,-27.038572311401367
-0.331787109375,-0.76025390625,-0.6016845703125,31.738279342651367,34.423828125,-59.570308685302734
-0.349853515625,-0.5416259765625,-0.671142578125,24.780271530151367,20.324705123901367,3.112792730331421
-0.440673828125,-0.251953125,-0.948486328125,-16.05224609375,11.413573265075684,91.06444549560547
-0.448486328125,-0.1275634765625,-1.010498046875,-37.41455078125,-8.36181640625,114.01366424560547
-0.4635009765625,-0.18896484375,-0.867919921875,-21.301267623901367,-31.616209030151367,76.47705078125
-0.522216796875,-0.3641357421875,-0.72119140625,8.4228515625,-41.503902435302734,30.212400436401367
-0.5704345703125,-0.5340576171875,-0.67333984375,26.245115280151367,-30.700681686401367,5.981444835662842
-0.5496826171875,-0.5718994140625,-0.6884765625,27.160642623901367,-5.676269054412842,5.432128429412842
-0.4908447265625,-0.477783203125,-0.7291259765625,18.6767578125,18.24951171875,18.12744140625
-0.4671630859375,-0.37109375,-0.8125,9.82666015625,32.71484375,25.634763717651367
-0.4461669921875,-0.3292236328125,-0.8587646484375,3.051757574081421,34.912109375,21.179197311401367
-0.446044921875,-0.3037109375,-0.8275146484375,-0.7324218153953552,22.155759811401367,18.61572265625
-0.50634765625,-0.29736328125,-0.7784423828125,1.8920897245407104,-1.2817381620407104,18.37158203125
-0.5771484375,-0.3460693359375,-0.75927734375,9.82666015625,-16.29638671875,8.23974609375
-0.5823974609375,-0.397216796875,-0.7630615234375,19.1650390625,-9.521484375,-7.263183116912842
-0.5330810546875,-0.38720703125,-0.7708740234375,24.597166061401367,7.202147960662842,-14.770506858825684
-0.4759521484375,-0.3499755859375,-0.7802734375,23.498533248901367,17.2119140625,-12.390135765075684
-0.4599609375,-0.3494873046875,-0.8232421875,19.53125,20.324705123901367,-11.047362327575684
-0.4669189453125,-0.404296875,-0.9002685546875,19.53125,17.76123046875,-19.71435546875
-0.4111328125,-0.48291015625,-0.905517578125,24.902341842651367,2.38037109375,-35.0341796875
-0.3717041015625,-0.520263671875,-0.8411865234375,33.203125,-22.888181686401367,-46.813961029052734
-0.4014892578125,-0.5294189453125,-0.7486572265625,38.57421875,-47.241207122802734,-48.889156341552734
-0.43896484375,-0.550048828125,-0.638916015625,37.109375,-61.096187591552734,-44.860836029052734
-0.48779296875,-0.573974609375,-0.5911865234375,33.50830078125,-56.274410247802734,-45.410152435302734
-0.510009765625,-0.626708984375,-0.6026611328125,32.8369140625,-38.63525390625,-54.870601654052734
-0.4720458984375,-0.697021484375,-0.591552734375,36.4990234375,-21.911619186401367,-66.10107421875
-0.4276123046875,-0.7373046875,-0.5474853515625,40.588375091552734,-10.498045921325684,-67.3828125
-0.3758544921875,-0.7850341796875,-0.4600830078125,41.503902435302734,-5.126952648162842,-59.326168060302734
-0.2965087890625,-0.8258056640625,-0.373779296875,43.701168060302734,-5.371093273162842,-55.053707122802734
-0.2314453125,-0.8309326171875,-0.37646484375,50.109859466552734,-0.6103515625,-61.035152435302734
-0.160888671875,-0.8306884765625,-0.3973388671875,54.199214935302734,16.66259765625,-73.8525390625
-0.07177734375,-0.832275390625,-0.3944091796875,51.940914154052734,39.306640625,-85.26610565185547
-0.006103515625,-0.8431396484375,-0.4156494140625,45.166011810302734,55.603023529052734,-89.41649627685547
0.031982421875,-0.8631591796875,-0.4473876953125,35.82763671875,59.814449310302734,-87.34130096435547
0.0830078125,-0.861328125,-0.4493408203125,23.315427780151367,53.588863372802734,-80.32225799560547
0.1285400390625,-0.8287353515625,-0.4393310546875,7.019042491912842,41.503902435302734,-67.0166015625
0.119384765625,-0.85498046875,-0.377197265625,-4.8828125,23.986814498901367,-61.279293060302734
0.119873046875,-0.9595947265625,-0.23486328125,-7.446288585662842,3.662109136581421,-70.37353515625
0.164794921875,-1.0772705078125,-0.09716796875,-13.549803733825684,-4.7607421875,-75.25634765625
0.234375,-1.12646484375,-0.0506591796875,-27.465818405151367,5.432128429412842,-67.56591796875
0.288330078125,-1.0406494140625,-0.125244140625,-37.109375,27.343748092651367,-57.067867279052734
0.3861083984375,-0.8978271484375,-0.217041015625,-43.884273529052734,57.067867279052734,-50.476070404052734
0.5718994140625,-0.8651123046875,-0.3084716796875,-55.664058685302734,87.28026580810547,-47.790523529052734
0.66943359375,-0.8863525390625,-0.4765625,-63.537593841552734,100.70800018310547,-45.410152435302734
0.6732177734375,-0.834716796875,-0.6031494140625,-59.387203216552734,88.07372283935547,-44.372554779052734
0.68017578125,-0.756591796875,-0.6107177734375,-51.452632904052734,63.537593841552734,-51.391597747802734
0.6463623046875,-0.6536865234375,-0.5673828125,-58.837886810302734,42.663570404052734,-65.61279296875
0.6734619140625,-0.5570068359375,-0.5380859375,-80.26123046875,52.185054779052734,-47.485347747802734
0.7059326171875,-0.4404296875,-0.54541015625,-99.97557830810547,57.189937591552734,-22.705076217651367
0.7242431640625,-0.3446044921875,-0.6048583984375,-106.26219940185547,50.781246185302734,-9.94873046875
0.722412109375,-0.3077392578125,-0.6461181640625,-104.00389862060547,44.677730560302734,-11.779784202575684
0.6949462890625,-0.310302734375,-0.62158203125,-101.01317596435547,46.508785247802734,-16.357421875
0.6588134765625,-0.2840576171875,-0.562255859375,-96.31346893310547,48.767086029052734,-15.075682640075684
0.635009765625,-0.257568359375,-0.4969482421875,-91.73583221435547,46.386714935302734,-8.60595703125
0.67333984375,-0.2529296875,-0.46142578125,-88.01268768310547,42.663570404052734,-0.3662109076976776
0.7532958984375,-0.2723388671875,-0.455078125,-77.08740234375,40.649410247802734,2.868652105331421
0.962646484375,-0.361328125,-0.392578125,-54.199214935302734,32.40966796875,-1.8920897245407104
1.2191162109375,-0.4073486328125,-0.35693359375,-25.024412155151367,19.287109375,2.44140625
1.29833984375,-0.295654296875,-0.383056640625,6.408690929412842,11.718749046325684,22.827146530151367
1.1907958984375,-0.2279052734375,-0.37646484375,38.4521484375,7.385253429412842,37.17041015625
1.0135498046875,-0.342529296875,-0.34814453125,67.44384765625,5.859374523162842,36.865234375
0.8990478515625,-0.48046875,-0.3045654296875,86.85301971435547,7.568358898162842,39.85595703125
0.8160400390625,-0.4971923828125,-0.3077392578125,88.74510955810547,7.507323741912842,58.532711029052734
0.7562255859375,-0.4378662109375,-0.3643798828125,75.3173828125,1.8310545682907104,82.03124237060547
0.7154541015625,-0.4385986328125,-0.380126953125,59.082027435302734,-6.835937023162842,89.23339080810547
0.630126953125,-0.546630859375,-0.3621826171875,51.635738372802734,-11.962889671325684,75.439453125
0.582763671875,-0.7239990234375,-0.3023681640625,57.983394622802734,-3.356933355331421,43.334957122802734
0.62744140625,-0.754150390625,-0.225341796875,56.335445404052734,1.9531248807907104,42.419429779052734
0.620849609375,-0.799072265625,-0.1578369140625,48.522945404052734,7.080077648162842,51.208492279052734
0.5684814453125,-0.7584228515625,-0.143310546875,45.166011810302734,12.939452171325684,63.476558685302734
0.4781494140625,-0.637939453125,-0.145751953125,52.246089935302734,17.2119140625,65.73486328125
0.4013671875,-0.656494140625,-0.104736328125,59.509273529052734,18.85986328125,51.208492279052734
0.41357421875,-0.8656005859375,-0.0284423828125,57.312007904052734,25.329587936401367,36.7431640625
0.535888671875,-1.1383056640625,0.0296630859375,50.048824310302734,42.724605560302734,39.85595703125
0.6964111328125,-1.3441162109375,0.1055908203125,46.813961029052734,68.2373046875,51.269527435302734
0.78662109375,-1.3465576171875,0.2606201171875,54.626461029052734,88.86717987060547,49.255367279052734
0.6580810546875,-1.1278076171875,0.3746337890625,66.162109375,89.72167205810547,41.870113372802734
0.4078369140625,-0.84716796875,0.337158203125,65.97900390625,64.8193359375,50.781246185302734
0.3387451171875,-0.661376953125,0.3095703125,57.739253997802734,34.3017578125,59.692378997802734
0.46533203125,-0.6851806640625,0.4029541015625,47.668453216552734,29.663084030151367,51.208492279052734
0.5601806640625,-0.880126953125,0.4454345703125,36.376953125,47.119136810302734,30.883787155151367
0.512451171875,-1.0362548828125,0.3360595703125,30.822751998901367,61.279293060302734,9.033203125
0.4329833984375,-1.02197265625,0.2333984375,25.817869186401367,60.119625091552734,1.4648436307907104
0.4224853515625,-0.888671875,0.265869140625,9.8876953125,46.874996185302734,10.253905296325684
0.4556884765625,-0.7982177734375,0.401123046875,-10.986327171325684,31.188962936401367,18.4326171875
0.4642333984375,-0.768310546875,0.5264892578125,-19.83642578125,20.629880905151367,13.366698265075684
0.4781494140625,-0.707763671875,0.5714111328125,-15.014647483825684,21.118162155151367,1.03759765625
0.4925537109375,-0.6728515625,0.5244140625,-15.624999046325684,38.0859375,-5.310058116912842
0.465087890625,-0.7393798828125,0.398193359375,-26.306150436401367,63.110347747802734,-4.7607421875
0.35986328125,-0.8314208984375,0.2208251953125,-31.921384811401367,76.72119140625,-7.751464366912842
0.1192626953125,-0.78759765625,0.005126953125,-25.756834030151367,66.5283203125,-13.305663108825684
-0.1055908203125,-0.466552734375,0.0440673828125,-11.718749046325684,-1.03759765625,5.187987804412842
0.0296630859375,-0.740966796875,0.34130859375,-11.718749046325684,-23.803709030151367,-5.249022960662842
0.110595703125,-1.2850341796875,0.518798828125,-9.58251953125,-21.118162155151367,-35.15625
0.0689697265625,-1.500244140625,0.4293212890625,0.0610351525247097,6.713866710662842,-52.307125091552734
-0.0067138671875,-1.164794921875,0.186767578125,9.09423828125,39.6728515625,-34.3017578125
-0.012939453125,-0.7310791015625,0.021728515625,7.446288585662842,52.429195404052734,-0.6713866591453552
0.0177001953125,-0.5804443359375,-0.0120849609375,2.13623046875,42.175289154052734,13.488768577575684
0.0572509765625,-0.669921875,0.0086669921875,0.4882812201976776,23.437498092651367,11.352538108825684
0.0911865234375,-0.7825927734375,-0.0059814453125,1.15966796875,7.751464366912842,16.6015625
0.1536865234375,-0.84814453125,-0.0220947265625,-0.6713866591453552,-3.906249761581421,30.883787155151367
0.3251953125,-0.9793701171875,0.1278076171875,-1.6479490995407104,-21.423337936401367,30.151365280151367
0.4005126953125,-1.1038818359375,0.363037109375,5.859374523162842,-44.982906341552734,8.72802734375
0.1417236328125,-1.068359375,0.479736328125,15.014647483825684,-67.44384765625,3.601073980331421
-0.1380615234375,-0.9490966796875,0.5850830078125,18.6767578125,-94.48241424560547,35.46142578125
-0.1395263671875,-0.908935546875,0.8511962890625,12.023924827575684,-108.64257049560547,87.40233612060547
-0.05029296875,-0.942626953125,1.03076171875,0.54931640625,-78.9794921875,117.37059783935547
-0.05029296875,-0.8798828125,0.85693359375,1.5869139432907104,-14.099120140075684,101.50145721435547
-0.0885009765625,-0.7825927734375,0.5382080078125,7.995604991912842,47.363277435302734,62.499996185302734
-0.1290283203125,-0.81103515625,0.3515625,9.33837890625,76.47705078125,15.075682640075684
-0.1700439453125,-0.9122314453125,0.3297119140625,9.3994140625,72.3876953125,-26.733396530151367
-0.162841796875,-0.9400634765625,0.361572265625,6.896972179412842,51.025386810302734,-38.14697265625
-0.1141357421875,-0.8951416015625,0.3746337890625,0.1220703050494194,27.954099655151367,-26.794431686401367
-0.0697021484375,-0.89453125,0.371826171875,-9.27734375,8.85009765625,-18.4326171875
-0.0670166015625,-0.9735107421875,0.347412109375,-22.338865280151367,-6.103515148162842,-14.343260765075684
-0.0948486328125,-1.0069580078125,0.312744140625,-32.2265625,-18.6767578125,-6.835937023162842
-0.0616455078125,-0.830078125,0.421142578125,-26.367185592651367,-40.710445404052734,2.38037109375
-0.0367431640625,-0.7716064453125,0.4749755859375,-23.315427780151367,-41.015621185302734,3.234863042831421
-0.013427734375,-0.6988525390625,0.433349609375,-22.277830123901367,-30.456541061401367,7.141112804412842
0.005859375,-0.6484375,0.34716796875,-24.414060592651367,-9.033203125,14.099120140075684
0.04052734375,-0.7279052734375,0.3192138671875,-27.282712936401367,16.357421875,13.488768577575684
0.0186767578125,-1.3170166015625,0.309814453125,-8.30078125,53.222652435302734,-35.400390625
-0.1126708984375,-1.5125732421875,0.1331787109375,9.033203125,78.9794921875,-71.83837890625
-0.16162109375,-1.4010009765625,-0.0767822265625,15.441893577575684,99.85350799560547,-79.1015625
-0.13623046875,-1.0208740234375,-0.1744384765625,7.141112804412842,92.46825408935547,-40.771480560302734
-0.0750732421875,-0.7022705078125,-0.110107421875,-7.080077648162842,55.603023529052734,5.371093273162842
-0.0445556640625,-0.666015625,0.0302734375,-15.319823265075684,20.690916061401367,17.51708984375
-0.0699462890625,-0.8287353515625,0.121826171875,-14.160155296325684,12.390135765075684,0.6713866591453552
-0.1014404296875,-1.05908203125,0.13330078125,-9.82666015625,23.742673873901367,-19.83642578125
-0.103759765625,-1.1817626953125,0.086181640625,-4.8828125,37.04833984375,-29.602048873901367
-0.0821533203125,-1.079833984375,0.0078125,0.9155272841453552,37.17041015625,-21.667478561401367
-0.0731201171875,-0.898193359375,-0.041015625,6.042479991912842,17.9443359375,-5.432128429412842
-0.0899658203125,-0.8511962890625,-0.007568359375,9.33837890625,-9.58251953125,0.54931640625
-0.113037109375,-0.94384765625,0.0704345703125,10.986327171325684,-24.780271530151367,-7.080077648162842
-0.0999755859375,-1.0364990234375,0.146484375,10.498045921325684,-18.49365234375,-15.686034202575684
0.028076171875,-1.0208740234375,0.24609375,8.48388671875,-3.234863042831421,-16.05224609375
0.2012939453125,-0.845458984375,0.34912109375,7.812499523162842,9.70458984375,-11.169432640075684
0.2379150390625,-0.5982666015625,0.362548828125,9.82666015625,17.15087890625,-5.920409679412842
0.12646484375,-0.5225830078125,0.287353515625,12.023924827575684,13.549803733825684,-5.432128429412842
0.0399169921875,-0.69775390625,0.2591552734375,10.070799827575684,3.540038824081421,-12.084959983825684
0.059814453125,-0.897216796875,0.30712890625,7.080077648162842,2.38037109375,-18.6767578125
0.093017578125,-0.9139404296875,0.2947998046875,10.925292015075684,6.164550304412842,-18.85986328125
0.054931640625,-0.84619140625,0.21923828125,15.380858421325684,3.295898199081421,-12.390135765075684
-0.0472412109375,-0.8587646484375,0.17529296875,9.82666015625,-10.375975608825684,7.141112804412842
-0.16748046875,-0.9437255859375,0.220703125,3.051757574081421,-40.710445404052734,40.161128997802734
-0.1754150390625,-0.8787841796875,0.36376953125,8.30078125,-76.59912109375,65.185546875
-0.0103759765625,-0.4759521484375,0.4844970703125,16.78466796875,-81.90917205810547,67.2607421875
0.18701171875,0.0455322265625,0.4996337890625,10.131834983825684,-33.75244140625,40.466304779052734
0.389892578125,0.275634765625,0.3941650390625,-9.46044921875,48.034664154052734,-28.503416061401367
0.829833984375,-0.0537109375,0.27001953125,-31.555173873901367,132.8125,-124.99999237060547
1.4173583984375,-0.9676513671875,0.3165283203125,-57.556148529052734,207.33641052246094,-202.75877380371094
1.826416015625,-1.951416015625,0.2828369140625,-61.889644622802734,238.64744567871094,-249.93894958496094
1.605712890625,-2.160400390625,0.1370849609375,4.39453125,166.56492614746094,-306.70166015625
1.17333984375,-1.73583984375,0.31396484375,115.66161346435547,-16.11328125,-359.9853210449219
1.04443359375,-1.3330078125,0.406494140625,174.31639099121094,-214.35545349121094,-309.87548828125
0.999755859375,-0.8775634765625,0.2423095703125,146.78955078125,-318.4814453125,-158.38623046875
1.1063232421875,-0.439453125,0.2845458984375,67.81005859375,-296.0205078125,-24.353025436401367
1.174072265625,-0.1502685546875,0.174560546875,-10.437010765075684,-154.4189453125,25.451658248901367
1.1068115234375,0.1121826171875,-0.2171630859375,-33.935546875,35.400390625,12.268065452575684
1.0025634765625,0.1400146484375,-0.426513671875,-6.530761241912842,142.08984375,-27.465818405151367
0.9271240234375,-0.1038818359375,-0.34814453125,19.04296875,124.63378143310547,-55.603023529052734
0.9742431640625,-0.235107421875,-0.1513671875,15.808104515075684,58.471675872802734,-33.935546875
1.0546875,-0.1168212890625,-0.026611328125,3.601073980331421,10.314940452575684,7.568358898162842
1.0303955078125,0.0162353515625,0.018798828125,3.051757574081421,-14.404295921325684,23.925779342651367
0.97265625,0.012939453125,0.0701904296875,14.221190452575684,-28.564451217651367,18.12744140625
0.96337890625,-0.0732421875,0.1126708984375,28.381345748901367,-33.3251953125,7.751464366912842
0.9974365234375,-0.1331787109375,0.1065673828125,39.12353515625,-26.855466842651367,2.01416015625
1.0286865234375,-0.1531982421875,0.0318603515625,43.945308685302734,-13.488768577575684,1.7089842557907104
1.01171875,-0.191162109375,-0.0849609375,41.870113372802734,1.6479490995407104,4.2724609375
0.9910888671875,-0.27880859375,-0.1409912109375,36.2548828125,9.33837890625,9.82666015625
1.009521484375,-0.3817138671875,-0.0838623046875,34.97314453125,2.13623046875,16.6015625
1.0394287109375,-0.4422607421875,0.0213623046875,40.222164154052734,-13.549803733825684,24.536130905151367
1.037353515625,-0.4691162109375,0.0745849609375,46.142574310302734,-25.512693405151367,35.7666015625
0.988037109375,-0.4886474609375,0.0499267578125,47.180171966552734,-25.085447311401367,47.302242279052734
0.9210205078125,-0.506103515625,0.004150390625,44.311519622802734,-12.878417015075684,53.344722747802734
0.876953125,-0.5478515625,-0.003662109375,41.320796966552734,-0.0,52.856441497802734
0.8582763671875,-0.608154296875,0.030029296875,37.841796875,6.347655773162842,53.466793060302734
0.840087890625,-0.646728515625,0.0723876953125,34.48486328125,8.7890625,59.265132904052734
0.8076171875,-0.6546630859375,0.1204833984375,33.203125,11.962889671325684,63.842769622802734
0.7655029296875,-0.6546630859375,0.191650390625,29.602048873901367,17.27294921875,63.537593841552734
0.7120361328125,-0.6484375,0.25390625,21.606443405151367,23.681638717651367,61.523433685302734
0.6646728515625,-0.623046875,0.305419921875,13.000487327575684,30.212400436401367,57.678218841552734
0.662353515625,-0.6090087890625,0.3743896484375,5.981444835662842,36.376953125,49.377437591552734
0.67724609375,-0.63330078125,0.42724609375,0.8544921278953552,42.480464935302734,38.63525390625
0.67626953125,-0.679931640625,0.443603515625,-2.868652105331421,48.889156341552734,28.259275436401367
0.6729736328125,-0.7034912109375,0.4368896484375,-6.286620616912842,55.786128997802734,18.798828125
0.6614990234375,-0.67578125,0.4156494140625,-10.498045921325684,62.561031341552734,11.230467796325684
0.6446533203125,-0.646728515625,0.403076171875,-18.37158203125,67.7490234375,5.981444835662842
0.6275634765625,-0.659912109375,0.3875732421875,-31.372068405151367,71.47216796875,2.50244140625
0.6014404296875,-0.6690673828125,0.342529296875,-43.151851654052734,73.18115234375,-1.4648436307907104
0.5712890625,-0.6640625,0.29052734375,-50.231929779052734,71.4111328125,-8.544921875
0.5313720703125,-0.7137451171875,0.3397216796875,-69.76318359375,58.105464935302734,-14.282225608825684
0.553466796875,-0.6883544921875,0.449951171875,-74.462890625,47.119136810302734,-9.033203125
0.57421875,-0.684814453125,0.5391845703125,-68.78662109375,41.503902435302734,-7.385253429412842
0.5904541015625,-0.7191162109375,0.5404052734375,-61.645503997802734,53.344722747802734,-8.544921875
0.58837890625,-0.704345703125,0.44384765625,-63.903804779052734,83.86229705810547,-9.70458984375
0.586181640625,-0.5706787109375,0.3067626953125,-78.18603515625,119.56786346435547,-21.362302780151367
0.5802001953125,-0.629638671875,0.324462890625,-81.35985565185547,113.95262908935547,-28.747556686401367
0.5003662109375,-0.734130859375,0.2547607421875,-79.77294921875,102.47801971435547,-27.282712936401367
0.5257568359375,-0.7613525390625,0.24609375,-75.01220703125,84.04540252685547,-24.108884811401367
0.54052734375,-0.7977294921875,0.2877197265625,-68.4814453125,59.936519622802734,-17.51708984375
0.4967041015625,-0.835205078125,0.361572265625,-60.241695404052734,41.198726654052734,-11.657713890075684
0.45556640625,-0.8555908203125,0.4202880859375,-56.579586029052734,30.944822311401367,-6.042479991912842
0.45654296875,-0.7830810546875,0.372802734375,-63.293453216552734,27.648923873901367,11.413573265075684
0.4893798828125,-0.6654052734375,0.2166748046875,-75.62255859375,26.184080123901367,34.36279296875
0.4503173828125,-0.649169921875,0.0140380859375,-80.62743377685547,21.972654342651367,40.954586029052734
0.3702392578125,-0.805908203125,-0.1490478515625,-72.32666015625,12.878417015075684,28.137205123901367
0.451416015625,-1.0643310546875,-0.2930908203125,-61.157222747802734,3.356933355331421,14.770506858825684
0.599853515625,-1.1981201171875,-0.4560546875,-51.025386810302734,3.540038824081421,8.6669921875
0.6014404296875,-1.1539306640625,-0.4461669921875,-34.423828125,-10.131834983825684,4.94384765625
0.5093994140625,-1.0560302734375,-0.237548828125,-18.9208984375,-44.433589935302734,5.737304210662842
0.4476318359375,-0.9139404296875,-0.0931396484375,-16.90673828125,-43.579097747802734,7.263183116912842
0.41943359375,-0.7767333984375,-0.1015625,-15.380858421325684,2.0751953125,-3.112792730331421
0.373291015625,-0.78125,-0.107177734375,5.981444835662842,41.259761810302734,-33.75244140625
0.395751953125,-0.832763671875,-0.0262451171875,36.80419921875,57.128902435302734,-61.279293060302734
0.579833984375,-0.9913330078125,0.0709228515625,54.016109466552734,72.32666015625,-68.603515625
0.8184814453125,-1.337646484375,0.10400390625,55.419918060302734,95.82518768310547,-77.33154296875
0.9407958984375,-1.4993896484375,0.0577392578125,49.255367279052734,105.95702362060547,-82.03124237060547
0.9095458984375,-1.3175048828125,0.0345458984375,47.363277435302734,78.4912109375,-67.5048828125
0.8013916015625,-1.009033203125,0.114013671875,56.030269622802734,28.747556686401367,-48.339839935302734
0.7152099609375,-0.8212890625,0.339111328125,62.377925872802734,-20.629880905151367,-25.573728561401367
0.72509765625,-0.8638916015625,0.327880859375,41.870113372802734,-18.61572265625,3.051757574081421
0.7249755859375,-0.80126953125,0.2825927734375,27.954099655151367,-16.2353515625,33.447265625
0.7344970703125,-0.75830078125,0.2828369140625,31.799314498901367,-21.545408248901367,43.273921966552734
0.71044921875,-0.787109375,0.312255859375,40.649410247802734,-29.785154342651367,41.625972747802734
0.641845703125,-0.7362060546875,0.330810546875,47.363277435302734,-35.2783203125,45.898433685302734
0.5889892578125,-0.552978515625,0.347900390625,49.560543060302734,-34.423828125,59.875484466552734
0.5638427734375,-0.487548828125,0.3963623046875,40.466304779052734,-31.066892623901367,71.2890625
0.4422607421875,-0.7232666015625,0.41064453125,22.949216842651367,-28.808591842651367,61.218257904052734
0.2138671875,-0.8651123046875,0.2734375,16.78466796875,-22.949216842651367,38.87939453125
0.0716552734375,-0.6456298828125,0.0582275390625,22.216794967651367,-16.17431640625,37.353515625
0.125244140625,-0.363525390625,-0.0198974609375,16.4794921875,-17.9443359375,63.049312591552734
0.27490234375,-0.2877197265625,0.099365234375,-1.220703125,-24.353025436401367,85.57128143310547
0.3499755859375,-0.496826171875,0.282470703125,-17.02880859375,-28.137205123901367,86.91405487060547
0.3447265625,-0.75830078125,0.4005126953125,-20.446775436401367,-35.2783203125,79.2236328125
0.3271484375,-0.8258056640625,0.43115234375,-9.765625,-43.823238372802734,74.76806640625
0.33056640625,-0.782470703125,0.42578125,1.2817381620407104,-44.128414154052734,72.265625
0.36865234375,-0.734130859375,0.411865234375,2.807616949081421,-38.818359375,67.87109375
0.3797607421875,-0.6947021484375,0.38427734375,-0.9155272841453552,-32.53173828125,62.011714935302734
0.3731689453125,-0.7042236328125,0.3863525390625,-5.126952648162842,-32.958984375,55.969234466552734
0.425537109375,-0.7943115234375,0.4515380859375,-8.1787109375,-47.851558685302734,47.302242279052734
0.5013427734375,-0.916015625,0.4990234375,-6.591796398162842,-66.10107421875,31.799314498901367
0.4737548828125,-1.020263671875,0.4010009765625,-0.3662109076976776,-69.580078125,10.314940452575684
0.0325927734375,-1.48388671875,-0.088134765625,-0.1831054538488388,-53.588863372802734,-19.6533203125
0.06689453125,-1.150634765625,0.079833984375,18.1884765625,-118.65233612060547,22.583005905151367
0.0234375,-0.802734375,0.180419921875,13.610838890075684,-140.5029296875,62.438961029052734
0.0113525390625,-0.65478515625,0.2744140625,-1.7700194120407104,-143.6767578125,83.74022674560547
0.0079345703125,-0.66796875,0.2822265625,-7.934569835662842,-139.95361328125,83.86229705810547
0.0064697265625,-0.77197265625,0.195068359375,-5.187987804412842,-129.7607421875,75.8056640625
0.049072265625,-0.910888671875,0.1456298828125,0.4882812201976776,-101.80663299560547,59.387203216552734
0.1282958984375,-1.0296630859375,0.2059326171875,11.413573265075684,-68.66455078125,33.0810546875
0.178955078125,-1.03369140625,0.267333984375,21.606443405151367,-51.879878997802734,15.075682640075684
0.200439453125,-0.911865234375,0.254638671875,22.216794967651367,-48.156734466552734,16.11328125
0.207763671875,-0.759033203125,0.22314453125,15.441893577575684,-42.968746185302734,16.9677734375
0.17919921875,-0.6766357421875,0.2325439453125,7.324218273162842,-32.53173828125,3.662109136581421
0.124755859375,-0.67626953125,0.3060302734375,5.187987804412842,-26.550291061401367,-15.747069358825684
0.0955810546875,-0.7318115234375,0.424560546875,14.709471702575684,-38.818359375,-31.249998092651367
0.0809326171875,-0.9378662109375,0.5340576171875,27.465818405151367,-59.020992279052734,-42.907711029052734
0.0506591796875,-1.317138671875,0.5733642578125,30.151365280151367,-45.776363372802734,-61.157222747802734
-0.065673828125,-1.6312255859375,0.357177734375,6.408690929412842,79.1015625,-61.645503997802734
-0.0439453125,-1.290771484375,0.19921875,1.3427733182907104,76.96533203125,-22.705076217651367
-0.0655517578125,-0.507568359375,0.0850830078125,-4.0283203125,-9.3994140625,26.306150436401367
-0.0220947265625,-0.562255859375,0.310302734375,-8.48388671875,-35.94970703125,19.22607421875
0.0159912109375,-0.883056640625,0.596435546875,-10.681151390075684,-38.4521484375,4.150390625
0.0115966796875,-1.0845947265625,0.7464599609375,-4.33349609375,-17.27294921875,-5.554198741912842
0.0372314453125,-1.0013427734375,0.7025146484375,7.507323741912842,11.901854515075684,-7.995604991912842
0.077880859375,-0.843505859375,0.5426025390625,10.681151390075684,40.283199310302734,-8.97216796875
0.0859375,-0.7957763671875,0.3800048828125,1.4038084745407104,69.39697265625,-13.732909202575684
0.074951171875,-0.85595703125,0.275146484375,-11.352538108825684,93.50585174560547,-21.362302780151367
0.068603515625,-0.917724609375,0.2269287109375,-21.057126998901367,100.21971893310547,-21.484373092651367
0.1561279296875,-0.9481201171875,0.2552490234375,-25.085447311401367,79.16259765625,-7.202147960662842
0.271484375,-1.039794921875,0.2900390625,-22.827146530151367,46.203609466552734,2.929687261581421
0.203125,-1.1751708984375,0.1199951171875,-21.057126998901367,38.9404296875,-7.629394054412842
0.033935546875,-1.1947021484375,-0.1900634765625,-24.719236373901367,56.396480560302734,-19.95849609375
-0.0570068359375,-1.103759765625,-0.3154296875,-22.338865280151367,43.151851654052734,-15.808104515075684
-0.0013427734375,-1.0177001953125,-0.1805419921875,-13.854979515075684,-19.34814453125,-0.8544921278953552
0.0621337890625,-0.9473876953125,0.0341796875,-14.221190452575684,-70.1904296875,15.624999046325684
-0.0009765625,-0.8790283203125,0.1563720703125,-19.95849609375,-84.41161346435547,27.526853561401367
-0.064453125,-0.8680419921875,0.154052734375,-20.507810592651367,-94.36034393310547,30.273435592651367
-0.110107421875,-0.995849609375,0.1146240234375,-16.845703125,-94.42137908935547,20.812986373901367
-0.1702880859375,-1.165283203125,0.1319580078125,-8.4228515625,-72.69287109375,3.234863042831421
-0.1890869140625,-1.2220458984375,0.2103271484375,4.39453125,-51.696773529052734,-4.5166015625
-0.075927734375,-1.08837890625,0.32275390625,12.939452171325684,-38.6962890625,11.230467796325684
0.173095703125,-0.9207763671875,0.453369140625,15.930174827575684,-13.305663108825684,24.047849655151367
0.3798828125,-0.9085693359375,0.491455078125,11.535643577575684,43.518062591552734,3.540038824081421
0.3841552734375,-0.9398193359375,0.3428955078125,-1.8920897245407104,117.55370330810547,-27.954099655151367
0.258056640625,-0.9736328125,0.1256103515625,-17.7001953125,164.61180114746094,-41.687007904052734
0.172607421875,-1.02685546875,0.0396728515625,-28.503416061401367,165.58836364746094,-43.395992279052734
0.1298828125,-0.9844970703125,0.0400390625,-27.343748092651367,137.39013671875,-41.076656341552734
0.104736328125,-0.8370361328125,0.0115966796875,-14.709471702575684,97.53417205810547,-34.72900390625
0.14013671875,-0.7828369140625,0.0137939453125,-6.713866710662842,56.701656341552734,-23.132322311401367
0.2293701171875,-0.863037109375,0.1043701171875,-8.60595703125,29.479978561401367,-7.751464366912842
0.3170166015625,-0.87939453125,0.223388671875,-5.126952648162842,18.4326171875,2.685546636581421
0.27099609375,-0.7496337890625,0.177734375,5.676269054412842,13.366698265075684,7.202147960662842
0.25341796875,-0.7320556640625,0.037841796875,8.4228515625,11.901854515075684,7.141112804412842
0.3060302734375,-1.0615234375,0.1029052734375,4.0283203125,20.385740280151367,-12.817381858825684
0.265380859375,-1.3702392578125,0.325439453125,14.892577171325684,25.939939498901367,-45.166011810302734
0.2081298828125,-1.14990234375,0.412841796875,48.095699310302734,21.789548873901367,-64.63623046875
0.11669921875,-0.6412353515625,0.3426513671875,65.0634765625,44.494625091552734,-70.068359375
0.1683349609375,-0.2698974609375,0.3370361328125,41.564937591552734,97.53417205810547,-61.950679779052734
0.4228515625,-0.239990234375,0.4251708984375,4.5166015625,149.0478515625,-51.818843841552734
0.677978515625,-0.5806884765625,0.4449462890625,-24.291990280151367,196.89939880371094,-68.603515625
0.685791015625,-0.97705078125,0.3720703125,-39.306640625,254.15037536621094,-110.53466033935547
0.3228759765625,-1.19921875,0.32275390625,-35.7666015625,286.07177734375,-139.09912109375
0.15087890625,-0.675048828125,0.44580078125,7.263183116912842,148.49853515625,-76.66015625
0.3145751953125,-0.542724609375,0.3922119140625,-8.97216796875,116.21092987060547,-55.236812591552734
0.278564453125,-0.60888671875,0.193115234375,-41.076656341552734,156.005859375,-61.889644622802734
0.1636962890625,-0.6793212890625,0.0880126953125,-55.419918060302734,195.12937927246094,-69.580078125
0.1041259765625,-0.741943359375,0.1781005859375,-48.461910247802734,184.38719177246094,-69.82421875
0.11279296875,-0.773193359375,0.2764892578125,-40.832515716552734,156.92138671875,-61.157222747802734
0.1640625,-0.7161865234375,0.245361328125,-45.471187591552734,156.92138671875,-41.503902435302734
0.1876220703125,-0.6514892578125,0.0966796875,-50.659175872802734,174.92674255371094,-27.282712936401367
0.1514892578125,-0.6510009765625,-0.030517578125,-40.710445404052734,174.01121520996094,-27.770994186401367
0.17578125,-0.715576171875,0.093017578125,-19.287109375,143.5546875,-25.634763717651367
0.262939453125,-0.886962890625,0.477783203125,1.5258787870407104,112.60985565185547,-11.413573265075684
0.201171875,-1.1094970703125,0.8055419921875,22.033689498901367,107.11669158935547,13.183592796325684
-0.01513671875,-1.1640625,0.79931640625,58.471675872802734,114.44091033935547,46.020503997802734
-0.5841064453125,-1.383544921875,0.917724609375,98.93798065185547,119.07958221435547,99.12108612060547
-1.1104736328125,-1.947998046875,1.7396240234375,152.89306640625,114.19676971435547,156.3720703125
-0.8955078125,-2.0252685546875,2.0458984375,216.67478942871094,129.57763671875,182.00682067871094
-0.438232421875,-1.081298828125,0.9639892578125,194.21385192871094,244.75096130371094,225.64695739746094
-0.04248046875,0.9140625,-0.8514404296875,-18.37158203125,461.2426452636719,221.55760192871094
-0.83544921875,1.4630126953125,-1.2867431640625,-75.0732421875,315.91796875,174.07225036621094
-1.3778076171875,0.9140625,-0.9921875,-50.109859466552734,130.79833984375,91.73583221435547
-1.296630859375,0.349609375,-0.5450439453125,-18.1884765625,18.00537109375,38.9404296875
-0.9375,0.1771240234375,-0.2957763671875,-13.549803733825684,-51.818843841552734,34.0576171875
-0.7994384765625,0.063232421875,-0.1329345703125,-14.770506858825684,-75.25634765625,39.36767578125
-0.84130859375,0.08447265625,-0.0545654296875,-15.319823265075684,-37.78076171875,48.461910247802734
-0.8179931640625,0.3150634765625,-0.0810546875,-12.207030296325684,12.329100608825684,58.166500091552734
-0.78173828125,0.51611328125,-0.2034912109375,10.925292015075684,2.44140625,43.212886810302734
-0.8472900390625,0.4776611328125,-0.2401123046875,45.349117279052734,-62.622066497802734,-3.051757574081421
-0.9515380859375,0.307861328125,-0.04638671875,55.297847747802734,-101.13524627685547,-35.82763671875
-1.0006103515625,0.244384765625,0.1270751953125,39.36767578125,-85.14403533935547,-21.728513717651367
-1.0357666015625,0.2730712890625,0.1214599609375,24.108884811401367,-45.959468841552734,-0.54931640625
-1.057861328125,0.2413330078125,0.040283203125,20.690916061401367,-13.183592796325684,-5.493163585662842
-1.01318359375,0.136962890625,-0.0059814453125,21.911619186401367,0.4882812201976776,-19.34814453125
-0.9681396484375,0.1153564453125,-0.034423828125,20.568845748901367,5.920409679412842,-26.184080123901367
-0.955078125,0.226318359375,-0.04248046875,14.343260765075684,5.676269054412842,-26.489255905151367
-0.9473876953125,0.3277587890625,0.0068359375,6.713866710662842,-7.141112804412842,-25.756834030151367
-0.9195556640625,0.354736328125,0.1053466796875,3.784179449081421,-23.803709030151367,-33.3251953125
-0.9241943359375,0.3023681640625,0.146484375,3.112792730331421,-23.681638717651367,-54.321285247802734
-1.0067138671875,0.146240234375,0.0540771484375,-3.295898199081421,1.0986328125,-79.77294921875
-1.093505859375,-0.009033203125,-0.064697265625,-10.070799827575684,27.709959030151367,-98.26659393310547
-1.117431640625,-0.108642578125,-0.0841064453125,-8.60595703125,29.663084030151367,-105.95702362060547
-1.0782470703125,-0.171630859375,-0.017822265625,-5.126952648162842,12.084959983825684,-98.08348846435547
-1.002685546875,-0.1778564453125,0.0306396484375,-4.2724609375,-0.9765624403953552,-84.71678924560547
-0.9276123046875,-0.189697265625,0.0087890625,-4.21142578125,2.807616949081421,-85.69335174560547
-0.8857421875,-0.29296875,-0.048095703125,-5.981444835662842,17.822265625,-99.97557830810547
-0.861572265625,-0.4383544921875,-0.0819091796875,-8.544921875,28.015134811401367,-112.30467987060547
-0.8175048828125,-0.525390625,-0.0599365234375,-6.591796398162842,23.132322311401367,-113.95262908935547
-0.7607421875,-0.541015625,-0.0106201171875,-1.4038084745407104,8.11767578125,-104.49217987060547
-0.7113037109375,-0.516845703125,0.005859375,2.25830078125,-2.868652105331421,-93.44481658935547
-0.67724609375,-0.57470703125,-0.0032958984375,2.807616949081421,-0.0610351525247097,-92.40721893310547
-0.6419677734375,-0.745361328125,0.0028076171875,0.2441406100988388,13.244627952575684,-95.94725799560547
-0.5638427734375,-0.8946533203125,-0.005615234375,-2.624511480331421,26.733396530151367,-90.51512908935547
-0.4644775390625,-0.955078125,-0.0445556640625,-6.835937023162842,37.7197265625,-82.64159393310547
-0.3740234375,-0.9686279296875,-0.0802001953125,-14.831542015075684,41.625972747802734,-84.41161346435547
-0.308837890625,-0.9937744140625,-0.10791015625,-24.108884811401367,32.8369140625,-87.21923065185547
-0.2845458984375,-1.02880859375,-0.1185302734375,-32.3486328125,17.88330078125,-79.89501953125
-0.3067626953125,-1.04931640625,-0.105224609375,-36.376953125,0.6103515625,-66.2841796875
-0.3603515625,-1.033203125,-0.0919189453125,-36.1328125,-17.51708984375,-53.466793060302734
-0.37744140625,-0.997802734375,-0.0987548828125,-38.57421875,-23.864744186401367,-44.006343841552734
-0.2685546875,-0.9461669921875,-0.2144775390625,-47.668453216552734,20.385740280151367,-43.884273529052734
-0.223388671875,-0.916259765625,-0.30419921875,-46.142574310302734,42.907711029052734,-48.034664154052734
-0.1912841796875,-0.8492431640625,-0.3914794921875,-42.236324310302734,50.048824310302734,-51.513668060302734
-0.15380859375,-0.80322265625,-0.454345703125,-36.376953125,39.73388671875,-58.410640716552734
-0.1474609375,-0.7908935546875,-0.5,-29.357908248901367,17.4560546875,-63.781734466552734
-0.1827392578125,-0.8297119140625,-0.500244140625,-21.362302780151367,0.1831054538488388,-66.22314453125
-0.1937255859375,-0.8992919921875,-0.477783203125,-13.427733421325684,-2.25830078125,-70.1904296875
-0.1727294921875,-0.916015625,-0.50732421875,-10.559081077575684,6.469726085662842,-72.998046875
-0.1239013671875,-0.874267578125,-0.5498046875,-14.587401390075684,17.578125,-70.80078125
-0.05712890625,-0.8302001953125,-0.5372314453125,-17.578125,23.925779342651367,-69.580078125
0.0078125,-0.821044921875,-0.4697265625,-10.375975608825684,24.902341842651367,-77.57568359375
0.082763671875,-0.823974609375,-0.4244384765625,2.44140625,28.564451217651367,-90.88134002685547
0.171875,-0.8270263671875,-0.4608154296875,8.6669921875,40.283199310302734,-94.29930877685547
0.3206787109375,-0.8837890625,-0.495849609375,4.57763671875,53.466793060302734,-81.42089080810547
0.5184326171875,-0.96044921875,-0.477783203125,-6.164550304412842,64.27001953125,-59.875484466552734
0.580810546875,-0.956298828125,-0.481689453125,-18.49365234375,77.57568359375,-34.48486328125
0.508544921875,-0.8643798828125,-0.47607421875,-37.109375,87.28026580810547,17.76123046875
0.508056640625,-0.7706298828125,-0.500732421875,-45.715328216552734,81.11571502685547,34.72900390625
0.5107421875,-0.74072265625,-0.5194091796875,-45.837398529052734,76.0498046875,34.7900390625
0.5181884765625,-0.7894287109375,-0.517333984375,-43.945308685302734,70.068359375,23.986814498901367
0.5302734375,-0.750244140625,-0.5137939453125,-42.358394622802734,60.974117279052734,14.038084983825684
0.5260009765625,-0.6949462890625,-0.468994140625,-40.283199310302734,51.025386810302734,3.662109136581421
0.533447265625,-0.704833984375,-0.392333984375,-38.9404296875,45.104976654052734,-8.4228515625
0.5657958984375,-0.7430419921875,-0.33349609375,-33.69140625,43.212886810302734,-16.6015625
0.59033203125,-0.849609375,-0.2713623046875,-27.221677780151367,42.358394622802734,-14.343260765075684
0.60595703125,-0.98876953125,-0.2061767578125,-21.972654342651367,40.466304779052734,-1.3427733182907104
0.637939453125,-1.087158203125,-0.135986328125,-10.742186546325684,35.15625,6.958007335662842
0.6915283203125,-1.1441650390625,-0.0521240234375,6.652831554412842,23.681638717651367,2.25830078125
0.7166748046875,-1.1201171875,-0.053955078125,20.446775436401367,13.061522483825684,-0.6103515625
0.6800537109375,-1.016357421875,-0.165771484375,25.756834030151367,12.817381858825684,3.295898199081421
0.6278076171875,-0.8985595703125,-0.26513671875,26.916501998901367,11.596678733825684,6.286620616912842
0.584228515625,-0.7928466796875,-0.2806396484375,31.127927780151367,-2.38037109375,3.723144292831421
0.5218505859375,-0.6917724609375,-0.2440185546875,39.61181640625,-24.658201217651367,-1.2817381620407104
0.462890625,-0.619873046875,-0.189697265625,44.189449310302734,-45.898433685302734,2.38037109375
0.445556640625,-0.582275390625,-0.1815185546875,41.931148529052734,-56.945796966552734,17.4560546875
0.4405517578125,-0.5645751953125,-0.291748046875,39.00146484375,-50.476070404052734,30.761716842651367
0.4405517578125,-0.5762939453125,-0.4493408203125,38.4521484375,-35.33935546875,33.5693359375
0.48974609375,-0.61376953125,-0.48876953125,42.663570404052734,-30.273435592651367,27.282712936401367
0.546875,-0.670654296875,-0.3836669921875,51.147457122802734,-36.9873046875,16.17431640625
0.5423583984375,-0.7374267578125,-0.2752685546875,54.199214935302734,-41.503902435302734,11.169432640075684
0.47021484375,-0.7379150390625,-0.2259521484375,51.574703216552734,-34.72900390625,10.498045921325684
0.367919921875,-0.662109375,-0.19921875,49.682613372802734,-23.132322311401367,2.929687261581421
0.29736328125,-0.6668701171875,-0.166259765625,41.931148529052734,-14.038084983825684,-8.544921875
0.3057861328125,-0.8389892578125,-0.089111328125,30.578611373901367,-6.896972179412842,-23.254392623901367
0.407958984375,-1.0865478515625,0.035400390625,30.517576217651367,7.080077648162842,-37.78076171875
0.58447265625,-1.3433837890625,0.1588134765625,42.602535247802734,39.48974609375,-30.395505905151367
0.8133544921875,-1.4281005859375,0.12353515625,55.725093841552734,90.14891815185547,-8.97216796875
0.74560546875,-1.132568359375,-0.1295166015625,51.574703216552734,144.53125,4.69970703125
0.449951171875,-0.715087890625,-0.214111328125,20.568845748901367,144.1650390625,29.602048873901367
0.4073486328125,-0.599609375,0.0506591796875,-15.563963890075684,78.9794921875,64.453125
0.57861328125,-0.7391357421875,0.291748046875,-20.935056686401367,35.64453125,65.49072265625
0.7081298828125,-0.9525146484375,0.2529296875,0.6713866591453552,49.072261810302734,21.728513717651367
0.6224365234375,-1.1925048828125,0.0582275390625,12.451170921325684,65.5517578125,-17.27294921875
0.434814453125,-1.283935546875,-0.052490234375,8.72802734375,36.56005859375,-10.498045921325684
0.340087890625,-1.2186279296875,0.0150146484375,10.375975608825684,-21.606443405151367,20.935056686401367
0.3446044921875,-1.14111328125,0.1632080078125,26.062009811401367,-69.091796875,40.893550872802734
0.4862060546875,-1.041259765625,0.277587890625,63.415523529052734,-104.00389862060547,32.28759765625
0.5853271484375,-0.898193359375,0.250732421875,71.35009765625,-100.83007049560547,21.789548873901367
0.5994873046875,-0.6865234375,0.154052734375,65.00244140625,-86.60887908935547,18.61572265625
0.5460205078125,-0.5557861328125,0.041748046875,48.889156341552734,-73.486328125,18.5546875
0.5008544921875,-0.6134033203125,0.02685546875,34.912109375,-76.904296875,19.10400390625
0.458740234375,-0.784912109375,0.099853515625,30.944822311401367,-96.31346893310547,23.132322311401367
0.4044189453125,-0.911376953125,0.1641845703125,35.2783203125,-115.96678924560547,30.517576217651367
0.350830078125,-0.8621826171875,0.1617431640625,39.55078125,-122.43651580810547,42.114253997802734
0.2784423828125,-0.6024169921875,0.08056640625,40.588375091552734,-114.19676971435547,53.649898529052734
0.219482421875,-0.2576904296875,-0.0228271484375,36.4990234375,-99.48729705810547,60.974117279052734
0.2269287109375,-0.140625,-0.033935546875,21.545408248901367,-87.21923065185547,65.61279296875
0.3189697265625,-0.4947509765625,0.1805419921875,3.601073980331421,-91.85790252685547,58.715816497802734
0.3707275390625,-1.166748046875,0.50048828125,7.446288585662842,-122.49755096435547,33.3251953125
0.2620849609375,-1.672119140625,0.586669921875,36.31591796875,-140.9912109375,6.774901866912842
0.1617431640625,-1.4923095703125,0.4449462890625,56.823726654052734,-111.69432830810547,7.995604991912842
0.1427001953125,-0.817626953125,0.2735595703125,46.691890716552734,-68.17626953125,44.494625091552734
0.0784912109375,-0.4813232421875,0.136474609375,21.301267623901367,-49.926753997802734,70.6787109375
0.0076904296875,-0.6837158203125,0.12060546875,7.873534679412842,-52.124019622802734,52.368160247802734
0.031494140625,-0.9732666015625,0.218505859375,13.610838890075684,-57.983394622802734,22.094724655151367
0.07177734375,-1.084716796875,0.198486328125,21.057126998901367,-57.556148529052734,14.587401390075684
0.0294189453125,-1.0738525390625,0.00146484375,17.51708984375,-49.255367279052734,23.376462936401367
0.000244140625,-1.072998046875,-0.119873046875,10.742186546325684,-51.391597747802734,28.137205123901367
0.0223388671875,-1.1195068359375,-0.0760498046875,10.559081077575684,-76.47705078125,30.029294967651367
0.007568359375,-1.167236328125,0.0064697265625,13.305663108825684,-108.09325408935547,44.128414154052734
0.3203125,-1.0933837890625,0.3056640625,7.141112804412842,-134.09423828125,82.64159393310547
0.473388671875,-0.9908447265625,0.415771484375,3.723144292831421,-107.78807830810547,61.645503997802734
0.381591796875,-0.8182373046875,0.3262939453125,0.9155272841453552,-69.82421875,40.649410247802734
0.262451171875,-0.8636474609375,0.2347412109375,-2.197265625,-61.279293060302734,31.372068405151367
0.218994140625,-1.0343017578125,0.27392578125,2.563476324081421,-81.78710174560547,20.812986373901367
0.160888671875,-0.974853515625,0.3084716796875,18.798828125,-103.57665252685547,15.808104515075684
0.095703125,-0.7562255859375,0.26025390625,30.151365280151367,-116.27196502685547,27.648923873901367
0.0740966796875,-0.6650390625,0.236083984375,23.132322311401367,-119.50682830810547,42.785640716552734
0.0648193359375,-0.7559814453125,0.3199462890625,9.33837890625,-112.85399627685547,40.466304779052734
0.0478515625,-0.88916015625,0.4610595703125,5.126952648162842,-105.95702362060547,28.076169967651367
0.0191650390625,-0.9442138671875,0.5389404296875,8.30078125,-99.48729705810547,23.864744186401367
0.0072021484375,-0.913818359375,0.511962890625,7.324218273162842,-81.48192596435547,26.977537155151367
0.0272216796875,-0.8818359375,0.4459228515625,1.9531248807907104,-53.283687591552734,27.099607467651367
0.0262451171875,-0.9483642578125,0.42919921875,-0.8544921278953552,-32.53173828125,21.484373092651367
-0.0189208984375,-1.047119140625,0.435791015625,2.0751953125,-36.19384765625,21.179197311401367
-0.0035400390625,-1.112060546875,0.3963623046875,6.347655773162842,-56.640621185302734,31.433103561401367
0.1319580078125,-1.229248046875,0.2811279296875,6.347655773162842,-55.969234466552734,30.517576217651367
0.2076416015625,-1.2730712890625,0.0216064453125,0.1831054538488388,-16.05224609375,6.408690929412842
0.1431884765625,-1.084228515625,-0.3194580078125,-12.268065452575684,15.197752952575684,-8.544921875
0.1177978515625,-0.88623046875,-0.382568359375,-18.61572265625,-20.385740280151367,-0.1220703050494194
0.1199951171875,-0.8748779296875,-0.0689697265625,-8.4228515625,-96.61864471435547,3.540038824081421
0.0311279296875,-0.931640625,0.273193359375,2.38037109375,-136.474609375,3.662109136581421
-0.0655517578125,-0.90771484375,0.39501953125,-0.30517578125,-126.64794158935547,19.04296875
-0.10498046875,-0.84716796875,0.30224609375,-6.164550304412842,-104.30907440185547,36.07177734375
-0.1148681640625,-0.91796875,0.1739501953125,-5.432128429412842,-83.49608612060547,33.63037109375
-0.09130859375,-1.0552978515625,0.1424560546875,2.746581792831421,-65.4296875,16.29638671875
-0.060302734375,-1.0380859375,0.1229248046875,13.183592796325684,-50.476070404052734,7.629394054412842
-0.05615234375,-0.9422607421875,0.07763671875,16.11328125,-35.888671875,15.930174827575684
0.0130615234375,-0.9642333984375,0.1566162109375,13.000487327575684,-29.052732467651367,26.611326217651367
0.1900634765625,-1.0958251953125,0.360107421875,14.770506858825684,-26.855466842651367,21.484373092651367
0.335693359375,-1.1236572265625,0.4222412109375,17.63916015625,-6.469726085662842,-0.8544921278953552
0.3040771484375,-1.0399169921875,0.161865234375,8.97216796875,36.0107421875,-19.53125
0.182373046875,-1.09912109375,-0.1397705078125,-12.634276390075684,65.85693359375,-22.583005905151367
0.155029296875,-1.20166015625,-0.1434326171875,-27.160642623901367,38.63525390625,-9.8876953125
0.1826171875,-1.037353515625,0.0321044921875,-7.507323741912842,-52.246089935302734,7.995604991912842
0.216064453125,-0.749755859375,0.17041015625,30.700681686401367,-154.296875,17.578125
0.2364501953125,-0.7281494140625,0.221435546875,37.9638671875,-194.33592224121094,22.949216842651367
0.2064208984375,-0.901611328125,0.2188720703125,8.60595703125,-160.70555114746094,33.69140625
0.23388671875,-0.9647216796875,0.244140625,-18.6767578125,-120.23925018310547,46.203609466552734
0.28515625,-0.81396484375,0.253173828125,-25.085447311401367,-141.4794921875,38.4521484375
0.1737060546875,-0.8663330078125,0.1884765625,-29.541013717651367,-158.02001953125,20.141599655151367
-0.0179443359375,-1.1146240234375,0.0972900390625,-34.3017578125,-160.5224609375,-3.479003667831421
-0.1063232421875,-1.362548828125,0.0391845703125,-25.695798873901367,-155.94482421875,-25.634763717651367
-0.026123046875,-1.25634765625,0.0594482421875,-8.30078125,-141.357421875,-28.564451217651367
0.0308837890625,-0.924072265625,0.0804443359375,-1.220703125,-106.26219940185547,-10.498045921325684
0.0037841796875,-0.7943115234375,0.00830078125,-3.540038824081421,-57.800289154052734,-1.2817381620407104
-0.062744140625,-0.8927001953125,-0.1068115234375,-0.9765624403953552,-18.6767578125,-16.29638671875
-0.0732421875,-0.9862060546875,-0.1009521484375,9.1552734375,-14.709471702575684,-32.2265625
0.000732421875,-0.980224609375,0.0238037109375,26.367185592651367,-53.161617279052734,-26.245115280151367
0.0552978515625,-1.0018310546875,0.1197509765625,43.701168060302734,-99.60936737060547,-8.85009765625
0.0599365234375,-1.10791015625,0.1302490234375,51.330562591552734,-110.16844940185547,-1.7700194120407104
0.0286865234375,-1.1632080078125,0.0718994140625,50.842281341552734,-88.13475799560547,-4.150390625
-0.00634765625,-1.1075439453125,-0.0101318359375,45.288082122802734,-69.4580078125,4.2724609375
0.076904296875,-1.1142578125,-0.0089111328125,32.8369140625,-65.5517578125,24.902341842651367
0.2705078125,-1.19580078125,0.164794921875,17.63916015625,-55.236812591552734,30.212400436401367
0.3731689453125,-1.0347900390625,0.382568359375,11.291502952575684,-36.80419921875,23.681638717651367
0.314208984375,-0.7525634765625,0.4366455078125,15.624999046325684,-33.87451171875,26.611326217651367
0.2215576171875,-0.7974853515625,0.391357421875,17.27294921875,-40.527339935302734,20.324705123901367
0.153564453125,-1.020263671875,0.366943359375,12.695311546325684,-29.235837936401367,-5.0048828125
0.0966796875,-1.0025634765625,0.304443359375,14.282225608825684,-7.019042491912842,-19.775390625
0.087890625,-0.7774658203125,0.2069091796875,19.287109375,-3.967284917831421,-6.225585460662842
0.10791015625,-0.676025390625,0.19921875,11.779784202575684,-15.808104515075684,15.380858421325684
0.1031494140625,-0.819091796875,0.302978515625,-0.54931640625,-24.780271530151367,19.8974609375
0.0877685546875,-0.9979248046875,0.400390625,4.2724609375,-33.0810546875,6.713866710662842
0.09033203125,-1.0106201171875,0.3916015625,19.04296875,-35.5224609375,-4.08935546875
0.1005859375,-0.90966796875,0.2969970703125,18.4326171875,-24.414060592651367,-1.0986328125
0.107177734375,-0.8447265625,0.205322265625,2.44140625,-14.343260765075684,5.065917491912842
0.1280517578125,-0.8509521484375,0.169189453125,-5.859374523162842,-23.986814498901367,2.624511480331421
0.2510986328125,-0.812255859375,0.2022705078125,4.21142578125,-51.513668060302734,-5.615233898162842
0.498779296875,-0.7462158203125,0.3387451171875,16.11328125,-75.01220703125,-15.258788108825684
0.64990234375,-0.822509765625,0.4154052734375,6.958007335662842,-73.486328125,-24.719236373901367
0.5635986328125,-0.92919921875,0.2020263671875,-16.7236328125,-40.405269622802734,-30.334470748901367
0.3948974609375,-0.84130859375,-0.072998046875,-20.568845748901367,-13.549803733825684,-35.15625
0.30322265625,-0.6837158203125,-0.13427734375,-0.1220703050494194,-35.21728515625,-37.841796875
0.345703125,-0.69189453125,-0.022216796875,15.441893577575684,-85.26610565185547,-33.447265625
0.379150390625,-0.745361328125,0.132568359375,21.423337936401367,-118.10301971435547,-27.221677780151367
0.3043212890625,-0.6331787109375,0.169921875,28.381345748901367,-125.30516815185547,-19.59228515625
0.279052734375,-0.479736328125,0.122802734375,27.770994186401367,-128.47900390625,-7.568358898162842
0.2781982421875,-0.47021484375,0.067138671875,9.6435546875,-124.69481658935547,4.82177734375
0.25537109375,-0.58544921875,0.0040283203125,-12.084959983825684,-111.63329315185547,11.779784202575684
0.27490234375,-0.717041015625,-0.02587890625,-19.10400390625,-109.49706268310547,19.95849609375
0.3782958984375,-0.7001953125,0.017333984375,-12.023924827575684,-125.61034393310547,45.959468841552734
0.50634765625,-0.4510498046875,0.2164306640625,0.8544921278953552,-142.08984375,69.03076171875
0.4805908203125,-0.3853759765625,0.573974609375,11.230467796325684,-134.09423828125,66.40625
0.520751953125,-0.6676025390625,0.6790771484375,11.291502952575684,-102.78319549560547,65.97900390625
0.18701171875,-1.55078125,-0.932373046875,-62.011714935302734,-2.3193359375,105.95702362060547
-0.1671142578125,-2.3809814453125,-1.536865234375,-149.0478515625,39.00146484375,149.96337890625
-0.018310546875,-2.7962646484375,-1.3431396484375,-268.00537109375,47.119136810302734,148.49853515625
-0.021240234375,-1.5001220703125,-1.051513671875,-332.3363952636719,-9.3994140625,180.11473083496094
-0.276611328125,0.9710693359375,-0.6641845703125,-266.05224609375,-42.053218841552734,222.59519958496094
-0.5125732421875,1.3360595703125,-0.4954833984375,-138.18359375,-0.0610351525247097,141.4794921875
-0.6326904296875,0.0015869140625,-1.186279296875,-52.917476654052734,6.103515148162842,31.372068405151367
-0.7100830078125,-0.3590087890625,-1.7578125,-34.85107421875,-50.842281341552734,28.747556686401367
-0.6182861328125,0.00439453125,-1.374267578125,-53.405757904052734,-98.32762908935547,84.22850799560547
-0.5245361328125,0.07275390625,-0.7705078125,-49.377437591552734,-103.39354705810547,91.12548065185547
-0.5675048828125,-0.1209716796875,-0.459716796875,-21.362302780151367,-80.44432830810547,58.654781341552734
-0.6156005859375,-0.24462890625,-0.4918212890625,-23.193357467651367,-48.217769622802734,50.964351654052734
-0.67333984375,-0.12060546875,-0.7266845703125,-38.330078125,-23.742673873901367,65.12451171875
-0.7113037109375,0.0374755859375,-0.810791015625,-35.400390625,-20.812986373901367,71.044921875
-0.6944580078125,0.0618896484375,-0.6661376953125,-17.51708984375,-37.59765625,59.509273529052734
-0.7059326171875,0.07177734375,-0.5323486328125,7.812499523162842,-50.231929779052734,40.0390625
-0.738037109375,0.08935546875,-0.5306396484375,26.550291061401367,-38.330078125,19.53125
-0.745361328125,0.0540771484375,-0.6114501953125,30.273435592651367,-6.652831554412842,-2.3193359375
-0.7369384765625,-0.009521484375,-0.6767578125,26.184080123901367,17.88330078125,-20.812986373901367
-0.7471923828125,-0.069580078125,-0.6959228515625,19.22607421875,20.629880905151367,-28.198240280151367
-0.7581787109375,-0.091064453125,-0.6943359375,10.192870140075684,12.878417015075684,-23.071287155151367
-0.749755859375,-0.0477294921875,-0.6771240234375,3.112792730331421,9.94873046875,-12.695311546325684
-0.72705078125,0.0194091796875,-0.6702880859375,3.173827886581421,9.27734375,-7.202147960662842
-0.7100830078125,0.05126953125,-0.7003173828125,11.718749046325684,4.45556640625,-12.512206077575684
-0.704345703125,0.035400390625,-0.75,23.986814498901367,0.9155272841453552,-24.902341842651367
-0.707275390625,-0.0107421875,-0.79736328125,34.66796875,2.38037109375,-38.51318359375
-0.7210693359375,-0.0863037109375,-0.824462890625,42.724605560302734,5.126952648162842,-52.185054779052734
-0.7392578125,-0.2088623046875,-0.815673828125,49.133296966552734,7.324218273162842,-64.208984375
-0.727294921875,-0.3375244140625,-0.767578125,55.969234466552734,6.591796398162842,-70.37353515625
-0.6890869140625,-0.4208984375,-0.7008056640625,63.476558685302734,1.4038084745407104,-71.47216796875
-0.625732421875,-0.4515380859375,-0.6392822265625,66.83349609375,0.3662109076976776,-69.64111328125
-0.5238037109375,-0.4884033203125,-0.5836181640625,62.622066497802734,10.070799827575684,-66.650390625
-0.4259033203125,-0.568115234375,-0.53662109375,56.823726654052734,23.925779342651367,-67.81005859375
-0.3297119140625,-0.6605224609375,-0.503662109375,58.471675872802734,31.005857467651367,-74.40185546875
-0.2550048828125,-0.7496337890625,-0.4898681640625,64.27001953125,34.7900390625,-81.48192596435547
-0.2242431640625,-0.79052734375,-0.494140625,65.36865234375,43.029781341552734,-82.27538299560547
-0.1990966796875,-0.7998046875,-0.4981689453125,61.767574310302734,47.546382904052734,-78.9794921875
-0.1529541015625,-0.8414306640625,-0.472900390625,56.335445404052734,38.63525390625,-75.13427734375
-0.1307373046875,-0.9041748046875,-0.448974609375,48.034664154052734,22.888181686401367,-65.61279296875
-0.0716552734375,-0.966796875,-0.401611328125,43.518062591552734,-11.169432640075684,-44.799800872802734
-0.0738525390625,-0.9862060546875,-0.2479248046875,55.419918060302734,-24.841306686401367,-48.950191497802734
-0.109130859375,-0.9556884765625,-0.113037109375,55.664058685302734,-27.465818405151367,-48.339839935302734
-0.145751953125,-0.9273681640625,-0.1470947265625,32.2265625,-12.451170921325684,-42.053218841552734
-0.1358642578125,-0.9442138671875,-0.2626953125,11.474608421325684,10.864256858825684,-50.720211029052734
-0.086669921875,-0.9847412109375,-0.3209228515625,11.047362327575684,23.132322311401367,-67.93212890625
-0.0216064453125,-1.000732421875,-0.2821044921875,14.282225608825684,18.24951171875,-74.15771484375
0.0699462890625,-0.9927978515625,-0.23291015625,11.291502952575684,-0.0,-77.20947265625
0.0870361328125,-1.0015869140625,-0.2493896484375,5.371093273162842,-24.597166061401367,-88.31786346435547
0.0404052734375,-0.9720458984375,-0.3155517578125,1.4648436307907104,-40.0390625,-104.43114471435547
0.15283203125,-0.935546875,-0.3946533203125,2.868652105331421,-28.747556686401367,-120.11717987060547
0.414306640625,-1.025390625,-0.4332275390625,0.3662109076976776,2.25830078125,-124.93895721435547
0.6026611328125,-1.13720703125,-0.451904296875,-19.95849609375,30.883787155151367,-100.76903533935547
0.6639404296875,-1.1163330078125,-0.491455078125,-49.743648529052734,47.790523529052734,-57.312007904052734
0.631103515625,-1.0352783203125,-0.5040283203125,-68.78662109375,53.283687591552734,-26.611326217651367
0.569580078125,-0.9716796875,-0.4459228515625,-77.45361328125,50.964351654052734,-16.78466796875
0.3831787109375,-0.6810302734375,-0.4761962890625,-107.48290252685547,67.2607421875,3.112792730331421
0.415283203125,-0.5355224609375,-0.5135498046875,-117.30956268310547,66.58935546875,19.34814453125
0.454833984375,-0.543701171875,-0.4656982421875,-116.94335174560547,62.683101654052734,29.479978561401367
0.4810791015625,-0.6910400390625,-0.3775634765625,-110.59569549560547,72.021484375,31.616209030151367
0.557373046875,-0.8221435546875,-0.33251953125,-99.91454315185547,87.64647674560547,26.794431686401367
0.57080078125,-0.7974853515625,-0.39990234375,-86.54784393310547,94.29930877685547,27.404783248901367
0.5281982421875,-0.72705078125,-0.484375,-72.32666015625,84.96092987060547,40.0390625
0.572998046875,-0.70068359375,-0.4229736328125,-53.833003997802734,55.236812591552734,50.720211029052734
0.6785888671875,-0.6090087890625,-0.292724609375,-30.212400436401367,20.385740280151367,48.645015716552734
0.7340087890625,-0.4453125,-0.2958984375,-12.939452171325684,6.958007335662842,40.161128997802734
0.7525634765625,-0.351806640625,-0.396728515625,-6.347655773162842,16.41845703125,34.97314453125
0.7684326171875,-0.445068359375,-0.4176025390625,1.6479490995407104,28.198240280151367,29.174802780151367
0.7686767578125,-0.6781005859375,-0.33984375,16.11328125,33.02001953125,16.6015625
0.7474365234375,-0.83056640625,-0.3109130859375,27.893064498901367,43.395992279052734,9.3994140625
0.6817626953125,-0.80810546875,-0.37548828125,30.822751998901367,62.072750091552734,16.4794921875
0.6075439453125,-0.75537109375,-0.40966796875,26.855466842651367,70.37353515625,27.770994186401367
0.5693359375,-0.753173828125,-0.3724365234375,18.9208984375,59.814449310302734,37.109375
0.532958984375,-0.7401123046875,-0.3291015625,11.596678733825684,42.785640716552734,46.936031341552734
0.4957275390625,-0.6676025390625,-0.2806396484375,13.793944358825684,32.71484375,51.940914154052734
0.4932861328125,-0.584716796875,-0.2008056640625,25.695798873901367,31.677244186401367,40.954586029052734
0.5040283203125,-0.5430908203125,-0.1405029296875,35.09521484375,39.85595703125,19.1650390625
0.5103759765625,-0.609375,-0.1376953125,32.89794921875,53.833003997802734,2.868652105331421
0.5303955078125,-0.868408203125,-0.1588134765625,23.071287155151367,67.07763671875,-2.50244140625
0.6654052734375,-1.2825927734375,-0.1270751953125,19.34814453125,78.2470703125,1.4038084745407104
0.85693359375,-1.45556640625,-0.131591796875,29.052732467651367,88.31786346435547,12.756346702575684
0.860595703125,-1.243896484375,-0.1436767578125,36.9873046875,91.49169158935547,35.5224609375
0.7259521484375,-0.9173583984375,-0.0267333984375,28.442380905151367,69.88525390625,72.75390625
0.604736328125,-0.6756591796875,0.144287109375,12.939452171325684,28.869626998901367,108.09325408935547
0.543212890625,-0.624755859375,0.2965087890625,13.488768577575684,0.7934569716453552,104.06493377685547
0.539306640625,-0.7425537109375,0.351806640625,25.878904342651367,9.58251953125,56.640621185302734
0.5269775390625,-0.9520263671875,0.242919921875,18.6767578125,48.400875091552734,15.869139671325684
0.4920654296875,-1.096435546875,0.0740966796875,-2.807616949081421,79.89501953125,5.432128429412842
0.462646484375,-1.096923828125,0.0538330078125,-10.559081077575684,81.84813690185547,3.112792730331421
0.43896484375,-1.05615234375,0.1907958984375,-6.042479991912842,67.2607421875,-5.432128429412842
0.4688720703125,-1.052734375,0.3389892578125,-4.7607421875,58.532711029052734,-15.014647483825684
0.547119140625,-0.96142578125,0.3834228515625,-10.009765625,70.12939453125,-22.888181686401367
0.58447265625,-0.731201171875,0.3123779296875,-18.5546875,100.83007049560547,-28.381345748901367
0.5679931640625,-0.5894775390625,0.2154541015625,-30.212400436401367,129.21142578125,-27.893064498901367
0.492431640625,-0.6727294921875,0.1455078125,-40.283199310302734,133.7890625,-20.690916061401367
0.3472900390625,-0.8013916015625,0.1080322265625,-38.51318359375,111.87743377685547,-10.559081077575684
0.2225341796875,-0.7861328125,0.1142578125,-23.437498092651367,73.974609375,-3.051757574081421
0.183349609375,-0.60888671875,0.139892578125,-7.202147960662842,38.6962890625,5.371093273162842
0.180419921875,-0.3763427734375,0.1632080078125,-2.990722417831421,24.719236373901367,23.132322311401367
0.2047119140625,-0.296630859375,0.218505859375,-13.305663108825684,33.87451171875,47.729488372802734
0.2552490234375,-0.5299072265625,0.3094482421875,-27.832029342651367,55.847164154052734,60.791011810302734
0.285888671875,-1.1123046875,0.3123779296875,-34.1796875,81.72606658935547,44.799800872802734
0.243896484375,-1.7396240234375,0.1895751953125,-30.334470748901367,114.13573455810547,2.38037109375
0.0904541015625,-1.7764892578125,0.0447998046875,-18.85986328125,135.1318359375,-32.958984375
-0.0777587890625,-1.175048828125,-0.0396728515625,-8.056640625,101.68456268310547,-18.73779296875
-0.10546875,-0.575927734375,0.01171875,-5.187987804412842,36.19384765625,18.310546875
-0.066650390625,-0.398193359375,0.1339111328125,-9.6435546875,15.014647483825684,21.118162155151367
-0.027099609375,-0.5614013671875,0.2073974609375,-19.4091796875,44.494625091552734,3.540038824081421
0.0418701171875,-0.7998046875,0.189697265625,-26.245115280151367,73.486328125,-0.1831054538488388
0.070556640625,-0.966064453125,0.0809326171875,-22.888181686401367,86.91405487060547,0.1220703050494194
0.0738525390625,-1.010498046875,-0.017578125,-9.58251953125,97.16796112060547,-14.709471702575684
0.1519775390625,-0.9847412109375,-0.010986328125,7.080077648162842,96.67967987060547,-36.07177734375
0.262451171875,-0.9964599609375,0.0804443359375,16.357421875,77.69775390625,-49.011226654052734
0.2589111328125,-0.989013671875,0.1798095703125,13.061522483825684,55.114742279052734,-53.344722747802734
0.1123046875,-0.9676513671875,0.2440185546875,5.249022960662842,33.50830078125,-50.720211029052734
-0.017333984375,-1.03857421875,0.2950439453125,7.202147960662842,5.859374523162842,-44.616695404052734
0.0350341796875,-1.113037109375,0.3504638671875,15.686034202575684,-24.169919967651367,-27.038572311401367
0.104248046875,-1.077392578125,0.3704833984375,15.380858421325684,-42.419429779052734,2.807616949081421
0.0738525390625,-1.0048828125,0.3837890625,9.33837890625,-45.043941497802734,14.892577171325684
0.0753173828125,-0.9500732421875,0.4251708984375,8.544921875,-35.64453125,2.746581792831421
0.0904541015625,-0.8931884765625,0.43115234375,8.23974609375,-5.065917491912842,-5.065917491912842
0.076904296875,-0.868896484375,0.4041748046875,1.0986328125,36.4990234375,0.6103515625
0.0921630859375,-0.90087890625,0.41064453125,-7.568358898162842,61.096187591552734,4.21142578125
0.1173095703125,-0.95654296875,0.44677734375,-9.521484375,68.84765625,-2.807616949081421
0.116943359375,-0.9935302734375,0.4779052734375,-7.690429210662842,72.1435546875,-13.610838890075684
0.10986328125,-0.9697265625,0.4744873046875,-10.559081077575684,74.89013671875,-13.366698265075684
0.096923828125,-0.9085693359375,0.4180908203125,-17.88330078125,78.79638671875,-3.479003667831421
0.0806884765625,-0.87646484375,0.34228515625,-23.803709030151367,81.17675018310547,0.9155272841453552
0.0477294921875,-0.8792724609375,0.2860107421875,-25.268552780151367,78.61328125,-3.540038824081421
-0.0025634765625,-0.906005859375,0.276611328125,-22.338865280151367,67.81005859375,-8.4228515625
-0.0272216796875,-0.9627685546875,0.3209228515625,-16.845703125,46.447750091552734,-6.225585460662842
0.033935546875,-1.0697021484375,0.40234375,-9.82666015625,21.484373092651367,0.7324218153953552
0.205078125,-1.1285400390625,0.43798828125,-2.197265625,7.507323741912842,3.540038824081421
0.3104248046875,-1.032958984375,0.277099609375,-1.5869139432907104,21.362302780151367,6.225585460662842
0.2259521484375,-0.9215087890625,-0.0244140625,-12.817381858825684,57.006832122802734,12.573241233825684
0.1177978515625,-0.969482421875,-0.175048828125,-22.277830123901367,73.66943359375,12.634276390075684
0.0863037109375,-1.1424560546875,0.1619873046875,0.2441406100988388,6.164550304412842,-11.108397483825684
-0.0009765625,-0.9219970703125,0.2298583984375,7.751464366912842,-14.404295921325684,-5.554198741912842
-0.06201171875,-0.7181396484375,0.1956787109375,-2.929687261581421,-8.60595703125,13.549803733825684
-0.0758056640625,-0.748046875,0.13818359375,-19.34814453125,13.000487327575684,23.498533248901367
-0.10302734375,-0.914306640625,0.0911865234375,-22.521970748901367,35.5224609375,14.465331077575684
-0.1090087890625,-1.013916015625,0.0843505859375,-10.864256858825684,38.02490234375,-0.6713866591453552
-0.1123046875,-1.032470703125,0.0870361328125,0.2441406100988388,21.362302780151367,-2.624511480331421
-0.1573486328125,-1.0731201171875,0.0692138671875,3.173827886581421,4.7607421875,9.58251953125
-0.1640625,-1.15087890625,0.0892333984375,6.835937023162842,-8.60595703125,22.583005905151367
-0.013916015625,-1.2578125,0.2159423828125,18.24951171875,-22.399900436401367,23.193357467651367
0.295166015625,-1.3046875,0.3787841796875,36.0107421875,-28.564451217651367,-1.8310545682907104
0.4571533203125,-1.0941162109375,0.325927734375,43.945308685302734,-9.46044921875,-31.555173873901367
0.2786865234375,-0.8309326171875,0.0338134765625,24.230955123901367,30.456541061401367,-24.353025436401367
0.100830078125,-0.8798828125,-0.145263671875,-6.774901866912842,39.4287109375,4.5166015625
0.14208984375,-1.0032958984375,-0.0723876953125,-14.282225608825684,-4.33349609375,17.578125
0.208740234375,-0.870361328125,0.0592041015625,2.746581792831421,-55.358882904052734,16.4794921875
0.1951904296875,-0.707275390625,0.1378173828125,15.075682640075684,-85.26610565185547,17.27294921875
0.172607421875,-0.7879638671875,0.2138671875,12.268065452575684,-103.39354705810547,20.080564498901367
0.1658935546875,-0.9786376953125,0.306640625,10.437010765075684,-121.94823455810547,18.00537109375
0.154052734375,-0.979248046875,0.3245849609375,22.338865280151367,-149.10888671875,16.41845703125
0.1739501953125,-0.7999267578125,0.26611328125,35.70556640625,-178.52781677246094,18.49365234375
0.2738037109375,-0.75244140625,0.23876953125,29.479978561401367,-189.63621520996094,20.324705123901367
0.404296875,-0.895751953125,0.273193359375,6.835937023162842,-180.78611755371094,24.414060592651367
0.4779052734375,-1.009033203125,0.3060302734375,-9.33837890625,-176.63572692871094,29.907224655151367
0.50830078125,-1.01513671875,0.29541015625,-6.286620616912842,-195.49559020996094,29.113767623901367
0.5126953125,-1.0179443359375,0.251220703125,2.746581792831421,-220.21482849121094,24.719236373901367
0.4197998046875,-1.1573486328125,0.140380859375,-2.38037109375,-222.59519958496094,22.155759811401367
0.2713623046875,-1.312744140625,-0.037841796875,-14.282225608825684,-210.38816833496094,16.9677734375
0.2071533203125,-1.2088623046875,-0.1131591796875,-11.840819358825684,-202.39256286621094,12.573241233825684
0.1949462890625,-0.9532470703125,-0.0206298828125,2.01416015625,-190.42967224121094,11.291502952575684
0.1441650390625,-0.8232421875,0.07275390625,9.46044921875,-162.59764099121094,11.169432640075684
0.1156005859375,-0.8533935546875,0.0859375,6.958007335662842,-129.7607421875,12.756346702575684
0.1270751953125,-0.8837890625,0.0211181640625,6.103515148162842,-108.15428924560547,11.718749046325684
0.1317138671875,-0.859130859375,-0.0841064453125,14.465331077575684,-99.67040252685547,6.652831554412842
0.1710205078125,-0.9161376953125,-0.115478515625,25.085447311401367,-98.38866424560547,-0.7934569716453552
0.2130126953125,-1.0391845703125,-0.061767578125,32.958984375,-95.58104705810547,-7.751464366912842
0.204345703125,-1.06494140625,-0.02587890625,39.9169921875,-90.08788299560547,-8.36181640625
0.18798828125,-0.9808349609375,-0.041748046875,41.076656341552734,-84.71678924560547,2.01416015625
0.1947021484375,-0.90380859375,-0.06201171875,33.02001953125,-76.96533203125,17.63916015625
0.2220458984375,-0.8726806640625,-0.0416259765625,24.169919967651367,-66.10107421875,24.047849655151367
0.2154541015625,-0.87353515625,0.0106201171875,20.812986373901367,-54.504390716552734,16.4794921875
0.1497802734375,-0.9447021484375,0.0859375,19.04296875,-46.874996185302734,5.310058116912842
0.119140625,-1.0948486328125,0.2420654296875,17.2119140625,-48.889156341552734,0.7934569716453552
0.15625,-1.2113037109375,0.466064453125,21.484373092651367,-59.143062591552734,3.540038824081421
0.134033203125,-1.1741943359375,0.5894775390625,32.89794921875,-67.93212890625,10.009765625
0.0589599609375,-1.0050048828125,0.528076171875,40.649410247802734,-63.415523529052734,15.197752952575684
0.0115966796875,-0.8204345703125,0.3846435546875,35.7666015625,-36.56005859375,15.075682640075684
-0.001708984375,-0.7354736328125,0.2962646484375,22.033689498901367,1.3427733182907104,11.901854515075684
0.043701171875,-0.7996826171875,0.306396484375,10.559081077575684,28.015134811401367,2.990722417831421
0.092041015625,-0.9490966796875,0.3616943359375,7.385253429412842,43.701168060302734,-14.709471702575684
0.093994140625,-1.0262451171875,0.41064453125,8.056640625,52.185054779052734,-26.367185592651367
0.068603515625,-0.9700927734375,0.4171142578125,6.408690929412842,47.546382904052734,-20.01953125
0.033203125,-0.8897705078125,0.388671875,1.3427733182907104,35.21728515625,-9.6435546875
0.0194091796875,-0.8814697265625,0.3797607421875,-5.676269054412842,32.71484375,-11.413573265075684
0.0457763671875,-0.9393310546875,0.40185546875,-14.404295921325684,49.987789154052734,-21.179197311401367
0.0863037109375,-1.0,0.4149169921875,-25.512693405151367,77.94189453125,-26.062009811401367
0.0916748046875,-1.03759765625,0.37744140625,-36.0107421875,96.67967987060547,-21.728513717651367
0.0537109375,-1.101318359375,0.2900390625,-39.85595703125,92.46825408935547,-16.29638671875
0.0653076171875,-1.1861572265625,0.208984375,-37.17041015625,70.6787109375,-13.305663108825684
0.381103515625,-1.202880859375,0.1707763671875,-34.912109375,44.189449310302734,5.126952648162842
0.3919677734375,-0.9384765625,0.0352783203125,-32.2265625,42.785640716552734,18.85986328125
0.2232666015625,-0.7154541015625,-0.0816650390625,-26.611326217651367,34.11865234375,29.174802780151367
0.1341552734375,-0.8294677734375,0.0313720703125,-18.61572265625,9.21630859375,16.90673828125
0.1495361328125,-1.0687255859375,0.218994140625,-8.11767578125,-7.751464366912842,-8.4228515625
0.1124267578125,-1.052978515625,0.233154296875,-1.0986328125,8.72802734375,-10.375975608825684
0.066162109375,-0.82275390625,0.101318359375,-3.173827886581421,36.07177734375,11.413573265075684
0.0531005859375,-0.69482421875,-0.01611328125,-11.840819358825684,51.269527435302734,25.268552780151367
0.0169677734375,-0.7518310546875,-0.049560546875,-17.02880859375,54.138179779052734,19.53125
-0.0196533203125,-0.8665771484375,-0.0218505859375,-12.573241233825684,44.311519622802734,4.45556640625
-0.0416259765625,-0.925537109375,0.003662109375,-4.39453125,30.883787155151367,-5.737304210662842
-0.0740966796875,-0.9359130859375,0.0118408203125,1.5258787870407104,23.986814498901367,-7.263183116912842
-0.0997314453125,-0.96923828125,0.036376953125,6.958007335662842,16.4794921875,-7.934569835662842
-0.105224609375,-1.0484619140625,0.080322265625,13.305663108825684,6.835937023162842,-9.521484375
0.0460205078125,-1.0701904296875,0.1435546875,19.22607421875,3.601073980331421,-8.72802734375
0.3990478515625,-1.017822265625,0.2056884765625,22.338865280151367,14.709471702575684,-18.49365234375
0.6009521484375,-0.9298095703125,0.1793212890625,16.11328125,45.776363372802734,-41.259761810302734
0.498046875,-0.7587890625,0.0010986328125,7.507323741912842,64.88037109375,-45.898433685302734
0.3160400390625,-0.627685546875,-0.217529296875,9.21630859375,32.958984375,-36.1328125
0.2811279296875,-0.6990966796875,-0.2586669921875,7.263183116912842,-37.109375,-31.555173873901367
0.4256591796875,-0.8660888671875,-0.084716796875,0.4272460639476776,-116.33300018310547,-27.954099655151367
0.5277099609375,-0.9190673828125,0.1146240234375,12.390135765075684,-187.56101989746094,-26.489255905151367
0.516357421875,-0.8218994140625,0.1904296875,37.59765625,-245.91062927246094,-15.869139671325684
0.4942626953125,-0.6641845703125,0.2144775390625,51.635738372802734,-284.85107421875,12.451170921325684
0.44775390625,-0.5965576171875,0.30419921875,43.579097747802734,-286.68212890625,43.395992279052734
0.3245849609375,-0.6524658203125,0.40869140625,23.254392623901367,-256.7138671875,65.12451171875
0.2322998046875,-0.6627197265625,0.42333984375,16.54052734375,-221.00828552246094,79.16259765625
0.2181396484375,-0.5159912109375,0.373779296875,27.282712936401367,-182.43406677246094,79.65087890625
0.25,-0.327392578125,0.33642578125,34.66796875,-139.5263671875,64.5751953125
0.3935546875,-0.3509521484375,0.3863525390625,23.925779342651367,-103.33251190185547,39.4287109375
0.58740234375,-0.82470703125,0.395263671875,-13.122557640075684,-55.175777435302734,-5.126952648162842
0.460205078125,-1.499755859375,-0.1600341796875,-69.580078125,21.362302780151367,-55.725093841552734
0.3814697265625,-1.5455322265625,-0.791748046875,-109.00878143310547,42.236324310302734,-62.194820404052734
0.45849609375,-1.0509033203125,-0.70703125,-112.06053924560547,-52.856441497802734,-10.253905296325684
0.097412109375,-1.097900390625,-0.6253662109375,-116.02782440185547,-161.74314880371094,59.448238372802734
-0.2843017578125,-2.185791015625,-1.0423583984375,-153.6865234375,-181.33543395996094,76.66015625
-0.317626953125,-2.6793212890625,-1.385498046875,-221.25242614746094,-134.6435546875,86.30370330810547
-0.288330078125,-1.2093505859375,-1.150390625,-253.35691833496094,-118.65233612060547,169.61668395996094
-0.5390625,0.693603515625,-0.33203125,-195.43455505371094,-118.16405487060547,211.12059020996094
-0.9080810546875,1.117919921875,0.0013427734375,-99.24315643310547,-77.5146484375,129.21142578125
-0.9844970703125,0.19970703125,-0.591796875,-24.841306686401367,-21.545408248901367,19.4091796875
-0.78759765625,-0.5911865234375,-1.22509765625,12.023924827575684,19.4091796875,-41.809078216552734
-0.537109375,-0.6055908203125,-1.365478515625,10.437010765075684,12.512206077575684,-40.344234466552734
-0.4549560546875,-0.365966796875,-1.0250244140625,-16.66259765625,-37.59765625,6.896972179412842
-0.7232666015625,-0.11181640625,-0.3565673828125,-13.671874046325684,-98.32762908935547,53.161617279052734
-0.812255859375,-0.0643310546875,-0.36474609375,3.295898199081421,-67.7490234375,48.095699310302734
-0.793701171875,-0.1717529296875,-0.4864501953125,7.385253429412842,-7.995604991912842,36.2548828125
-0.6845703125,-0.323974609375,-0.5755615234375,14.709471702575684,45.349117279052734,13.549803733825684
-0.590087890625,-0.394287109375,-0.6453857421875,23.742673873901367,71.59423828125,-4.21142578125
-0.541015625,-0.381591796875,-0.7296142578125,23.193357467651367,80.87157440185547,-2.868652105331421
-0.484375,-0.3638916015625,-0.8004150390625,14.648436546325684,81.84813690185547,3.234863042831421
-0.445556640625,-0.404052734375,-0.866455078125,8.60595703125,78.61328125,-4.57763671875
-0.442138671875,-0.48193359375,-0.921142578125,10.192870140075684,70.12939453125,-21.911619186401367
-0.44384765625,-0.54443359375,-0.91259765625,15.197752952575684,48.400875091552734,-29.357908248901367
-0.4434814453125,-0.560546875,-0.841796875,20.874021530151367,15.258788108825684,-23.071287155151367
-0.41845703125,-0.5264892578125,-0.76318359375,26.123044967651367,-10.986327171325684,-15.502928733825684
-0.3681640625,-0.490234375,-0.7183837890625,25.939939498901367,-10.986327171325684,-14.404295921325684
-0.3323974609375,-0.52294921875,-0.743896484375,11.718749046325684,27.526853561401367,-15.686034202575684
-0.330322265625,-0.5814208984375,-0.7603759765625,10.559081077575684,28.137205123901367,-17.88330078125
-0.3140869140625,-0.59130859375,-0.7930908203125,14.099120140075684,21.179197311401367,-19.53125
-0.2852783203125,-0.5614013671875,-0.830322265625,20.629880905151367,12.573241233825684,-21.545408248901367
-0.2635498046875,-0.5526123046875,-0.8177490234375,25.207517623901367,3.356933355331421,-27.526853561401367
-0.26904296875,-0.5609130859375,-0.76220703125,23.010251998901367,-2.929687261581421,-30.822751998901367
-0.30224609375,-0.5687255859375,-0.7156982421875,17.63916015625,-3.479003667831421,-28.381345748901367
-0.3228759765625,-0.5714111328125,-0.703857421875,14.282225608825684,0.54931640625,-25.085447311401367
-0.308349609375,-0.6068115234375,-0.7083740234375,12.390135765075684,3.601073980331421,-24.353025436401367
-0.2864990234375,-0.6453857421875,-0.721435546875,9.6435546875,1.5869139432907104,-23.986814498901367
-0.2681884765625,-0.64111328125,-0.7337646484375,9.33837890625,-2.197265625,-24.780271530151367
-0.2427978515625,-0.67919921875,-0.7230224609375,15.014647483825684,-4.94384765625,-34.5458984375
-0.193115234375,-0.757080078125,-0.69140625,20.935056686401367,-10.742186546325684,-45.715328216552734
-0.13232421875,-0.776123046875,-0.66162109375,22.644041061401367,-20.080564498901367,-48.095699310302734
-0.118896484375,-0.737060546875,-0.657958984375,25.451658248901367,-27.343748092651367,-49.072261810302734
-0.1336669921875,-0.7208251953125,-0.648681640625,30.944822311401367,-27.160642623901367,-52.734371185302734
-0.1280517578125,-0.7557373046875,-0.6138916015625,33.935546875,-17.4560546875,-52.368160247802734
-0.1024169921875,-0.804443359375,-0.591064453125,32.470703125,-5.065917491912842,-44.494625091552734
-0.068115234375,-0.8040771484375,-0.598876953125,29.296873092651367,2.685546636581421,-32.40966796875
-0.041015625,-0.7799072265625,-0.6036376953125,26.977537155151367,6.774901866912842,-23.742673873901367
-0.0255126953125,-0.8140869140625,-0.5880126953125,25.268552780151367,8.11767578125,-22.277830123901367
-0.015380859375,-0.8699951171875,-0.57421875,23.315427780151367,5.737304210662842,-20.751951217651367
-0.0146484375,-0.88916015625,-0.5653076171875,23.925779342651367,-0.54931640625,-15.563963890075684
-0.0205078125,-0.88525390625,-0.5482177734375,29.296873092651367,-10.314940452575684,-10.803221702575684
-0.028076171875,-0.8780517578125,-0.531982421875,36.376953125,-20.263669967651367,-7.263183116912842
-0.0457763671875,-0.8594970703125,-0.5244140625,42.480464935302734,-27.404783248901367,-4.5166015625
-0.0584716796875,-0.8397216796875,-0.495361328125,46.264644622802734,-31.188962936401367,-3.479003667831421
-0.0635986328125,-0.840087890625,-0.434326171875,45.959468841552734,-28.686521530151367,-3.173827886581421
-0.0728759765625,-0.8636474609375,-0.3792724609375,42.602535247802734,-15.686034202575684,-4.638671875
-0.0740966796875,-0.90966796875,-0.352294921875,38.63525390625,2.685546636581421,-8.85009765625
-0.0643310546875,-0.964111328125,-0.3330078125,36.865234375,15.014647483825684,-12.512206077575684
-0.047607421875,-0.9979248046875,-0.3009033203125,37.9638671875,16.78466796875,-12.634276390075684
-0.02392578125,-0.988037109375,-0.2603759765625,39.73388671875,13.732909202575684,-7.934569835662842
-0.0098876953125,-0.9639892578125,-0.2115478515625,41.564937591552734,11.840819358825684,-3.234863042831421
-0.0263671875,-0.9853515625,-0.1724853515625,41.320796966552734,11.779784202575684,-3.540038824081421
-0.0467529296875,-0.991455078125,-0.1724853515625,36.865234375,9.1552734375,-3.723144292831421
-0.04443359375,-0.9443359375,-0.186767578125,30.456541061401367,1.7089842557907104,-3.417968511581421
-0.017578125,-0.937744140625,-0.165771484375,23.376462936401367,-6.225585460662842,-8.11767578125
0.023193359375,-0.9783935546875,-0.134521484375,14.221190452575684,-8.9111328125,-13.549803733825684
0.0322265625,-0.9940185546875,-0.142822265625,5.0048828125,-7.080077648162842,-15.930174827575684
0.0167236328125,-0.992919921875,-0.160400390625,-2.50244140625,-7.568358898162842,-19.22607421875
-0.0003662109375,-0.9918212890625,-0.1580810546875,-9.94873046875,-15.197752952575684,-22.766111373901367
-0.015380859375,-0.999755859375,-0.13427734375,-17.39501953125,-26.611326217651367,-25.085447311401367
-0.0125732421875,-1.000244140625,-0.1199951171875,-22.766111373901367,-35.888671875,-29.663084030151367
0.017822265625,-0.97412109375,-0.15673828125,-26.000974655151367,-36.4990234375,-38.51318359375
0.0650634765625,-0.9560546875,-0.2430419921875,-29.724119186401367,-25.329587936401367,-46.997066497802734
0.117919921875,-0.9561767578125,-0.328857421875,-30.517576217651367,-12.756346702575684,-51.391597747802734
0.1851806640625,-0.947265625,-0.3712158203125,-24.414060592651367,-14.099120140075684,-52.612300872802734
0.212890625,-0.896728515625,-0.392333984375,-8.9111328125,-29.541013717651367,-46.142574310302734
0.2408447265625,-0.9141845703125,-0.4034423828125,-4.82177734375,-24.841306686401367,-41.687007904052734
0.2889404296875,-0.8992919921875,-0.4375,-3.173827886581421,-19.04296875,-33.99658203125
0.3087158203125,-0.8681640625,-0.421142578125,-2.929687261581421,-22.338865280151367,-23.803709030151367
0.278564453125,-0.85986328125,-0.3480224609375,-0.6713866591453552,-30.029294967651367,-16.54052734375
0.2342529296875,-0.910888671875,-0.2774658203125,1.8310545682907104,-25.207517623901367,-18.12744140625
0.2374267578125,-0.9832763671875,-0.283203125,-1.2817381620407104,-6.286620616912842,-22.094724655151367
0.2828369140625,-0.988037109375,-0.3944091796875,-12.817381858825684,19.287109375,-17.63916015625
0.31396484375,-0.9071044921875,-0.5106201171875,-26.428220748901367,35.70556640625,-9.33837890625
0.30419921875,-0.831298828125,-0.5103759765625,-30.029294967651367,25.817869186401367,-10.681151390075684
0.28466796875,-0.845458984375,-0.390625,-22.277830123901367,-0.4272460639476776,-24.353025436401367
0.3231201171875,-0.90625,-0.2724609375,-12.939452171325684,-20.996091842651367,-38.330078125
0.4190673828125,-0.9364013671875,-0.2469482421875,-10.620116233825684,-21.240232467651367,-38.4521484375
0.5,-0.8916015625,-0.30126953125,-16.6015625,0.8544921278953552,-23.376462936401367
0.53662109375,-0.809814453125,-0.34130859375,-24.963376998901367,33.0810546875,-6.286620616912842
0.49072265625,-0.795654296875,-0.3502197265625,-30.944822311401367,56.457515716552734,1.9531248807907104
0.4033203125,-0.824462890625,-0.377197265625,-33.14208984375,62.622066497802734,2.929687261581421
0.390380859375,-0.807373046875,-0.4378662109375,-32.40966796875,56.762691497802734,-0.1831054538488388
0.44775390625,-0.7755126953125,-0.503173828125,-31.188962936401367,45.410152435302734,-7.141112804412842
0.4991455078125,-0.78271484375,-0.5142822265625,-29.907224655151367,32.77587890625,-14.709471702575684
0.5089111328125,-0.861083984375,-0.4503173828125,-29.724119186401367,16.90673828125,-20.874021530151367
0.502197265625,-0.892333984375,-0.4871826171875,-34.1796875,14.221190452575684,-17.9443359375
0.5299072265625,-0.89990234375,-0.5401611328125,-42.358394622802734,15.502928733825684,-11.657713890075684
0.5401611328125,-0.83349609375,-0.57763671875,-52.429195404052734,22.460935592651367,-2.929687261581421
0.5072021484375,-0.7379150390625,-0.578857421875,-59.753414154052734,26.245115280151367,-0.6103515625
0.4910888671875,-0.7177734375,-0.5443115234375,-63.659664154052734,24.353025436401367,-6.713866710662842
0.4990234375,-0.7618408203125,-0.4859619140625,-66.0400390625,24.414060592651367,-8.4228515625
0.50732421875,-0.7939453125,-0.38037109375,-66.2841796875,26.733396530151367,-2.3193359375
0.5008544921875,-0.6446533203125,-0.280029296875,-67.138671875,34.912109375,8.85009765625
0.541015625,-0.3321533203125,-0.2803955078125,-70.86181640625,47.180171966552734,21.240232467651367
0.630859375,-0.1690673828125,-0.3885498046875,-73.18115234375,53.039546966552734,25.756834030151367
0.688232421875,-0.2720947265625,-0.498046875,-68.9697265625,55.297847747802734,18.24951171875
0.700439453125,-0.4261474609375,-0.5311279296875,-59.936519622802734,61.279293060302734,8.30078125
0.6907958984375,-0.474853515625,-0.5390625,-53.649898529052734,69.64111328125,7.690429210662842
0.7266845703125,-0.45947265625,-0.56787109375,-52.246089935302734,76.96533203125,15.991209983825684
0.7994384765625,-0.45654296875,-0.61083984375,-52.062984466552734,77.81982421875,27.160642623901367
0.8509521484375,-0.4737548828125,-0.624755859375,-49.499507904052734,62.133785247802734,36.865234375
0.8431396484375,-0.4393310546875,-0.5772705078125,-45.104976654052734,34.423828125,47.241207122802734
0.7598876953125,-0.3760986328125,-0.4906005859375,-42.724605560302734,13.488768577575684,62.499996185302734
0.7032470703125,-0.372802734375,-0.4127197265625,-40.222164154052734,7.385253429412842,76.84326171875
0.72802734375,-0.4490966796875,-0.447509765625,-31.982419967651367,12.084959983825684,80.2001953125
0.7977294921875,-0.5531005859375,-0.6011962890625,-16.66259765625,18.1884765625,67.0166015625
0.84423828125,-0.5919189453125,-0.6719970703125,2.990722417831421,13.122557640075684,45.043941497802734
0.792236328125,-0.57080078125,-0.5460205078125,20.935056686401367,-4.45556640625,32.77587890625
0.6666259765625,-0.5662841796875,-0.3758544921875,32.40966796875,-20.01953125,36.56005859375
0.558837890625,-0.581787109375,-0.3453369140625,40.283199310302734,-23.376462936401367,45.593257904052734
0.4990234375,-0.6312255859375,-0.4320068359375,48.645015716552734,-18.61572265625,44.738765716552734
0.4918212890625,-0.7498779296875,-0.4677734375,57.434078216552734,-17.333984375,30.822751998901367
0.4869384765625,-0.84521484375,-0.4293212890625,62.744136810302734,-21.057126998901367,19.53125
0.443115234375,-0.823486328125,-0.38671875,65.0634765625,-24.719236373901367,19.287109375
0.4268798828125,-0.734130859375,-0.3309326171875,67.2607421875,-27.038572311401367,22.460935592651367
0.4317626953125,-0.68701171875,-0.2764892578125,67.626953125,-20.568845748901367,23.986814498901367
0.3936767578125,-0.76123046875,-0.24951171875,66.162109375,-3.784179449081421,22.766111373901367
0.3555908203125,-0.854736328125,-0.240234375,67.19970703125,13.732909202575684,24.291990280151367
0.3349609375,-0.98095703125,-0.2249755859375,70.3125,29.479978561401367,31.616209030151367
0.4403076171875,-1.30810546875,-0.1639404296875,72.81494140625,49.072261810302734,36.9873046875
0.6202392578125,-1.4991455078125,-0.1689453125,82.21434783935547,74.5849609375,35.5224609375
0.6265869140625,-1.30712890625,-0.1842041015625,86.66991424560547,80.26123046875,51.757808685302734
0.4217529296875,-1.0167236328125,-0.0047607421875,78.61328125,33.69140625,89.23339080810547
0.2156982421875,-0.8421630859375,0.3096923828125,86.48680877685547,-36.9873046875,93.74999237060547
0.2757568359375,-0.8548583984375,0.58837890625,106.14012908935547,-60.852046966552734,58.776851654052734
0.458984375,-1.0107421875,0.5828857421875,98.57176971435547,-9.82666015625,38.2080078125
0.4854736328125,-1.1097412109375,0.2449951171875,68.9697265625,66.650390625,39.85595703125
0.426025390625,-1.021728515625,-0.04345703125,53.527828216552734,99.18212127685547,29.602048873901367
0.3974609375,-0.8114013671875,0.0028076171875,46.874996185302734,77.7587890625,11.352538108825684
0.382080078125,-0.6962890625,0.27001953125,26.184080123901367,42.175289154052734,4.94384765625
0.4173583984375,-0.82861328125,0.4906005859375,-0.0,21.179197311401367,1.4038084745407104
0.4720458984375,-0.9730224609375,0.4727783203125,-17.2119140625,24.658201217651367,-3.051757574081421
0.444091796875,-0.9639892578125,0.28466796875,-25.390623092651367,41.076656341552734,-4.150390625
0.33984375,-0.99365234375,0.1436767578125,-28.503416061401367,38.26904296875,-1.7700194120407104
0.146484375,-1.2283935546875,0.2789306640625,-27.465818405151367,-19.287109375,28.076169967651367
0.033203125,-1.04296875,0.3740234375,-20.568845748901367,-24.597166061401367,38.818359375
-0.08203125,-0.6033935546875,0.2802734375,-12.268065452575684,-11.657713890075684,37.9638671875
-0.144287109375,-0.3651123046875,0.0654296875,-7.873534679412842,6.469726085662842,25.573728561401367
-0.2705078125,-0.745849609375,0.0247802734375,-12.634276390075684,25.634763717651367,1.4648436307907104
-0.368896484375,-1.1591796875,0.273681640625,-9.8876953125,35.7666015625,-12.329100608825684
-0.239990234375,-0.8914794921875,0.495361328125,13.488768577575684,46.630855560302734,-1.6479490995407104
-0.021240234375,-0.3670654296875,0.3712158203125,20.935056686401367,88.43993377685547,11.474608421325684
0.1156005859375,-0.22021484375,0.0511474609375,-2.25830078125,147.52197265625,6.225585460662842
0.2177734375,-0.3924560546875,-0.1287841796875,-17.27294921875,177.61228942871094,-20.080564498901367
0.2177734375,-0.7613525390625,-0.096435546875,-13.122557640075684,168.64012145996094,-52.001949310302734
0.046875,-1.4517822265625,0.120849609375,-9.46044921875,143.12744140625,-79.16259765625
-0.19482421875,-1.9967041015625,0.4161376953125,-2.624511480331421,107.72704315185547,-88.68407440185547
-0.339111328125,-1.7822265625,0.6259765625,20.568845748901367,57.189937591552734,-63.903804779052734
-0.2022705078125,-1.093505859375,0.6068115234375,44.860836029052734,13.488768577575684,-31.372068405151367
-0.0198974609375,-0.5411376953125,0.2431640625,40.283199310302734,19.4091796875,-23.559568405151367
0.0731201171875,-0.287353515625,-0.1396484375,12.329100608825684,59.387203216552734,-40.710445404052734
0.210693359375,-0.27783203125,-0.1746826171875,-7.568358898162842,64.51416015625,-75.01220703125
0.2080078125,-0.6636962890625,0.0294189453125,-16.11328125,20.263669967651367,-110.59569549560547
0.0411376953125,-1.1866455078125,0.24658203125,-15.686034202575684,-39.1845703125,-125.18309783935547
0.068115234375,-1.3292236328125,0.441650390625,-2.990722417831421,-80.99364471435547,-111.02294158935547
0.3209228515625,-1.125244140625,0.655029296875,3.295898199081421,-79.77294921875,-74.3408203125
0.49267578125,-0.9501953125,0.7119140625,-5.065917491912842,-37.65869140625,-40.893550872802734
0.434814453125,-0.8212890625,0.41650390625,-20.629880905151367,26.672361373901367,-25.268552780151367
0.325439453125,-0.6514892578125,0.06689453125,-33.8134765625,73.6083984375,-13.305663108825684
0.3140869140625,-0.75732421875,0.0850830078125,-33.447265625,68.90869140625,-5.432128429412842
0.30859375,-1.1551513671875,0.3253173828125,-26.184080123901367,39.6728515625,1.7700194120407104
0.296630859375,-1.3094482421875,0.3983154296875,-24.536130905151367,22.033689498901367,30.395505905151367
0.342041015625,-0.98681640625,0.251708984375,-23.315427780151367,5.0048828125,71.8994140625
0.4359130859375,-0.670166015625,0.0484619140625,-21.545408248901367,-24.353025436401367,93.38378143310547
0.4619140625,-0.98486328125,-0.1075439453125,-30.517576217651367,-46.447750091552734,77.0263671875
0.427490234375,-1.636474609375,-0.0550537109375,-29.907224655151367,-52.856441497802734,37.2314453125
0.318603515625,-1.770751953125,0.03515625,2.0751953125,-47.790523529052734,1.7089842557907104
0.091552734375,-1.27783203125,-0.105224609375,26.672361373901367,-29.541013717651367,-0.0610351525247097
-0.0194091796875,-0.6317138671875,-0.189697265625,16.357421875,-23.315427780151367,32.65380859375
0.05078125,-0.2437744140625,-0.0931396484375,-0.3662109076976776,-44.311519622802734,53.344722747802734
0.1083984375,-0.2254638671875,-0.0135498046875,-7.019042491912842,-64.5751953125,48.278804779052734
0.107421875,-0.5478515625,0.027099609375,-13.000487327575684,-64.14794921875,39.794921875
0.0704345703125,-1.65869140625,0.05712890625,-6.713866710662842,-21.057126998901367,5.859374523162842
0.016357421875,-1.4298095703125,-0.0576171875,16.41845703125,-8.30078125,-1.6479490995407104
0.00048828125,-0.879638671875,-0.166015625,27.832029342651367,-29.479978561401367,9.6435546875
0.0672607421875,-0.5821533203125,-0.13134765625,20.446775436401367,-71.77734375,22.766111373901367
0.13330078125,-0.705322265625,-0.00732421875,13.000487327575684,-103.88182830810547,22.888181686401367
0.1856689453125,-1.0196533203125,0.0928955078125,17.9443359375,-115.96678924560547,10.864256858825684
0.228759765625,-1.1619873046875,0.1141357421875,32.3486328125,-109.13085174560547,0.2441406100988388
0.241943359375,-1.078857421875,0.0787353515625,43.884273529052734,-87.64647674560547,-0.6103515625
0.1788330078125,-0.9305419921875,0.09326171875,28.564451217651367,-64.94140625,14.892577171325684
0.16259765625,-0.94921875,0.1748046875,26.367185592651367,-85.14403533935547,9.521484375
0.0875244140625,-0.9354248046875,0.2276611328125,30.944822311401367,-104.67528533935547,4.45556640625
0.0059814453125,-0.878662109375,0.276123046875,33.02001953125,-117.37059783935547,15.014647483825684
0.081787109375,-0.91064453125,0.430419921875,30.761716842651367,-131.04248046875,34.24072265625
0.1962890625,-1.086669921875,0.63232421875,25.268552780151367,-126.40380096435547,38.330078125
0.1671142578125,-1.221923828125,0.71142578125,20.141599655151367,-91.43065643310547,22.094724655151367
0.024658203125,-1.01708984375,0.596435546875,22.216794967651367,-50.842281341552734,6.164550304412842
-0.080322265625,-0.663818359375,0.3955078125,28.930662155151367,-40.588375091552734,4.69970703125
-0.0509033203125,-0.609375,0.33203125,24.536130905151367,-56.823726654052734,10.986327171325684
0.022705078125,-0.84765625,0.4669189453125,10.437010765075684,-57.250972747802734,6.774901866912842
0.0714111328125,-1.043701171875,0.6124267578125,3.051757574081421,-33.5693359375,-8.6669921875
0.11328125,-1.02001953125,0.61669921875,1.0986328125,-4.8828125,-15.136717796325684
0.1162109375,-0.8983154296875,0.51416015625,-5.615233898162842,19.47021484375,-9.3994140625
0.0660400390625,-0.82373046875,0.4088134765625,-15.869139671325684,34.0576171875,-5.187987804412842
0.039794921875,-0.840087890625,0.379638671875,-22.888181686401367,36.0107421875,-6.652831554412842
0.0615234375,-0.9049072265625,0.41943359375,-24.963376998901367,31.738279342651367,-8.4228515625
0.0792236328125,-0.9495849609375,0.4520263671875,-25.207517623901367,32.958984375,-7.019042491912842
0.0706787109375,-0.9599609375,0.4210205078125,-26.672361373901367,44.799800872802734,-2.990722417831421
0.0606689453125,-0.9815673828125,0.3526611328125,-28.381345748901367,59.204097747802734,3.234863042831421
0.122314453125,-1.0994873046875,0.3585205078125,-27.648923873901367,61.950679779052734,10.192870140075684
0.229736328125,-1.229248046875,0.4150390625,-21.484373092651367,52.062984466552734,9.46044921875
0.2689208984375,-1.1829833984375,0.3209228515625,-12.084959983825684,53.283687591552734,0.9155272841453552
0.194580078125,-0.950927734375,0.0733642578125,-9.70458984375,72.93701171875,1.7700194120407104
0.0274658203125,-0.8013916015625,-0.06201171875,-26.245115280151367,70.86181640625,17.76123046875
0.09033203125,-1.0167236328125,0.12744140625,-21.301267623901367,45.349117279052734,-0.9155272841453552
0.1109619140625,-1.108642578125,0.2518310546875,-9.58251953125,32.71484375,-15.502928733825684
0.060546875,-0.9815673828125,0.203369140625,-3.906249761581421,41.625972747802734,-5.493163585662842
0.019287109375,-0.8564453125,0.085693359375,-9.6435546875,61.157222747802734,13.061522483825684
-0.004150390625,-0.88134765625,0.0081787109375,-18.98193359375,79.1015625,15.808104515075684
-0.0218505859375,-0.9603271484375,-0.025390625,-19.8974609375,86.85301971435547,2.197265625
-0.041015625,-0.9814453125,-0.0455322265625,-12.451170921325684,80.26123046875,-10.925292015075684
-0.07177734375,-0.9571533203125,-0.05712890625,-5.737304210662842,62.377925872802734,-11.962889671325684
-0.10498046875,-0.958984375,-0.0428466796875,-2.197265625,39.61181640625,-5.737304210662842
-0.1204833984375,-1.0164794921875,-0.001708984375,1.9531248807907104,20.751951217651367,-2.01416015625
-0.131103515625,-1.072509765625,0.0501708984375,7.690429210662842,15.136717796325684,-0.8544921278953552
-0.1373291015625,-1.0843505859375,0.098876953125,13.549803733825684,18.6767578125,2.38037109375
-0.076416015625,-1.1175537109375,0.176025390625,18.9208984375,17.39501953125,4.94384765625
0.0496826171875,-1.1734619140625,0.3065185546875,24.291990280151367,12.756346702575684,-1.9531248807907104
0.1318359375,-1.0736083984375,0.3695068359375,29.296873092651367,22.583005905151367,-18.00537109375
0.1495361328125,-0.7593994140625,0.2991943359375,29.968259811401367,51.574703216552734,-29.907224655151367
0.1561279296875,-0.59375,0.249267578125,21.850584030151367,74.8291015625,-33.3251953125
0.1507568359375,-0.8717041015625,0.3306884765625,9.033203125,71.533203125,-39.306640625
0.1063232421875,-1.1739501953125,0.40087890625,2.01416015625,60.119625091552734,-50.354000091552734
0.025634765625,-1.0609130859375,0.323486328125,3.784179449081421,66.162109375,-51.269527435302734
0.0009765625,-0.78564453125,0.21630859375,2.563476324081421,76.7822265625,-38.57421875
0.03955078125,-0.745849609375,0.226806640625,-12.268065452575684,72.8759765625,-25.146482467651367
0.0682373046875,-0.9229736328125,0.3294677734375,-30.151365280151367,60.180660247802734,-16.4794921875
0.0899658203125,-1.0272216796875,0.4058837890625,-34.0576171875,49.560543060302734,-12.634276390075684
0.10595703125,-1.00439453125,0.40234375,-29.357908248901367,49.499507904052734,-11.962889671325684
0.169677734375,-1.0631103515625,0.345458984375,-31.738279342651367,62.805171966552734,-10.437010765075684
0.3231201171875,-1.1669921875,0.26123046875,-39.36767578125,87.40233612060547,-13.854979515075684
0.390869140625,-1.0057373046875,0.1087646484375,-38.26904296875,116.88231658935547,-25.695798873901367
0.3345947265625,-0.74658203125,-0.025634765625,-26.794431686401367,127.50243377685547,-38.87939453125
0.311767578125,-0.8416748046875,0.0606689453125,-18.5546875,107.48290252685547,-53.283687591552734
0.311767578125,-1.0660400390625,0.267333984375,-16.29638671875,91.18651580810547,-67.81005859375
0.3160400390625,-0.95947265625,0.31787109375,-12.756346702575684,113.15917205810547,-71.96044921875
0.3800048828125,-0.619873046875,0.1898193359375,-15.563963890075684,159.66796875,-63.110347747802734
0.4742431640625,-0.3922119140625,0.0406494140625,-27.099607467651367,197.50975036621094,-56.274410247802734
0.52392578125,-0.345703125,-0.039306640625,-34.36279296875,217.71238708496094,-67.32177734375
0.52685546875,-0.295166015625,-0.099365234375,-41.931148529052734,234.86326599121094,-118.16405487060547
0.4744873046875,-0.56201171875,-0.152099609375,-77.63671875,259.8876953125,-131.591796875
0.404052734375,-0.9334716796875,-0.11572265625,-117.67577362060547,290.34423828125,-126.70897674560547
0.343505859375,-0.96044921875,0.0146484375,-113.95262908935547,262.87841796875,-105.77391815185547
0.2568359375,-0.6527099609375,-0.0069580078125,-72.44873046875,165.89353942871094,-79.16259765625
0.169677734375,-0.344482421875,-0.1962890625,-48.339839935302734,70.6787109375,-46.386714935302734
0.09375,-0.3232421875,-0.2291259765625,-64.0869140625,39.24560546875,-5.065917491912842
0.1083984375,-0.6943359375,0.0706787109375,-82.51952362060547,47.790523529052734,31.249998092651367
0.2958984375,-1.0413818359375,0.44287109375,-66.2841796875,54.138179779052734,54.138179779052734
0.510986328125,-1.139892578125,0.4068603515625,-33.26416015625,76.904296875,65.24658203125
0.743408203125,-1.2821044921875,0.1300048828125,-9.70458984375,142.51708984375,72.021484375
0.600341796875,-1.404052734375,0.0445556640625,29.541013717651367,223.87693786621094,84.41161346435547
0.04052734375,-1.92333984375,0.795654296875,122.25341033935547,218.56687927246094,117.30956268310547
0.0408935546875,-2.2813720703125,1.958984375,275.390625,98.26659393310547,155.09033203125
0.1358642578125,-1.3282470703125,1.78564453125,368.4692077636719,46.874996185302734,178.28367614746094
-0.1619873046875,-0.3157958984375,0.8309326171875,294.98291015625,147.0947265625,183.22752380371094
-0.271240234375,-0.382568359375,0.4495849609375,137.26806640625,298.88916015625,183.10545349121094
-0.3204345703125,-0.109619140625,-0.1002197265625,44.555660247802734,401.2450866699219,185.60789489746094
-0.70556640625,0.6199951171875,-0.8385009765625,27.648923873901367,396.9726257324219,161.37693786621094
-1.550537109375,0.7310791015625,-0.1661376953125,52.917476654052734,138.61083984375,47.424312591552734
-1.4354248046875,0.3900146484375,-0.05126953125,57.434078216552734,100.58592987060547,11.291502952575684
-1.09033203125,0.09912109375,-0.3416748046875,37.109375,133.1787109375,11.352538108825684
-0.7271728515625,0.0760498046875,-0.4090576171875,24.047849655151367,131.53076171875,22.216794967651367
-0.574462890625,0.1524658203125,-0.3482666015625,25.329587936401367,88.01268768310547,24.780271530151367
-0.670166015625,0.20849609375,-0.381103515625,20.629880905151367,41.503902435302734,28.747556686401367
-0.8243408203125,0.2586669921875,-0.4073486328125,-1.220703125,9.94873046875,51.574703216552734
-0.9053955078125,0.337646484375,-0.3443603515625,-16.05224609375,-6.958007335662842,67.93212890625
-0.914306640625,0.365234375,-0.322265625,-6.347655773162842,-6.652831554412842,46.203609466552734
-0.9078369140625,0.2723388671875,-0.453857421875,10.742186546325684,11.413573265075684,5.493163585662842
-0.8944091796875,0.1163330078125,-0.6246337890625,21.240232467651367,30.456541061401367,-30.578611373901367
-0.8662109375,-0.0499267578125,-0.69580078125,24.536130905151367,37.353515625,-58.166500091552734
-0.84423828125,-0.1702880859375,-0.646728515625,19.10400390625,33.02001953125,-67.138671875
-0.8421630859375,-0.1688232421875,-0.5029296875,8.056640625,17.51708984375,-53.100582122802734
-0.8890380859375,-0.071533203125,-0.34375,-2.44140625,-7.263183116912842,-28.564451217651367
-0.985107421875,-0.015380859375,-0.2247314453125,-8.544921875,-27.160642623901367,-12.207030296325684
-1.057373046875,-0.0614013671875,-0.15283203125,-4.150390625,-27.893064498901367,-11.474608421325684
-1.0654296875,-0.145751953125,-0.1636962890625,13.183592796325684,-11.413573265075684,-19.22607421875
-0.998779296875,-0.17822265625,-0.2232666015625,31.738279342651367,3.417968511581421,-21.606443405151367
-0.8970947265625,-0.129150390625,-0.294677734375,34.66796875,2.624511480331421,-8.97216796875
-0.8626708984375,-0.0382080078125,-0.38427734375,16.41845703125,-6.103515148162842,14.038084983825684
-0.91259765625,0.041748046875,-0.44921875,-6.530761241912842,-10.437010765075684,31.005857467651367
-0.9739990234375,0.04638671875,-0.444091796875,-8.72802734375,-13.549803733825684,23.315427780151367
-1.01171875,-0.0174560546875,-0.364501953125,11.901854515075684,-24.291990280151367,-2.197265625
-1.0003662109375,-0.0751953125,-0.2366943359375,27.770994186401367,-36.4990234375,-14.404295921325684
-0.896484375,0.144775390625,-0.243896484375,-1.8920897245407104,-20.568845748901367,22.277830123901367
-0.9207763671875,0.291748046875,-0.390625,-28.198240280151367,-15.014647483825684,38.63525390625
-0.991943359375,0.3529052734375,-0.467041015625,-43.518062591552734,-37.04833984375,32.71484375
-1.037353515625,0.320556640625,-0.3984375,-41.137691497802734,-82.70262908935547,-0.6103515625
-1.06494140625,0.20166015625,-0.2535400390625,-34.24072265625,-120.23925018310547,-43.151851654052734
-1.06201171875,0.074462890625,-0.0576171875,-36.4990234375,-119.01854705810547,-74.03564453125
-0.99267578125,-0.0802001953125,0.17236328125,-40.527339935302734,-90.94237518310547,-95.52001190185547
-0.9473876953125,-0.264892578125,0.2984619140625,-35.58349609375,-68.359375,-107.97118377685547
-0.9298095703125,-0.39111328125,0.2890625,-26.000974655151367,-59.143062591552734,-103.27147674560547
-0.8958740234375,-0.3743896484375,0.214111328125,-17.15087890625,-56.213375091552734,-88.37889862060547
-0.8702392578125,-0.25634765625,0.1368408203125,-9.94873046875,-54.138179779052734,-77.63671875
-0.8399658203125,-0.239990234375,0.153076171875,-9.27734375,-50.354000091552734,-77.1484375
-0.80322265625,-0.382080078125,0.2520751953125,-13.366698265075684,-42.785640716552734,-86.66991424560547
-0.7607421875,-0.536865234375,0.3111572265625,-12.084959983825684,-29.968259811401367,-99.06005096435547
-0.704345703125,-0.599853515625,0.28515625,-5.126952648162842,-15.808104515075684,-102.29491424560547
-0.632080078125,-0.6082763671875,0.204345703125,0.8544921278953552,-7.751464366912842,-96.43553924560547
-0.5474853515625,-0.635498046875,0.1409912109375,3.417968511581421,-6.958007335662842,-92.16307830810547
-0.4656982421875,-0.7431640625,0.161376953125,3.356933355331421,-4.57763671875,-97.04589080810547
-0.3929443359375,-0.8983154296875,0.21142578125,6.164550304412842,2.01416015625,-112.54882049560547
-0.3603515625,-0.96923828125,0.2294921875,15.991209983825684,-0.30517578125,-125.67137908935547
-0.3240966796875,-0.9375,0.2523193359375,23.925779342651367,-26.672361373901367,-114.25780487060547
-0.228515625,-0.9444580078125,0.3343505859375,19.8974609375,-65.4296875,-80.01708984375
-0.1207275390625,-1.013671875,0.44287109375,11.718749046325684,-84.89989471435547,-50.170894622802734
-0.0718994140625,-1.033935546875,0.4798583984375,14.221190452575684,-70.068359375,-37.17041015625
-0.0843505859375,-0.98779296875,0.46337890625,24.291990280151367,-36.2548828125,-29.357908248901367
-0.0909423828125,-0.91943359375,0.48193359375,29.602048873901367,-10.986327171325684,-15.380858421325684
-0.1153564453125,-0.9053955078125,0.5379638671875,30.395505905151367,-3.723144292831421,-2.624511480331421
-0.1549072265625,-0.89697265625,0.5750732421875,33.5693359375,-0.1831054538488388,6.896972179412842
-0.178955078125,-0.806884765625,0.4759521484375,38.87939453125,4.57763671875,24.047849655151367
-0.21533203125,-0.7796630859375,0.3516845703125,51.513668060302734,-9.70458984375,30.151365280151367
-0.231689453125,-0.803955078125,0.41845703125,71.71630859375,-45.349117279052734,20.507810592651367
-0.2373046875,-0.7559814453125,0.578857421875,81.05467987060547,-79.89501953125,19.47021484375
-0.232666015625,-0.7049560546875,0.723876953125,74.8291015625,-99.36522674560547,20.812986373901367
-0.229736328125,-0.668701171875,0.8048095703125,61.279293060302734,-91.91893768310547,14.099120140075684
-0.2384033203125,-0.6102294921875,0.775390625,51.330562591552734,-57.128902435302734,0.6103515625
-0.202880859375,-0.5655517578125,0.724853515625,56.396480560302734,-23.742673873901367,-17.2119140625
-0.1456298828125,-0.52587890625,0.7681884765625,61.523433685302734,-27.465818405151367,-21.911619186401367
-0.0926513671875,-0.48681640625,0.9180908203125,55.908199310302734,-65.61279296875,-3.479003667831421
-0.0250244140625,-0.48876953125,1.1007080078125,58.471675872802734,-100.70800018310547,26.000974655151367
0.0443115234375,-0.50927734375,1.148681640625,76.171875,-103.21044158935547,53.161617279052734
0.1204833984375,-0.41943359375,1.0482177734375,92.34618377685547,-83.67919158935547,72.3876953125
0.20263671875,-0.2808837890625,0.9776611328125,104.24803924560547,-89.96581268310547,74.15771484375
0.2568359375,-0.22412109375,0.923583984375,116.76024627685547,-131.89697265625,58.227535247802734
0.30810546875,-0.2105712890625,0.888671875,120.60546112060547,-174.62156677246094,42.053218841552734
0.4207763671875,-0.2197265625,0.88427734375,118.65233612060547,-193.90867614746094,35.7666015625
0.5352783203125,-0.1705322265625,0.812255859375,118.40819549560547,-182.25096130371094,46.936031341552734
0.5611572265625,-0.0286865234375,0.693115234375,112.60985565185547,-147.27783203125,63.903804779052734
0.59033203125,0.1243896484375,0.60400390625,98.32762908935547,-115.41747283935547,63.110347747802734
0.688720703125,0.189697265625,0.5606689453125,82.70262908935547,-106.68944549560547,42.602535247802734
0.80224609375,0.1439208984375,0.5445556640625,71.35009765625,-107.84911346435547,10.498045921325684
0.867431640625,0.101806640625,0.546875,65.7958984375,-99.79247283935547,-21.911619186401367
0.9097900390625,0.1136474609375,0.5303955078125,62.805171966552734,-92.40721893310547,-44.372554779052734
0.9739990234375,0.159912109375,0.4560546875,55.725093841552734,-93.56688690185547,-51.330562591552734
1.02880859375,0.22509765625,0.336669921875,42.846675872802734,-88.92821502685547,-42.602535247802734
1.0462646484375,0.2396240234375,0.22802734375,27.221677780151367,-74.89013671875,-32.1044921875
1.0093994140625,0.2301025390625,0.1849365234375,15.563963890075684,-63.964839935302734,-25.817869186401367
0.9268798828125,0.25146484375,0.1754150390625,9.1552734375,-60.791011810302734,-14.160155296325684
0.8516845703125,0.2640380859375,0.1317138671875,0.9765624403953552,-56.396480560302734,-5.859374523162842
0.8441162109375,0.2630615234375,0.0650634765625,-9.1552734375,-50.659175872802734,-12.939452171325684
0.8870849609375,0.2706298828125,0.0052490234375,-16.78466796875,-45.715328216552734,-23.376462936401367
0.924560546875,0.2939453125,-0.009033203125,-18.12744140625,-39.97802734375,-19.95849609375
0.9490966796875,0.347900390625,0.02294921875,-11.474608421325684,-34.1796875,-7.141112804412842
0.966552734375,0.368408203125,0.0489501953125,-0.1220703050494194,-28.930662155151367,0.7934569716453552
0.9619140625,0.3553466796875,0.07080078125,7.934569835662842,-22.460935592651367,5.920409679412842
0.9791259765625,0.3485107421875,0.1025390625,8.97216796875,-11.169432640075684,9.27734375
1.078857421875,0.34521484375,0.152587890625,4.5166015625,7.568358898162842,12.573241233825684
1.171630859375,0.3505859375,0.208984375,-5.249022960662842,44.433589935302734,21.911619186401367
1.117431640625,0.24755859375,0.2010498046875,-30.151365280151367,141.7236328125,12.939452171325684
1.0655517578125,0.0958251953125,0.25732421875,-44.799800872802734,143.49365234375,-2.929687261581421
1.020263671875,-0.0341796875,0.40478515625,-56.274410247802734,119.75096893310547,9.27734375
0.8966064453125,-0.146484375,0.4976806640625,-61.523433685302734,101.19628143310547,63.354488372802734
0.8443603515625,-0.101318359375,0.489013671875,-65.12451171875,69.88525390625,150.93994140625
0.84716796875,0.00390625,0.46435546875,-41.198726654052734,13.793944358825684,194.64109802246094
0.749267578125,-0.008544921875,0.52734375,13.305663108825684,-34.85107421875,155.1513671875
0.6722412109375,-0.050048828125,0.669921875,40.0390625,-54.504390716552734,91.79686737060547
0.656005859375,-0.094970703125,0.711181640625,26.611326217651367,-18.49365234375,45.837398529052734
0.6824951171875,-0.098388671875,0.6138916015625,6.774901866912842,62.744136810302734,38.2080078125
0.7677001953125,-0.1407470703125,0.59619140625,-5.187987804412842,109.68016815185547,49.926753997802734
0.79248046875,-0.3753662109375,0.7406005859375,-11.352538108825684,97.04589080810547,54.321285247802734
0.7083740234375,-0.5836181640625,0.824951171875,-9.3994140625,68.4814453125,54.748531341552734
0.581298828125,-0.3720703125,0.64599609375,4.39453125,31.616209030151367,67.93212890625
0.49462890625,-0.35107421875,0.6103515625,-10.803221702575684,20.385740280151367,75.37841796875
0.4630126953125,-0.393798828125,0.6202392578125,-29.968259811401367,16.7236328125,75.37841796875
0.46728515625,-0.41650390625,0.629638671875,-41.564937591552734,16.05224609375,66.95556640625
0.4720458984375,-0.4718017578125,0.6514892578125,-45.104976654052734,12.878417015075684,48.645015716552734
0.4647216796875,-0.586669921875,0.6807861328125,-48.583980560302734,10.498045921325684,36.62109375
0.4361572265625,-0.6324462890625,0.6466064453125,-51.940914154052734,17.333984375,42.663570404052734
0.4110107421875,-0.554443359375,0.59130859375,-47.058101654052734,23.132322311401367,46.081539154052734
0.39013671875,-0.50244140625,0.5419921875,-38.26904296875,17.08984375,28.930662155151367
0.3585205078125,-0.61279296875,0.495361328125,-39.6728515625,9.94873046875,8.7890625
0.3299560546875,-0.7586669921875,0.4742431640625,-48.828121185302734,2.0751953125,5.493163585662842
0.3707275390625,-0.8770751953125,0.5391845703125,-52.307125091552734,-20.812986373901367,13.793944358825684
0.4334716796875,-0.9725341796875,0.6566162109375,-47.546382904052734,-51.330562591552734,22.644041061401367
0.4127197265625,-0.88818359375,0.64404296875,-36.68212890625,-63.232418060302734,28.442380905151367
0.35986328125,-0.6715087890625,0.5179443359375,-25.146482467651367,-52.551265716552734,33.5693359375
0.33251953125,-0.58642578125,0.438720703125,-19.4091796875,-34.48486328125,34.36279296875
0.3466796875,-0.69189453125,0.4326171875,-18.310546875,-16.845703125,28.015134811401367
0.377197265625,-0.8101806640625,0.4302978515625,-17.15087890625,-5.493163585662842,24.169919967651367
0.36474609375,-0.842529296875,0.4151611328125,-14.953612327575684,-5.249022960662842,25.634763717651367
0.32568359375,-0.82275390625,0.4111328125,-13.305663108825684,-13.610838890075684,23.620603561401367
0.305419921875,-0.809814453125,0.422119140625,-13.977049827575684,-24.169919967651367,19.47021484375
0.3092041015625,-0.8531494140625,0.4542236328125,-18.6767578125,-27.221677780151367,23.498533248901367
0.331787109375,-0.9378662109375,0.4840087890625,-23.193357467651367,-20.874021530151367,30.700681686401367
0.3494873046875,-1.03369140625,0.4813232421875,-23.620603561401367,-14.160155296325684,27.343748092651367
0.3592529296875,-1.1690673828125,0.524658203125,-21.850584030151367,-17.7001953125,9.21630859375
0.3812255859375,-1.2725830078125,0.582763671875,-16.7236328125,-31.311033248901367,-22.277830123901367
0.399169921875,-1.184814453125,0.4730224609375,-15.502928733825684,-32.65380859375,-47.546382904052734
0.431884765625,-0.9696044921875,0.2203369140625,-39.48974609375,3.662109136581421,-40.832515716552734
0.507080078125,-0.8375244140625,0.02490234375,-81.29882049560547,54.504390716552734,-21.179197311401367
0.5244140625,-0.89111328125,-0.0191650390625,-101.44042205810547,77.5146484375,-9.765625
0.4527587890625,-1.02587890625,0.0452880859375,-85.87645721435547,71.71630859375,4.57763671875
0.42578125,-1.0029296875,0.12646484375,-48.034664154052734,48.522945404052734,11.657713890075684
0.4864501953125,-0.874267578125,0.165283203125,-13.183592796325684,19.59228515625,6.103515148162842
0.5203857421875,-0.8470458984375,0.12890625,-4.5166015625,1.4038084745407104,8.11767578125
0.4549560546875,-0.87841796875,0.0157470703125,-7.141112804412842,-5.432128429412842,9.8876953125
0.404541015625,-0.907470703125,-0.074951171875,5.0048828125,-19.53125,-1.5258787870407104
0.4451904296875,-0.98583984375,-0.059814453125,24.658201217651367,-55.725093841552734,-9.46044921875
0.488525390625,-1.0771484375,0.0174560546875,37.41455078125,-101.07421112060547,-6.896972179412842
0.509033203125,-1.0283203125,0.0809326171875,45.349117279052734,-131.2255859375,2.868652105331421
0.5194091796875,-0.86669921875,0.1324462890625,45.349117279052734,-133.48388671875,23.681638717651367
0.4886474609375,-0.6728515625,0.1380615234375,40.344234466552734,-110.77880096435547,40.466304779052734
0.40576171875,-0.4759521484375,0.0509033203125,41.442867279052734,-76.2939453125,35.09521484375
0.2886962890625,-0.4613037109375,-0.05419921875,41.564937591552734,-49.804683685302734,21.545408248901367
0.1822509765625,-0.6064453125,-0.0697021484375,35.0341796875,-52.734371185302734,24.414060592651367
0.1490478515625,-0.63330078125,0.0113525390625,29.602048873901367,-80.13916015625,46.386714935302734
0.232666015625,-0.57275390625,0.1597900390625,21.484373092651367,-96.31346893310547,68.2373046875
0.318603515625,-0.7962646484375,0.3199462890625,4.08935546875,-74.40185546875,60.363765716552734
0.323486328125,-1.2799072265625,0.4271240234375,-8.72802734375,-29.235837936401367,16.9677734375
0.2198486328125,-1.645751953125,0.44580078125,-5.249022960662842,-0.8544921278953552,-25.085447311401367
0.0347900390625,-1.4959716796875,0.320556640625,14.404295921325684,-15.502928733825684,-29.113767623901367
0.0130615234375,-0.90869140625,0.17138671875,32.04345703125,-54.016109466552734,13.916014671325684
0.1590576171875,-0.4742431640625,0.1505126953125,31.433103561401367,-77.880859375,57.128902435302734
0.220703125,-0.460205078125,0.197509765625,24.108884811401367,-77.5146484375,52.612300872802734
0.194580078125,-0.7523193359375,0.2525634765625,15.197752952575684,-61.340328216552734,27.038572311401367
0.2069091796875,-1.004638671875,0.31591796875,7.202147960662842,-51.757808685302734,19.47021484375
0.25634765625,-1.017578125,0.3536376953125,6.530761241912842,-68.78662109375,30.334470748901367
0.2803955078125,-0.9224853515625,0.358642578125,7.873534679412842,-93.68895721435547,43.334957122802734
0.290771484375,-0.883056640625,0.3839111328125,6.652831554412842,-101.19628143310547,47.058101654052734
0.349609375,-0.9344482421875,0.40869140625,2.990722417831421,-89.84374237060547,36.865234375
0.3865966796875,-1.0352783203125,0.300537109375,-6.652831554412842,-59.509273529052734,18.310546875
0.0582275390625,-1.34716796875,-0.274169921875,-26.000974655151367,-7.019042491912842,-11.840819358825684
0.0469970703125,-1.251220703125,-0.2283935546875,-9.765625,-51.208492279052734,-18.00537109375
0.0645751953125,-0.9305419921875,-0.0093994140625,10.864256858825684,-121.09374237060547,-4.638671875
-0.037841796875,-0.6453857421875,0.1575927734375,19.8974609375,-158.50830078125,20.690916061401367
-0.0621337890625,-0.6163330078125,0.3045654296875,12.145995140075684,-146.6064453125,35.2783203125
0.01318359375,-0.8427734375,0.385986328125,-2.25830078125,-106.14012908935547,32.5927734375
0.0504150390625,-1.072998046875,0.309326171875,-5.615233898162842,-61.401363372802734,14.221190452575684
0.03466796875,-1.1456298828125,0.1226806640625,2.685546636581421,-31.860349655151367,-3.051757574081421
0.0535888671875,-1.0926513671875,-0.02734375,12.756346702575684,-28.564451217651367,0.4272460639476776
0.135986328125,-0.9896240234375,-0.0538330078125,18.310546875,-41.870113372802734,12.451170921325684
0.223388671875,-0.919677734375,0.00048828125,18.12744140625,-53.710933685302734,13.061522483825684
0.285400390625,-0.89697265625,0.059814453125,13.732909202575684,-57.434078216552734,6.469726085662842
0.2987060546875,-0.864013671875,0.059326171875,9.27734375,-55.725093841552734,2.746581792831421
0.24658203125,-0.82373046875,0.0093994140625,8.72802734375,-53.222652435302734,-5.126952648162842
0.160400390625,-0.8701171875,0.02294921875,10.803221702575684,-57.434078216552734,-19.22607421875
0.117919921875,-1.024169921875,0.169921875,14.343260765075684,-77.08740234375,-27.404783248901367
0.0791015625,-1.18896484375,0.3414306640625,20.568845748901367,-104.85839080810547,-26.184080123901367
-0.012451171875,-1.2398681640625,0.3890380859375,22.460935592651367,-114.31884002685547,-14.770506858825684
-0.0577392578125,-1.117431640625,0.3291015625,13.000487327575684,-93.07860565185547,5.432128429412842
-0.0372314453125,-0.92041015625,0.268798828125,0.3662109076976776,-59.997554779052734,19.8974609375
0.0166015625,-0.861328125,0.298583984375,-2.25830078125,-43.395992279052734,15.014647483825684
0.1220703125,-1.0450439453125,0.440673828125,8.60595703125,-47.180171966552734,-11.169432640075684
0.1710205078125,-1.1903076171875,0.513916015625,20.507810592651367,-42.480464935302734,-41.564937591552734
0.0904541015625,-1.0213623046875,0.3897705078125,14.770506858825684,-5.065917491912842,-43.334957122802734
0.02099609375,-0.777099609375,0.2587890625,-5.432128429412842,35.33935546875,-20.446775436401367
0.0467529296875,-0.7454833984375,0.28173828125,-19.47021484375,39.24560546875,-6.835937023162842
0.085693359375,-0.8759765625,0.3731689453125,-18.98193359375,25.329587936401367,-14.648436546325684
0.0989990234375,-1.01123046875,0.416259765625,-14.953612327575684,34.5458984375,-33.447265625
0.1229248046875,-1.060302734375,0.3822021484375,-20.202634811401367,69.82421875,-39.55078125
0.1280517578125,-1.0416259765625,0.2847900390625,-31.005857467651367,100.28075408935547,-25.085447311401367
0.17529296875,-1.02001953125,0.179931640625,-33.5693359375,100.34178924560547,-7.934569835662842
0.3355712890625,-1.031494140625,0.1258544921875,-26.733396530151367,79.40673828125,-1.8920897245407104
0.4193115234375,-1.0535888671875,0.0391845703125,-23.315427780151367,71.1669921875,-4.39453125
0.3421630859375,-1.0723876953125,-0.1190185546875,-29.724119186401367,84.83885955810547,-6.286620616912842
0.218505859375,-1.086669921875,-0.2027587890625,-34.85107421875,90.57616424560547,-5.310058116912842
0.1490478515625,-1.041748046875,-0.1600341796875,-28.015134811401367,61.401363372802734,-0.1220703050494194
0.1646728515625,-0.9393310546875,-0.075927734375,-13.916014671325684,9.27734375,9.21630859375
0.1453857421875,-0.8402099609375,-0.02880859375,-2.44140625,-31.188962936401367,13.610838890075684
0.0706787109375,-0.7880859375,-0.028076171875,1.7089842557907104,-46.142574310302734,11.413573265075684
0.0374755859375,-0.8385009765625,-0.0233154296875,-0.2441406100988388,-44.555660247802734,8.97216796875
0.048095703125,-0.968994140625,0.00634765625,-2.3193359375,-33.02001953125,4.7607421875
0.032470703125,-1.0748291015625,0.017333984375,2.25830078125,-11.840819358825684,0.6713866591453552
0.0068359375,-1.1124267578125,0.0103759765625,-0.2441406100988388,-9.09423828125,8.1787109375
-0.0045166015625,-1.212890625,0.0167236328125,-2.3193359375,-8.544921875,8.11767578125
-0.0296630859375,-1.2650146484375,0.0086669921875,-4.08935546875,-1.3427733182907104,8.23974609375
0.3101806640625,-0.8385009765625,0.126953125,-15.502928733825684,17.02880859375,32.28759765625
0.543212890625,-0.5963134765625,0.248046875,-22.216794967651367,28.930662155151367,27.099607467651367
0.4521484375,-0.617919921875,0.27392578125,-26.550291061401367,46.142574310302734,6.469726085662842
0.22314453125,-0.890869140625,0.2340087890625,-20.080564498901367,48.767086029052734,-29.785154342651367
0.120849609375,-1.1021728515625,0.1988525390625,-7.812499523162842,42.053218841552734,-64.3310546875
0.14306640625,-1.022705078125,0.136474609375,-5.676269054412842,48.706050872802734,-63.354488372802734
0.178955078125,-0.8203125,0.02978515625,-15.502928733825684,63.293453216552734,-31.555173873901367
0.2132568359375,-0.7569580078125,-0.084716796875,-27.343748092651367,62.011714935302734,0.4882812201976776
0.336181640625,-0.8162841796875,-0.177734375,-30.578611373901367,39.12353515625,18.4326171875
0.4844970703125,-0.8446044921875,-0.2025146484375,-24.536130905151367,10.803221702575684,23.742673873901367
0.455810546875,-0.66943359375,-0.1690673828125,-11.535643577575684,-19.6533203125,33.02001953125
0.2470703125,-0.3941650390625,-0.101806640625,12.390135765075684,-75.68359375,36.7431640625
0.0640869140625,-0.6217041015625,0.0361328125,33.75244140625,-147.94921875,19.04296875
-0.0538330078125,-1.17333984375,0.2291259765625,49.621578216552734,-179.80955505371094,1.5869139432907104
-0.09912109375,-1.1572265625,0.3250732421875,83.43505096435547,-166.50389099121094,13.916014671325684
-0.08203125,-0.6641845703125,0.2906494140625,115.35643768310547,-140.80810546875,59.204097747802734
0.018798828125,-0.3216552734375,0.2806396484375,104.91942596435547,-105.52977752685547,95.45897674560547
0.2313232421875,-0.2744140625,0.32763671875,64.51416015625,-61.767574310302734,86.54784393310547
0.41650390625,-0.2923583984375,0.351806640625,25.512693405151367,-18.5546875,40.10009765625
0.62255859375,-0.24560546875,0.29150390625,-4.5166015625,21.057126998901367,-18.798828125
0.9913330078125,-0.5347900390625,0.17919921875,-39.73388671875,45.898433685302734,-75.37841796875
1.3216552734375,-1.6192626953125,0.012451171875,-92.59032440185547,59.143062591552734,-131.7138671875
1.131103515625,-2.4766845703125,-0.3223876953125,-106.32323455810547,58.837886810302734,-205.50535583496094
0.741943359375,-1.9114990234375,-0.5389404296875,-38.0859375,-26.611326217651367,-255.98143005371094
0.589599609375,-1.0191650390625,-0.4007568359375,-11.352538108825684,-184.14305114746094,-187.56101989746094
0.519775390625,-0.8565673828125,-0.1826171875,-77.08740234375,-303.466796875,-55.175777435302734
0.4708251953125,-0.9307861328125,-0.3155517578125,-122.19237518310547,-327.4535827636719,25.024412155151367
0.4056396484375,-0.9715576171875,-0.8660888671875,-120.84960174560547,-249.38963317871094,49.133296966552734
0.2822265625,-1.103515625,-1.42529296875,-129.5166015625,-124.99999237060547,44.555660247802734
0.118896484375,-1.1717529296875,-1.6207275390625,-156.6162109375,-65.97900390625,53.161617279052734
-0.0252685546875,-0.70849609375,-1.3555908203125,-149.90234375,-115.05126190185547,97.22899627685547
-0.207275390625,-0.03759765625,-0.8873291015625,-95.76415252685547,-171.26463317871094,118.34716033935547
-0.32177734375,0.0299072265625,-0.5772705078125,-31.494138717651367,-154.96826171875,72.69287109375
-0.255615234375,-0.3631591796875,-0.543701171875,14.404295921325684,-98.02245330810547,13.244627952575684
-0.3321533203125,-0.30859375,-0.9522705078125,8.7890625,-44.189449310302734,46.936031341552734
-0.402587890625,-0.1163330078125,-0.9908447265625,-9.033203125,-55.603023529052734,62.744136810302734
-0.5050048828125,-0.1837158203125,-0.8760986328125,-11.718749046325684,-62.927242279052734,39.24560546875
-0.61328125,-0.36865234375,-0.748046875,-1.8310545682907104,-58.227535247802734,5.310058116912842
-0.6473388671875,-0.44384765625,-0.668701171875,5.737304210662842,-46.691890716552734,-5.493163585662842
-0.63427734375,-0.3878173828125,-0.668701171875,6.958007335662842,-38.14697265625,2.746581792831421
-0.623046875,-0.3187255859375,-0.7086181640625,6.042479991912842,-35.46142578125,10.742186546325684
-0.5970458984375,-0.3035888671875,-0.7113037109375,5.859374523162842,-33.99658203125,12.512206077575684
-0.5712890625,-0.3494873046875,-0.688232421875,9.27734375,-30.273435592651367,5.615233898162842
-0.5521240234375,-0.4263916015625,-0.669189453125,15.441893577575684,-23.254392623901367,-8.056640625
-0.53662109375,-0.4786376953125,-0.657470703125,19.775390625,-13.061522483825684,-18.00537109375
-0.532470703125,-0.4910888671875,-0.6546630859375,20.629880905151367,-1.6479490995407104,-20.446775436401367
-0.5367431640625,-0.484130859375,-0.657958984375,19.775390625,6.713866710662842,-21.118162155151367
-0.541259765625,-0.485107421875,-0.67041015625,18.9208984375,10.253905296325684,-24.719236373901367
-0.525146484375,-0.5302734375,-0.68359375,19.53125,11.291502952575684,-33.38623046875
-0.498291015625,-0.614501953125,-0.685791015625,23.071287155151367,13.000487327575684,-44.982906341552734
-0.48974609375,-0.6748046875,-0.6666259765625,27.160642623901367,13.549803733825684,-49.682613372802734
-0.4747314453125,-0.6749267578125,-0.60888671875,28.137205123901367,8.72802734375,-43.151851654052734
-0.429443359375,-0.6597900390625,-0.5477294921875,26.733396530151367,3.173827886581421,-35.70556640625
-0.3619384765625,-0.6702880859375,-0.5341796875,24.963376998901367,6.713866710662842,-34.97314453125
-0.3006591796875,-0.7132568359375,-0.56884765625,22.766111373901367,18.98193359375,-38.0859375
-0.2647705078125,-0.76513671875,-0.6131591796875,22.277830123901367,30.334470748901367,-41.687007904052734
-0.2396240234375,-0.8052978515625,-0.6334228515625,26.367185592651367,32.1044921875,-45.837398529052734
-0.209716796875,-0.8350830078125,-0.6141357421875,33.8134765625,23.315427780151367,-49.743648529052734
-0.197265625,-0.8292236328125,-0.56884765625,39.97802734375,9.33837890625,-48.461910247802734
-0.2181396484375,-0.7943115234375,-0.5341796875,40.832515716552734,-1.8310545682907104,-39.6728515625
-0.21484375,-0.796630859375,-0.5189208984375,34.912109375,-5.310058116912842,-31.311033248901367
-0.1492919921875,-0.8070068359375,-0.4852294921875,26.000974655151367,-2.44140625,-28.930662155151367
-0.1326904296875,-0.7965087890625,-0.44775390625,21.118162155151367,4.94384765625,-29.968259811401367
-0.1552734375,-0.8677978515625,-0.434326171875,18.61572265625,13.061522483825684,-33.63037109375
-0.1065673828125,-0.9727783203125,-0.448486328125,11.108397483825684,20.996091842651367,-35.82763671875
-0.037841796875,-0.9686279296875,-0.4951171875,3.112792730331421,30.273435592651367,-30.273435592651367
0.0040283203125,-0.897705078125,-0.48193359375,6.225585460662842,28.869626998901367,-24.108884811401367
0.0279541015625,-0.9049072265625,-0.3707275390625,24.841306686401367,7.385253429412842,-26.489255905151367
0.0257568359375,-0.9747314453125,-0.2764892578125,48.583980560302734,-20.812986373901367,-32.5927734375
-0.0401611328125,-0.9342041015625,-0.296630859375,56.579586029052734,-28.442380905151367,-31.921384811401367
-0.0987548828125,-0.8349609375,-0.369873046875,39.9169921875,-12.695311546325684,-27.832029342651367
-0.0498046875,-0.84423828125,-0.39794921875,11.657713890075684,6.896972179412842,-32.2265625
0.083251953125,-0.9122314453125,-0.3709716796875,-7.080077648162842,19.34814453125,-44.677730560302734
0.190673828125,-0.9383544921875,-0.3355712890625,-6.347655773162842,22.277830123901367,-58.227535247802734
0.2003173828125,-0.932861328125,-0.3394775390625,3.356933355331421,17.51708984375,-68.05419921875
0.1492919921875,-0.9287109375,-0.365966796875,7.019042491912842,12.023924827575684,-72.93701171875
0.1334228515625,-0.9393310546875,-0.3756103515625,5.676269054412842,11.413573265075684,-76.66015625
0.2216796875,-0.96728515625,-0.3902587890625,6.652831554412842,14.831542015075684,-78.79638671875
0.376953125,-0.977294921875,-0.427490234375,7.934569835662842,20.263669967651367,-74.03564453125
0.498046875,-0.985107421875,-0.454833984375,3.173827886581421,24.841306686401367,-61.401363372802734
0.5703125,-0.984619140625,-0.446533203125,-8.85009765625,27.832029342651367,-52.673336029052734
0.530029296875,-0.893310546875,-0.439697265625,-37.7197265625,20.690916061401367,-45.288082122802734
0.474365234375,-0.8448486328125,-0.3629150390625,-36.80419921875,-4.0283203125,-29.968259811401367
0.486328125,-0.802978515625,-0.3551025390625,-27.343748092651367,-31.799314498901367,-23.803709030151367
0.5511474609375,-0.7716064453125,-0.4521484375,-30.456541061401367,-37.841796875,-21.972654342651367
0.608154296875,-0.81103515625,-0.517333984375,-46.936031341552734,-25.573728561401367,-25.024412155151367
0.5611572265625,-0.8798828125,-0.5179443359375,-61.096187591552734,-9.27734375,-24.291990280151367
0.4813232421875,-0.89501953125,-0.5028076171875,-65.185546875,-0.9155272841453552,-15.380858421325684
0.4267578125,-0.8359375,-0.5252685546875,-64.63623046875,-4.08935546875,-4.0283203125
0.395751953125,-0.7642822265625,-0.5545654296875,-64.27001953125,-7.202147960662842,5.493163585662842
0.3922119140625,-0.743896484375,-0.5103759765625,-65.185546875,-1.5258787870407104,13.488768577575684
0.3861083984375,-0.755126953125,-0.4237060546875,-64.453125,11.047362327575684,23.315427780151367
0.4049072265625,-0.75732421875,-0.3692626953125,-59.692378997802734,18.85986328125,33.02001953125
0.46044921875,-0.6339111328125,-0.3748779296875,-49.926753997802734,15.319823265075684,41.931148529052734
0.513671875,-0.3389892578125,-0.4246826171875,-34.3017578125,5.310058116912842,47.973628997802734
0.5670166015625,-0.0848388671875,-0.497314453125,-19.6533203125,-2.197265625,49.255367279052734
0.63330078125,-0.0675048828125,-0.632568359375,-12.268065452575684,1.15966796875,47.973628997802734
0.6961669921875,-0.2462158203125,-0.7735595703125,-6.896972179412842,12.817381858825684,38.0859375
0.6873779296875,-0.4302978515625,-0.8179931640625,-0.0610351525247097,24.414060592651367,17.76123046875
0.5521240234375,-0.5164794921875,-0.81005859375,3.173827886581421,38.14697265625,5.920409679412842
0.411865234375,-0.5899658203125,-0.75,4.94384765625,48.095699310302734,8.60595703125
0.3778076171875,-0.6824951171875,-0.6591796875,15.136717796325684,45.104976654052734,12.329100608825684
0.414794921875,-0.747314453125,-0.600341796875,32.1044921875,38.26904296875,11.169432640075684
0.501708984375,-0.7396240234375,-0.5703125,45.776363372802734,39.12353515625,7.690429210662842
0.5421142578125,-0.7174072265625,-0.5667724609375,54.443355560302734,50.109859466552734,9.1552734375
0.5010986328125,-0.7501220703125,-0.538818359375,63.781734466552734,58.166500091552734,20.568845748901367
0.4744873046875,-0.8101806640625,-0.4791259765625,75.5615234375,53.100582122802734,40.832515716552734
0.520263671875,-0.9830322265625,-0.4122314453125,83.74022674560547,47.790523529052734,64.5751953125
0.6641845703125,-1.1768798828125,-0.36083984375,88.98925018310547,52.246089935302734,77.7587890625
0.757080078125,-1.1697998046875,-0.3199462890625,95.82518768310547,58.410640716552734,74.52392578125
0.7203369140625,-0.9844970703125,-0.1494140625,108.88671112060547,48.645015716552734,59.570308685302734
0.6839599609375,-0.763916015625,0.2198486328125,136.23046875,15.258788108825684,27.832029342651367
0.6807861328125,-0.661376953125,0.4989013671875,156.494140625,-2.01416015625,-7.507323741912842
0.667724609375,-0.736572265625,0.377197265625,136.3525390625,36.80419921875,-19.34814453125
0.568359375,-0.9864501953125,-0.0274658203125,88.19579315185547,78.67431640625,-10.437010765075684
0.4754638671875,-1.1484375,-0.27001953125,48.950191497802734,50.292964935302734,10.864256858825684
0.53955078125,-0.995849609375,-0.1090087890625,37.17041015625,-28.991697311401367,36.19384765625
0.601318359375,-0.8114013671875,0.209716796875,37.841796875,-88.43993377685547,49.316402435302734
0.560546875,-0.81494140625,0.4322509765625,29.602048873901367,-98.51073455810547,48.828121185302734
0.530029296875,-0.8961181640625,0.5184326171875,19.4091796875,-83.86229705810547,39.73388671875
0.5556640625,-0.9595947265625,0.4910888671875,14.099120140075684,-62.866207122802734,27.648923873901367
0.5909423828125,-0.9688720703125,0.3831787109375,7.568358898162842,-36.31591796875,22.399900436401367
0.599853515625,-0.865478515625,0.215087890625,2.0751953125,-9.58251953125,24.353025436401367
0.5609130859375,-0.739013671875,0.0355224609375,-0.9155272841453552,10.559081077575684,23.315427780151367
0.468505859375,-0.6910400390625,-0.0791015625,-9.6435546875,19.53125,20.935056686401367
0.3438720703125,-0.621826171875,-0.1236572265625,-20.324705123901367,9.94873046875,26.855466842651367
0.1688232421875,-0.4630126953125,-0.149169921875,-22.644041061401367,-19.6533203125,38.14697265625
0.0379638671875,-0.380859375,-0.077392578125,-23.193357467651367,-54.626461029052734,49.621578216552734
0.0684814453125,-0.5177001953125,0.1788330078125,-31.372068405151367,-79.52880859375,59.875484466552734
0.1181640625,-0.935791015625,0.4490966796875,-37.41455078125,-85.32714080810547,55.786128997802734
0.2100830078125,-1.40185546875,0.55908203125,-19.59228515625,-64.3310546875,14.099120140075684
0.252685546875,-1.3477783203125,0.4442138671875,15.747069358825684,-17.7001953125,-42.053218841552734
0.0455322265625,-0.832275390625,0.1297607421875,21.667478561401367,23.254392623901367,-31.860349655151367
-0.0733642578125,-0.5234375,-0.0941162109375,-12.817381858825684,24.963376998901367,36.68212890625
0.0013427734375,-0.6839599609375,-0.0592041015625,-34.48486328125,11.779784202575684,60.974117279052734
0.0623779296875,-1.0068359375,0.066650390625,-12.939452171325684,8.4228515625,18.4326171875
0.0797119140625,-1.135986328125,0.0718994140625,20.01953125,-2.990722417831421,-15.869139671325684
0.0546875,-1.07421875,-0.076904296875,30.883787155151367,-20.629880905151367,-7.141112804412842
0.05712890625,-1.037353515625,-0.2130126953125,23.010251998901367,-28.930662155151367,7.873534679412842
0.1263427734375,-1.031494140625,-0.25537109375,12.451170921325684,-30.944822311401367,13.000487327575684
0.218994140625,-0.9766845703125,-0.1966552734375,3.784179449081421,-37.109375,20.629880905151367
0.38720703125,-1.046630859375,0.111083984375,0.0610351525247097,-58.532711029052734,18.9208984375
0.610595703125,-1.2066650390625,0.6346435546875,10.314940452575684,-91.43065643310547,-11.657713890075684
0.575439453125,-1.20556640625,0.910400390625,20.01953125,-106.81151580810547,-21.545408248901367
0.2117919921875,-1.01171875,0.636474609375,14.038084983825684,-91.55272674560547,30.151365280151367
0.0816650390625,-0.72021484375,0.307373046875,4.0283203125,-72.57080078125,77.5146484375
0.2091064453125,-0.5345458984375,0.25146484375,1.7700194120407104,-52.307125091552734,61.401363372802734
0.182861328125,-0.61767578125,0.23291015625,7.385253429412842,-22.583005905151367,8.36181640625
0.1844482421875,-0.8668212890625,0.239501953125,11.474608421325684,-14.892577171325684,-25.695798873901367
0.2666015625,-1.0277099609375,0.2623291015625,7.568358898162842,-34.1796875,-13.732909202575684
0.2681884765625,-1.070068359375,0.2498779296875,3.601073980331421,-59.753414154052734,15.808104515075684
0.250244140625,-1.0836181640625,0.2603759765625,7.263183116912842,-87.03612518310547,26.733396530151367
0.234130859375,-1.04638671875,0.29248046875,9.765625,-102.47801971435547,30.334470748901367
0.2303466796875,-0.9530029296875,0.328369140625,6.225585460662842,-99.24315643310547,37.59765625
0.2584228515625,-0.8648681640625,0.3651123046875,2.3193359375,-92.16307830810547,39.6728515625
0.2359619140625,-0.8485107421875,0.365234375,-0.4272460639476776,-86.66991424560547,36.62109375
0.1954345703125,-0.8868408203125,0.3370361328125,-3.173827886581421,-80.32225799560547,33.14208984375
0.2032470703125,-0.9381103515625,0.3009033203125,-7.507323741912842,-67.81005859375,28.869626998901367
0.2227783203125,-1.0286865234375,0.2310791015625,-10.131834983825684,-44.067378997802734,13.671874046325684
0.211181640625,-1.09912109375,0.112060546875,-4.08935546875,-19.6533203125,-17.39501953125
0.08056640625,-1.080322265625,-0.0391845703125,0.6103515625,-9.09423828125,-32.958984375
-0.0596923828125,-1.01171875,-0.0784912109375,-4.21142578125,-19.22607421875,-14.648436546325684
-0.0618896484375,-0.9515380859375,0.0472412109375,-9.521484375,-27.709959030151367,5.676269054412842
-0.0179443359375,-0.92724609375,0.1575927734375,-12.145995140075684,-3.662109136581421,4.33349609375
0.1680908203125,-0.943603515625,0.109130859375,-26.306150436401367,76.72119140625,-15.136717796325684
0.24365234375,-0.975341796875,0.028076171875,-34.0576171875,93.20067596435547,-12.695311546325684
0.2437744140625,-0.955810546875,-0.05859375,-30.517576217651367,96.00829315185547,-7.812499523162842
0.2718505859375,-0.8687744140625,-0.080078125,-17.39501953125,86.24266815185547,-6.713866710662842
0.3460693359375,-0.775390625,-0.022216796875,-3.662109136581421,70.12939453125,-11.291502952575684
0.4158935546875,-0.7667236328125,0.081787109375,7.202147960662842,56.823726654052734,-24.719236373901367
0.4603271484375,-0.8095703125,0.1829833984375,19.287109375,46.203609466552734,-46.325679779052734
0.3917236328125,-0.7091064453125,0.181884765625,31.433103561401367,40.222164154052734,-59.448238372802734
0.1519775390625,-0.4849853515625,0.01708984375,32.5927734375,39.36767578125,-51.513668060302734
-0.0474853515625,-0.4185791015625,-0.1556396484375,13.244627952575684,30.944822311401367,-31.066892623901367
-0.0224609375,-0.46142578125,-0.1915283203125,-11.413573265075684,11.169432640075684,-11.291502952575684
0.0648193359375,-0.4345703125,-0.0916748046875,-14.282225608825684,-9.8876953125,-2.50244140625
0.1229248046875,-0.4998779296875,0.155029296875,-1.0986328125,-32.2265625,-2.746581792831421
0.2030029296875,-0.691162109375,0.3602294921875,7.873534679412842,-59.936519622802734,3.723144292831421
0.2135009765625,-0.77490234375,0.2633056640625,9.09423828125,-81.54296112060547,22.827146530151367
0.243896484375,-0.730712890625,0.0450439453125,1.0986328125,-87.03612518310547,40.588375091552734
0.33544921875,-0.7728271484375,0.0638427734375,-15.869139671325684,-78.61328125,41.748043060302734
0.4088134765625,-1.010009765625,0.3072509765625,-31.799314498901367,-50.292964935302734,34.60693359375
0.58837890625,-1.17626953125,0.551513671875,-48.217769622802734,6.225585460662842,42.907711029052734
0.6005859375,-1.0203857421875,0.39697265625,-77.1484375,72.93701171875,93.81102752685547
-0.317138671875,-1.5030517578125,-0.5931396484375,-126.77001190185547,99.79247283935547,166.38182067871094
-0.824462890625,-2.927978515625,-1.629638671875,-159.36279296875,48.828121185302734,171.63084411621094
0.1446533203125,-3.2340087890625,-1.521484375,-143.85986328125,-52.917476654052734,168.57908630371094
0.93994140625,-1.15771484375,-0.4383544921875,-110.65673065185547,-104.30907440185547,285.70556640625
0.5477294921875,1.8006591796875,0.0711669921875,-38.6962890625,-49.194332122802734,353.8207702636719
-0.4976806640625,2.3619384765625,-0.5426025390625,16.29638671875,19.04296875,243.83543395996094
-1.3089599609375,0.4417724609375,-1.1065673828125,-4.21142578125,-7.019042491912842,110.65673065185547
-1.5296630859375,-0.887939453125,-0.9066162109375,-16.2353515625,-92.34618377685547,81.48192596435547
-1.2119140625,-0.792236328125,-0.259033203125,14.587401390075684,-135.80322265625,104.67528533935547
-0.862548828125,-0.202392578125,0.0506591796875,46.630855560302734,-115.35643768310547,126.03759002685547
-0.8160400390625,0.1668701171875,-0.039306640625,34.36279296875,-79.04052734375,173.03465270996094
-0.91259765625,0.2713623046875,0.0950927734375,8.7890625,-70.73974609375,186.95066833496094
-1.2022705078125,0.30224609375,0.3671875,11.413573265075684,-53.039546966552734,140.93017578125
-1.525146484375,0.3134765625,0.1207275390625,20.202634811401367,38.0859375,66.46728515625
-1.2073974609375,0.3443603515625,-0.2545166015625,33.0810546875,120.36132049560547,-27.465818405151367
-0.7054443359375,0.2156982421875,-0.2498779296875,43.762203216552734,93.20067596435547,-72.75390625
-0.75927734375,-0.0333251953125,-0.1143798828125,22.705076217651367,11.718749046325684,-26.000974655151367
-0.9368896484375,-0.02978515625,-0.0574951171875,-11.352538108825684,-33.75244140625,43.579097747802734
-0.969970703125,0.2308349609375,-0.180419921875,-30.883787155151367,-22.705076217651367,77.45361328125
-0.9805908203125,0.414794921875,-0.3153076171875,-34.85107421875,-1.5258787870407104,72.8759765625
-1.0152587890625,0.313232421875,-0.2799072265625,-21.423337936401367,-9.521484375,35.2783203125
-1.0128173828125,0.11376953125,-0.14697265625,1.15966796875,-24.414060592651367,-4.39453125
-0.953125,0.05078125,-0.0574951171875,13.671874046325684,-18.5546875,-14.526366233825684
-0.917724609375,0.106201171875,-0.0693359375,8.9111328125,-2.929687261581421,-3.417968511581421
-0.946044921875,0.1826171875,-0.1395263671875,-2.929687261581421,3.967284917831421,9.3994140625
-0.99072265625,0.218505859375,-0.1795654296875,-8.056640625,2.197265625,9.94873046875
-1.0152587890625,0.20947265625,-0.15576171875,-2.929687261581421,0.7934569716453552,-3.540038824081421
-1.005615234375,0.2005615234375,-0.1134033203125,5.371093273162842,3.967284917831421,-17.4560546875
-0.99365234375,0.17431640625,-0.1346435546875,12.145995140075684,11.596678733825684,-28.625486373901367
-0.9864501953125,0.12841796875,-0.213134765625,15.502928733825684,25.146482467651367,-41.931148529052734
-0.9339599609375,0.1566162109375,-0.2950439453125,15.808104515075684,39.0625,-55.541988372802734
-0.8958740234375,0.23193359375,-0.37353515625,13.000487327575684,42.236324310302734,-63.659664154052734
-0.9482421875,0.2012939453125,-0.4002685546875,7.019042491912842,22.521970748901367,-67.138671875
-1.0693359375,0.0029296875,-0.34619140625,7.690429210662842,-19.34814453125,-79.9560546875
-1.12744140625,-0.241943359375,-0.2081298828125,18.85986328125,-59.631343841552734,-99.12108612060547
-1.04736328125,-0.3856201171875,-0.05908203125,24.414060592651367,-67.5048828125,-103.21044158935547
-0.949951171875,-0.3743896484375,-0.040771484375,12.023924827575684,-36.2548828125,-88.01268768310547
-0.90576171875,-0.2802734375,-0.1453857421875,-6.408690929412842,2.44140625,-69.76318359375
-0.8612060546875,-0.2529296875,-0.2254638671875,-12.939452171325684,15.991209983825684,-68.603515625
-0.80908203125,-0.3387451171875,-0.2010498046875,-6.530761241912842,7.385253429412842,-85.69335174560547
-0.78857421875,-0.47705078125,-0.14306640625,0.9765624403953552,-2.624511480331421,-103.57665252685547
-0.7882080078125,-0.6114501953125,-0.1317138671875,-2.929687261581421,-4.21142578125,-104.98046112060547
-0.7529296875,-0.689453125,-0.1298828125,-18.06640625,-4.39453125,-86.05956268310547
-0.6728515625,-0.617919921875,-0.1092529296875,-25.573728561401367,-10.253905296325684,-63.964839935302734
-0.630859375,-0.7684326171875,-0.010009765625,-19.22607421875,-22.277830123901367,-73.3642578125
-0.6024169921875,-0.9140625,0.0679931640625,-14.404295921325684,-30.151365280151367,-77.0263671875
-0.5091552734375,-0.891845703125,0.0733642578125,-11.901854515075684,-27.160642623901367,-59.143062591552734
-0.4034423828125,-0.9483642578125,-0.118408203125,-31.005857467651367,36.80419921875,-59.570308685302734
-0.4044189453125,-0.9312744140625,-0.2252197265625,-34.1796875,50.598140716552734,-72.3876953125
-0.406982421875,-0.891357421875,-0.27392578125,-33.5693359375,36.19384765625,-75.3173828125
-0.41455078125,-0.8843994140625,-0.256591796875,-30.944822311401367,20.01953125,-77.33154296875
-0.4317626953125,-0.931640625,-0.199462890625,-20.080564498901367,51.391597747802734,-74.15771484375
-0.3514404296875,-0.869384765625,-0.25048828125,-8.6669921875,69.15283203125,-66.5283203125
-0.20703125,-0.81689453125,-0.3538818359375,-3.295898199081421,82.51952362060547,-60.485836029052734
-0.0767822265625,-0.814697265625,-0.4808349609375,-4.2724609375,101.07421112060547,-58.288570404052734
0.01220703125,-0.868408203125,-0.530517578125,-3.051757574081421,114.50194549560547,-66.162109375
0.0982666015625,-0.9130859375,-0.491943359375,2.624511480331421,107.78807830810547,-78.55224609375
0.12939453125,-0.865966796875,-0.48046875,10.681151390075684,84.77782440185547,-82.33641815185547
0.1243896484375,-0.7911376953125,-0.4871826171875,22.827146530151367,50.659175872802734,-86.54784393310547
0.1806640625,-0.795654296875,-0.4473876953125,38.4521484375,13.671874046325684,-104.55321502685547
0.2799072265625,-0.8841552734375,-0.392578125,47.912593841552734,-4.5166015625,-128.35693359375
0.440673828125,-0.97802734375,-0.3150634765625,43.701168060302734,5.615233898162842,-138.24462890625
0.69775390625,-1.060546875,-0.2109375,22.949216842651367,35.46142578125,-123.47411346435547
0.8626708984375,-1.053466796875,-0.2081298828125,-14.282225608825684,73.2421875,-88.37889862060547
0.8597412109375,-0.940185546875,-0.30517578125,-52.368160247802734,98.26659393310547,-57.617183685302734
0.77783203125,-0.8402099609375,-0.363037109375,-76.5380859375,92.83446502685547,-45.410152435302734
0.6644287109375,-0.78076171875,-0.3643798828125,-90.69823455810547,70.068359375,-38.0859375
0.5999755859375,-0.7060546875,-0.377685546875,-101.92870330810547,54.199214935302734,-28.137205123901367
0.69140625,-0.5809326171875,-0.38427734375,-117.98094940185547,47.668453216552734,-9.27734375
0.7303466796875,-0.6275634765625,-0.3056640625,-111.26708221435547,44.128414154052734,-9.27734375
0.7406005859375,-0.7041015625,-0.263916015625,-97.71727752685547,47.790523529052734,-12.756346702575684
0.735595703125,-0.719970703125,-0.3287353515625,-89.17235565185547,54.687496185302734,-10.559081077575684
0.690185546875,-0.6644287109375,-0.4329833984375,-87.52440643310547,54.687496185302734,-2.197265625
0.6363525390625,-0.603271484375,-0.4520263671875,-86.48680877685547,42.236324310302734,4.638671875
0.6168212890625,-0.5689697265625,-0.369140625,-82.33641815185547,24.719236373901367,8.60595703125
0.6187744140625,-0.540771484375,-0.27099609375,-75.74462890625,13.549803733825684,13.061522483825684
0.6214599609375,-0.478759765625,-0.2369384765625,-67.44384765625,9.70458984375,17.15087890625
0.6370849609375,-0.392822265625,-0.2799072265625,-58.166500091552734,7.507323741912842,18.61572265625
0.7073974609375,-0.30517578125,-0.344970703125,-49.682613372802734,6.225585460662842,20.263669967651367
0.810302734375,-0.2281494140625,-0.3922119140625,-40.893550872802734,8.4228515625,23.437498092651367
0.8905029296875,-0.2027587890625,-0.4376220703125,-27.038572311401367,7.263183116912842,23.559568405151367
0.8951416015625,-0.44140625,-0.482177734375,13.671874046325684,5.187987804412842,15.747069358825684
0.8646240234375,-0.5897216796875,-0.415771484375,30.334470748901367,9.765625,12.023924827575684
0.82861328125,-0.66259765625,-0.4022216796875,31.372068405151367,18.85986328125,18.310546875
0.744384765625,-0.6611328125,-0.4771728515625,21.789548873901367,32.53173828125,32.470703125
0.69140625,-0.64306640625,-0.5220947265625,17.15087890625,38.818359375,41.809078216552734
0.6619873046875,-0.693603515625,-0.4833984375,19.8974609375,29.174802780151367,43.334957122802734
0.605224609375,-0.7657470703125,-0.39404296875,25.024412155151367,10.437010765075684,40.588375091552734
0.5599365234375,-0.72265625,-0.2911376953125,36.19384765625,-7.202147960662842,40.10009765625
0.5599365234375,-0.5872802734375,-0.19775390625,55.053707122802734,-16.4794921875,43.212886810302734
0.82275390625,-1.0579833984375,-0.015869140625,80.87157440185547,37.59765625,21.118162155151367
1.0924072265625,-1.33984375,0.028564453125,82.88573455810547,105.83495330810547,17.822265625
0.9847412109375,-1.0633544921875,-0.0814208984375,87.46337127685547,144.83642578125,43.945308685302734
0.7958984375,-0.6885986328125,0.0118408203125,92.95653533935547,106.68944549560547,64.14794921875
0.7362060546875,-0.5703125,0.2159423828125,91.30858612060547,41.320796966552734,55.480953216552734
0.7064208984375,-0.6141357421875,0.3060302734375,88.25682830810547,19.8974609375,30.944822311401367
0.785888671875,-0.625,0.400390625,87.21923065185547,36.19384765625,3.662109136581421
0.8056640625,-0.7064208984375,0.4232177734375,66.650390625,60.668941497802734,-10.925292015075684
0.6611328125,-0.8472900390625,0.30517578125,38.4521484375,71.10595703125,-23.864744186401367
0.6112060546875,-0.8360595703125,0.2484130859375,30.212400436401367,46.142574310302734,-37.53662109375
0.696044921875,-0.661865234375,0.3101806640625,24.841306686401367,6.225585460662842,-27.282712936401367
0.7398681640625,-0.485107421875,0.3768310546875,12.512206077575684,-14.648436546325684,-10.437010765075684
0.741943359375,-0.39013671875,0.4161376953125,2.563476324081421,-14.709471702575684,-13.732909202575684
0.7421875,-0.3857421875,0.437744140625,-9.33837890625,-3.295898199081421,-24.719236373901367
0.7105712890625,-0.4632568359375,0.42822265625,-28.564451217651367,16.54052734375,-25.146482467651367
0.626220703125,-0.55029296875,0.3740234375,-45.715328216552734,38.6962890625,-14.648436546325684
0.531494140625,-0.564697265625,0.3089599609375,-51.086421966552734,54.992671966552734,3.112792730331421
0.4949951171875,-0.5225830078125,0.299560546875,-47.363277435302734,60.791011810302734,23.376462936401367
0.527099609375,-0.5284423828125,0.3543701171875,-44.433589935302734,58.349605560302734,39.9169921875
0.5528564453125,-0.624267578125,0.4071044921875,-48.400875091552734,57.128902435302734,52.734371185302734
0.5208740234375,-0.702392578125,0.3956298828125,-52.246089935302734,59.326168060302734,64.8193359375
0.43212890625,-0.71142578125,0.331298828125,-48.583980560302734,57.556148529052734,73.05908203125
0.31591796875,-0.8172607421875,0.2757568359375,-42.968746185302734,46.813961029052734,67.7490234375
0.2138671875,-1.0889892578125,0.2391357421875,-40.710445404052734,34.48486328125,46.447750091552734
0.1378173828125,-1.3282470703125,0.2098388671875,-38.0859375,34.11865234375,21.606443405151367
0.0771484375,-1.261962890625,0.2003173828125,-29.113767623901367,38.87939453125,10.620116233825684
0.0330810546875,-0.921142578125,0.2061767578125,-16.90673828125,33.99658203125,19.1650390625
0.042724609375,-0.7056884765625,0.224365234375,-15.319823265075684,25.756834030151367,28.198240280151367
0.0831298828125,-0.759521484375,0.2169189453125,-28.686521530151367,31.005857467651367,25.695798873901367
0.097412109375,-0.8447265625,0.1612548828125,-39.55078125,44.433589935302734,21.606443405151367
0.091796875,-0.8123779296875,0.102783203125,-31.433103561401367,43.457027435302734,19.04296875
0.1058349609375,-0.7745361328125,0.084228515625,-15.136717796325684,27.282712936401367,17.02880859375
0.127685546875,-0.85302734375,0.098876953125,-8.85009765625,18.61572265625,16.9677734375
0.1383056640625,-0.966552734375,0.10107421875,-8.30078125,22.521970748901367,14.099120140075684
0.1871337890625,-0.9925537109375,0.073974609375,-0.6103515625,20.507810592651367,7.141112804412842
0.2626953125,-0.9398193359375,0.0523681640625,12.878417015075684,5.187987804412842,0.6713866591453552
0.291015625,-0.8853759765625,0.0733642578125,22.033689498901367,-11.535643577575684,-5.249022960662842
0.2708740234375,-0.911376953125,0.161865234375,21.972654342651367,-23.925779342651367,-12.695311546325684
0.249267578125,-1.042236328125,0.291748046875,17.27294921875,-37.53662109375,-22.277830123901367
0.1776123046875,-1.1492919921875,0.358642578125,16.9677734375,-50.231929779052734,-30.517576217651367
0.0413818359375,-1.07470703125,0.332763671875,21.911619186401367,-56.091304779052734,-25.451658248901367
0.005615234375,-0.879150390625,0.3216552734375,21.301267623901367,-59.509273529052734,-2.746581792831421
0.10107421875,-0.7764892578125,0.3956298828125,7.141112804412842,-56.457515716552734,19.22607421875
0.1981201171875,-0.904541015625,0.5076904296875,-10.253905296325684,-39.48974609375,18.37158203125
0.2139892578125,-1.180908203125,0.5657958984375,-12.878417015075684,-16.41845703125,-5.615233898162842
0.12158203125,-1.2493896484375,0.4842529296875,1.0986328125,0.6103515625,-20.874021530151367
0.01318359375,-0.9808349609375,0.3165283203125,15.502928733825684,2.197265625,-1.15966796875
0.026611328125,-0.7086181640625,0.2392578125,14.587401390075684,-11.535643577575684,32.53173828125
0.1341552734375,-0.7125244140625,0.314697265625,0.7934569716453552,-22.583005905151367,43.762203216552734
0.2171630859375,-0.907470703125,0.434814453125,-9.09423828125,-15.624999046325684,26.672361373901367
0.2540283203125,-1.014404296875,0.4732666015625,-8.85009765625,2.0751953125,7.751464366912842
0.2750244140625,-0.9378662109375,0.4039306640625,-9.33837890625,18.24951171875,5.554198741912842
0.2874755859375,-0.82080078125,0.2974853515625,-18.310546875,30.151365280151367,10.437010765075684
0.2861328125,-0.7691650390625,0.2210693359375,-29.785154342651367,35.15625,8.85009765625
0.2918701171875,-0.744140625,0.1834716796875,-36.43798828125,33.26416015625,0.2441406100988388
0.329833984375,-0.72509765625,0.14453125,-41.015621185302734,34.97314453125,-11.169432640075684
0.3133544921875,-0.8267822265625,0.0301513671875,-49.804683685302734,54.077144622802734,-28.808591842651367
0.2088623046875,-1.0972900390625,-0.095458984375,-57.373043060302734,82.33641815185547,-61.767574310302734
0.1151123046875,-1.3402099609375,-0.1552734375,-51.086421966552734,81.35985565185547,-92.10204315185547
0.0780029296875,-1.3687744140625,-0.16796875,-32.16552734375,35.94970703125,-82.64159393310547
0.08154296875,-1.2557373046875,-0.11669921875,-13.549803733825684,-28.076169967651367,-37.17041015625
0.0628662109375,-1.1500244140625,-0.002685546875,0.6713866591453552,-75.0732421875,4.94384765625
0.04052734375,-1.0594482421875,0.1331787109375,12.817381858825684,-89.17235565185547,26.794431686401367
0.0665283203125,-0.9468994140625,0.188720703125,19.8974609375,-72.81494140625,39.24560546875
0.097900390625,-0.8880615234375,0.114501953125,16.90673828125,-29.174802780151367,42.541500091552734
0.1048583984375,-0.89990234375,-0.0010986328125,12.207030296325684,21.118162155151367,31.799314498901367
0.1190185546875,-0.9114990234375,-0.056884765625,15.991209983825684,49.072261810302734,18.12744140625
0.1533203125,-0.95703125,-0.0399169921875,20.751951217651367,54.138179779052734,11.047362327575684
0.1759033203125,-1.0234375,-0.0067138671875,20.263669967651367,53.039546966552734,9.27734375
0.1656494140625,-1.0196533203125,-0.0107421875,20.568845748901367,50.537105560302734,10.253905296325684
0.143310546875,-0.951171875,-0.048095703125,24.597166061401367,44.311519622802734,10.681151390075684
0.1383056640625,-0.8851318359375,-0.0570068359375,28.076169967651367,36.43798828125,6.713866710662842
0.162841796875,-0.8905029296875,0.0421142578125,27.099607467651367,27.587888717651367,-0.8544921278953552
0.181640625,-0.923583984375,0.23193359375,22.094724655151367,17.08984375,-8.48388671875
0.1290283203125,-0.86572265625,0.3692626953125,15.197752952575684,11.901854515075684,-10.986327171325684
0.04248046875,-0.8695068359375,0.4466552734375,7.446288585662842,11.169432640075684,-10.498045921325684
0.02880859375,-1.0841064453125,0.5792236328125,3.662109136581421,1.7089842557907104,-17.51708984375
0.0361328125,-1.268798828125,0.6754150390625,7.507323741912842,-4.69970703125,-28.442380905151367
-0.024658203125,-1.08984375,0.533447265625,14.221190452575684,14.099120140075684,-28.686521530151367
-0.0777587890625,-0.7274169921875,0.2691650390625,10.253905296325684,47.363277435302734,-17.15087890625
-0.067138671875,-0.661376953125,0.1754150390625,-9.033203125,63.720699310302734,-5.615233898162842
-0.03564453125,-0.9193115234375,0.286376953125,-22.033689498901367,52.856441497802734,-8.72802734375
-0.00830078125,-1.1517333984375,0.4427490234375,-16.90673828125,38.02490234375,-23.071287155151367
0.0098876953125,-1.119384765625,0.485107421875,-12.756346702575684,42.358394622802734,-22.155759811401367
0.010986328125,-0.951416015625,0.387451171875,-22.216794967651367,58.044429779052734,-2.807616949081421
-0.009521484375,-0.8978271484375,0.265869140625,-35.09521484375,64.14794921875,8.48388671875
-0.04248046875,-1.001220703125,0.216796875,-37.841796875,55.480953216552734,2.929687261581421
-0.01171875,-1.1497802734375,0.2613525390625,-28.930662155151367,37.2314453125,-6.774901866912842
0.1026611328125,-1.2418212890625,0.330322265625,-19.4091796875,21.972654342651367,-10.559081077575684
0.177001953125,-1.153564453125,0.25732421875,-19.1650390625,25.085447311401367,-6.835937023162842
0.1268310546875,-0.85107421875,0.0205078125,-26.550291061401367,39.6728515625,6.591796398162842
0.046142578125,-0.5693359375,-0.1439208984375,-29.846189498901367,31.005857467651367,21.423337936401367
0.046142578125,-0.66357421875,-0.091064453125,-24.414060592651367,-6.164550304412842,13.793944358825684
0.0709228515625,-1.0753173828125,0.06396484375,-15.197752952575684,-30.639646530151367,-20.385740280151367
0.0230712890625,-1.232177734375,0.1221923828125,-2.197265625,-24.841306686401367,-42.968746185302734
-0.0264892578125,-0.9814453125,0.0511474609375,10.559081077575684,-18.24951171875,-26.123044967651367
-0.0107421875,-0.8153076171875,0.0177001953125,13.061522483825684,-28.076169967651367,-2.197265625
0.005859375,-1.0057373046875,0.1181640625,10.742186546325684,-35.46142578125,-8.97216796875
0.02001953125,-1.2103271484375,0.2379150390625,19.59228515625,-25.634763717651367,-30.700681686401367
0.0604248046875,-1.0467529296875,0.243408203125,36.7431640625,-0.7324218153953552,-27.343748092651367
0.1766357421875,-0.5611572265625,0.20947265625,45.776363372802734,29.846189498901367,2.44140625
0.308349609375,-0.18505859375,0.2735595703125,38.4521484375,62.377925872802734,18.06640625
0.315673828125,-0.436279296875,0.401611328125,11.718749046325684,96.31346893310547,-7.751464366912842
0.19140625,-1.184814453125,0.3160400390625,-29.785154342651367,118.83544158935547,-32.16552734375
0.039794921875,-1.5531005859375,-0.1275634765625,-48.889156341552734,111.69432830810547,-10.559081077575684
0.2281494140625,-0.411376953125,-0.6488037109375,25.390623092651367,-110.35155487060547,83.67919158935547
0.412841796875,-0.225341796875,-0.159423828125,25.512693405151367,-246.45994567871094,104.00389862060547
0.4814453125,-0.4288330078125,0.63720703125,8.48388671875,-284.85107421875,70.98388671875
0.3271484375,-0.5360107421875,1.134521484375,12.268065452575684,-222.22898864746094,25.512693405151367
0.0955810546875,-0.4205322265625,0.9586181640625,25.268552780151367,-129.69970703125,2.197265625
-0.0594482421875,-0.23486328125,0.4720458984375,15.747069358825684,-46.081539154052734,-10.986327171325684
0.211669921875,-0.44384765625,0.4195556640625,-14.953612327575684,11.535643577575684,-39.36767578125
1.1795654296875,-1.5623779296875,0.802001953125,-46.569820404052734,64.5751953125,-136.962890625
1.8125,-2.1922607421875,0.5833740234375,-75.98876953125,173.52293395996094,-271.78955078125
1.0941162109375,-1.2689208984375,-0.8214111328125,-69.03076171875,252.50242614746094,-333.3739929199219
0.5103759765625,-0.1900634765625,-1.353759765625,-2.01416015625,129.150390625,-303.64990234375
0.815673828125,0.140869140625,-0.5721435546875,55.419918060302734,-127.74657440185547,-240.29539489746094
1.399169921875,0.1524658203125,-0.0615234375,68.29833984375,-357.9711608886719,-188.78172302246094
1.65478515625,-0.2667236328125,0.4051513671875,46.569820404052734,-462.7074890136719,-159.97314453125
1.173583984375,-0.720947265625,0.556640625,-8.30078125,-399.7802429199219,-108.09325408935547
0.6815185546875,-0.30517578125,0.01806640625,-35.70556640625,-263.7939453125,-15.136717796325684
0.7451171875,0.1307373046875,-0.55322265625,-39.00146484375,-126.95311737060547,38.75732421875
0.9752197265625,-0.4429931640625,-1.6585693359375,-59.875484466552734,98.75487518310547,-20.01953125
1.1988525390625,-0.0262451171875,-1.7982177734375,-44.555660247802734,92.83446502685547,-71.59423828125
1.3892822265625,0.1346435546875,-1.414306640625,-32.04345703125,21.728513717651367,-74.70703125
1.165283203125,-0.1212158203125,-1.0421142578125,4.82177734375,-68.17626953125,-45.349117279052734
0.541748046875,0.1412353515625,-0.7969970703125,71.71630859375,-113.40331268310547,-50.048824310302734
0.1138916015625,0.2679443359375,-0.50146484375,115.53954315185547,-89.78270721435547,-61.767574310302734
0.0914306640625,-0.1854248046875,-0.499755859375,80.50536346435547,-13.061522483825684,-10.375975608825684
0.43896484375,-0.3662109375,-0.9510498046875,20.01953125,44.494625091552734,69.51904296875
0.9202880859375,0.02197265625,-1.372314453125,2.624511480331421,33.69140625,84.41161346435547
1.055419921875,0.3985595703125,-1.3502197265625,6.530761241912842,-13.977049827575684,45.715328216552734
0.8369140625,0.24462890625,-1.0084228515625,-3.967284917831421,-77.5146484375,30.639646530151367
0.5003662109375,-0.180419921875,-0.6734619140625,-7.263183116912842,-144.95849609375,37.59765625
0.3109130859375,-0.35791015625,-0.5426025390625,18.98193359375,-171.44773864746094,28.381345748901367
0.331787109375,-0.24658203125,-0.6744384765625,43.518062591552734,-130.55419921875,15.136717796325684
0.358642578125,-0.1319580078125,-0.9237060546875,39.12353515625,-57.739253997802734,18.98193359375
0.2835693359375,-0.19140625,-1.0421142578125,24.841306686401367,-25.695798873901367,26.184080123901367
0.229248046875,-0.356201171875,-0.925048828125,25.268552780151367,-56.518550872802734,28.564451217651367
0.173095703125,-0.46923828125,-0.78515625,38.6962890625,-93.56688690185547,34.423828125
0.0806884765625,-0.547607421875,-0.8446044921875,52.062984466552734,-97.77831268310547,40.344234466552734
0.0765380859375,-0.6068115234375,-0.9215087890625,56.274410247802734,-84.04540252685547,37.17041015625
0.0419921875,-0.57275390625,-0.8330078125,53.649898529052734,-73.42529296875,35.21728515625
-0.1318359375,-0.5218505859375,-0.690185546875,44.982906341552734,-70.73974609375,46.752925872802734
-0.297607421875,-0.548583984375,-0.5528564453125,27.770994186401367,-66.71142578125,62.988277435302734
-0.34716796875,-0.5797119140625,-0.4656982421875,13.488768577575684,-54.687496185302734,71.47216796875
-0.31005859375,-0.55078125,-0.5721435546875,10.375975608825684,-38.330078125,67.87109375
-0.2838134765625,-0.509765625,-0.85400390625,2.868652105331421,-16.78466796875,60.485836029052734
-0.28173828125,-0.463623046875,-1.0504150390625,-16.845703125,1.5258787870407104,59.204097747802734
-0.3031005859375,-0.364013671875,-0.850341796875,-13.916014671325684,-41.625972747802734,35.5224609375
-0.3941650390625,-0.3836669921875,-0.7274169921875,7.812499523162842,-71.59423828125,10.070799827575684
-0.4869384765625,-0.427978515625,-0.6566162109375,17.51708984375,-75.86669921875,-5.493163585662842
-0.5472412109375,-0.45654296875,-0.640625,14.099120140075684,-55.541988372802734,-10.559081077575684
-0.5748291015625,-0.4730224609375,-0.677490234375,8.48388671875,-27.893064498901367,-13.000487327575684
-0.581298828125,-0.4727783203125,-0.7225341796875,8.30078125,-8.1787109375,-15.502928733825684
-0.5782470703125,-0.46923828125,-0.7413330078125,12.329100608825684,0.1220703050494194,-19.47021484375
-0.5614013671875,-0.47119140625,-0.7454833984375,15.563963890075684,-0.4272460639476776,-22.277830123901367
-0.5455322265625,-0.4681396484375,-0.7542724609375,15.441893577575684,-5.554198741912842,-20.507810592651367
-0.5406494140625,-0.470703125,-0.7586669921875,13.610838890075684,-12.084959983825684,-19.10400390625
-0.52978515625,-0.4998779296875,-0.741455078125,12.817381858825684,-18.06640625,-22.888181686401367
-0.510009765625,-0.551513671875,-0.6983642578125,17.27294921875,-22.949216842651367,-31.005857467651367
-0.4847412109375,-0.600830078125,-0.6502685546875,27.893064498901367,-26.550291061401367,-41.320796966552734
-0.449951171875,-0.6380615234375,-0.6060791015625,37.109375,-26.000974655151367,-49.560543060302734
-0.40625,-0.6588134765625,-0.5596923828125,38.51318359375,-19.6533203125,-52.307125091552734
-0.378173828125,-0.65625,-0.528564453125,32.8369140625,-10.681151390075684,-49.926753997802734
-0.3751220703125,-0.6641845703125,-0.5233154296875,25.268552780151367,-5.065917491912842,-45.166011810302734
-0.372802734375,-0.71142578125,-0.521240234375,21.240232467651367,-5.493163585662842,-43.395992279052734
-0.364990234375,-0.7685546875,-0.5174560546875,20.812986373901367,-5.920409679412842,-46.508785247802734
-0.3343505859375,-0.8038330078125,-0.5130615234375,19.6533203125,-1.9531248807907104,-48.400875091552734
-0.2933349609375,-0.8140869140625,-0.503662109375,17.51708984375,3.234863042831421,-45.349117279052734
-0.2427978515625,-0.8294677734375,-0.4898681640625,19.287109375,4.150390625,-43.457027435302734
-0.1851806640625,-0.8778076171875,-0.47314453125,24.658201217651367,-1.8920897245407104,-47.241207122802734
-0.166748046875,-0.9122314453125,-0.452880859375,28.930662155151367,-13.000487327575684,-49.072261810302734
-0.1751708984375,-0.9132080078125,-0.4169921875,29.602048873901367,-26.062009811401367,-41.748043060302734
-0.2080078125,-0.8931884765625,-0.3917236328125,23.681638717651367,-35.5224609375,-24.963376998901367
-0.251220703125,-0.859375,-0.4039306640625,14.221190452575684,-38.14697265625,-5.0048828125
-0.2708740234375,-0.8631591796875,-0.408447265625,10.009765625,-36.31591796875,3.967284917831421
-0.26806640625,-0.905029296875,-0.3555908203125,12.329100608825684,-30.822751998901367,0.0
-0.241943359375,-0.94140625,-0.2965087890625,18.06640625,-20.935056686401367,-6.652831554412842
-0.2113037109375,-0.9241943359375,-0.301025390625,29.602048873901367,-6.469726085662842,-14.526366233825684
-0.182373046875,-0.88916015625,-0.3448486328125,43.395992279052734,11.352538108825684,-27.038572311401367
-0.1495361328125,-0.88134765625,-0.3782958984375,48.706050872802734,28.320310592651367,-36.80419921875
-0.138427734375,-0.8804931640625,-0.3907470703125,46.142574310302734,39.306640625,-36.865234375
-0.1536865234375,-0.9171142578125,-0.3817138671875,46.630855560302734,39.36767578125,-35.7666015625
-0.138427734375,-0.95751953125,-0.315673828125,53.344722747802734,26.916501998901367,-35.58349609375
-0.0948486328125,-0.9566650390625,-0.191162109375,57.189937591552734,11.230467796325684,-30.578611373901367
-0.0782470703125,-0.948486328125,-0.078369140625,53.100582122802734,4.150390625,-30.395505905151367
-0.065673828125,-0.9498291015625,-0.01904296875,45.959468841552734,3.662109136581421,-41.809078216552734
-0.029296875,-0.9803466796875,-0.0269775390625,36.80419921875,0.7934569716453552,-54.199214935302734
0.023681640625,-1.013427734375,-0.08056640625,26.245115280151367,-11.413573265075684,-58.837886810302734
0.087890625,-0.9779052734375,-0.122314453125,18.5546875,-31.982419967651367,-58.105464935302734
0.129638671875,-0.914794921875,-0.121337890625,11.047362327575684,-50.537105560302734,-58.410640716552734
0.142333984375,-0.9034423828125,-0.0684814453125,2.563476324081421,-62.072750091552734,-65.12451171875
0.1805419921875,-0.9459228515625,0.01953125,-0.6713866591453552,-69.51904296875,-79.65087890625
0.2706298828125,-1.0281982421875,0.093994140625,-0.3662109076976776,-70.6787109375,-93.62792205810547
0.3724365234375,-1.1343994140625,0.07666015625,-9.94873046875,-53.222652435302734,-90.27098846435547
0.472900390625,-1.141357421875,-0.053466796875,-29.602048873901367,-14.221190452575684,-70.37353515625
0.5894775390625,-0.977783203125,-0.217041015625,-40.588375091552734,22.094724655151367,-62.438961029052734
0.68115234375,-0.8748779296875,-0.305908203125,-40.466304779052734,35.7666015625,-80.93260955810547
0.7056884765625,-0.9554443359375,-0.2821044921875,-47.973628997802734,35.09521484375,-94.29930877685547
0.6790771484375,-1.004638671875,-0.259765625,-62.072750091552734,31.494138717651367,-75.1953125
0.6326904296875,-0.9300537109375,-0.30908203125,-67.56591796875,22.277830123901367,-43.334957122802734
0.6060791015625,-0.8314208984375,-0.35498046875,-64.94140625,6.042479991912842,-23.864744186401367
0.6044921875,-0.7835693359375,-0.3524169921875,-61.706539154052734,-8.9111328125,-17.76123046875
0.5941162109375,-0.79736328125,-0.3299560546875,-62.927242279052734,-13.305663108825684,-17.15087890625
0.593505859375,-0.80859375,-0.32373046875,-68.603515625,-3.723144292831421,-14.465331077575684
0.6126708984375,-0.7657470703125,-0.3446044921875,-74.21875,14.221190452575684,-9.1552734375
0.6124267578125,-0.7037353515625,-0.3909912109375,-76.84326171875,24.475095748901367,-7.934569835662842
0.5904541015625,-0.6982421875,-0.4361572265625,-76.47705078125,17.333984375,-10.070799827575684
0.5784912109375,-0.7447509765625,-0.4351806640625,-72.998046875,1.2817381620407104,-5.737304210662842
0.5865478515625,-0.7391357421875,-0.3963623046875,-63.842769622802734,-12.390135765075684,9.33837890625
0.59765625,-0.6304931640625,-0.3736572265625,-50.048824310302734,-20.446775436401367,32.71484375
0.618408203125,-0.44873046875,-0.4129638671875,-34.11865234375,-26.184080123901367,58.288570404052734
0.66455078125,-0.2698974609375,-0.528564453125,-16.6015625,-30.639646530151367,73.66943359375
0.6910400390625,-0.1807861328125,-0.6644287109375,-0.7324218153953552,-26.306150436401367,71.044921875
0.678955078125,-0.239013671875,-0.7099609375,13.000487327575684,-14.526366233825684,50.048824310302734
0.6251220703125,-0.447265625,-0.6234130859375,29.663084030151367,-6.835937023162842,15.014647483825684
0.521728515625,-0.6885986328125,-0.500732421875,46.081539154052734,-1.9531248807907104,-12.451170921325684
0.427978515625,-0.804931640625,-0.4395751953125,52.429195404052734,9.3994140625,-8.23974609375
0.40283203125,-0.7774658203125,-0.4342041015625,50.903316497802734,22.766111373901367,14.892577171325684
0.4205322265625,-0.7510986328125,-0.4293212890625,49.865718841552734,28.991697311401367,26.489255905151367
0.42138671875,-0.7952880859375,-0.3974609375,49.377437591552734,33.75244140625,25.146482467651367
0.4154052734375,-0.8173828125,-0.346923828125,50.781246185302734,39.36767578125,22.827146530151367
0.409912109375,-0.76806640625,-0.28466796875,56.762691497802734,39.85595703125,20.690916061401367
0.358154296875,-0.7265625,-0.227783203125,59.509273529052734,40.161128997802734,15.624999046325684
0.36962890625,-0.9298095703125,-0.240966796875,51.269527435302734,53.588863372802734,13.977049827575684
0.5770263671875,-1.4046630859375,-0.2283935546875,60.424800872802734,86.73094940185547,17.333984375
0.6602783203125,-1.2965087890625,-0.2274169921875,76.96533203125,93.20067596435547,16.11328125
0.6309814453125,-0.9842529296875,-0.0745849609375,84.96092987060547,72.69287109375,25.146482467651367
0.5631103515625,-0.7132568359375,0.259033203125,89.78270721435547,18.85986328125,37.109375
0.591552734375,-0.6219482421875,0.5721435546875,92.95653533935547,-40.893550872802734,36.43798828125
0.6656494140625,-0.6690673828125,0.6005859375,88.98925018310547,-53.344722747802734,13.854979515075684
0.6519775390625,-0.8297119140625,0.3768310546875,78.43017578125,-7.202147960662842,-31.616209030151367
0.5821533203125,-1.063720703125,0.129150390625,62.194820404052734,43.762203216552734,-64.94140625
0.5084228515625,-1.2010498046875,-0.0074462890625,46.203609466552734,51.452632904052734,-58.471675872802734
0.486328125,-1.0662841796875,0.02880859375,38.87939453125,9.94873046875,-20.385740280151367
0.546630859375,-0.822509765625,0.206298828125,32.2265625,-47.424312591552734,24.902341842651367
0.6173095703125,-0.7200927734375,0.4322509765625,12.084959983825684,-76.23291015625,51.269527435302734
0.642333984375,-0.728759765625,0.5767822265625,-8.72802734375,-69.27490234375,47.241207122802734
0.634521484375,-0.6988525390625,0.5452880859375,-10.253905296325684,-42.297359466552734,18.98193359375
0.6102294921875,-0.635498046875,0.401611328125,-4.21142578125,0.4272460639476776,-13.061522483825684
0.5491943359375,-0.62353515625,0.2528076171875,-14.953612327575684,51.635738372802734,-25.573728561401367
0.47705078125,-0.6925048828125,0.16064453125,-38.4521484375,84.59471893310547,-14.343260765075684
0.4385986328125,-0.799560546875,0.1478271484375,-49.926753997802734,86.79198455810547,1.5258787870407104
0.4012451171875,-0.84375,0.1871337890625,-39.12353515625,74.89013671875,7.690429210662842
0.351318359375,-0.747802734375,0.2415771484375,-20.01953125,65.3076171875,11.474608421325684
0.3387451171875,-0.5281982421875,0.2744140625,-13.122557640075684,64.0869140625,25.329587936401367
0.3460693359375,-0.346435546875,0.273193359375,-26.855466842651367,74.3408203125,49.621578216552734
0.288330078125,-0.48291015625,0.2508544921875,-50.048824310302734,88.86717987060547,60.119625091552734
0.2186279296875,-0.95458984375,0.266357421875,-61.462398529052734,92.16307830810547,30.456541061401367
0.151611328125,-1.4395751953125,0.3355712890625,-54.443355560302734,87.52440643310547,-16.54052734375
0.0738525390625,-1.4713134765625,0.3634033203125,-36.43798828125,79.65087890625,-28.747556686401367
0.0537109375,-1.01513671875,0.2947998046875,-16.357421875,49.743648529052734,9.8876953125
0.0302734375,-0.6787109375,0.2139892578125,-7.751464366912842,11.718749046325684,54.565425872802734
0.0062255859375,-0.696044921875,0.190673828125,-8.85009765625,11.047362327575684,54.138179779052734
0.0281982421875,-0.784912109375,0.173583984375,-6.896972179412842,43.823238372802734,26.428220748901367
0.0537109375,-0.816162109375,0.094970703125,-1.8310545682907104,58.410640716552734,18.61572265625
0.037841796875,-0.8720703125,-0.033935546875,2.01416015625,39.73388671875,24.230955123901367
0.002685546875,-1.003662109375,-0.100830078125,7.324218273162842,12.939452171325684,13.549803733825684
0.010986328125,-1.167724609375,-0.0791015625,14.587401390075684,-18.6767578125,1.6479490995407104
0.04150390625,-1.2296142578125,-0.086181640625,17.2119140625,-51.635738372802734,10.498045921325684
0.070556640625,-1.1492919921875,-0.1441650390625,10.559081077575684,-70.9228515625,29.724119186401367
0.09814453125,-1.073486328125,-0.16845703125,-2.929687261581421,-82.15331268310547,43.212886810302734
0.1258544921875,-1.056640625,-0.0943603515625,-12.817381858825684,-101.98973846435547,46.081539154052734
0.252685546875,-1.011474609375,0.157470703125,-9.82666015625,-140.93017578125,47.546382904052734
0.4091796875,-0.904541015625,0.526123046875,-2.624511480331421,-175.90330505371094,55.908199310302734
0.372314453125,-0.8404541015625,0.7742919921875,-4.57763671875,-170.28807067871094,58.532711029052734
0.1939697265625,-0.915283203125,0.7364501953125,-6.958007335662842,-136.16943359375,44.067378997802734
0.09521484375,-1.035400390625,0.5281982421875,-0.9155272841453552,-101.86766815185547,24.169919967651367
0.0965576171875,-0.9312744140625,0.33203125,10.559081077575684,-79.40673828125,14.648436546325684
0.10595703125,-0.654296875,0.178955078125,19.10400390625,-77.880859375,16.17431640625
0.1339111328125,-0.6229248046875,0.140869140625,11.657713890075684,-92.28514862060547,20.263669967651367
0.1622314453125,-0.8880615234375,0.2608642578125,-1.8920897245407104,-109.43602752685547,15.808104515075684
0.1463623046875,-1.093017578125,0.3980712890625,2.563476324081421,-128.173828125,4.39453125
0.1114501953125,-1.0787353515625,0.4283447265625,20.385740280151367,-150.146484375,6.042479991912842
0.087890625,-0.994384765625,0.3857421875,26.855466842651367,-161.80418395996094,27.770994186401367
0.091796875,-0.9580078125,0.3392333984375,16.11328125,-152.28271484375,52.978511810302734
0.1298828125,-0.912841796875,0.3275146484375,3.662109136581421,-134.70458984375,66.71142578125
0.1529541015625,-0.865966796875,0.3271484375,-3.662109136581421,-128.11279296875,73.73046875
0.1600341796875,-0.9735107421875,0.3212890625,-11.413573265075684,-131.8359375,81.05467987060547
0.19873046875,-1.2596435546875,0.2943115234375,-16.4794921875,-131.65283203125,70.73974609375
0.1688232421875,-1.271728515625,0.100830078125,-15.014647483825684,-107.29979705810547,42.053218841552734
0.035400390625,-0.9248046875,-0.1683349609375,-12.145995140075684,-86.97509002685547,35.5224609375
-0.02685546875,-0.8055419921875,-0.1673583984375,-10.986327171325684,-127.44139862060547,48.217769622802734
0.008056640625,-0.9263916015625,0.0928955078125,-5.798339366912842,-180.66404724121094,43.212886810302734
0.02783203125,-0.94140625,0.340087890625,4.57763671875,-174.74363708496094,23.742673873901367
-0.0438232421875,-0.8548583984375,0.4364013671875,10.803221702575684,-137.20703125,13.366698265075684
-0.1673583984375,-0.82958984375,0.3468017578125,9.3994140625,-101.92870330810547,19.4091796875
-0.2113037109375,-0.94384765625,0.1904296875,2.685546636581421,-66.89453125,26.184080123901367
-0.1868896484375,-1.0595703125,0.09716796875,-0.1220703050494194,-43.273921966552734,18.37158203125
-0.1749267578125,-1.049560546875,0.0050048828125,5.554198741912842,-41.320796966552734,10.742186546325684
-0.134033203125,-1.03466796875,-0.0518798828125,10.742186546325684,-56.945796966552734,19.34814453125
0.027099609375,-1.04833984375,0.056640625,14.892577171325684,-84.59471893310547,30.517576217651367
0.24853515625,-1.0220947265625,0.220703125,18.5546875,-100.64696502685547,25.939939498901367
0.31396484375,-1.1019287109375,0.1884765625,10.864256858825684,-76.416015625,7.141112804412842
0.223876953125,-1.3157958984375,0.0130615234375,-7.019042491912842,-31.921384811401367,-12.634276390075684
0.2093505859375,-1.312744140625,-0.127197265625,-9.82666015625,-36.865234375,-17.4560546875
0.2572021484375,-0.978759765625,-0.21923828125,10.925292015075684,-108.21532440185547,-3.601073980331421
0.292724609375,-0.7216796875,-0.14013671875,27.770994186401367,-191.22312927246094,13.671874046325684
0.3406982421875,-0.8138427734375,0.1641845703125,22.155759811401367,-232.66600036621094,26.123044967651367
0.325439453125,-1.025634765625,0.4505615234375,5.371093273162842,-203.30809020996094,30.212400436401367
0.2125244140625,-1.0751953125,0.50927734375,1.15966796875,-144.34814453125,26.306150436401367
0.0936279296875,-0.9766845703125,0.3929443359375,14.221190452575684,-120.78856658935547,26.428220748901367
0.0384521484375,-0.8837890625,0.251708984375,28.625486373901367,-139.22119140625,32.5927734375
0.0386962890625,-0.88623046875,0.189453125,38.57421875,-174.92674255371094,33.02001953125
0.069091796875,-0.920654296875,0.2420654296875,47.912593841552734,-208.19090270996094,31.555173873901367
0.08544921875,-0.91650390625,0.292724609375,50.659175872802734,-221.86277770996094,44.738765716552734
0.10498046875,-0.9176025390625,0.2099609375,35.58349609375,-199.58494567871094,68.78662109375
0.17578125,-1.0355224609375,0.0799560546875,7.324218273162842,-150.0244140625,84.89989471435547
0.2884521484375,-1.215576171875,0.056640625,-14.587401390075684,-98.26659393310547,72.8759765625
0.38427734375,-1.2276611328125,0.1043701171875,-14.282225608825684,-72.265625,42.846675872802734
0.311279296875,-1.0633544921875,0.13916015625,0.7934569716453552,-89.96581268310547,29.296873092651367
0.1090087890625,-0.8800048828125,0.1600341796875,11.596678733825684,-126.40380096435547,35.70556640625
-0.0079345703125,-0.7601318359375,0.1953125,7.446288585662842,-133.7890625,45.593257904052734
-0.0362548828125,-0.7352294921875,0.212158203125,-9.033203125,-110.04637908935547,51.513668060302734
-0.0616455078125,-0.830078125,0.1417236328125,-22.094724655151367,-86.24266815185547,45.349117279052734
-0.0908203125,-0.971435546875,0.0584716796875,-18.85986328125,-74.0966796875,20.874021530151367
-0.1038818359375,-1.0511474609375,0.0894775390625,-0.4882812201976776,-77.5146484375,-5.126952648162842
-0.11083984375,-1.0772705078125,0.1976318359375,17.15087890625,-92.28514862060547,-11.291502952575684
-0.140380859375,-1.0771484375,0.2481689453125,21.972654342651367,-96.13036346435547,-1.220703125
-0.197021484375,-1.0904541015625,0.1817626953125,16.54052734375,-77.63671875,8.056640625
-0.2310791015625,-1.153564453125,0.059326171875,9.09423828125,-48.156734466552734,8.4228515625
-0.11865234375,-1.1180419921875,0.004150390625,5.737304210662842,-29.602048873901367,8.4228515625
0.162841796875,-0.8812255859375,0.0487060546875,4.69970703125,-33.5693359375,18.49365234375
0.3907470703125,-0.692138671875,0.1097412109375,-4.69970703125,-43.884273529052734,28.137205123901367
0.3699951171875,-0.80810546875,0.1490478515625,-21.362302780151367,-44.860836029052734,17.333984375
0.2076416015625,-1.1181640625,0.1934814453125,-25.817869186401367,-55.480953216552734,-11.962889671325684
0.1116943359375,-1.287841796875,0.2130126953125,-10.559081077575684,-88.37889862060547,-30.090330123901367
0.1080322265625,-1.12548828125,0.18310546875,9.46044921875,-118.71337127685547,-20.202634811401367
0.121337890625,-0.790283203125,0.163818359375,16.29638671875,-125.73241424560547,3.417968511581421
0.133544921875,-0.611083984375,0.198974609375,6.408690929412842,-120.66649627685547,20.202634811401367
0.1533203125,-0.64111328125,0.25341796875,-7.324218273162842,-112.97606658935547,15.563963890075684
0.2001953125,-0.701171875,0.2894287109375,-13.305663108825684,-97.22899627685547,-0.54931640625
0.25,-0.7269287109375,0.3206787109375,-12.329100608825684,-78.9794921875,-6.286620616912842
0.31591796875,-0.7763671875,0.325927734375,-7.507323741912842,-66.40625,-2.01416015625
0.359619140625,-0.8338623046875,0.2608642578125,1.8310545682907104,-54.809566497802734,-6.958007335662842
0.2611083984375,-0.8555908203125,0.1065673828125,18.4326171875,-45.593257904052734,-26.367185592651367
0.1494140625,-0.9033203125,-0.0740966796875,37.41455078125,-49.255367279052734,-44.128414154052734
0.101806640625,-0.9530029296875,-0.1324462890625,44.616695404052734,-56.457515716552734,-39.73388671875
0.08056640625,-0.9005126953125,-0.04150390625,35.58349609375,-60.485836029052734,1.3427733182907104
0.10986328125,-0.772216796875,0.09765625,22.888181686401367,-74.21875,60.485836029052734
0.1375732421875,-0.5894775390625,0.19677734375,20.507810592651367,-88.31786346435547,90.94237518310547
0.141357421875,-0.3577880859375,0.2470703125,28.259275436401367,-87.82958221435547,73.30322265625
0.126708984375,-0.2396240234375,0.2572021484375,30.456541061401367,-79.77294921875,43.762203216552734
0.1376953125,-0.2947998046875,0.27880859375,19.95849609375,-68.7255859375,38.14697265625
0.3160400390625,-0.406494140625,0.4189453125,8.97216796875,-52.307125091552734,23.986814498901367
0.614990234375,-0.8468017578125,0.5673828125,-12.329100608825684,-8.6669921875,-25.146482467651367
0.7188720703125,-1.764892578125,0.2623291015625,-57.495113372802734,93.62792205810547,-80.74950408935547
0.5369873046875,-2.15771484375,-0.4609375,-85.51024627685547,164.91697692871094,-109.74120330810547
0.4478759765625,-1.6905517578125,-0.7796630859375,-83.49608612060547,76.96533203125,-81.66503143310547
0.4014892578125,-1.5364990234375,-0.49951171875,-104.18700408935547,-64.14794921875,-4.5166015625
0.36181640625,-1.9150390625,-0.1591796875,-170.59324645996094,-80.38329315185547,35.888671875
0.4033203125,-1.9503173828125,-0.2725830078125,-242.61473083496094,-17.02880859375,17.578125
0.2728271484375,-1.3560791015625,-0.789306640625,-259.70458984375,-43.334957122802734,40.283199310302734
-0.198486328125,-0.0394287109375,-0.574951171875,-166.19871520996094,-147.27783203125,140.44189453125
-0.24072265625,0.0335693359375,-0.64990234375,-92.16307830810547,-74.40185546875,81.97020721435547
-0.4327392578125,-0.4287109375,-1.3980712890625,19.04296875,-110.83983612060547,-0.30517578125
-0.3912353515625,-0.244140625,-1.1802978515625,17.39501953125,-153.38134765625,36.376953125
-0.471923828125,-0.212158203125,-0.7496337890625,-24.658201217651367,-125.73241424560547,79.77294921875
-0.6356201171875,-0.266357421875,-0.497802734375,-47.729488372802734,-71.22802734375,62.011714935302734
-0.723876953125,-0.30029296875,-0.490966796875,-28.076169967651367,-38.63525390625,4.8828125
-0.7242431640625,-0.3819580078125,-0.5740966796875,-5.859374523162842,-18.6767578125,-22.216794967651367
-0.6895751953125,-0.4708251953125,-0.649658203125,0.9155272841453552,-3.601073980331421,-5.615233898162842
-0.6236572265625,-0.455322265625,-0.6966552734375,7.202147960662842,-4.45556640625,16.54052734375
-0.5885009765625,-0.397216796875,-0.7113037109375,14.526366233825684,-15.380858421325684,27.770994186401367
-0.6221923828125,-0.4049072265625,-0.6966552734375,17.4560546875,-24.230955123901367,31.066892623901367
-0.6854248046875,-0.4957275390625,-0.610595703125,30.029294967651367,-25.268552780151367,14.770506858825684
-0.6693115234375,-0.4686279296875,-0.5904541015625,34.5458984375,-12.695311546325684,3.173827886581421
-0.6015625,-0.416015625,-0.6033935546875,31.005857467651367,2.3193359375,-4.5166015625
-0.5777587890625,-0.3968505859375,-0.647216796875,22.888181686401367,12.756346702575684,-9.46044921875
-0.6044921875,-0.4111328125,-0.6944580078125,17.88330078125,12.329100608825684,-15.014647483825684
-0.6090087890625,-0.453369140625,-0.697509765625,19.47021484375,-0.9155272841453552,-18.37158203125
-0.6077880859375,-0.52197265625,-0.640625,25.146482467651367,-13.183592796325684,-20.01953125
-0.57861328125,-0.6063232421875,-0.556884765625,34.912109375,-12.329100608825684,-26.245115280151367
-0.5240478515625,-0.6617431640625,-0.4947509765625,46.386714935302734,0.7934569716453552,-36.56005859375
-0.4671630859375,-0.6983642578125,-0.461669921875,51.574703216552734,15.686034202575684,-43.334957122802734
-0.409423828125,-0.7781982421875,-0.4461669921875,45.227046966552734,23.925779342651367,-43.212886810302734
-0.368896484375,-0.8779296875,-0.440185546875,31.860349655151367,27.648923873901367,-35.46142578125
-0.3475341796875,-0.9029541015625,-0.409912109375,23.193357467651367,29.479978561401367,-24.780271530151367
-0.37451171875,-0.8272705078125,-0.3770751953125,30.578611373901367,23.925779342651367,-25.085447311401367
-0.4083251953125,-0.7469482421875,-0.3702392578125,46.142574310302734,9.33837890625,-38.6962890625
-0.41259765625,-0.793212890625,-0.3768310546875,46.447750091552734,-4.0283203125,-49.804683685302734
-0.4219970703125,-0.8944091796875,-0.3614501953125,29.724119186401367,-9.09423828125,-46.264644622802734
-0.4139404296875,-0.8616943359375,-0.343017578125,17.578125,-12.878417015075684,-28.930662155151367
-0.3779296875,-0.8338623046875,-0.347900390625,12.573241233825684,-26.000974655151367,-11.474608421325684
-0.36962890625,-0.9521484375,-0.2593994140625,11.779784202575684,-49.072261810302734,-7.934569835662842
-0.3619384765625,-1.0360107421875,-0.0550537109375,22.766111373901367,-70.25146484375,-13.244627952575684
-0.32763671875,-1.0191650390625,0.0819091796875,34.11865234375,-75.98876953125,-17.51708984375
-0.3009033203125,-1.005126953125,0.080322265625,32.53173828125,-68.29833984375,-21.850584030151367
-0.2799072265625,-0.998291015625,0.038330078125,24.108884811401367,-57.983394622802734,-26.062009811401367
-0.2734375,-0.976806640625,-0.010009765625,13.366698265075684,-46.142574310302734,-28.259275436401367
-0.2733154296875,-0.960693359375,-0.082275390625,-5.371093273162842,-28.625486373901367,-28.564451217651367
-0.28857421875,-0.9578857421875,-0.1593017578125,-26.794431686401367,-3.662109136581421,-23.986814498901367
-0.332763671875,-0.967041015625,-0.1846923828125,-33.0810546875,20.01953125,-17.08984375
-0.3485107421875,-0.9847412109375,-0.1552734375,-20.385740280151367,31.188962936401367,-14.831542015075684
-0.3126220703125,-0.9976806640625,-0.13623046875,-9.46044921875,31.311033248901367,-11.413573265075684
-0.294921875,-0.987548828125,-0.1463623046875,-17.39501953125,24.658201217651367,0.54931640625
-0.30859375,-0.966552734375,-0.1629638671875,-34.24072265625,18.1884765625,11.108397483825684
-0.3125,-0.93115234375,-0.1856689453125,-46.203609466552734,21.667478561401367,10.131834983825684
-0.3504638671875,-0.8914794921875,-0.237060546875,-49.804683685302734,29.968259811401367,-3.845214605331421
-0.40625,-0.8619384765625,-0.3140869140625,-47.729488372802734,35.82763671875,-17.4560546875
-0.3873291015625,-0.843017578125,-0.37451171875,-41.809078216552734,39.00146484375,-20.01953125
-0.29443359375,-0.8148193359375,-0.416748046875,-29.296873092651367,43.029781341552734,-19.59228515625
-0.1866455078125,-0.79248046875,-0.4852294921875,-15.380858421325684,53.833003997802734,-26.733396530151367
-0.10205078125,-0.7955322265625,-0.56103515625,-5.493163585662842,67.56591796875,-46.630855560302734
-0.0272216796875,-0.8431396484375,-0.5877685546875,2.685546636581421,71.2890625,-71.47216796875
-0.01220703125,-0.908203125,-0.574951171875,10.253905296325684,50.048824310302734,-79.89501953125
-0.0467529296875,-0.860595703125,-0.529541015625,16.11328125,15.136717796325684,-61.218257904052734
-0.048583984375,-0.78857421875,-0.50341796875,17.4560546875,-2.807616949081421,-44.738765716552734
-0.031005859375,-0.800048828125,-0.5106201171875,15.319823265075684,-1.03759765625,-55.541988372802734
0.02001953125,-0.8238525390625,-0.474365234375,15.624999046325684,8.60595703125,-78.91845703125
0.122314453125,-0.8336181640625,-0.4281005859375,20.141599655151367,26.550291061401367,-96.06932830810547
0.22314453125,-0.94140625,-0.3670654296875,25.146482467651367,32.77587890625,-104.91942596435547
0.3077392578125,-1.0694580078125,-0.28564453125,28.381345748901367,5.798339366912842,-98.51073455810547
0.53369140625,-1.011474609375,-0.3824462890625,23.376462936401367,-18.12744140625,-71.59423828125
0.814697265625,-0.9072265625,-0.5740966796875,-0.0610351525247097,-1.4038084745407104,-43.762203216552734
0.9124755859375,-0.965576171875,-0.4813232421875,-34.0576171875,39.1845703125,-38.51318359375
0.8875732421875,-1.0220947265625,-0.3095703125,-59.997554779052734,85.99852752685547,-53.039546966552734
0.804931640625,-0.9609375,-0.3543701171875,-76.96533203125,119.26268768310547,-59.936519622802734
0.6968994140625,-0.928466796875,-0.4327392578125,-96.31346893310547,111.87743377685547,-45.410152435302734
0.575927734375,-0.80224609375,-0.4783935546875,-119.50682830810547,81.78710174560547,-20.141599655151367
0.4384765625,-0.59423828125,-0.5201416015625,-129.8828125,54.626461029052734,2.13623046875
0.4200439453125,-0.5057373046875,-0.551513671875,-117.37059783935547,32.40966796875,9.33837890625
0.4827880859375,-0.514404296875,-0.56591796875,-97.22899627685547,12.512206077575684,1.9531248807907104
0.443115234375,-0.55078125,-0.556640625,-83.00780487060547,-8.544921875,-4.21142578125
0.4217529296875,-0.5484619140625,-0.52294921875,-74.89013671875,-24.414060592651367,-0.1831054538488388
0.48046875,-0.4908447265625,-0.477783203125,-70.80078125,-19.04296875,11.230467796325684
0.4884033203125,-0.436767578125,-0.4215087890625,-69.3359375,6.652831554412842,21.972654342651367
0.490478515625,-0.4205322265625,-0.3690185546875,-64.63623046875,27.648923873901367,36.376953125
0.557861328125,-0.3648681640625,-0.3714599609375,-48.645015716552734,30.029294967651367,60.913082122802734
0.680908203125,-0.2264404296875,-0.4293212890625,-23.071287155151367,14.282225608825684,85.02196502685547
0.84228515625,-0.1099853515625,-0.5679931640625,-1.3427733182907104,-11.657713890075684,89.66063690185547
0.9376220703125,-0.189453125,-0.732177734375,2.746581792831421,-21.484373092651367,61.096187591552734
0.8875732421875,-0.4271240234375,-0.7734375,-3.234863042831421,0.6103515625,13.366698265075684
0.7906494140625,-0.5977783203125,-0.68896484375,8.056640625,21.911619186401367,-19.775390625
0.6634521484375,-0.612060546875,-0.60546875,36.865234375,16.11328125,-20.202634811401367
0.41064453125,-0.74365234375,-0.6053466796875,50.537105560302734,11.962889671325684,14.221190452575684
0.523193359375,-0.794189453125,-0.56005859375,51.513668060302734,19.6533203125,28.808591842651367
0.6351318359375,-0.686279296875,-0.456787109375,67.19970703125,13.977049827575684,41.870113372802734
0.575927734375,-0.5704345703125,-0.3394775390625,85.57128143310547,-4.0283203125,46.386714935302734
0.38427734375,-0.572509765625,-0.25341796875,96.13036346435547,-21.606443405151367,42.541500091552734
0.3062744140625,-0.8726806640625,-0.218994140625,96.00829315185547,18.06640625,22.949216842651367
0.49658203125,-1.0518798828125,-0.3433837890625,88.37889862060547,84.22850799560547,12.573241233825684
0.7381591796875,-1.2840576171875,-0.3861083984375,71.71630859375,143.73779296875,18.06640625
0.91796875,-1.4176025390625,-0.1234130859375,71.83837890625,144.775390625,50.903316497802734
0.885986328125,-1.10107421875,0.300048828125,122.55858612060547,83.06884002685547,71.044921875
0.622802734375,-0.62548828125,0.66552734375,184.14305114746094,20.629880905151367,47.485347747802734
0.4678955078125,-0.4544677734375,0.77734375,193.48143005371094,24.169919967651367,3.356933355331421
0.5416259765625,-0.5718994140625,0.533935546875,136.16943359375,96.06932830810547,-37.9638671875
0.557861328125,-0.809326171875,0.2257080078125,57.495113372802734,149.47509765625,-54.809566497802734
0.506591796875,-0.8770751953125,0.2012939453125,26.062009811401367,109.00878143310547,-42.114253997802734
0.4736328125,-0.7430419921875,0.49365234375,34.5458984375,14.831542015075684,-24.230955123901367
0.4547119140625,-0.604248046875,0.7669677734375,27.832029342651367,-41.931148529052734,-18.06640625
0.4649658203125,-0.6270751953125,0.788330078125,-1.3427733182907104,-36.56005859375,-18.5546875
0.477294921875,-0.7755126953125,0.6783447265625,-25.451658248901367,-14.343260765075684,-17.08984375
0.4896240234375,-0.874755859375,0.6318359375,-34.3017578125,-7.690429210662842,-18.61572265625
0.5396728515625,-0.8466796875,0.6644287109375,-38.39111328125,-2.624511480331421,-18.4326171875
0.56884765625,-0.8411865234375,0.637451171875,-53.283687591552734,15.808104515075684,-4.638671875
0.552001953125,-0.8677978515625,0.5302734375,-73.30322265625,37.353515625,17.9443359375
0.520263671875,-0.813232421875,0.4537353515625,-76.35498046875,47.302242279052734,30.639646530151367
0.4715576171875,-0.6864013671875,0.4412841796875,-57.067867279052734,40.0390625,19.83642578125
0.3963623046875,-0.5880126953125,0.4573974609375,-33.87451171875,21.850584030151367,-1.4648436307907104
0.282470703125,-0.5897216796875,0.454833984375,-24.047849655151367,3.784179449081421,-6.347655773162842
0.177978515625,-0.626708984375,0.380126953125,-21.728513717651367,-9.521484375,11.962889671325684
0.1844482421875,-0.5570068359375,0.220458984375,-18.85986328125,-15.930174827575684,48.095699310302734
0.2193603515625,-0.4737548828125,0.0284423828125,-28.259275436401367,-2.929687261581421,88.13475799560547
0.177490234375,-0.6954345703125,-0.1072998046875,-55.358882904052734,24.841306686401367,96.00829315185547
0.1507568359375,-1.142578125,-0.1280517578125,-72.44873046875,36.56005859375,56.579586029052734
0.153076171875,-1.346435546875,-0.1026611328125,-49.072261810302734,17.7001953125,2.0751953125
0.1732177734375,-1.1383056640625,-0.087158203125,-7.507323741912842,-15.563963890075684,-21.423337936401367
0.20703125,-0.8519287109375,-0.0169677734375,-1.8310545682907104,-39.0625,5.310058116912842
0.153564453125,-0.828125,0.115478515625,-27.282712936401367,-50.964351654052734,47.851558685302734
0.0753173828125,-1.0013427734375,0.2469482421875,-28.320310592651367,-69.27490234375,47.668453216552734
0.08642578125,-1.0552978515625,0.3045654296875,7.446288585662842,-87.34130096435547,11.230467796325684
0.1451416015625,-0.92333984375,0.2615966796875,34.912109375,-74.27978515625,3.723144292831421
0.154541015625,-0.84912109375,0.151611328125,25.085447311401367,-21.911619186401367,31.127927780151367
0.0450439453125,-1.0419921875,-0.0892333984375,-1.6479490995407104,52.978511810302734,7.873534679412842
0.0692138671875,-0.96533203125,-0.1396484375,13.183592796325684,21.667478561401367,-0.30517578125
0.134765625,-0.8514404296875,-0.09326171875,23.986814498901367,-21.850584030151367,21.423337936401367
0.1923828125,-0.826171875,0.0260009765625,22.949216842651367,-47.729488372802734,37.78076171875
0.197509765625,-0.8172607421875,0.11083984375,22.216794967651367,-54.016109466552734,32.40966796875
0.1473388671875,-0.7718505859375,0.0911865234375,26.062009811401367,-47.729488372802734,17.88330078125
0.0679931640625,-0.81640625,0.0045166015625,22.460935592651367,-26.550291061401367,8.6669921875
0.0260009765625,-1.0390625,-0.0579833984375,5.981444835662842,5.615233898162842,5.371093273162842
0.1051025390625,-1.349365234375,0.0313720703125,-14.465331077575684,31.921384811401367,0.7934569716453552
0.255859375,-1.5657958984375,0.3209228515625,-23.132322311401367,42.724605560302734,-16.54052734375
0.30517578125,-1.5,0.5999755859375,-12.756346702575684,44.372554779052734,-50.537105560302734
0.13427734375,-1.1619873046875,0.5574951171875,0.54931640625,43.945308685302734,-67.0166015625
-0.0440673828125,-0.79931640625,0.31591796875,4.57763671875,23.620603561401367,-37.841796875
-0.0364990234375,-0.6104736328125,0.2314453125,4.638671875,-15.747069358825684,6.286620616912842
0.01171875,-0.61279296875,0.3231201171875,7.202147960662842,-37.4755859375,25.085447311401367
0.0570068359375,-0.7305908203125,0.4482421875,17.51708984375,-34.423828125,16.41845703125
0.0927734375,-0.8970947265625,0.52734375,30.456541061401367,-20.263669967651367,3.601073980331421
0.1156005859375,-0.9635009765625,0.402099609375,14.831542015075684,41.870113372802734,10.070799827575684
0.087646484375,-0.892578125,0.2794189453125,-14.465331077575684,77.45361328125,16.05224609375
0.03857421875,-0.8699951171875,0.2105712890625,-31.494138717651367,78.91845703125,15.319823265075684
0.1634521484375,-0.7662353515625,0.2720947265625,-5.615233898162842,-10.375975608825684,-14.343260765075684
0.402099609375,-0.7481689453125,0.3270263671875,-12.207030296325684,-20.874021530151367,-34.97314453125
0.443359375,-0.827880859375,0.2177734375,-41.503902435302734,30.212400436401367,-44.799800872802734
0.232666015625,-1.09130859375,0.0294189453125,-71.8994140625,108.45946502685547,-52.307125091552734
-0.0130615234375,-1.359130859375,-0.05517578125,-71.8994140625,133.48388671875,-64.51416015625
-0.085693359375,-0.98974609375,0.1383056640625,4.94384765625,13.549803733825684,-45.532222747802734
0.2645263671875,-0.95458984375,0.4140625,10.192870140075684,-16.78466796875,-42.663570404052734
0.361328125,-1.1768798828125,0.4169921875,-8.48388671875,16.66259765625,-40.771480560302734
0.08544921875,-1.15966796875,0.0665283203125,-16.845703125,82.15331268310547,-22.827146530151367
-0.0338134765625,-0.865966796875,-0.1962890625,-9.8876953125,112.54882049560547,2.44140625
0.0640869140625,-0.66650390625,-0.218505859375,-4.39453125,98.69384002685547,25.268552780151367
0.136962890625,-0.7734375,-0.1484375,-0.54931640625,66.89453125,32.5927734375
0.160400390625,-1.0789794921875,-0.0762939453125,9.58251953125,24.047849655151367,13.916014671325684
0.177490234375,-1.2684326171875,-0.0498046875,22.583005905151367,-16.54052734375,-7.751464366912842
0.2286376953125,-1.20947265625,-0.05712890625,29.602048873901367,-49.316402435302734,0.9765624403953552
0.2987060546875,-1.0516357421875,-0.0128173828125,30.700681686401367,-79.28466796875,26.123044967651367
0.331298828125,-0.9351806640625,0.1494140625,31.860349655151367,-101.44042205810547,36.92626953125
0.2890625,-0.886962890625,0.3839111328125,34.48486328125,-106.14012908935547,30.273435592651367
0.1793212890625,-0.864990234375,0.5662841796875,39.61181640625,-98.02245330810547,16.357421875
0.0958251953125,-0.880615234375,0.625,43.884273529052734,-89.96581268310547,10.864256858825684
0.0618896484375,-0.9906005859375,0.593017578125,39.12353515625,-76.416015625,15.075682640075684
0.040771484375,-1.035400390625,0.5408935546875,31.799314498901367,-53.344722747802734,11.962889671325684
0.044921875,-0.8681640625,0.4815673828125,32.5927734375,-36.865234375,5.187987804412842
0.0653076171875,-0.6707763671875,0.42822265625,33.0810546875,-32.16552734375,6.408690929412842
0.07470703125,-0.6693115234375,0.4476318359375,23.193357467651367,-27.526853561401367,8.7890625
0.072265625,-0.8353271484375,0.5291748046875,10.498045921325684,-15.869139671325684,5.065917491912842
0.0780029296875,-0.98046875,0.594970703125,3.723144292831421,0.9765624403953552,-0.9765624403953552
0.0869140625,-0.968017578125,0.5931396484375,-0.7324218153953552,19.04296875,-2.13623046875
0.0831298828125,-0.8651123046875,0.52587890625,-7.812499523162842,34.24072265625,-0.6713866591453552
0.074951171875,-0.828125,0.453125,-16.78466796875,43.090816497802734,-4.8828125
0.070068359375,-0.89306640625,0.427978515625,-25.024412155151367,45.959468841552734,-14.221190452575684
0.0479736328125,-0.9918212890625,0.4306640625,-31.249998092651367,45.898433685302734,-17.578125
0.0010986328125,-1.0267333984375,0.421142578125,-34.60693359375,42.358394622802734,-8.72802734375
-0.015380859375,-1.0,0.4107666015625,-35.2783203125,34.3017578125,6.896972179412842
0.0897216796875,-1.027099609375,0.4510498046875,-33.8134765625,24.536130905151367,17.333984375
0.373046875,-0.9390869140625,0.3541259765625,-33.50830078125,54.626461029052734,2.807616949081421
0.193115234375,-0.741943359375,0.0526123046875,-41.198726654052734,93.62792205810547,8.36181640625
0.038818359375,-0.795654296875,-0.0360107421875,-37.353515625,90.94237518310547,3.845214605331421
0.120849609375,-1.1759033203125,0.3626708984375,-5.371093273162842,26.733396530151367,-28.747556686401367
0.0032958984375,-0.9224853515625,0.2940673828125,5.859374523162842,27.526853561401367,-7.629394054412842
-0.05859375,-0.671142578125,0.145751953125,7.019042491912842,29.907224655151367,19.10400390625
-0.08544921875,-0.7330322265625,0.099853515625,-4.150390625,36.9873046875,19.775390625
-0.119384765625,-0.9522705078125,0.14794921875,-11.779784202575684,46.386714935302734,1.03759765625
-0.1080322265625,-1.077392578125,0.1932373046875,-9.27734375,46.142574310302734,-8.056640625
-0.11474609375,-1.1109619140625,0.200927734375,-6.164550304412842,43.212886810302734,1.7089842557907104
-0.1173095703125,-1.1197509765625,0.2572021484375,0.7934569716453552,38.330078125,12.023924827575684
0.0657958984375,-1.08203125,0.4061279296875,16.66259765625,27.465818405151367,9.033203125
0.3294677734375,-1.0057373046875,0.5537109375,23.193357467651367,35.58349609375,-10.009765625
0.3927001953125,-0.8399658203125,0.5650634765625,14.160155296325684,71.59423828125,-32.16552734375
0.2200927734375,-0.710205078125,0.4228515625,7.507323741912842,101.44042205810547,-42.724605560302734
0.09130859375,-0.86328125,0.3590087890625,0.30517578125,103.33251190185547,-48.645015716552734
0.1156005859375,-1.0330810546875,0.4276123046875,-7.873534679412842,91.79686737060547,-55.114742279052734
0.1187744140625,-0.9053955078125,0.411376953125,-1.4648436307907104,89.23339080810547,-60.241695404052734
0.132080078125,-0.7177734375,0.2969970703125,4.33349609375,94.23827362060547,-62.011714935302734
0.225341796875,-0.7523193359375,0.187744140625,-18.00537109375,106.50634002685547,-51.025386810302734
0.4180908203125,-0.8792724609375,0.1282958984375,-53.405757904052734,122.61962127685547,-34.36279296875
0.5782470703125,-0.8480224609375,0.0833740234375,-66.34521484375,126.28173065185547,-35.15625
0.4808349609375,-0.54931640625,-0.016357421875,-49.804683685302734,112.42675018310547,-52.185054779052734
0.2413330078125,-0.23974609375,-0.05517578125,-20.812986373901367,75.68359375,-74.0966796875
0.066650390625,-0.447021484375,0.12451171875,-2.868652105331421,18.61572265625,-90.63719940185547
-0.0595703125,-0.954345703125,0.3211669921875,10.253905296325684,-26.306150436401367,-87.34130096435547
-0.000732421875,-0.9273681640625,0.3546142578125,30.639646530151367,-12.268065452575684,-56.945796966552734
0.22802734375,-0.5052490234375,0.2698974609375,22.705076217651367,68.54248046875,-12.023924827575684
0.324462890625,-0.4384765625,0.067138671875,-19.95849609375,164.06248474121094,16.357421875
0.2681884765625,-0.7469482421875,-0.161376953125,-49.987789154052734,217.95652770996094,12.939452171325684
0.22412109375,-0.9283447265625,-0.2646484375,-42.846675872802734,213.37889099121094,-10.620116233825684
0.295166015625,-0.7330322265625,-0.220947265625,-11.962889671325684,163.02488708496094,-29.785154342651367
0.66650390625,-0.471923828125,-0.00390625,21.301267623901367,93.07860565185547,-28.564451217651367
1.2552490234375,-0.56396484375,0.2196044921875,49.133296966552734,19.4091796875,-40.222164154052734
1.3887939453125,-1.192626953125,0.2884521484375,57.250972747802734,-38.14697265625,-111.14501190185547
0.8321533203125,-1.6844482421875,0.6005859375,69.580078125,-83.06884002685547,-188.72068786621094
0.4317626953125,-1.536376953125,1.3927001953125,109.80223846435547,-98.08348846435547,-174.98777770996094
0.6319580078125,-0.7918701171875,1.497802734375,150.146484375,-49.621578216552734,-93.93309783935547
0.7803955078125,-0.031005859375,0.991943359375,162.04832458496094,-17.88330078125,-95.58104705810547
0.6890869140625,-0.096923828125,0.8763427734375,100.28075408935547,-39.794921875,-174.07225036621094
0.7255859375,-0.396484375,0.5792236328125,0.30517578125,-41.015621185302734,-181.03025817871094
0.8851318359375,-0.1844482421875,0.381591796875,-47.607418060302734,7.446288585662842,-127.62450408935547
1.1158447265625,0.0848388671875,1.1376953125,-54.809566497802734,79.58984375,-110.65673065185547
1.341064453125,0.1434326171875,1.77490234375,-35.888671875,189.20896911621094,-98.69384002685547
1.181884765625,0.16943359375,1.4951171875,10.742186546325684,309.6923828125,-60.791011810302734
0.563232421875,0.0277099609375,0.99951171875,45.898433685302734,342.2240905761719,-56.457515716552734
-0.072998046875,-0.1644287109375,0.7049560546875,52.490230560302734,272.3388671875,-77.63671875
-0.360595703125,-0.124755859375,0.691162109375,47.912593841552734,166.56492614746094,-77.880859375
-0.364501953125,0.0875244140625,0.8128662109375,50.537105560302734,85.63231658935547,-61.889644622802734
-0.239501953125,0.2041015625,0.9617919921875,51.818843841552734,43.334957122802734,-53.283687591552734
-0.122802734375,0.150390625,1.060302734375,39.55078125,25.878904342651367,-52.612300872802734
-0.1168212890625,0.09814453125,1.01611328125,23.376462936401367,23.986814498901367,-39.85595703125
-0.113037109375,0.14794921875,0.9215087890625,17.2119140625,25.268552780151367,-15.014647483825684
-0.0740966796875,0.1993408203125,0.9259033203125,16.05224609375,22.705076217651367,-2.563476324081421
-0.0679931640625,0.206787109375,0.9647216796875,9.46044921875,23.010251998901367,-1.4648436307907104
-0.1090087890625,0.2081298828125,0.948974609375,0.7934569716453552,26.489255905151367,-4.45556640625
-0.1859130859375,0.1956787109375,0.910400390625,-6.164550304412842,29.113767623901367,-9.3994140625
-0.2701416015625,0.167724609375,0.8951416015625,-12.390135765075684,28.503416061401367,-8.1787109375
-0.3170166015625,0.1534423828125,0.8961181640625,-16.6015625,21.728513717651367,-2.929687261581421
-0.342041015625,0.1368408203125,0.893310546875,-20.263669967651367,9.033203125,-0.4272460639476776
-0.350341796875,0.099853515625,0.890625,-25.512693405151367,-5.798339366912842,4.21142578125
-0.3162841796875,0.0723876953125,0.895263671875,-30.944822311401367,-21.423337936401367,15.258788108825684
-0.245849609375,0.07373046875,0.9197998046875,-36.4990234375,-36.68212890625,25.939939498901367
-0.1837158203125,0.070068359375,0.9439697265625,-44.067378997802734,-49.987789154052734,31.982419967651367
-0.1143798828125,0.051513671875,0.9512939453125,-55.297847747802734,-63.293453216552734,38.39111328125
0.007568359375,0.0296630859375,0.9681396484375,-70.3125,-77.63671875,42.785640716552734
0.120849609375,-0.065673828125,0.99267578125,-87.34130096435547,-89.11132049560547,34.3017578125
0.213623046875,-0.2686767578125,1.005126953125,-97.59520721435547,-96.49657440185547,17.15087890625
0.296142578125,-0.3780517578125,1.0076904296875,-87.34130096435547,-98.93798065185547,8.48388671875
0.37939453125,-0.255859375,1.0885009765625,-66.34521484375,-94.17723846435547,9.033203125
0.4344482421875,-0.215576171875,1.1375732421875,-58.776851654052734,-89.17235565185547,11.474608421325684
0.41796875,-0.3839111328125,1.07080078125,-61.645503997802734,-87.58544158935547,10.253905296325684
0.41064453125,-0.4471435546875,0.9715576171875,-62.927242279052734,-75.98876953125,8.36181640625
0.4281005859375,-0.43798828125,0.8341064453125,-78.125,-47.302242279052734,20.202634811401367
0.412109375,-0.4979248046875,0.719482421875,-106.75048065185547,-11.657713890075684,40.771480560302734
0.3778076171875,-0.5426025390625,0.6719970703125,-114.92919158935547,20.385740280151367,45.959468841552734
0.354736328125,-0.5780029296875,0.677734375,-95.70311737060547,45.837398529052734,27.221677780151367
0.3336181640625,-0.6209716796875,0.700439453125,-76.5380859375,67.3828125,6.652831554412842
0.2843017578125,-0.6517333984375,0.6607666015625,-73.42529296875,88.50096893310547,2.868652105331421
0.2352294921875,-0.699951171875,0.55810546875,-76.171875,99.79247283935547,3.234863042831421
0.2235107421875,-0.7640380859375,0.4580078125,-72.32666015625,91.49169158935547,-4.7607421875
0.197998046875,-0.7930908203125,0.3729248046875,-61.340328216552734,74.951171875,-7.873534679412842
0.1605224609375,-0.796630859375,0.3675537109375,-49.377437591552734,61.096187591552734,-0.0610351525247097
0.1416015625,-0.8492431640625,0.465576171875,-37.29248046875,49.011226654052734,-3.845214605331421
0.145751953125,-0.952880859375,0.56591796875,-27.465818405151367,42.785640716552734,-25.390623092651367
0.1605224609375,-0.9884033203125,0.57080078125,-27.465818405151367,50.964351654052734,-36.1328125
0.1600341796875,-0.917236328125,0.5079345703125,-38.75732421875,71.2890625,-22.949216842651367
0.1461181640625,-0.8140869140625,0.4788818359375,-52.307125091552734,90.27098846435547,-3.417968511581421
0.1229248046875,-0.7503662109375,0.461181640625,-57.006832122802734,100.40282440185547,3.051757574081421
0.086181640625,-0.8056640625,0.4097900390625,-55.358882904052734,101.37938690185547,-5.554198741912842
0.007080078125,-0.9530029296875,0.3536376953125,-54.443355560302734,93.56688690185547,-13.916014671325684
-0.0787353515625,-1.03955078125,0.3304443359375,-51.330562591552734,75.927734375,-2.807616949081421
-0.103759765625,-1.0042724609375,0.34619140625,-45.715328216552734,50.537105560302734,24.108884811401367
-0.1214599609375,-0.9249267578125,0.3326416015625,-45.654293060302734,25.024412155151367,46.936031341552734
-0.1668701171875,-0.8992919921875,0.28125,-53.100582122802734,5.0048828125,57.983394622802734
-0.201416015625,-0.9561767578125,0.2208251953125,-60.485836029052734,-5.920409679412842,56.884761810302734
-0.1907958984375,-1.03271484375,0.1016845703125,-69.27490234375,-2.50244140625,41.442867279052734
-0.1522216796875,-1.052490234375,-0.0560302734375,-87.76854705810547,18.6767578125,16.41845703125
-0.1405029296875,-0.9949951171875,-0.1878662109375,-110.65673065185547,45.715328216552734,-4.150390625
-0.1630859375,-0.9122314453125,-0.291259765625,-122.25341033935547,54.321285247802734,-10.375975608825684
-0.201171875,-0.882080078125,-0.339111328125,-114.44091033935547,38.14697265625,-4.39453125
-0.2373046875,-0.898193359375,-0.3175048828125,-92.65135955810547,17.08984375,5.249022960662842
-0.2537841796875,-0.89306640625,-0.286865234375,-68.9697265625,9.82666015625,9.6435546875
-0.25830078125,-0.8853759765625,-0.3153076171875,-51.208492279052734,15.747069358825684,6.225585460662842
-0.2666015625,-0.9051513671875,-0.374267578125,-37.9638671875,24.047849655151367,1.15966796875
-0.2738037109375,-0.904052734375,-0.388427734375,-24.414060592651367,24.902341842651367,1.0986328125
-0.2703857421875,-0.889404296875,-0.3482666015625,-10.986327171325684,17.08984375,6.164550304412842
-0.264404296875,-0.8875732421875,-0.3038330078125,-1.3427733182907104,12.756346702575684,10.437010765075684
-0.259521484375,-0.8885498046875,-0.2906494140625,2.44140625,29.052732467651367,2.807616949081421
-0.2249755859375,-0.883544921875,-0.30029296875,1.15966796875,62.744136810302734,-18.98193359375
-0.1470947265625,-0.865966796875,-0.3240966796875,-4.45556640625,91.79686737060547,-42.114253997802734
-0.047607421875,-0.85498046875,-0.3616943359375,-14.404295921325684,104.49217987060547,-54.016109466552734
0.03662109375,-0.8778076171875,-0.427001953125,-24.414060592651367,105.52977752685547,-55.358882904052734
0.07763671875,-0.9073486328125,-0.49267578125,-28.686521530151367,98.14452362060547,-51.879878997802734
0.1055908203125,-0.867431640625,-0.5198974609375,-24.902341842651367,83.86229705810547,-46.752925872802734
0.135498046875,-0.8060302734375,-0.497314453125,-17.63916015625,69.4580078125,-45.410152435302734
0.16748046875,-0.8028564453125,-0.46044921875,-14.282225608825684,57.250972747802734,-49.194332122802734
0.211669921875,-0.8209228515625,-0.4794921875,-12.390135765075684,46.264644622802734,-52.917476654052734
0.309326171875,-0.8892822265625,-0.5159912109375,-7.629394054412842,32.89794921875,-50.354000091552734
0.4688720703125,-0.9732666015625,-0.5738525390625,-11.840819358825684,22.521970748901367,-28.198240280151367
0.6090087890625,-0.9337158203125,-0.6168212890625,-13.122557640075684,28.686521530151367,-7.507323741912842
0.6868896484375,-0.904296875,-0.5404052734375,8.30078125,51.330562591552734,-33.0810546875
0.69873046875,-0.970458984375,-0.4251708984375,24.291990280151367,76.7822265625,-75.25634765625
0.6845703125,-0.9405517578125,-0.3721923828125,16.17431640625,86.85301971435547,-75.86669921875
0.688720703125,-0.8433837890625,-0.3280029296875,-3.662109136581421,66.40625,-34.1796875
0.646484375,-0.7657470703125,-0.2567138671875,-29.541013717651367,25.451658248901367,21.484373092651367
0.53173828125,-0.675048828125,-0.2698974609375,-47.485347747802734,-6.530761241912842,52.856441497802734
0.4345703125,-0.6070556640625,-0.34716796875,-41.748043060302734,-16.4794921875,36.43798828125
0.3736572265625,-0.587890625,-0.3973388671875,-25.329587936401367,-12.207030296325684,-0.7934569716453552
0.3299560546875,-0.5968017578125,-0.4256591796875,-20.690916061401367,-2.685546636581421,-14.831542015075684
0.3245849609375,-0.57568359375,-0.4210205078125,-28.625486373901367,8.30078125,2.44140625
0.34716796875,-0.5059814453125,-0.40234375,-31.738279342651367,16.66259765625,22.705076217651367
0.3692626953125,-0.461181640625,-0.393798828125,-23.254392623901367,19.22607421875,19.53125
0.396240234375,-0.49609375,-0.406005859375,-15.258788108825684,24.291990280151367,-6.896972179412842
0.4571533203125,-0.562255859375,-0.470703125,-16.11328125,42.297359466552734,-36.0107421875
0.592041015625,-0.607177734375,-0.558349609375,-22.399900436401367,67.93212890625,-53.833003997802734
0.78515625,-0.6771240234375,-0.6444091796875,-29.235837936401367,85.38817596435547,-60.363765716552734
0.9732666015625,-0.8646240234375,-0.6943359375,-30.395505905151367,81.11571502685547,-60.974117279052734
1.0662841796875,-1.059814453125,-0.597412109375,-16.29638671875,52.551265716552734,-56.945796966552734
1.0379638671875,-1.095458984375,-0.3770751953125,13.854979515075684,8.7890625,-42.297359466552734
0.9278564453125,-0.998046875,-0.2156982421875,35.5224609375,-29.357908248901367,-11.474608421325684
0.7900390625,-0.844970703125,-0.2210693359375,35.82763671875,-49.621578216552734,20.690916061401367
0.71044921875,-0.7286376953125,-0.3201904296875,34.1796875,-58.166500091552734,29.724119186401367
0.6656494140625,-0.6871337890625,-0.357421875,44.982906341552734,-61.462398529052734,19.4091796875
0.586181640625,-0.6259765625,-0.3402099609375,70.12939453125,-60.791011810302734,10.925292015075684
0.506103515625,-0.4739990234375,-0.370361328125,98.51073455810547,-50.964351654052734,15.258788108825684
0.5020751953125,-0.356689453125,-0.433349609375,106.56737518310547,-27.221677780151367,24.414060592651367
0.548583984375,-0.46728515625,-0.451416015625,86.73094940185547,2.563476324081421,19.34814453125
0.4935302734375,-0.671630859375,-0.40966796875,59.082027435302734,19.04296875,11.535643577575684
0.325439453125,-0.6402587890625,-0.304931640625,55.541988372802734,2.929687261581421,23.193357467651367
0.2763671875,-0.394775390625,-0.1444091796875,78.67431640625,-40.832515716552734,31.738279342651367
0.414794921875,-0.3443603515625,-0.060546875,97.04589080810547,-65.00244140625,8.48388671875
0.644775390625,-1.1024169921875,0.0968017578125,91.12548065185547,-28.747556686401367,-39.97802734375
0.8753662109375,-1.34619140625,0.0565185546875,68.90869140625,62.255855560302734,-37.29248046875
0.9256591796875,-0.8116455078125,-0.190673828125,53.161617279052734,133.056640625,7.934569835662842
0.820556640625,-0.7900390625,-0.20947265625,43.090816497802734,113.40331268310547,26.062009811401367
0.670654296875,-0.848876953125,-0.12255859375,39.1845703125,39.61181640625,34.3017578125
0.603271484375,-0.801025390625,0.0191650390625,46.142574310302734,-29.602048873901367,45.776363372802734
0.674560546875,-0.78271484375,0.17236328125,54.504390716552734,-81.60399627685547,53.344722747802734
0.7620849609375,-0.762451171875,0.3275146484375,65.4296875,-101.07421112060547,37.353515625
0.7755126953125,-0.828125,0.40087890625,69.88525390625,-77.392578125,5.432128429412842
0.730712890625,-0.97607421875,0.3394775390625,69.76318359375,-43.640132904052734,-16.54052734375
0.7247314453125,-1.04296875,0.3062744140625,74.21875,-36.07177734375,-30.273435592651367
0.7227783203125,-1.0396728515625,0.331787109375,73.3642578125,-48.339839935302734,-33.63037109375
0.830810546875,-0.677001953125,0.354248046875,71.71630859375,-63.720699310302734,-10.681151390075684
0.849365234375,-0.5618896484375,0.345458984375,64.39208984375,-67.5048828125,-15.502928733825684
0.7784423828125,-0.4788818359375,0.2911376953125,53.833003997802734,-65.49072265625,-31.616209030151367
0.6973876953125,-0.445068359375,0.2255859375,38.818359375,-51.330562591552734,-41.564937591552734
0.6768798828125,-0.45947265625,0.19091796875,22.521970748901367,-25.024412155151367,-36.7431640625
0.719970703125,-0.498046875,0.21240234375,12.817381858825684,2.01416015625,-27.954099655151367
0.75830078125,-0.56494140625,0.2996826171875,5.432128429412842,18.49365234375,-16.54052734375
0.731201171875,-0.6533203125,0.38916015625,-1.8920897245407104,20.324705123901367,2.13623046875
0.60302734375,-0.751708984375,0.3616943359375,2.13623046875,9.765625,17.08984375
0.381103515625,-0.7618408203125,0.1268310546875,19.47021484375,-1.7089842557907104,31.005857467651367
0.2679443359375,-0.5894775390625,-0.1634521484375,32.2265625,-12.878417015075684,62.255855560302734
0.3966064453125,-0.3929443359375,-0.2354736328125,26.916501998901367,-33.99658203125,101.86766815185547
0.6221923828125,-0.37548828125,-0.0745849609375,13.061522483825684,-63.354488372802734,112.12157440185547
0.7076416015625,-0.7498779296875,0.1192626953125,-3.662109136581421,-88.98925018310547,80.56639862060547
0.562255859375,-1.33154296875,0.18017578125,-11.474608421325684,-107.36083221435547,36.2548828125
0.3380126953125,-1.3232421875,0.1041259765625,30.761716842651367,-131.04248046875,13.793944358825684
0.2452392578125,-0.7645263671875,0.060302734375,93.26171112060547,-146.91162109375,30.822751998901367
0.2371826171875,-0.5113525390625,0.09326171875,88.13475799560547,-113.09813690185547,70.49560546875
0.169189453125,-0.7974853515625,0.0909423828125,31.433103561401367,-44.738765716552734,91.73583221435547
0.16015625,-1.1341552734375,0.06689453125,7.873534679412842,-11.657713890075684,83.31298065185547
0.30078125,-1.072021484375,0.06787109375,35.0341796875,-28.259275436401367,65.24658203125
0.493408203125,-0.8365478515625,0.144287109375,57.983394622802734,-43.151851654052734,50.109859466552734
0.5733642578125,-1.03076171875,0.3153076171875,34.423828125,-26.794431686401367,36.92626953125
0.53759765625,-1.3336181640625,0.4404296875,5.0048828125,-8.9111328125,20.080564498901367
0.4210205078125,-1.16259765625,0.3671875,18.24951171875,-14.343260765075684,12.329100608825684
0.330322265625,-0.9205322265625,0.248291015625,35.82763671875,-31.127927780151367,22.399900436401367
0.29833984375,-0.856201171875,0.24853515625,27.343748092651367,-39.36767578125,25.634763717651367
0.2076416015625,-0.735107421875,0.2529296875,22.949216842651367,-37.65869140625,15.258788108825684
0.1448974609375,-0.589599609375,0.19921875,30.639646530151367,-45.166011810302734,17.2119140625
0.12109375,-0.59375,0.1556396484375,29.052732467651367,-59.143062591552734,29.296873092651367
0.0716552734375,-0.7271728515625,0.1766357421875,19.10400390625,-67.44384765625,34.3017578125
0.03466796875,-0.8814697265625,0.249755859375,17.4560546875,-77.7587890625,37.4755859375
0.0888671875,-1.0211181640625,0.3775634765625,22.460935592651367,-98.14452362060547,58.715816497802734
0.2716064453125,-1.0313720703125,0.389404296875,15.380858421325684,-99.85350799560547,79.65087890625
0.5472412109375,-1.199951171875,0.3594970703125,-1.4038084745407104,-81.11571502685547,88.50096893310547
0.57958984375,-1.37451171875,0.162353515625,-23.132322311401367,-24.291990280151367,57.006832122802734
0.3343505859375,-1.23486328125,-0.07958984375,-20.385740280151367,13.183592796325684,16.4794921875
0.162353515625,-0.86474609375,-0.10595703125,17.08984375,-39.24560546875,9.58251953125
0.1448974609375,-0.631103515625,0.1226806640625,42.358394622802734,-110.16844940185547,25.817869186401367
0.1134033203125,-0.6217041015625,0.43798828125,29.174802780151367,-116.94335174560547,40.161128997802734
0.0701904296875,-0.6112060546875,0.55126953125,14.953612327575684,-93.87206268310547,37.53662109375
-0.0191650390625,-0.7056884765625,0.430908203125,4.69970703125,-62.622066497802734,37.59765625
-0.12060546875,-0.896484375,0.283935546875,-13.549803733825684,-20.507810592651367,49.438472747802734
-0.139892578125,-0.9892578125,0.239501953125,-18.310546875,11.962889671325684,39.55078125
-0.115478515625,-1.1044921875,0.2572021484375,-3.845214605331421,18.5546875,6.225585460662842
-0.0333251953125,-1.220703125,0.22998046875,15.502928733825684,7.751464366912842,-10.498045921325684
0.2332763671875,-1.126708984375,0.2071533203125,22.399900436401367,1.15966796875,7.751464366912842
0.5548095703125,-0.9842529296875,0.2283935546875,4.57763671875,17.9443359375,12.329100608825684
0.6119384765625,-1.171630859375,0.1759033203125,-29.541013717651367,51.025386810302734,-31.494138717651367
0.3948974609375,-1.4293212890625,0.0093994140625,-46.997066497802734,60.424800872802734,-65.24658203125
0.211669921875,-1.2481689453125,-0.1302490234375,-27.648923873901367,15.258788108825684,-34.85107421875
0.1947021484375,-0.3983154296875,-0.000732421875,23.193357467651367,-125.48827362060547,47.119136810302734
0.2154541015625,-0.4217529296875,0.0999755859375,18.61572265625,-130.67626953125,30.639646530151367
0.3070068359375,-0.799072265625,0.199951171875,1.5869139432907104,-125.54930877685547,5.187987804412842
0.4100341796875,-1.0921630859375,0.2674560546875,-2.990722417831421,-148.25439453125,-10.681151390075684
0.5155029296875,-1.047119140625,0.2860107421875,12.268065452575684,-188.41551208496094,-6.591796398162842
0.676025390625,-0.8538818359375,0.3270263671875,29.357908248901367,-222.96141052246094,10.437010765075684
0.78515625,-0.764892578125,0.407470703125,33.99658203125,-234.98533630371094,20.080564498901367
0.724853515625,-0.97998046875,0.41357421875,28.564451217651367,-227.66111755371094,6.103515148162842
0.451171875,-1.3658447265625,0.23095703125,25.695798873901367,-211.66990661621094,-29.541013717651367
0.0751953125,-1.5694580078125,-0.1051025390625,30.395505905151367,-196.59422302246094,-43.762203216552734
0.03515625,-1.443603515625,-0.2916259765625,29.968259811401367,-195.00730895996094,-19.04296875
0.23876953125,-0.9949951171875,-0.1976318359375,20.751951217651367,-182.25096130371094,12.207030296325684
0.2630615234375,-0.54736328125,-0.03369140625,11.291502952575684,-142.2119140625,33.8134765625
0.1456298828125,-0.553955078125,0.0740966796875,8.6669921875,-113.64745330810547,32.89794921875
0.0911865234375,-0.9039306640625,0.129638671875,21.484373092651367,-110.77880096435547,3.906249761581421
0.1876220703125,-1.1077880859375,0.1641845703125,44.921871185302734,-109.92430877685547,-16.11328125
0.298583984375,-1.0322265625,0.14453125,61.340328216552734,-99.67040252685547,0.4272460639476776
0.3173828125,-0.907958984375,0.0406494140625,64.208984375,-83.80126190185547,27.709959030151367
0.296142578125,-0.8916015625,-0.07275390625,59.509273529052734,-67.07763671875,33.63037109375
0.30029296875,-0.9310302734375,-0.120849609375,51.879878997802734,-55.236812591552734,20.507810592651367
0.323486328125,-0.9202880859375,-0.1402587890625,41.015621185302734,-54.382320404052734,12.390135765075684
0.3431396484375,-0.864990234375,-0.1285400390625,28.991697311401367,-62.683101654052734,15.014647483825684
0.3287353515625,-0.87109375,-0.005859375,21.545408248901367,-74.89013671875,16.7236328125
0.2935791015625,-1.005126953125,0.2645263671875,20.446775436401367,-89.53856658935547,16.7236328125
0.2264404296875,-1.1710205078125,0.599365234375,25.268552780151367,-104.00389862060547,14.221190452575684
0.1044921875,-1.2047119140625,0.8067626953125,34.36279296875,-111.26708221435547,8.60595703125
0.0638427734375,-1.08154296875,0.759033203125,35.94970703125,-99.60936737060547,11.779784202575684
0.14501953125,-0.89111328125,0.549560546875,21.789548873901367,-53.405757904052734,17.63916015625
0.1829833984375,-0.681396484375,0.338134765625,3.906249761581421,14.465331077575684,6.591796398162842
0.1285400390625,-0.5125732421875,0.197021484375,-5.187987804412842,55.236812591552734,-8.7890625
0.119384765625,-0.53564453125,0.1981201171875,-7.080077648162842,41.564937591552734,-9.46044921875
0.1846923828125,-0.7845458984375,0.3712158203125,-5.920409679412842,-0.8544921278953552,-8.85009765625
0.22412109375,-1.1142578125,0.588134765625,-4.7607421875,-19.59228515625,-14.465331077575684
0.2176513671875,-1.4146728515625,0.6732177734375,-5.859374523162842,-0.9765624403953552,-23.986814498901367
0.150390625,-1.4063720703125,0.525390625,-8.1787109375,28.442380905151367,-36.376953125
0.0450439453125,-0.9656982421875,0.21875,-13.183592796325684,52.551265716552734,-27.221677780151367
0.05224609375,-0.6441650390625,0.137451171875,-36.31591796875,36.0107421875,21.972654342651367
0.103515625,-0.99267578125,0.3828125,-36.62109375,7.934569835662842,12.939452171325684
0.2489013671875,-1.274169921875,0.5660400390625,-26.367185592651367,-0.9765624403953552,2.01416015625
0.377197265625,-1.3138427734375,0.4908447265625,-20.568845748901367,19.775390625,-1.6479490995407104
0.343505859375,-1.183837890625,0.1304931640625,-24.719236373901367,61.828609466552734,0.1220703050494194
0.2066650390625,-0.9984130859375,-0.196533203125,-25.695798873901367,88.98925018310547,7.934569835662842
0.0867919921875,-0.8665771484375,-0.2421875,-20.385740280151367,74.89013671875,19.22607421875
0.0562744140625,-0.8994140625,-0.1092529296875,-14.526366233825684,38.818359375,25.085447311401367
0.06689453125,-0.9935302734375,0.0235595703125,-4.2724609375,7.812499523162842,18.37158203125
0.0704345703125,-0.9664306640625,0.0721435546875,6.347655773162842,-8.9111328125,12.573241233825684
0.0517578125,-0.8314208984375,0.0343017578125,6.713866710662842,-11.169432640075684,20.446775436401367
-0.0081787109375,-0.7772216796875,-0.0128173828125,-2.929687261581421,-4.82177734375,31.127927780151367
-0.0721435546875,-0.8751220703125,0.002685546875,-11.230467796325684,-0.7324218153953552,28.381345748901367
-0.0802001953125,-0.99365234375,0.058837890625,-8.23974609375,-2.563476324081421,12.145995140075684
-0.079345703125,-1.0355224609375,0.0809326171875,1.03759765625,-1.4038084745407104,-2.746581792831421
-0.125,-1.0697021484375,0.0548095703125,3.601073980331421,5.615233898162842,-4.2724609375
-0.1695556640625,-1.1683349609375,0.043212890625,1.3427733182907104,6.896972179412842,-0.7324218153953552
-0.1624755859375,-1.2689208984375,0.0699462890625,5.615233898162842,-3.479003667831421,-3.784179449081421
-0.0987548828125,-1.27392578125,0.0814208984375,14.404295921325684,-14.648436546325684,-6.164550304412842
0.0712890625,-1.158447265625,0.1060791015625,18.37158203125,-16.41845703125,-1.03759765625
0.3280029296875,-0.91455078125,0.199462890625,17.4560546875,-10.375975608825684,1.15966796875
0.43310546875,-0.71875,0.234130859375,10.375975608825684,6.469726085662842,-2.624511480331421
0.3160400390625,-0.8209228515625,0.1439208984375,-5.493163585662842,30.456541061401367,-11.169432640075684
0.1947021484375,-1.076171875,0.09619140625,-19.287109375,38.26904296875,-26.672361373901367
0.14013671875,-1.09765625,0.1171875,-15.502928733825684,20.874021530151367,-33.447265625
0.0966796875,-0.8544921875,0.1021728515625,1.6479490995407104,-8.7890625,-25.268552780151367
0.0830078125,-0.666015625,0.0853271484375,8.6669921875,-33.8134765625,-13.671874046325684
0.1002197265625,-0.7061767578125,0.1148681640625,-3.906249761581421,-40.527339935302734,-4.0283203125
0.13623046875,-0.88037109375,0.1690673828125,-17.51708984375,-35.400390625,-1.6479490995407104
0.2091064453125,-1.0040283203125,0.209716796875,-13.305663108825684,-37.78076171875,-7.141112804412842
0.337158203125,-0.97900390625,0.2239990234375,2.25830078125,-46.691890716552734,-9.94873046875
0.5184326171875,-0.8721923828125,0.2310791015625,9.033203125,-47.363277435302734,-9.1552734375
0.54150390625,-0.7554931640625,0.1683349609375,0.54931640625,-31.127927780151367,-10.437010765075684
0.2518310546875,-0.5592041015625,-0.07958984375,-7.019042491912842,-7.995604991912842,4.33349609375
0.015625,-0.3524169921875,-0.3138427734375,-1.7089842557907104,-9.46044921875,28.076169967651367
0.0970458984375,-0.397705078125,-0.23095703125,10.192870140075684,-52.246089935302734,27.893064498901367
0.2276611328125,-0.7357177734375,0.06884765625,24.291990280151367,-109.37499237060547,10.498045921325684
0.1737060546875,-1.063720703125,0.287353515625,45.837398529052734,-139.70947265625,-2.50244140625
0.051513671875,-0.715576171875,0.3265380859375,100.76903533935547,-107.60497283935547,31.188962936401367
0.186279296875,-0.3660888671875,0.3970947265625,97.71727752685547,-68.359375,89.29442596435547
0.295166015625,-0.2744140625,0.5025634765625,71.47216796875,-33.0810546875,105.65184783935547
0.39111328125,-0.510498046875,0.470703125,28.137205123901367,4.08935546875,62.683101654052734
0.60107421875,-0.733154296875,0.28515625,-34.912109375,62.499996185302734,11.291502952575684
0.8677978515625,-0.7967529296875,0.0518798828125,-107.60497283935547,100.89110565185547,-33.38623046875
0.807373046875,-1.4073486328125,-0.2398681640625,-175.65916442871094,78.7353515625,-90.27098846435547
0.50390625,-2.03076171875,-0.5120849609375,-197.02146911621094,1.2817381620407104,-110.96190643310547
0.33544921875,-1.6839599609375,-0.546875,-149.59716796875,-109.98534393310547,-61.401363372802734
0.1656494140625,-1.3106689453125,-0.665771484375,-116.57714080810547,-182.00682067871094,-2.624511480331421
0.1610107421875,-1.7359619140625,-1.0784912109375,-167.54148864746094,-152.03857421875,-3.051757574081421
0.251708984375,-2.043701171875,-1.44873046875,-216.67478942871094,-98.08348846435547,-25.390623092651367
0.1173095703125,-1.377685546875,-1.2686767578125,-179.38230895996094,-156.06689453125,43.457027435302734
-0.3056640625,-0.2359619140625,-0.36474609375,-122.92479705810547,-257.4462890625,140.19775390625
-0.7882080078125,0.3214111328125,0.0987548828125,-100.15868377685547,-246.52098083496094,173.15672302246094
-0.9710693359375,0.0986328125,-0.4552001953125,-72.509765625,-146.8505859375,144.775390625
-0.8370361328125,-0.13916015625,-1.08203125,-27.526853561401367,-68.603515625,53.894039154052734
-0.6529541015625,-0.14892578125,-1.179443359375,-5.676269054412842,-47.790523529052734,-5.981444835662842
-0.643310546875,-0.206298828125,-0.863037109375,-17.02880859375,-59.936519622802734,12.756346702575684
-0.709228515625,-0.281982421875,-0.4744873046875,-19.71435546875,-80.56639862060547,29.785154342651367
-0.7894287109375,-0.2413330078125,-0.3160400390625,-4.5166015625,-79.9560546875,19.6533203125
-0.8519287109375,-0.22119140625,-0.3819580078125,1.2817381620407104,-53.833003997802734,15.441893577575684
-0.8648681640625,-0.2685546875,-0.4749755859375,-2.44140625,-28.564451217651367,17.4560546875
-0.8282470703125,-0.287109375,-0.5211181640625,-1.03759765625,-20.385740280151367,14.221190452575684
-0.7752685546875,-0.2962646484375,-0.5361328125,1.4648436307907104,-22.705076217651367,7.751464366912842
-0.7476806640625,-0.34326171875,-0.533935546875,-0.1220703050494194,-22.277830123901367,-1.5869139432907104
-0.7476806640625,-0.3997802734375,-0.5186767578125,-0.8544921278953552,-17.2119140625,-12.695311546325684
-0.7744140625,-0.4298095703125,-0.5018310546875,0.9765624403953552,-12.756346702575684,-19.22607421875
-0.7939453125,-0.4423828125,-0.475830078125,2.197265625,-11.230467796325684,-20.568845748901367
-0.7872314453125,-0.4471435546875,-0.433837890625,3.540038824081421,-11.962889671325684,-21.972654342651367
-0.796142578125,-0.4215087890625,-0.3974609375,6.591796398162842,-11.413573265075684,-21.301267623901367
-0.8328857421875,-0.373291015625,-0.349853515625,9.521484375,-6.530761241912842,-17.578125
-0.8380126953125,-0.4195556640625,-0.359130859375,10.559081077575684,0.6713866591453552,-26.245115280151367
-0.8145751953125,-0.4742431640625,-0.4061279296875,13.366698265075684,13.916014671325684,-39.306640625
-0.7506103515625,-0.5130615234375,-0.4754638671875,16.66259765625,26.428220748901367,-51.696773529052734
-0.6956787109375,-0.5477294921875,-0.536376953125,18.4326171875,33.63037109375,-61.157222747802734
-0.6455078125,-0.5906982421875,-0.5499267578125,19.83642578125,33.0810546875,-70.556640625
-0.5579833984375,-0.66650390625,-0.519287109375,21.728513717651367,23.864744186401367,-82.09227752685547
-0.4345703125,-0.771728515625,-0.477294921875,20.507810592651367,11.047362327575684,-85.51024627685547
-0.3792724609375,-0.8262939453125,-0.4736328125,14.709471702575684,5.065917491912842,-67.0166015625
-0.413818359375,-0.7994384765625,-0.49267578125,11.901854515075684,6.408690929412842,-41.564937591552734
-0.43701171875,-0.776123046875,-0.4627685546875,19.04296875,2.624511480331421,-36.68212890625
-0.442626953125,-0.81787109375,-0.3909912109375,31.066892623901367,-6.286620616912842,-47.119136810302734
-0.4329833984375,-0.8544921875,-0.324462890625,39.36767578125,-8.056640625,-56.274410247802734
-0.3936767578125,-0.8399658203125,-0.2877197265625,39.24560546875,3.112792730331421,-59.753414154052734
-0.33935546875,-0.8360595703125,-0.2930908203125,30.822751998901367,19.95849609375,-59.143062591552734
-0.2799072265625,-0.865966796875,-0.329345703125,18.85986328125,31.555173873901367,-56.640621185302734
-0.2196044921875,-0.877685546875,-0.3656005859375,9.3994140625,33.8134765625,-49.865718841552734
-0.1697998046875,-0.8599853515625,-0.3768310546875,7.690429210662842,26.489255905151367,-42.602535247802734
-0.1239013671875,-0.8734130859375,-0.358154296875,12.023924827575684,9.521484375,-46.447750091552734
-0.0814208984375,-0.9163818359375,-0.3465576171875,12.817381858825684,-11.352538108825684,-58.715816497802734
-0.069580078125,-0.9515380859375,-0.3436279296875,7.263183116912842,-24.902341842651367,-67.9931640625
-0.0753173828125,-0.9954833984375,-0.3104248046875,1.7700194120407104,-32.77587890625,-75.0732421875
-0.0814208984375,-1.0185546875,-0.281982421875,-0.54931640625,-45.166011810302734,-79.65087890625
-0.09033203125,-0.955810546875,-0.2803955078125,-1.9531248807907104,-60.668941497802734,-78.55224609375
-0.0528564453125,-0.881591796875,-0.263916015625,-4.33349609375,-65.4296875,-81.17675018310547
0.065185546875,-0.96826171875,-0.235107421875,-7.446288585662842,-51.269527435302734,-94.11620330810547
0.2257080078125,-1.1304931640625,-0.276611328125,-13.427733421325684,-26.733396530151367,-101.31835174560547
0.3377685546875,-1.1954345703125,-0.3990478515625,-23.925779342651367,0.7324218153953552,-89.84374237060547
0.378173828125,-1.1038818359375,-0.4842529296875,-37.65869140625,39.97802734375,-46.997066497802734
0.3497314453125,-1.0126953125,-0.5103759765625,-52.429195404052734,42.907711029052734,-27.832029342651367
0.318359375,-0.9129638671875,-0.5599365234375,-70.86181640625,46.020503997802734,-12.145995140075684
0.311767578125,-0.8499755859375,-0.5765380859375,-78.369140625,48.217769622802734,-5.798339366912842
0.3203125,-0.870849609375,-0.5589599609375,-75.98876953125,49.621578216552734,-12.145995140075684
0.3177490234375,-0.916015625,-0.5386962890625,-76.11083984375,55.297847747802734,-15.380858421325684
0.2723388671875,-0.9017333984375,-0.5328369140625,-83.80126190185547,60.119625091552734,-6.225585460662842
0.2227783203125,-0.8291015625,-0.522705078125,-92.40721893310547,53.527828216552734,6.225585460662842
0.2313232421875,-0.75244140625,-0.4998779296875,-93.07860565185547,40.832515716552734,18.06640625
0.300048828125,-0.7080078125,-0.466064453125,-81.66503143310547,29.602048873901367,27.893064498901367
0.3934326171875,-0.6551513671875,-0.4302978515625,-59.387203216552734,17.578125,33.02001953125
0.50537109375,-0.5426025390625,-0.4151611328125,-34.5458984375,8.6669921875,39.6728515625
0.690673828125,-0.26611328125,-0.60595703125,-2.38037109375,12.084959983825684,59.020992279052734
0.672119140625,-0.1964111328125,-0.735595703125,11.413573265075684,22.583005905151367,47.546382904052734
0.6221923828125,-0.33740234375,-0.7249755859375,25.268552780151367,26.245115280151367,13.122557640075684
0.5777587890625,-0.6368408203125,-0.627685546875,40.344234466552734,22.583005905151367,-27.221677780151367
0.5213623046875,-0.8453369140625,-0.567138671875,53.894039154052734,21.301267623901367,-45.043941497802734
0.39453125,-0.7510986328125,-0.5189208984375,44.067378997802734,23.132322311401367,11.840819358825684
0.3892822265625,-0.63134765625,-0.45556640625,35.64453125,14.770506858825684,38.2080078125
0.3748779296875,-0.60888671875,-0.414306640625,34.912109375,12.390135765075684,42.785640716552734
0.357666015625,-0.7034912109375,-0.3951416015625,47.607418060302734,30.395505905151367,31.555173873901367
0.4735107421875,-1.0013427734375,-0.33349609375,72.08251953125,63.659664154052734,8.72802734375
0.7716064453125,-1.352294921875,-0.249267578125,105.95702362060547,107.17772674560547,-23.864744186401367
0.9375,-1.2730712890625,-0.1458740234375,138.5498046875,151.85546875,-48.400875091552734
0.8243408203125,-0.884765625,0.0400390625,145.93505859375,157.40966796875,-29.235837936401367
0.6627197265625,-0.7100830078125,0.1988525390625,124.02342987060547,118.34716033935547,11.596678733825684
0.6473388671875,-0.727783203125,0.231689453125,94.29930877685547,82.70262908935547,26.977537155151367
0.736083984375,-0.7796630859375,0.181396484375,65.00244140625,73.2421875,26.367185592651367
0.7154541015625,-0.8748779296875,0.1041259765625,26.733396530151367,64.697265625,41.076656341552734
0.583251953125,-0.952392578125,0.06884765625,-4.638671875,38.75732421875,64.8193359375
0.4969482421875,-0.97509765625,0.125732421875,-8.7890625,6.591796398162842,64.27001953125
0.5032958984375,-0.9302978515625,0.214599609375,5.615233898162842,-17.15087890625,40.283199310302734
0.5416259765625,-0.8839111328125,0.295166015625,13.427733421325684,-27.221677780151367,22.094724655151367
0.54833984375,-0.895263671875,0.3671875,4.33349609375,-24.963376998901367,20.751951217651367
0.5572509765625,-0.8802490234375,0.428466796875,-3.112792730331421,-15.869139671325684,20.629880905151367
0.5802001953125,-0.838623046875,0.4599609375,-0.9765624403953552,-2.50244140625,12.634276390075684
0.5389404296875,-0.7838134765625,0.3887939453125,-3.967284917831421,18.73779296875,7.324218273162842
0.36767578125,-0.5721435546875,0.0609130859375,-27.709959030151367,57.495113372802734,19.71435546875
0.2703857421875,-0.4906005859375,-0.0635986328125,-27.160642623901367,50.292964935302734,22.583005905151367
0.1231689453125,-0.456298828125,-0.0986328125,-19.8974609375,26.184080123901367,26.367185592651367
0.044189453125,-0.5185546875,-0.01123046875,-19.04296875,-4.45556640625,42.480464935302734
0.067626953125,-0.768310546875,0.205078125,-22.399900436401367,-28.076169967651367,58.105464935302734
0.1124267578125,-1.21240234375,0.482177734375,-13.977049827575684,-34.24072265625,36.19384765625
0.143798828125,-1.5093994140625,0.6129150390625,4.7607421875,-16.2353515625,-12.390135765075684
0.0621337890625,-1.382080078125,0.4317626953125,10.253905296325684,25.878904342651367,-24.169919967651367
-0.09912109375,-0.989013671875,0.114990234375,0.2441406100988388,57.495113372802734,16.357421875
-0.14501953125,-0.65185546875,-0.0115966796875,-6.591796398162842,49.194332122802734,59.204097747802734
-0.06982421875,-0.5513916015625,0.0767822265625,-2.25830078125,28.259275436401367,62.011714935302734
-0.0035400390625,-0.631103515625,0.1923828125,5.981444835662842,27.282712936401367,33.3251953125
0.0076904296875,-0.7896728515625,0.1904296875,6.225585460662842,39.794921875,8.97216796875
-0.0286865234375,-0.9736328125,0.0765380859375,0.9155272841453552,49.865718841552734,-2.746581792831421
-0.0706787109375,-1.1146240234375,-0.0513916015625,1.220703125,49.987789154052734,-12.268065452575684
-0.0794677734375,-1.1329345703125,-0.169189453125,3.173827886581421,37.78076171875,-11.413573265075684
0.005126953125,-1.102294921875,-0.209716796875,-5.615233898162842,21.057126998901367,4.33349609375
0.18896484375,-1.11376953125,-0.029296875,-15.686034202575684,3.906249761581421,7.812499523162842
0.274169921875,-1.0185546875,0.2711181640625,-11.230467796325684,-18.00537109375,-3.967284917831421
0.2030029296875,-0.823486328125,0.4830322265625,-3.784179449081421,-46.325679779052734,1.9531248807907104
0.138671875,-0.8154296875,0.6422119140625,-3.723144292831421,-74.52392578125,10.192870140075684
0.176513671875,-0.997802734375,0.81298828125,2.01416015625,-85.32714080810547,-17.7001953125
0.21875,-1.1021728515625,0.8453369140625,10.681151390075684,-61.035152435302734,-56.518550872802734
0.0938720703125,-0.9317626953125,0.5997314453125,7.446288585662842,-11.779784202575684,-52.185054779052734
-0.03173828125,-0.6385498046875,0.3037109375,-1.0986328125,15.380858421325684,-15.075682640075684
0.0238037109375,-0.59228515625,0.260986328125,-6.286620616912842,5.920409679412842,5.554198741912842
0.1053466796875,-0.8272705078125,0.4266357421875,-2.807616949081421,-1.7700194120407104,-8.72802734375
0.158447265625,-1.104248046875,0.5933837890625,8.1787109375,7.446288585662842,-40.161128997802734
0.1951904296875,-1.181640625,0.579833984375,9.09423828125,23.071287155151367,-48.461910247802734
0.1649169921875,-1.03076171875,0.38037109375,-5.981444835662842,42.541500091552734,-25.512693405151367
0.105224609375,-0.8675537109375,0.1971435546875,-24.169919967651367,56.213375091552734,-2.868652105331421
0.072998046875,-0.8345947265625,0.1611328125,-35.33935546875,54.626461029052734,4.82177734375
0.0751953125,-0.90185546875,0.239990234375,-37.59765625,44.494625091552734,-0.4272460639476776
0.1175537109375,-0.9991455078125,0.37353515625,-35.0341796875,38.51318359375,-15.563963890075684
0.1756591796875,-1.044921875,0.4788818359375,-31.982419967651367,39.4287109375,-20.141599655151367
0.1434326171875,-1.0010986328125,0.4700927734375,-29.418943405151367,42.480464935302734,4.2724609375
0.060546875,-0.9510498046875,0.396484375,-25.695798873901367,39.00146484375,37.109375
0.04345703125,-0.973876953125,0.3570556640625,-18.61572265625,26.306150436401367,46.447750091552734
0.0889892578125,-1.07373046875,0.3631591796875,-10.192870140075684,16.54052734375,27.770994186401367
0.1834716796875,-1.140869140625,0.3607177734375,-4.45556640625,20.996091842651367,-0.1220703050494194
0.2677001953125,-1.0408935546875,0.2689208984375,-4.2724609375,37.53662109375,-10.742186546325684
0.230224609375,-0.8375244140625,0.0850830078125,-11.657713890075684,57.434078216552734,3.234863042831421
0.10986328125,-0.737548828125,-0.0635986328125,-23.803709030151367,70.3125,20.202634811401367
0.068115234375,-0.87548828125,-0.06640625,-30.029294967651367,66.34521484375,10.559081077575684
0.124755859375,-1.12841796875,0.0325927734375,-23.681638717651367,50.292964935302734,-29.479978561401367
0.1595458984375,-1.218017578125,0.0927734375,-13.671874046325684,40.222164154052734,-57.312007904052734
0.0931396484375,-1.072265625,0.061279296875,-10.864256858825684,43.273921966552734,-35.94970703125
0.003173828125,-0.9190673828125,0.0457763671875,-10.986327171325684,39.97802734375,5.065917491912842
-0.002685546875,-0.901611328125,0.1324462890625,-3.845214605331421,18.6767578125,19.83642578125
-0.0023193359375,-0.895263671875,0.21630859375,11.596678733825684,2.990722417831421,16.2353515625
0.087158203125,-0.802001953125,0.1845703125,24.169919967651367,28.320310592651367,37.59765625
0.335693359375,-0.953369140625,0.281005859375,23.132322311401367,57.678218841552734,21.911619186401367
0.5484619140625,-1.12548828125,0.4124755859375,28.747556686401367,90.20995330810547,-39.36767578125
0.5242919921875,-1.1490478515625,0.359130859375,28.625486373901367,115.41747283935547,-88.98925018310547
0.318603515625,-1.112548828125,0.131591796875,10.131834983825684,126.34276580810547,-74.64599609375
0.2347412109375,-1.0233154296875,-0.0172119140625,-6.469726085662842,103.63768768310547,-35.7666015625
0.2171630859375,-0.8507080078125,-0.0411376953125,-5.065917491912842,59.143062591552734,-8.1787109375
0.142333984375,-0.7332763671875,0.0167236328125,2.01416015625,24.230955123901367,5.981444835662842
0.1834716796875,-0.8118896484375,0.196533203125,5.065917491912842,-3.845214605331421,-0.30517578125
0.3370361328125,-0.99072265625,0.368408203125,2.685546636581421,-22.644041061401367,-15.502928733825684
0.3560791015625,-1.0687255859375,0.343994140625,-4.150390625,-18.06640625,-13.061522483825684
0.241455078125,-1.031494140625,0.2269287109375,-7.995604991912842,-15.380858421325684,5.859374523162842
0.23681640625,-0.9892578125,0.2362060546875,-4.45556640625,-44.433589935302734,21.667478561401367
0.32080078125,-0.9468994140625,0.3548583984375,2.25830078125,-82.45848846435547,24.230955123901367
0.3060302734375,-0.86376953125,0.4456787109375,3.540038824081421,-93.99413299560547,20.202634811401367
0.2301025390625,-0.7454833984375,0.4742431640625,-4.57763671875,-79.9560546875,22.033689498901367
0.1922607421875,-0.6610107421875,0.4822998046875,-14.343260765075684,-57.434078216552734,21.545408248901367
0.224365234375,-0.6746826171875,0.5035400390625,-18.12744140625,-34.912109375,6.591796398162842
0.2960205078125,-0.7403564453125,0.5123291015625,-17.63916015625,-10.742186546325684,-10.253905296325684
0.31005859375,-0.7857666015625,0.440185546875,-18.85986328125,18.61572265625,-7.812499523162842
0.2122802734375,-0.911376953125,0.2222900390625,-23.925779342651367,45.166011810302734,4.94384765625
0.14697265625,-1.302001953125,-0.0482177734375,-30.578611373901367,57.617183685302734,-12.573241233825684
0.1181640625,-1.6842041015625,-0.3544921875,-29.357908248901367,59.814449310302734,-50.659175872802734
0.0712890625,-1.751708984375,-0.598876953125,-18.310546875,46.813961029052734,-51.879878997802734
0.142333984375,-1.53466796875,-0.5118408203125,-4.57763671875,6.164550304412842,-20.690916061401367
0.2701416015625,-1.099609375,-0.2166748046875,5.493163585662842,-27.954099655151367,7.690429210662842
0.2987060546875,-0.683349609375,0.01513671875,5.859374523162842,-20.080564498901367,14.892577171325684
0.1939697265625,-0.4613037109375,0.082763671875,1.0986328125,12.756346702575684,-3.540038824081421
0.01171875,-0.2794189453125,0.021484375,3.540038824081421,40.161128997802734,-17.51708984375
-0.0982666015625,-0.0401611328125,-0.0064697265625,19.6533203125,31.433103561401367,-5.371093273162842
0.034423828125,-0.2308349609375,0.13330078125,36.68212890625,-32.470703125,3.784179449081421
0.297119140625,-0.9478759765625,0.255859375,37.59765625,-103.69872283935547,-15.014647483825684
0.3843994140625,-1.357177734375,0.079345703125,33.5693359375,-114.13573455810547,-25.207517623901367
0.53515625,-1.35693359375,-0.1815185546875,36.0107421875,-100.83007049560547,-12.451170921325684
0.7724609375,-1.4544677734375,-0.1563720703125,33.50830078125,-120.84960174560547,-16.05224609375
0.551025390625,-1.557373046875,-0.0955810546875,37.4755859375,-162.59764099121094,-39.61181640625
0.1666259765625,-1.260009765625,-0.2198486328125,67.32177734375,-217.34617614746094,-53.771968841552734
0.098876953125,-0.7364501953125,-0.24365234375,81.84813690185547,-252.80760192871094,-37.04833984375
0.1575927734375,-0.451904296875,-0.0906982421875,41.687007904052734,-222.29002380371094,22.521970748901367
0.196044921875,-0.4322509765625,0.0909423828125,-5.432128429412842,-168.94529724121094,77.880859375
0.27099609375,-0.545166015625,0.223388671875,-5.981444835662842,-157.3486328125,75.5615234375
0.2930908203125,-0.6707763671875,0.2593994140625,21.850584030151367,-154.541015625,43.884273529052734
0.1661376953125,-0.742431640625,0.2264404296875,34.72900390625,-120.97167205810547,32.16552734375
0.060791015625,-0.6744384765625,0.2052001953125,34.7900390625,-104.12596893310547,48.767086029052734
0.0972900390625,-0.5020751953125,0.2203369140625,41.015621185302734,-138.48876953125,63.415523529052734
0.173095703125,-0.3936767578125,0.267578125,33.87451171875,-169.92185974121094,65.12451171875
0.332763671875,-0.337158203125,0.2889404296875,7.324218273162842,-161.98728942871094,54.870601654052734
0.702392578125,-0.4534912109375,0.237060546875,-25.695798873901367,-121.88719940185547,11.413573265075684
1.1485595703125,-1.1314697265625,0.116943359375,-86.30370330810547,-24.963376998901367,-63.781734466552734
1.156005859375,-2.0054931640625,-0.2303466796875,-144.287109375,106.20116424560547,-166.62596130371094
0.154296875,-1.0367431640625,-1.036376953125,-15.258788108825684,-55.541988372802734,-194.33592224121094
0.25439453125,-0.9564208984375,-0.4346923828125,6.286620616912842,-246.33787536621094,-54.443355560302734
0.3375244140625,-1.267578125,-0.0816650390625,-21.118162155151367,-285.70556640625,74.462890625
0.2060546875,-1.140625,-0.6094970703125,-33.0810546875,-235.16844177246094,145.1416015625
-0.1285400390625,-1.0382080078125,-1.5968017578125,-54.565425872802734,-163.33006286621094,165.03904724121094
-0.35546875,-1.4249267578125,-1.9237060546875,-100.58592987060547,-110.83983612060547,143.4326171875
-0.3377685546875,-1.2362060546875,-1.1097412109375,-108.58153533935547,-143.798828125,132.8125
-0.557861328125,-0.2421875,-0.404541015625,-79.9560546875,-192.56590270996094,165.22215270996094
-0.790283203125,0.4112548828125,-0.7373046875,-44.738765716552734,-77.2705078125,121.45995330810547
-0.673095703125,-0.2760009765625,-0.800048828125,20.568845748901367,-65.61279296875,8.23974609375
-0.5682373046875,-0.693359375,-0.4666748046875,76.7822265625,-105.04149627685547,-39.61181640625
-0.5675048828125,-0.5216064453125,-0.2144775390625,47.058101654052734,-91.73583221435547,20.629880905151367
-0.6287841796875,-0.208984375,-0.3697509765625,-37.4755859375,-20.812986373901367,90.27098846435547
-0.6551513671875,-0.148193359375,-0.6302490234375,-70.068359375,29.357908248901367,75.68359375
-0.612548828125,-0.3509521484375,-0.6424560546875,-15.136717796325684,33.447265625,-3.662109136581421
-0.5482177734375,-0.5673828125,-0.4329833984375,66.58935546875,10.314940452575684,-56.945796966552734
-0.61083984375,-0.6383056640625,-0.2767333984375,102.53905487060547,-12.756346702575684,-31.738279342651367
-0.684814453125,-0.612548828125,-0.221923828125,81.72606658935547,-14.465331077575684,31.188962936401367
-0.78955078125,-0.714599609375,-0.31689453125,26.123044967651367,0.2441406100988388,80.99364471435547
-1.126220703125,-0.615966796875,-0.3817138671875,-50.659175872802734,-9.033203125,123.96239471435547
-1.3402099609375,-0.082275390625,-0.3314208984375,-99.06005096435547,-46.936031341552734,163.57420349121094
-1.1563720703125,0.2652587890625,-0.3634033203125,-94.29930877685547,-50.964351654052734,166.56492614746094
-0.8740234375,0.2562255859375,-0.2764892578125,-59.814449310302734,-32.77587890625,135.7421875
-0.746826171875,0.301025390625,-0.122802734375,-5.859374523162842,-46.447750091552734,93.26171112060547
-0.8782958984375,0.4010009765625,-0.130126953125,35.888671875,-88.37889862060547,41.076656341552734
-1.0968017578125,0.308349609375,-0.1258544921875,44.616695404052734,-140.625,-1.15966796875
-1.15478515625,0.12841796875,-0.0133056640625,43.518062591552734,-164.42869567871094,-23.620603561401367
-1.106201171875,0.0538330078125,0.0546875,49.133296966552734,-133.60595703125,-30.822751998901367
-1.01904296875,0.044189453125,0.1143798828125,45.349117279052734,-82.51952362060547,-22.216794967651367
-0.9488525390625,-0.0101318359375,0.208984375,20.507810592651367,-47.241207122802734,-2.929687261581421
-0.956787109375,-0.0882568359375,0.210693359375,-6.652831554412842,-23.681638717651367,14.404295921325684
-0.991943359375,-0.1365966796875,0.093017578125,-21.362302780151367,6.713866710662842,15.686034202575684
-1.0045166015625,-0.105712890625,-0.0247802734375,-23.559568405151367,34.11865234375,6.774901866912842
-0.9688720703125,-0.0325927734375,-0.0496826171875,-18.61572265625,30.578611373901367,6.958007335662842
-0.9610595703125,0.0125732421875,-0.015380859375,-14.953612327575684,-2.990722417831421,15.686034202575684
-1.023681640625,0.048583984375,0.04345703125,-13.977049827575684,-38.0859375,18.06640625
-1.042724609375,0.0633544921875,0.1263427734375,-14.465331077575684,-55.114742279052734,11.230467796325684
-1.0069580078125,0.046142578125,0.185791015625,-14.892577171325684,-47.119136810302734,2.746581792831421
-0.992919921875,0.0093994140625,0.193115234375,-14.526366233825684,-17.76123046875,-3.723144292831421
-0.985595703125,-0.013671875,0.1778564453125,-12.512206077575684,11.596678733825684,-6.591796398162842
-0.970703125,0.024658203125,0.1458740234375,-10.437010765075684,26.184080123901367,-3.295898199081421
-0.9732666015625,0.085205078125,0.1036376953125,-11.108397483825684,27.465818405151367,5.310058116912842
-0.990478515625,0.08544921875,0.081787109375,-12.084959983825684,20.690916061401367,12.023924827575684
-1.0009765625,0.032470703125,0.098388671875,-8.97216796875,11.474608421325684,10.070799827575684
-0.9927978515625,0.01025390625,0.1312255859375,-3.173827886581421,5.554198741912842,3.234863042831421
-0.9869384765625,0.0364990234375,0.136962890625,-0.0610351525247097,3.784179449081421,2.44140625
-0.983154296875,0.06982421875,0.1046142578125,-0.4882812201976776,4.08935546875,7.751464366912842
-0.9921875,0.095703125,0.068115234375,-0.3662109076976776,5.737304210662842,9.3994140625
-1.0159912109375,0.0885009765625,0.05224609375,1.2817381620407104,9.521484375,3.906249761581421
-1.0145263671875,0.057373046875,0.0341796875,2.563476324081421,14.953612327575684,-2.624511480331421
-0.9981689453125,0.0445556640625,0.010498046875,1.8310545682907104,19.1650390625,-2.685546636581421
-0.9915771484375,0.051025390625,0.0111083984375,0.1831054538488388,17.08984375,2.25830078125
-0.99365234375,0.0474853515625,0.040771484375,-0.9155272841453552,8.72802734375,6.164550304412842
-0.9918212890625,0.0438232421875,0.0611572265625,-2.0751953125,1.2817381620407104,8.48388671875
-0.9775390625,0.04345703125,0.055908203125,-4.0283203125,-0.1220703050494194,9.09423828125
-0.97998046875,0.0372314453125,0.04150390625,-3.784179449081421,1.5869139432907104,9.033203125
-1.02197265625,-0.0008544921875,0.064453125,2.624511480331421,-0.6713866591453552,11.291502952575684
-1.0911865234375,-0.04541015625,0.0853271484375,10.009765625,-4.21142578125,15.930174827575684
-1.163330078125,-0.033935546875,-0.0262451171875,16.29638671875,-6.530761241912842,26.733396530151367
-1.15966796875,0.0355224609375,-0.221435546875,22.949216842651367,-16.7236328125,46.264644622802734
-0.920166015625,0.1484375,-0.2171630859375,14.770506858825684,-35.888671875,67.2607421875
-0.712158203125,0.3388671875,-0.139404296875,-7.568358898162842,-30.090330123901367,67.81005859375
-0.7152099609375,0.4771728515625,-0.169189453125,-22.949216842651367,-14.953612327575684,34.24072265625
-0.7393798828125,0.4727783203125,-0.1036376953125,-23.986814498901367,-46.630855560302734,-8.97216796875
-0.83544921875,0.3905029296875,0.0980224609375,-21.301267623901367,-92.16307830810547,-35.46142578125
-0.955810546875,0.2489013671875,0.3446044921875,-26.977537155151367,-115.90575408935547,-37.4755859375
-0.947998046875,0.1781005859375,0.4591064453125,-55.236812591552734,-121.45995330810547,-21.484373092651367
-0.7701416015625,0.246826171875,0.4215087890625,-94.23827362060547,-121.88719940185547,-25.817869186401367
-0.59033203125,0.3974609375,0.45654296875,-105.52977752685547,-163.63523864746094,-61.950679779052734
-0.4757080078125,0.443115234375,0.839111328125,-100.46385955810547,-248.41307067871094,-88.43993377685547
-0.34423828125,0.1624755859375,1.52099609375,-104.37010955810547,-303.5888671875,-113.28124237060547
-0.3280029296875,-0.333740234375,1.583740234375,-116.14989471435547,-219.17723083496094,-156.8603515625
-0.41748046875,-0.5673828125,0.9259033203125,-123.84032440185547,-33.75244140625,-146.8505859375
-0.43701171875,-0.3680419921875,0.608154296875,-116.51610565185547,34.3017578125,-74.03564453125
-0.36181640625,-0.186767578125,0.6640625,-109.86327362060547,-15.197752952575684,-54.199214935302734
-0.23681640625,-0.3563232421875,0.5596923828125,-111.32811737060547,-20.629880905151367,-121.09374237060547
-0.014892578125,-0.6939697265625,0.3499755859375,-107.66600799560547,-3.601073980331421,-202.33152770996094
0.294189453125,-0.9549560546875,0.243896484375,-97.16796112060547,-32.16552734375,-239.99021911621094
0.5050048828125,-1.0238037109375,0.28759765625,-87.03612518310547,-91.43065643310547,-212.40232849121094
0.580078125,-0.9248046875,0.4114990234375,-77.5146484375,-132.99560546875,-145.99609375
0.5341796875,-0.8265380859375,0.408203125,-66.58935546875,-81.29882049560547,-100.15868377685547
0.358154296875,-0.755126953125,0.35498046875,-67.19970703125,-63.415523529052734,-106.01805877685547
0.310302734375,-0.7142333984375,0.4122314453125,-60.791011810302734,-54.077144622802734,-127.56346893310547
0.5552978515625,-0.782470703125,0.4976806640625,-40.222164154052734,-28.808591842651367,-162.10935974121094
1.0335693359375,-0.8397216796875,0.501708984375,-11.657713890075684,-9.21630859375,-177.36814880371094
1.149169921875,-0.762939453125,0.51953125,13.793944358825684,-20.935056686401367,-127.99071502685547
0.973876953125,-0.661376953125,0.576171875,30.395505905151367,-24.597166061401367,-11.413573265075684
0.9439697265625,-0.5970458984375,0.432861328125,30.822751998901367,0.3662109076976776,85.44921112060547
0.95263671875,-0.4718017578125,0.169921875,22.949216842651367,6.103515148162842,111.02294158935547
0.8680419921875,-0.3477783203125,0.1617431640625,31.372068405151367,-40.161128997802734,93.32274627685547
0.7596435546875,-0.359130859375,0.269775390625,41.259761810302734,-84.16747283935547,41.015621185302734
0.8746337890625,-0.5615234375,0.249267578125,31.860349655151367,-79.345703125,-35.21728515625
0.970703125,-0.7894287109375,0.20068359375,14.587401390075684,-64.14794921875,-79.9560546875
0.7938232421875,-0.8564453125,0.1510009765625,0.6713866591453552,-58.715816497802734,-67.5048828125
0.615478515625,-0.7894287109375,0.09228515625,-8.9111328125,-49.560543060302734,-44.738765716552734
0.5997314453125,-0.6583251953125,0.0208740234375,-15.380858421325684,-31.127927780151367,-38.75732421875
0.67236328125,-0.4970703125,-0.0789794921875,-24.841306686401367,-16.78466796875,-46.691890716552734
0.8115234375,-0.3924560546875,-0.1448974609375,-43.579097747802734,-24.658201217651367,-72.93701171875
0.9384765625,-0.3802490234375,-0.1087646484375,-63.537593841552734,-41.748043060302734,-97.47313690185547
0.94921875,-0.36279296875,-0.0277099609375,-68.54248046875,-37.17041015625,-92.77342987060547