0.3756103515625,0.7711181640625,0.377197265625,6.896972179412842,7.446288585662842,-7.751464366912842
0.392578125,0.7978515625,0.3592529296875,16.05224609375,8.056640625,-10.498045921325684
0.384521484375,0.8282470703125,0.355712890625,35.46142578125,11.596678733825684,-8.23974609375
0.352294921875,0.8577880859375,0.3568115234375,50.537105560302734,16.17431640625,-6.286620616912842
0.34228515625,0.814208984375,0.314453125,21.362302780151367,17.4560546875,-14.160155296325684
0.333251953125,0.7744140625,0.287353515625,14.465331077575684,28.564451217651367,-21.423337936401367
0.3057861328125,0.787109375,0.2811279296875,24.108884811401367,42.663570404052734,-28.076169967651367
0.28466796875,0.7884521484375,0.314697265625,41.809078216552734,51.452632904052734,-23.986814498901367
0.27001953125,0.815185546875,0.3172607421875,60.913082122802734,52.673336029052734,0.7324218153953552
0.3118896484375,0.9500732421875,0.2261962890625,68.603515625,39.61181640625,42.541500091552734
0.4234619140625,1.0804443359375,0.1658935546875,48.889156341552734,17.15087890625,79.833984375
0.55029296875,1.0767822265625,0.2525634765625,-5.859374523162842,6.713866710662842,103.57665252685547
0.7396240234375,1.00830078125,0.4400634765625,-77.880859375,27.465818405151367,139.22119140625
0.9161376953125,0.9908447265625,0.625,-131.65283203125,63.903804779052734,173.95018005371094
1.029541015625,1.00439453125,0.796630859375,-152.7099609375,88.92821502685547,164.61180114746094
1.0718994140625,0.9583740234375,0.9891357421875,-162.65867614746094,122.86376190185547,118.89647674560547
0.8701171875,0.798583984375,1.180908203125,-179.93162536621094,182.12889099121094,68.78662109375
0.1268310546875,0.537841796875,1.5009765625,-68.359375,273.3154296875,25.878904342651367
-0.3267822265625,0.663818359375,1.748779296875,36.92626953125,301.08642578125,1.5258787870407104
-0.555908203125,0.6131591796875,1.7183837890625,4.82177734375,288.0859375,-71.1669921875
-0.575927734375,0.3258056640625,1.359375,-120.78856658935547,260.6201171875,-150.57373046875
-0.5390625,0.0062255859375,0.772216796875,-212.52439880371094,246.64305114746094,-199.76805114746094
-0.411376953125,-0.2086181640625,0.0989990234375,-228.63768005371094,219.72654724121094,-230.04148864746094
-0.2896728515625,-0.248046875,-0.280029296875,-161.56004333496094,179.38230895996094,-234.13084411621094
-0.29833984375,-0.0257568359375,-0.1207275390625,-37.353515625,166.01560974121094,-215.94236755371094
-0.325439453125,0.1578369140625,0.264892578125,70.6787109375,181.03025817871094,-209.41160583496094
-0.1573486328125,-0.0443115234375,0.4971923828125,103.45458221435547,163.57420349121094,-219.72654724121094
0.1429443359375,-0.401123046875,0.6259765625,77.2705078125,114.19676971435547,-212.09715270996094
0.14453125,-0.614013671875,0.56103515625,21.911619186401367,47.729488372802734,-147.52197265625
-0.2257080078125,-0.653076171875,0.2684326171875,-46.081539154052734,-30.395505905151367,-48.889156341552734
-0.4638671875,-0.5987548828125,0.1846923828125,-67.9931640625,-46.325679779052734,-0.7324218153953552
-0.4141845703125,-0.55908203125,0.3692626953125,-33.02001953125,-4.08935546875,-14.648436546325684
-0.3592529296875,-0.5765380859375,0.48193359375,-6.958007335662842,19.287109375,-27.343748092651367
-0.3629150390625,-0.641845703125,0.4376220703125,-13.122557640075684,17.76123046875,-23.376462936401367
-0.3363037109375,-0.7130126953125,0.3255615234375,-28.015134811401367,18.4326171875,-18.73779296875
-0.276123046875,-0.786376953125,0.2705078125,-29.479978561401367,19.47021484375,-17.822265625
-0.3082275390625,-0.8531494140625,0.2593994140625,-13.732909202575684,23.315427780151367,-16.54052734375
-0.466552734375,-0.860595703125,0.18408203125,-2.868652105331421,39.306640625,-6.164550304412842
-0.5416259765625,-0.824462890625,0.182861328125,3.234863042831421,45.104976654052734,0.1831054538488388
-0.4837646484375,-0.81787109375,0.283935546875,11.596678733825684,20.996091842651367,-5.0048828125
-0.43798828125,-0.843505859375,0.3360595703125,8.72802734375,-4.5166015625,-8.36181640625
-0.4354248046875,-0.8758544921875,0.3079833984375,-1.15966796875,4.39453125,-10.437010765075684
-0.3499755859375,-0.9930419921875,0.13671875,-1.7700194120407104,24.597166061401367,-9.46044921875
-0.345703125,-0.950927734375,0.19140625,26.123044967651367,36.19384765625,-0.0610351525247097
-0.4354248046875,-0.821044921875,0.4315185546875,67.56591796875,38.818359375,9.09423828125
-0.5220947265625,-0.75537109375,0.5181884765625,65.49072265625,20.080564498901367,6.469726085662842
-0.4862060546875,-0.8111572265625,0.3612060546875,22.460935592651367,-2.50244140625,-10.742186546325684
-0.325927734375,-0.879638671875,0.2401123046875,-3.295898199081421,-23.925779342651367,-22.216794967651367
-0.246826171875,-0.901123046875,0.2958984375,-16.11328125,-52.062984466552734,-0.1831054538488388
-0.28369140625,-0.941162109375,0.39404296875,-47.790523529052734,-95.88622283935547,43.395992279052734
-0.2799072265625,-1.02978515625,0.4739990234375,-74.0966796875,-131.4697265625,58.288570404052734
-0.3453369140625,-1.1378173828125,0.6331787109375,-62.316890716552734,-142.08984375,21.301267623901367
-0.4576416015625,-1.2001953125,0.7342529296875,-11.840819358825684,-157.3486328125,4.5166015625
-0.5048828125,-1.140869140625,0.6072998046875,47.485347747802734,-166.50389099121094,56.823726654052734
-0.5826416015625,-0.98681640625,0.362548828125,64.39208984375,-140.380859375,115.60057830810547
-0.526123046875,-0.7425537109375,0.189697265625,3.784179449081421,-120.54442596435547,191.95555114746094
-0.3885498046875,-0.615234375,0.3243408203125,-23.315427780151367,-111.02294158935547,200.92771911621094
-0.2244873046875,-0.5465087890625,0.57275390625,-36.19384765625,-86.66991424560547,175.10984802246094
-0.1280517578125,-0.47900390625,0.7847900390625,-36.62109375,-24.658201217651367,117.37059783935547
-0.216064453125,-0.4061279296875,0.845458984375,-20.812986373901367,58.105464935302734,13.122557640075684
-0.414794921875,-0.466552734375,0.760498046875,14.831542015075684,101.25731658935547,-108.70360565185547
-0.52783203125,-0.66455078125,0.5750732421875,17.4560546875,65.0634765625,-177.97850036621094
-0.49365234375,-0.8387451171875,0.4478759765625,-70.1904296875,-65.85693359375,-164.48973083496094
-0.3917236328125,-0.9517822265625,0.467041015625,-189.20896911621094,-218.07859802246094,-96.37450408935547
-0.26220703125,-0.9688720703125,0.5230712890625,-230.34666442871094,-260.7421875,-27.893064498901367
-0.123291015625,-0.866455078125,0.4794921875,-169.79978942871094,-170.71531677246094,-2.929687261581421
-0.0362548828125,-0.8155517578125,0.3321533203125,-65.4296875,-54.748531341552734,-22.705076217651367
-0.0230712890625,-0.8392333984375,0.1796875,11.108397483825684,6.469726085662842,-51.818843841552734
-0.028564453125,-0.8660888671875,0.1053466796875,24.414060592651367,20.874021530151367,-57.617183685302734
-0.0032958984375,-0.8831787109375,0.1226806640625,-12.512206077575684,15.075682640075684,-36.80419921875
0.0472412109375,-0.9005126953125,0.1700439453125,-53.771968841552734,5.798339366912842,-7.141112804412842
0.0667724609375,-0.948974609375,0.1751708984375,-63.537593841552734,4.5166015625,10.864256858825684
0.0264892578125,-0.9921875,0.138671875,-47.607418060302734,6.774901866912842,8.1787109375
-0.0382080078125,-0.9901123046875,0.0899658203125,-24.414060592651367,8.11767578125,-0.9765624403953552
-0.082763671875,-0.943115234375,0.06005859375,-4.82177734375,12.207030296325684,-0.30517578125
-0.07421875,-0.8580322265625,0.06298828125,2.0751953125,19.8974609375,8.056640625
-0.0576171875,-0.849853515625,0.0286865234375,-11.901854515075684,29.418943405151367,12.023924827575684
-0.14794921875,-1.0341796875,-0.053955078125,-29.968259811401367,36.92626953125,7.446288585662842
-0.20263671875,-1.1490478515625,-0.0377197265625,-61.340328216552734,40.832515716552734,7.141112804412842
-0.1417236328125,-1.09716796875,0.02783203125,-72.20458984375,29.479978561401367,20.751951217651367
0.073486328125,-0.9830322265625,0.0218505859375,9.94873046875,-15.869139671325684,18.4326171875
0.020263671875,-0.9957275390625,-0.0150146484375,39.306640625,-24.475095748901367,-21.118162155151367
-0.0758056640625,-0.958984375,-0.010986328125,31.433103561401367,-20.751951217651367,-53.771968841552734
-0.0870361328125,-0.6136474609375,0.0079345703125,-3.417968511581421,-4.150390625,-45.410152435302734
-0.0325927734375,-0.1309814453125,0.006103515625,-40.832515716552734,25.390623092651367,-1.9531248807907104
0.0042724609375,0.07958984375,0.0,-61.950679779052734,49.011226654052734,32.28759765625
0.00830078125,0.0633544921875,-0.0035400390625,-65.49072265625,56.335445404052734,39.794921875
-0.0146484375,-0.048095703125,-0.010986328125,-61.401363372802734,49.377437591552734,34.48486328125
-0.025634765625,-0.0552978515625,-0.01806640625,-63.598628997802734,44.128414154052734,40.832515716552734
-0.03759765625,-0.0531005859375,-0.0272216796875,-68.17626953125,36.80419921875,53.649898529052734
-0.052001953125,-0.054931640625,-0.0399169921875,-73.8525390625,27.709959030151367,70.25146484375
-0.0718994140625,-0.0604248046875,-0.0567626953125,-80.32225799560547,18.49365234375,87.34130096435547
-0.091796875,-0.0633544921875,-0.0765380859375,-88.56200408935547,10.498045921325684,101.80663299560547
-0.1104736328125,-0.0640869140625,-0.0938720703125,-99.97557830810547,4.57763671875,111.02294158935547
-0.340576171875,-0.2366943359375,-0.3291015625,-117.37059783935547,-0.8544921278953552,115.84471893310547
-0.9130859375,-0.862060546875,-0.8592529296875,-138.5498046875,-10.131834983825684,103.75975799560547
-0.4620361328125,-0.690185546875,-0.634521484375,-84.77782440185547,147.27783203125,1.5258787870407104
0.3826904296875,0.1077880859375,-0.1649169921875,24.414060592651367,358.7646179199219,-109.74120330810547
0.2303466796875,0.00830078125,-0.314697265625,86.12059783935547,265.869140625,-85.63231658935547
-0.0511474609375,-0.59619140625,-0.4344482421875,91.43065643310547,36.865234375,-11.962889671325684
-0.102783203125,-0.8992919921875,-0.473388671875,50.354000091552734,-53.527828216552734,15.624999046325684
-0.0487060546875,-0.767578125,-0.512451171875,10.314940452575684,-36.4990234375,9.58251953125
-0.0257568359375,-0.6343994140625,-0.5521240234375,5.859374523162842,-7.385253429412842,-0.54931640625
-0.027587890625,-0.6551513671875,-0.5576171875,17.9443359375,3.417968511581421,0.9155272841453552
-0.0509033203125,-0.742431640625,-0.553466796875,27.526853561401367,-0.0610351525247097,8.23974609375
-0.0762939453125,-0.78076171875,-0.5765380859375,31.555173873901367,-8.11767578125,10.986327171325684
-0.0867919921875,-0.786376953125,-0.61181640625,30.944822311401367,-13.061522483825684,13.427733421325684
-0.100341796875,-0.822021484375,-0.635009765625,30.639646530151367,-12.695311546325684,13.366698265075684
-0.1182861328125,-0.91162109375,-0.6409912109375,34.1796875,-8.30078125,5.0048828125
-0.1114501953125,-0.9757080078125,-0.632080078125,32.04345703125,-3.356933355331421,-0.3662109076976776
-0.1009521484375,-0.9642333984375,-0.6192626953125,20.141599655151367,-1.0986328125,0.8544921278953552
-0.1015625,-0.9298095703125,-0.604248046875,9.82666015625,-0.9155272841453552,0.4882812201976776
-0.1075439453125,-0.91796875,-0.58740234375,6.835937023162842,-0.8544921278953552,-1.9531248807907104
-0.1134033203125,-0.9267578125,-0.5692138671875,6.347655773162842,-0.2441406100988388,-3.601073980331421
-0.1082763671875,-0.908203125,-0.546875,1.5258787870407104,0.9155272841453552,-3.356933355331421
-0.0994873046875,-0.8582763671875,-0.5289306640625,-5.187987804412842,2.0751953125,-3.173827886581421
-0.093017578125,-0.8277587890625,-0.5228271484375,-6.347655773162842,2.685546636581421,-4.150390625
-0.0791015625,-0.8199462890625,-0.5164794921875,-4.150390625,2.624511480331421,-3.906249761581421
-0.0604248046875,-0.81396484375,-0.505126953125,-1.9531248807907104,2.990722417831421,-3.295898199081421
-0.06591796875,-0.818603515625,-0.50146484375,2.44140625,2.0751953125,-4.33349609375
-0.083984375,-0.8306884765625,-0.5054931640625,8.48388671875,1.4648436307907104,-6.591796398162842
-0.080322265625,-0.8387451171875,-0.507568359375,11.901854515075684,3.234863042831421,-5.981444835662842
-0.0623779296875,-0.853271484375,-0.50830078125,11.779784202575684,3.540038824081421,-2.0751953125
-0.0574951171875,-0.8753662109375,-0.5108642578125,10.620116233825684,0.0610351525247097,0.2441406100988388
-0.061767578125,-0.8870849609375,-0.5101318359375,8.48388671875,-3.540038824081421,-0.3662109076976776
-0.06298828125,-0.881591796875,-0.5030517578125,5.493163585662842,-4.69970703125,-1.4038084745407104
-0.06298828125,-0.8690185546875,-0.4971923828125,3.601073980331421,-4.638671875,-1.8920897245407104
-0.0650634765625,-0.86181640625,-0.495361328125,3.662109136581421,-4.45556640625,-2.25830078125
-0.0704345703125,-0.8656005859375,-0.4945068359375,4.57763671875,-3.845214605331421,-1.4648436307907104
-0.0706787109375,-0.8729248046875,-0.4908447265625,5.187987804412842,-2.746581792831421,-0.30517578125
-0.0682373046875,-0.8824462890625,-0.4749755859375,5.126952648162842,-1.0986328125,0.9155272841453552
-0.064208984375,-0.8773193359375,-0.47216796875,4.8828125,-0.7324218153953552,0.54931640625
-0.058349609375,-0.875244140625,-0.472900390625,5.187987804412842,-0.9765624403953552,-1.5869139432907104
-0.0587158203125,-0.8834228515625,-0.4739990234375,5.493163585662842,-1.9531248807907104,-1.5869139432907104
-0.06201171875,-0.8927001953125,-0.4735107421875,4.8828125,-2.746581792831421,0.9765624403953552
-0.064208984375,-0.8878173828125,-0.4698486328125,4.08935546875,-2.868652105331421,1.2817381620407104
-0.062255859375,-0.8834228515625,-0.4674072265625,4.0283203125,-2.624511480331421,0.0610351525247097
-0.0638427734375,-0.888427734375,-0.469482421875,4.5166015625,-2.685546636581421,-0.0610351525247097
-0.0665283203125,-0.8887939453125,-0.4678955078125,4.82177734375,-2.197265625,-0.6103515625
-0.0653076171875,-0.886962890625,-0.459228515625,5.187987804412842,-1.15966796875,-1.8310545682907104
-0.0634765625,-0.8890380859375,-0.4495849609375,6.164550304412842,-0.9765624403953552,-2.685546636581421
-0.0618896484375,-0.8897705078125,-0.4415283203125,6.896972179412842,-0.8544921278953552,-2.3193359375
-0.06103515625,-0.888427734375,-0.433349609375,6.835937023162842,0.6713866591453552,-1.2817381620407104
-0.0482177734375,-0.8931884765625,-0.4278564453125,6.835937023162842,3.540038824081421,-1.2817381620407104
-0.0419921875,-0.9039306640625,-0.434326171875,6.042479991912842,2.746581792831421,-0.4882812201976776
-0.06396484375,-0.908935546875,-0.4478759765625,3.845214605331421,-2.807616949081421,0.8544921278953552
-0.0885009765625,-0.9227294921875,-0.4541015625,4.638671875,-8.23974609375,0.1831054538488388
-0.175048828125,-0.9691162109375,-0.421630859375,12.207030296325684,-8.60595703125,9.33837890625
-0.1923828125,-1.0086669921875,-0.37939453125,29.357908248901367,4.2724609375,62.438961029052734
-0.1212158203125,-0.99609375,-0.33154296875,41.931148529052734,31.433103561401367,120.60546112060547
-0.103759765625,-1.0511474609375,-0.284423828125,42.358394622802734,61.340328216552734,101.98973846435547
-0.1187744140625,-1.3145751953125,-0.278564453125,36.31591796875,89.17235565185547,18.9208984375
-0.299560546875,-1.5103759765625,-0.35302734375,12.145995140075684,110.71776580810547,10.925292015075684
-0.4615478515625,-1.263427734375,-0.6007080078125,-29.846189498901367,131.40869140625,166.13768005371094
-0.56640625,-0.947998046875,-0.9063720703125,-55.419918060302734,150.93994140625,276.79443359375
-0.6558837890625,-0.9871826171875,-1.072265625,-59.082027435302734,161.80418395996094,199.46287536621094
-0.6651611328125,-1.0322265625,-1.2698974609375,-105.59081268310547,175.72019958496094,88.50096893310547
-0.517822265625,-0.6861572265625,-1.8262939453125,-243.28611755371094,227.96629333496094,42.785640716552734
-0.1939697265625,-0.278076171875,-2.1932373046875,-317.9931640625,289.85595703125,11.962889671325684
0.0174560546875,-0.224365234375,-1.7529296875,-181.15232849121094,280.70068359375,-5.065917491912842
0.18310546875,-0.344482421875,-0.9267578125,9.033203125,233.45945739746094,10.559081077575684
0.4906005859375,-0.4014892578125,-0.2158203125,97.04589080810547,209.71678161621094,17.15087890625
0.8026123046875,-0.2896728515625,0.1744384765625,96.80175018310547,199.82908630371094,13.183592796325684
0.808837890625,-0.0838623046875,0.2447509765625,42.114253997802734,185.05857849121094,50.842281341552734
0.4591064453125,-0.0162353515625,0.1927490234375,-24.902341842651367,185.11961364746094,138.671875
0.1224365234375,-0.077880859375,-0.1263427734375,-106.26219940185547,221.67967224121094,207.51951599121094
0.1561279296875,-0.069091796875,-0.711181640625,-205.13914489746094,271.97265625,199.15769958496094
0.405029296875,-0.0283203125,-0.8511962890625,-206.72605895996094,261.3525390625,140.19775390625
0.4586181640625,-0.13818359375,-0.476806640625,-90.51512908935547,151.79443359375,108.76464080810547
0.2364501953125,-0.33837890625,-0.231201171875,5.676269054412842,6.713866710662842,114.25780487060547
0.0889892578125,-0.457763671875,-0.27685546875,21.301267623901367,-78.43017578125,95.45897674560547
0.2398681640625,-0.47705078125,-0.406982421875,-10.498045921325684,-52.062984466552734,52.551265716552734
0.5325927734375,-0.510009765625,-0.443603515625,-40.649410247802734,16.9677734375,28.747556686401367
0.735107421875,-0.6185302734375,-0.2908935546875,-21.545408248901367,26.306150436401367,24.291990280151367
0.715087890625,-0.6978759765625,-0.1951904296875,13.061522483825684,17.39501953125,34.48486328125
0.648193359375,-0.657470703125,-0.34423828125,-8.056640625,46.142574310302734,49.194332122802734
0.650634765625,-0.549560546875,-0.555419921875,-51.574703216552734,62.744136810302734,46.997066497802734
0.552001953125,-0.5020751953125,-0.6883544921875,-46.386714935302734,32.2265625,41.992183685302734
0.490966796875,-0.594970703125,-0.560791015625,10.131834983825684,-33.02001953125,40.161128997802734
0.50341796875,-0.7569580078125,-0.3333740234375,51.025386810302734,-73.91357421875,33.87451171875
0.432861328125,-0.8323974609375,-0.340576171875,32.65380859375,-58.227535247802734,35.09521484375
0.5537109375,-0.784423828125,-0.47314453125,-7.690429210662842,-33.8134765625,25.207517623901367
0.6202392578125,-0.69287109375,-0.6622314453125,-25.512693405151367,-33.87451171875,18.310546875
0.3037109375,-0.69580078125,-0.681640625,3.723144292831421,-64.0869140625,46.264644622802734
0.0562744140625,-0.822265625,-0.495361328125,49.865718841552734,-95.27587127685547,46.142574310302734
0.132568359375,-0.9859619140625,-0.48828125,58.227535247802734,-83.74022674560547,-1.5869139432907104
0.355224609375,-1.105224609375,-0.742919921875,44.738765716552734,-47.119136810302734,12.023924827575684
0.351318359375,-1.033935546875,-0.8111572265625,34.24072265625,-48.156734466552734,46.020503997802734
0.376220703125,-0.978515625,-0.7203369140625,-23.437498092651367,-74.70703125,-8.36181640625
0.3541259765625,-0.970458984375,-0.53271484375,-96.92382049560547,-104.24803924560547,-94.78759002685547
0.366455078125,-0.925048828125,-0.490478515625,-116.08885955810547,-90.08788299560547,-106.68944549560547
0.3939208984375,-0.8804931640625,-0.640625,-61.706539154052734,-47.424312591552734,-68.90869140625
0.38427734375,-0.8399658203125,-0.76171875,21.728513717651367,-38.87939453125,-61.035152435302734
0.3387451171875,-0.784423828125,-0.70654296875,83.61815643310547,-68.603515625,-96.06932830810547
0.3109130859375,-0.7376708984375,-0.591796875,114.99022674560547,-57.617183685302734,-122.49755096435547
0.27392578125,-0.682861328125,-0.5438232421875,128.60107421875,4.2724609375,-87.28026580810547
0.224853515625,-0.6220703125,-0.51171875,111.45018768310547,48.156734466552734,6.103515148162842
0.2259521484375,-0.5821533203125,-0.3892822265625,57.861324310302734,50.964351654052734,92.04100799560547
0.2540283203125,-0.6065673828125,-0.182861328125,16.05224609375,50.964351654052734,136.23046875
0.27490234375,-0.688232421875,-0.0482177734375,40.10009765625,57.739253997802734,140.93017578125
0.2650146484375,-0.7476806640625,-0.0609130859375,117.67577362060547,29.479978561401367,86.79198455810547
0.185546875,-0.7694091796875,-0.140380859375,175.29295349121094,-19.71435546875,-8.72802734375
0.050537109375,-0.7801513671875,-0.18359375,151.06201171875,-44.738765716552734,-73.1201171875
-0.04052734375,-0.817138671875,-0.1368408203125,58.654781341552734,-40.893550872802734,-70.37353515625
0.0115966796875,-0.861083984375,-0.0157470703125,-27.648923873901367,-25.573728561401367,-20.324705123901367
0.1434326171875,-0.87060546875,0.052001953125,-47.119136810302734,-4.08935546875,31.738279342651367
0.21484375,-0.8851318359375,0.0064697265625,-8.056640625,17.822265625,49.682613372802734
0.2022705078125,-0.9405517578125,-0.0560302734375,32.958984375,25.390623092651367,37.4755859375
0.156005859375,-1.009033203125,-0.0640869140625,41.137691497802734,21.545408248901367,15.197752952575684
0.1356201171875,-1.0533447265625,-0.03369140625,26.611326217651367,16.90673828125,1.2817381620407104
0.1549072265625,-1.06298828125,0.0050048828125,11.779784202575684,13.732909202575684,2.868652105331421
0.1807861328125,-1.065673828125,0.0283203125,5.798339366912842,13.610838890075684,9.033203125
0.1876220703125,-1.070068359375,0.0,7.141112804412842,16.29638671875,11.291502952575684
0.162841796875,-1.028564453125,-0.060302734375,5.859374523162842,17.39501953125,6.835937023162842
0.079833984375,-0.84423828125,-0.107421875,-8.7890625,10.925292015075684,-0.4272460639476776
-0.00341796875,-0.4407958984375,-0.0888671875,-9.3994140625,-16.845703125,17.88330078125
-0.020263671875,-0.0528564453125,-0.0244140625,35.46142578125,-61.462398529052734,70.4345703125
-0.007568359375,0.0775146484375,0.01123046875,90.33202362060547,-91.67479705810547,114.99022674560547
0.0030517578125,0.0428466796875,0.015625,114.31884002685547,-97.35106658935547,125.30516815185547
0.0029296875,-0.015869140625,0.012451171875,114.50194549560547,-93.50585174560547,115.60057830810547
-0.006591796875,-0.0430908203125,0.0150146484375,109.74120330810547,-89.66063690185547,106.01805877685547
-0.0224609375,-0.044921875,0.0247802734375,109.43602752685547,-85.44921112060547,105.16356658935547
-0.04248046875,-0.040771484375,0.04052734375,114.31884002685547,-77.45361328125,112.12157440185547
-0.0643310546875,-0.0394287109375,0.057861328125,122.74169158935547,-64.8193359375,121.88719940185547
-0.0863037109375,-0.037109375,0.0721435546875,134.09423828125,-49.560543060302734,129.150390625
-0.1087646484375,-0.030029296875,0.08837890625,148.01025390625,-34.60693359375,130.43212890625
-0.1297607421875,-0.0169677734375,0.108154296875,163.02488708496094,-23.376462936401367,124.32860565185547
-0.090576171875,-0.3857421875,0.4935302734375,237.79295349121094,57.189937591552734,168.15184020996094
-0.384765625,-1.13037109375,0.4462890625,597.59521484375,400.6957702636719,332.9467468261719
-0.5213623046875,-0.91162109375,-0.1517333984375,821.8383178710938,597.59521484375,390.3808288574219
-0.20556640625,0.169921875,-0.2564697265625,464.1112976074219,311.46240234375,242.43162536621094
-0.225830078125,0.719970703125,-0.2509765625,40.283199310302734,-0.4272460639476776,62.622066497802734
-0.47412109375,0.66748046875,-0.3818359375,-91.73583221435547,-83.19091033935547,-55.603023529052734
-0.630126953125,0.533447265625,-0.46337890625,-52.795406341552734,-40.222164154052734,-65.91796875
-0.6851806640625,0.5318603515625,-0.5501708984375,30.700681686401367,22.705076217651367,-20.568845748901367
-0.6839599609375,0.5140380859375,-0.5341796875,31.494138717651367,10.681151390075684,-24.475095748901367
-0.681640625,0.4775390625,-0.5093994140625,29.541013717651367,-5.737304210662842,-30.273435592651367
-0.6983642578125,0.4434814453125,-0.517333984375,31.249998092651367,-4.0283203125,-34.60693359375
-0.7337646484375,0.4193115234375,-0.5655517578125,32.40966796875,12.451170921325684,-36.7431640625
-0.7666015625,0.4154052734375,-0.625732421875,29.113767623901367,26.550291061401367,-32.40966796875
-0.77197265625,0.4188232421875,-0.649169921875,22.827146530151367,28.137205123901367,-21.728513717651367
-0.74755859375,0.416015625,-0.642822265625,20.935056686401367,17.27294921875,-11.962889671325684
-0.7379150390625,0.401611328125,-0.637451171875,23.437498092651367,5.065917491912842,-10.498045921325684
-0.7503662109375,0.3829345703125,-0.65771484375,21.850584030151367,4.21142578125,-11.291502952575684
-0.7506103515625,0.37109375,-0.6865234375,13.305663108825684,10.192870140075684,-7.995604991912842
-0.735595703125,0.363525390625,-0.6868896484375,4.39453125,10.681151390075684,-5.065917491912842
-0.7236328125,0.353759765625,-0.6685791015625,0.2441406100988388,6.103515148162842,-4.94384765625
-0.70849609375,0.34375,-0.6435546875,-0.9765624403953552,2.01416015625,-3.479003667831421
-0.69189453125,0.33740234375,-0.6387939453125,-0.30517578125,-1.2817381620407104,-0.54931640625
-0.6895751953125,0.331298828125,-0.6435546875,0.4882812201976776,-3.967284917831421,-0.30517578125
-0.694580078125,0.3258056640625,-0.6341552734375,-1.220703125,-4.21142578125,-1.5869139432907104
-0.69091796875,0.3282470703125,-0.6185302734375,-3.784179449081421,-1.5258787870407104,-0.3662109076976776
-0.6806640625,0.336669921875,-0.606201171875,-1.4648436307907104,0.9155272841453552,2.25830078125
-0.6864013671875,0.3302001953125,-0.60791015625,0.54931640625,1.4648436307907104,0.7324218153953552
-0.684814453125,0.326904296875,-0.61376953125,1.9531248807907104,1.8920897245407104,-0.30517578125
-0.6748046875,0.3270263671875,-0.61572265625,4.638671875,1.7089842557907104,-0.7324218153953552
-0.6805419921875,0.3277587890625,-0.6256103515625,5.981444835662842,3.295898199081421,-1.7700194120407104
-0.687744140625,0.322998046875,-0.6356201171875,7.263183116912842,3.906249761581421,-3.723144292831421
-0.6875,0.3089599609375,-0.6275634765625,7.812499523162842,2.990722417831421,-5.0048828125
-0.6878662109375,0.294921875,-0.6046142578125,8.11767578125,2.01416015625,-5.371093273162842
-0.6871337890625,0.298095703125,-0.6051025390625,9.82666015625,1.4038084745407104,-6.713866710662842
-0.6829833984375,0.3065185546875,-0.65185546875,12.512206077575684,2.746581792831421,-8.4228515625
-0.6842041015625,0.297119140625,-0.6990966796875,12.695311546325684,4.94384765625,-8.056640625
-0.689208984375,0.29345703125,-0.7230224609375,10.864256858825684,2.746581792831421,-4.5166015625
-0.6846923828125,0.321533203125,-0.759521484375,7.934569835662842,-0.3662109076976776,2.38037109375
-0.681884765625,0.347900390625,-0.7891845703125,-3.601073980331421,-0.0610351525247097,9.21630859375
-0.738525390625,0.38134765625,-0.8165283203125,-27.709959030151367,-12.084959983825684,3.601073980331421
-0.8480224609375,0.3848876953125,-0.7735595703125,-44.677730560302734,-47.241207122802734,-9.70458984375
-0.9285888671875,0.325927734375,-0.6297607421875,-44.982906341552734,-75.1953125,4.7607421875
-0.937255859375,0.3140869140625,-0.5220947265625,-43.334957122802734,-73.486328125,55.664058685302734
-0.92041015625,0.36279296875,-0.46142578125,-40.588375091552734,-59.204097747802734,99.42626190185547
-0.9151611328125,0.441650390625,-0.421142578125,-38.0859375,-53.710933685302734,109.74120330810547
-0.8348388671875,0.5732421875,-0.388916015625,-43.518062591552734,-67.87109375,99.36522674560547
-0.7154541015625,0.7080078125,-0.327392578125,-49.682613372802734,-96.25243377685547,78.91845703125
-0.6822509765625,0.740966796875,-0.173828125,-39.9169921875,-126.28173065185547,45.715328216552734
-0.7794189453125,0.706787109375,0.0400390625,-18.798828125,-157.3486328125,-2.685546636581421
-1.038818359375,0.7471923828125,0.2437744140625,-35.33935546875,-185.42478942871094,-53.527828216552734
-1.309326171875,0.9151611328125,0.57421875,-98.99901580810547,-216.97996520996094,-64.51416015625
-1.3690185546875,1.115234375,0.955078125,-132.568359375,-238.89158630371094,-4.21142578125
-1.1143798828125,1.219970703125,1.1544189453125,-101.13524627685547,-235.16844177246094,90.08788299560547
-0.6907958984375,1.3046875,1.24267578125,-60.974117279052734,-256.34765625,166.50389099121094
-0.251953125,1.332275390625,1.152587890625,-25.146482467651367,-292.41943359375,206.66502380371094
0.135498046875,1.154296875,0.7882080078125,23.803709030151367,-275.45166015625,197.02146911621094
0.330322265625,0.8134765625,0.47802734375,47.119136810302734,-244.20164489746094,136.41357421875
0.285400390625,0.4083251953125,0.404541015625,41.870113372802734,-248.47410583496094,59.997554779052734
0.0755615234375,0.0699462890625,0.2510986328125,57.067867279052734,-235.16844177246094,-9.82666015625
-0.0880126953125,-0.049560546875,0.007568359375,82.58055877685547,-204.28465270996094,-62.011714935302734
-0.070556640625,-0.00146484375,-0.0628662109375,74.52392578125,-215.57615661621094,-62.438961029052734
0.0787353515625,0.09375,-0.055419921875,48.339839935302734,-261.71875,12.695311546325684
0.212158203125,0.28466796875,0.0526123046875,-6.347655773162842,-284.85107421875,69.88525390625
0.117431640625,0.542724609375,0.255615234375,-90.27098846435547,-249.81687927246094,11.108397483825684
-0.0325927734375,0.70654296875,0.2442626953125,-123.47411346435547,-183.28855895996094,-76.7822265625
0.208740234375,0.6641845703125,-0.01220703125,-69.82421875,-109.86327362060547,-75.50048828125
0.5762939453125,0.615966796875,-0.128662109375,-3.234863042831421,-41.015621185302734,-22.705076217651367
0.57177734375,0.7606201171875,0.043212890625,5.310058116912842,-15.197752952575684,-7.934569835662842
0.3839111328125,0.9105224609375,0.1165771484375,-7.202147960662842,-17.27294921875,-26.367185592651367
0.3670654296875,0.9267578125,0.0513916015625,-7.507323741912842,-4.08935546875,-30.090330123901367
0.444580078125,0.928955078125,0.1353759765625,-18.61572265625,4.8828125,-11.169432640075684
0.3934326171875,0.9599609375,0.2481689453125,-27.160642623901367,7.934569835662842,-8.544921875
0.2584228515625,0.9683837890625,0.203125,-9.33837890625,18.85986328125,-21.423337936401367
0.243896484375,0.91845703125,-0.0091552734375,17.4560546875,28.930662155151367,-18.85986328125
0.349609375,0.8299560546875,-0.2015380859375,21.850584030151367,37.41455078125,-11.962889671325684
0.468017578125,0.7994384765625,-0.072509765625,-3.967284917831421,28.320310592651367,-2.746581792831421
0.599609375,0.804443359375,0.187255859375,-16.845703125,5.615233898162842,-1.7700194120407104
0.5333251953125,0.830078125,0.1905517578125,1.2817381620407104,-1.6479490995407104,-50.476070404052734
0.2489013671875,0.91552734375,0.07470703125,21.484373092651367,-1.220703125,-102.11180877685547
0.0950927734375,1.0504150390625,-0.0234375,31.555173873901367,11.718749046325684,-79.52880859375
0.0980224609375,1.2186279296875,-0.0406494140625,33.99658203125,37.841796875,-14.892577171325684
0.144287109375,1.306640625,0.094482421875,26.672361373901367,35.33935546875,17.39501953125
0.2509765625,1.2349853515625,0.146484375,-2.685546636581421,11.596678733825684,1.4648436307907104
0.3427734375,1.129150390625,0.011474609375,-32.2265625,8.11767578125,-21.362302780151367
0.3431396484375,1.104248046875,-0.072021484375,-16.6015625,25.817869186401367,-23.925779342651367
0.2288818359375,1.1390380859375,-0.0108642578125,15.380858421325684,39.0625,1.3427733182907104
0.1124267578125,1.1507568359375,0.0736083984375,8.7890625,33.0810546875,40.649410247802734
0.1605224609375,1.09619140625,0.104248046875,-24.963376998901367,20.01953125,48.706050872802734
0.30224609375,1.0269775390625,0.0977783203125,-44.921871185302734,25.634763717651367,13.427733421325684
0.3975830078125,0.9747314453125,0.1251220703125,-38.818359375,47.119136810302734,-25.512693405151367
0.38818359375,0.94482421875,0.1839599609375,-22.827146530151367,69.39697265625,-35.2783203125
0.3057861328125,0.9154052734375,0.203369140625,-10.131834983825684,97.53417205810547,-26.123044967651367
0.2120361328125,0.8594970703125,0.1715087890625,3.967284917831421,124.69481658935547,-22.766111373901367
0.1429443359375,0.8118896484375,0.150634765625,24.597166061401367,127.86864471435547,-22.460935592651367
0.114501953125,0.7711181640625,0.1390380859375,45.166011810302734,103.21044158935547,-13.793944358825684
0.1016845703125,0.70703125,0.1204833984375,58.654781341552734,71.8994140625,-14.465331077575684
0.0968017578125,0.6361083984375,0.092529296875,45.837398529052734,15.869139671325684,-27.893064498901367
0.1190185546875,0.6409912109375,0.0816650390625,7.568358898162842,-98.26659393310547,-12.878417015075684
0.1358642578125,0.7467041015625,0.166259765625,-10.131834983825684,-170.04393005371094,20.629880905151367
0.0980224609375,0.884765625,0.2464599609375,-8.9111328125,-100.83007049560547,0.0610351525247097
0.021240234375,0.9613037109375,0.206298828125,-39.12353515625,18.6767578125,-53.222652435302734
-0.04150390625,0.919189453125,0.125,-86.54784393310547,78.857421875,-66.95556640625
-0.077392578125,0.8350830078125,0.093505859375,-87.52440643310547,76.23291015625,-39.73388671875
-0.111572265625,0.814697265625,0.1275634765625,-22.705076217651367,59.692378997802734,-6.042479991912842
-0.076416015625,0.9014892578125,0.1783447265625,89.78270721435547,54.626461029052734,7.080077648162842
-0.0594482421875,0.92431640625,0.132080078125,64.51416015625,34.24072265625,7.446288585662842
-0.0440673828125,0.92333984375,0.0953369140625,30.578611373901367,10.986327171325684,6.958007335662842
-0.03125,0.9246826171875,0.085205078125,14.404295921325684,-0.9765624403953552,5.493163585662842
-0.121826171875,0.8828125,0.1571044921875,3.601073980331421,7.934569835662842,12.756346702575684
-0.1209716796875,0.580322265625,0.14501953125,8.72802734375,58.776851654052734,-34.1796875
-0.03759765625,0.12646484375,0.0528564453125,52.551265716552734,150.2685546875,-136.16943359375
0.01953125,-0.0994873046875,-0.0091552734375,109.74120330810547,224.18211364746094,-216.36961364746094
0.0244140625,-0.100830078125,-0.0225830078125,141.6015625,246.94822692871094,-230.40769958496094
0.0042724609375,-0.03662109375,-0.0186767578125,152.40478515625,239.37986755371094,-210.38816833496094
-0.018310546875,0.0009765625,-0.02099609375,159.3017578125,225.52488708496094,-192.01658630371094
-0.0364990234375,0.0013427734375,-0.0328369140625,171.20359802246094,213.80613708496094,-185.91307067871094
-0.04443359375,-0.0162353515625,-0.0467529296875,188.17137145996094,206.23777770996094,-185.18064880371094
-0.036376953125,-0.0357666015625,-0.0543212890625,208.06883239746094,207.27537536621094,-179.87059020996094
-0.0069580078125,-0.0504150390625,-0.0518798828125,228.45457458496094,222.10691833496094,-164.36766052246094
0.05908203125,-0.059326171875,-0.042236328125,245.60545349121094,254.57762145996094,-138.61083984375
0.1673583984375,-0.0665283203125,-0.0390625,255.73728942871094,305.48095703125,-106.07909393310547
0.275634765625,-0.0755615234375,-0.053955078125,256.89697265625,363.4643249511719,-70.61767578125
0.94091796875,-0.0321044921875,-0.375244140625,227.29490661621094,419.4945983886719,-77.0263671875
0.9639892578125,0.1572265625,-0.544921875,80.01708984375,497.1313171386719,-249.69480895996094
0.2294921875,0.2279052734375,-0.2861328125,-51.940914154052734,497.9247741699219,-371.9482116699219
0.3848876953125,0.10986328125,0.06494140625,-42.724605560302734,301.26953125,-221.37449645996094
0.76611328125,0.02587890625,0.37548828125,-11.352538108825684,38.0859375,-32.28759765625
0.8192138671875,0.0267333984375,0.408447265625,-0.7934569716453552,-98.75487518310547,34.36279296875
0.759521484375,0.097412109375,0.3201904296875,-2.3193359375,-87.28026580810547,31.738279342651367
0.7576904296875,0.144287109375,0.2728271484375,-6.469726085662842,-29.968259811401367,29.174802780151367
0.8126220703125,0.15234375,0.2637939453125,-7.873534679412842,-1.3427733182907104,36.43798828125
0.8753662109375,0.139892578125,0.27294921875,-9.33837890625,-3.906249761581421,43.945308685302734
0.9566650390625,0.1285400390625,0.2938232421875,-15.380858421325684,-20.01953125,46.325679779052734
1.07080078125,0.1220703125,0.28466796875,-22.521970748901367,-34.3017578125,42.846675872802734
1.146240234375,0.1114501953125,0.266357421875,-22.888181686401367,-38.818359375,33.75244140625
1.1529541015625,0.101806640625,0.2591552734375,-15.197752952575684,-28.259275436401367,28.015134811401367
1.15087890625,0.0880126953125,0.255859375,-7.568358898162842,-7.629394054412842,29.113767623901367
1.1356201171875,0.0565185546875,0.263671875,-4.2724609375,7.202147960662842,25.817869186401367
1.0845947265625,0.0238037109375,0.272705078125,-3.662109136581421,7.690429210662842,13.916014671325684
1.03125,0.006591796875,0.2701416015625,-2.929687261581421,0.9765624403953552,2.807616949081421
0.9931640625,0.005859375,0.25537109375,-0.4272460639476776,-1.6479490995407104,-2.197265625
0.9571533203125,0.0098876953125,0.237548828125,1.8310545682907104,-0.0610351525247097,-4.2724609375
0.929931640625,0.00390625,0.2305908203125,1.9531248807907104,0.4882812201976776,-4.2724609375
0.931396484375,-0.0084228515625,0.23828125,0.6103515625,-2.0751953125,-0.9765624403953552
0.95361328125,-0.0047607421875,0.2318115234375,1.220703125,-2.929687261581421,4.69970703125
0.9620361328125,0.03466796875,0.181396484375,4.69970703125,-0.0,9.82666015625
0.931396484375,0.079833984375,0.1278076171875,12.634276390075684,-7.995604991912842,6.774901866912842
0.9183349609375,0.05859375,0.1251220703125,25.573728561401367,-39.1845703125,-7.263183116912842
0.968505859375,-0.0130615234375,0.1795654296875,35.58349609375,-69.88525390625,-17.2119140625
1.0244140625,-0.055419921875,0.229248046875,36.19384765625,-64.453125,-10.009765625
1.0509033203125,-0.0316162109375,0.1959228515625,27.404783248901367,-30.456541061401367,4.21142578125
1.03125,0.0308837890625,0.1048583984375,14.221190452575684,-6.713866710662842,6.652831554412842
0.9757080078125,0.0699462890625,0.022705078125,2.44140625,-5.798339366912842,-0.0610351525247097
0.9564208984375,0.05712890625,0.0023193359375,-8.30078125,-6.530761241912842,2.929687261581421
1.0020751953125,0.01171875,0.0535888671875,-19.83642578125,0.9155272841453552,15.991209983825684
1.0584716796875,-0.01513671875,0.1058349609375,-25.695798873901367,3.845214605331421,21.972654342651367
1.0584716796875,-0.0118408203125,0.100341796875,-19.8974609375,-0.1220703050494194,14.770506858825684
1.01220703125,-0.001708984375,0.073486328125,-9.21630859375,-2.746581792831421,3.845214605331421
0.984375,0.0025634765625,0.076416015625,-2.990722417831421,-1.15966796875,-0.4882812201976776
0.9833984375,0.0003662109375,0.0899658203125,-0.8544921278953552,2.3193359375,0.7324218153953552
0.9852294921875,-0.00439453125,0.0909423828125,1.3427733182907104,4.69970703125,1.7700194120407104
0.995361328125,-0.011474609375,0.0908203125,2.990722417831421,5.0048828125,2.44140625
1.0020751953125,-0.01708984375,0.088623046875,2.868652105331421,2.13623046875,2.0751953125
0.9910888671875,-0.0184326171875,0.0838623046875,1.220703125,-0.1220703050494194,0.6713866591453552
0.978759765625,-0.019775390625,0.0855712890625,-1.03759765625,0.7324218153953552,0.7934569716453552
0.9825439453125,-0.0218505859375,0.0888671875,-2.197265625,1.0986328125,2.563476324081421
0.9952392578125,-0.0191650390625,0.08056640625,-1.15966796875,-0.1220703050494194,3.784179449081421
0.994384765625,-0.0115966796875,0.0684814453125,0.1831054538488388,-1.7700194120407104,3.601073980331421
0.983154296875,-0.006591796875,0.0634765625,-1.3427733182907104,-2.25830078125,3.784179449081421
0.9864501953125,-0.011474609375,0.0732421875,-6.469726085662842,-1.9531248807907104,6.042479991912842
1.00439453125,-0.0281982421875,0.0980224609375,-11.291502952575684,-0.7934569716453552,8.85009765625
1.0128173828125,-0.046875,0.121337890625,-11.779784202575684,2.13623046875,9.27734375
0.998046875,-0.0572509765625,0.1307373046875,-8.60595703125,4.8828125,7.385253429412842
0.957763671875,-0.06884765625,0.105712890625,-4.33349609375,3.967284917831421,4.5166015625
0.97119140625,-0.0775146484375,0.10595703125,-3.967284917831421,1.7700194120407104,5.554198741912842
1.0277099609375,-0.0859375,0.1256103515625,-6.469726085662842,4.08935546875,8.48388671875
1.112548828125,-0.04443359375,0.24853515625,-17.88330078125,23.193357467651367,7.324218273162842
1.210693359375,0.0093994140625,0.38427734375,-12.634276390075684,48.156734466552734,-7.995604991912842
1.2431640625,0.0384521484375,0.2977294921875,34.7900390625,31.494138717651367,-36.865234375
1.3125,0.150634765625,0.017822265625,86.91405487060547,24.047849655151367,-90.88134002685547
1.5244140625,0.288330078125,0.0042724609375,74.03564453125,50.109859466552734,-110.16844940185547
1.624755859375,0.5634765625,-0.0155029296875,60.302730560302734,20.446775436401367,-136.53564453125
1.654296875,0.9036865234375,-0.0528564453125,63.903804779052734,-64.8193359375,-163.45213317871094
1.71142578125,1.2154541015625,-0.4732666015625,90.75926971435547,-212.89060974121094,-174.19432067871094
1.1326904296875,1.128662109375,-0.9217529296875,-44.372554779052734,-312.56103515625,-310.546875
0.7509765625,0.996337890625,-0.381103515625,-126.70897674560547,-209.41160583496094,-326.4770202636719
0.2313232421875,0.8985595703125,0.192138671875,-121.82616424560547,-169.79978942871094,-281.8603515625
-0.2760009765625,0.8148193359375,0.48046875,-69.091796875,-188.11033630371094,-219.78758239746094
-0.4783935546875,0.6417236328125,0.39013671875,-0.4882812201976776,-221.43553161621094,-142.578125
-0.3778076171875,0.3189697265625,0.136474609375,45.471187591552734,-233.52049255371094,-47.424312591552734
-0.0579833984375,0.0491943359375,0.0126953125,41.137691497802734,-187.86619567871094,61.950679779052734
0.298583984375,0.045166015625,-0.041015625,26.794431686401367,-121.33788299560547,153.50341796875
0.2972412109375,0.2059326171875,-0.1240234375,30.273435592651367,-108.58153533935547,155.76171875
0.1083984375,0.33349609375,-0.184814453125,23.559568405151367,-142.76123046875,84.47264862060547
0.159912109375,0.4620361328125,-0.25341796875,0.9155272841453552,-150.45166015625,33.87451171875
0.22705078125,0.6441650390625,-0.2728271484375,-25.329587936401367,-84.53368377685547,16.29638671875
0.0653076171875,0.758544921875,-0.261474609375,-35.46142578125,19.71435546875,-10.192870140075684
-0.1068115234375,0.8160400390625,-0.301513671875,-15.869139671325684,106.87255096435547,-26.977537155151367
-0.117919921875,0.858154296875,-0.259765625,-6.347655773162842,143.5546875,-14.221190452575684
-0.0946044921875,0.8524169921875,-0.029296875,-29.418943405151367,128.96728515625,-2.990722417831421
-0.061767578125,0.853271484375,0.11767578125,-25.878904342651367,96.43553924560547,-4.150390625
-0.0587158203125,0.8575439453125,-0.03955078125,26.855466842651367,61.340328216552734,-17.15087890625
-0.1219482421875,0.8504638671875,-0.3184814453125,71.2890625,44.616695404052734,-31.982419967651367
-0.046630859375,0.9033203125,-0.4056396484375,64.63623046875,66.58935546875,-16.4794921875
0.112548828125,0.939697265625,-0.377197265625,30.517576217651367,90.63719940185547,-2.746581792831421
-0.01171875,0.9117431640625,-0.4156494140625,7.995604991912842,94.90966033935547,-29.235837936401367
-0.2838134765625,0.90869140625,-0.328125,-9.8876953125,77.63671875,-51.635738372802734
-0.3402099609375,0.900634765625,-0.13720703125,-24.414060592651367,23.193357467651367,-40.10009765625
-0.23046875,0.88330078125,-0.1090087890625,-16.41845703125,-20.202634811401367,-16.66259765625
-0.142578125,0.8892822265625,-0.168212890625,0.9765624403953552,-9.70458984375,-1.03759765625
-0.126220703125,0.8870849609375,-0.148193359375,11.901854515075684,-1.7700194120407104,7.263183116912842
-0.102783203125,0.9072265625,-0.2149658203125,31.127927780151367,-12.329100608825684,21.545408248901367
-0.0745849609375,0.9573974609375,-0.3668212890625,43.090816497802734,7.141112804412842,35.7666015625
-0.046875,0.9736328125,-0.3953857421875,20.751951217651367,30.151365280151367,28.930662155151367
-0.026611328125,1.0146484375,-0.3138427734375,-17.15087890625,16.4794921875,-0.4882812201976776
-0.0579833984375,1.171142578125,-0.310546875,-32.89794921875,-3.601073980331421,-28.137205123901367
-0.1224365234375,1.2877197265625,-0.4200439453125,-22.277830123901367,-17.7001953125,-49.682613372802734
-0.189208984375,1.247802734375,-0.4718017578125,-1.03759765625,-22.155759811401367,-58.837886810302734
-0.304931640625,1.0579833984375,-0.303466796875,56.152339935302734,2.990722417831421,15.197752952575684
-0.2559814453125,1.0201416015625,-0.31787109375,54.504390716552734,-5.187987804412842,27.404783248901367
-0.15673828125,0.9732666015625,-0.3873291015625,44.067378997802734,-11.291502952575684,0.1831054538488388
-0.1026611328125,0.8922119140625,-0.37939453125,45.837398529052734,6.469726085662842,-27.465818405151367
-0.117919921875,0.78857421875,-0.328857421875,46.874996185302734,41.870113372802734,-31.982419967651367
-0.156005859375,0.7216796875,-0.3465576171875,29.357908248901367,61.828609466552734,-18.24951171875
-0.1669921875,0.717529296875,-0.4190673828125,7.995604991912842,43.579097747802734,-2.01416015625
-0.1553955078125,0.720947265625,-0.459228515625,-0.7934569716453552,13.793944358825684,4.2724609375
-0.14111328125,0.714111328125,-0.4249267578125,-0.6713866591453552,2.3193359375,5.065917491912842
-0.137451171875,0.6968994140625,-0.3634033203125,-2.13623046875,5.0048828125,5.0048828125
-0.1348876953125,0.6796875,-0.3402099609375,-11.291502952575684,8.544921875,4.150390625
-0.1268310546875,0.6900634765625,-0.350341796875,-21.789548873901367,6.652831554412842,5.187987804412842
-0.109619140625,0.7261962890625,-0.365966796875,-25.207517623901367,-2.0751953125,7.080077648162842
-0.0758056640625,0.76220703125,-0.377685546875,-21.667478561401367,-16.54052734375,6.103515148162842
-0.0428466796875,0.7843017578125,-0.371337890625,-13.793944358825684,-28.808591842651367,5.0048828125
-0.031494140625,0.8162841796875,-0.353271484375,-4.7607421875,-29.602048873901367,9.09423828125
-0.0511474609375,0.858642578125,-0.35498046875,0.8544921278953552,-15.991209983825684,16.7236328125
-0.0899658203125,0.877685546875,-0.3829345703125,1.0986328125,3.479003667831421,22.277830123901367
-0.1190185546875,0.8721923828125,-0.4119873046875,2.685546636581421,14.038084983825684,21.240232467651367
-0.1060791015625,0.8544921875,-0.4339599609375,7.995604991912842,10.375975608825684,14.892577171325684
-0.0447998046875,0.7803955078125,-0.4183349609375,15.869139671325684,-0.7934569716453552,7.080077648162842
-0.0184326171875,0.5501708984375,-0.3170166015625,35.21728515625,-15.991209983825684,-14.038084983825684
-0.0244140625,0.19921875,-0.1378173828125,48.706050872802734,-46.813961029052734,-60.729976654052734
-0.01220703125,-0.040771484375,0.0052490234375,37.59765625,-84.35057830810547,-107.23876190185547
-0.0096435546875,-0.0784912109375,0.0357666015625,21.362302780151367,-103.33251190185547,-127.56346893310547
-0.038330078125,0.0152587890625,-0.0155029296875,15.808104515075684,-104.18700408935547,-138.85498046875
-0.0606689453125,0.029296875,-0.025634765625,19.22607421875,-106.93358612060547,-156.31103515625
-0.0853271484375,0.024658203125,-0.026123046875,21.911619186401367,-113.03710174560547,-182.92234802246094
-0.110595703125,0.014892578125,-0.0223388671875,22.766111373901367,-121.15477752685547,-215.20994567871094
-0.132568359375,-0.000732421875,-0.0146484375,20.812986373901367,-132.01904296875,-250.73240661621094
-0.1483154296875,-0.02734375,-0.0015869140625,15.014647483825684,-146.66748046875,-286.19384765625
-0.1636962890625,-0.050537109375,0.0050048828125,5.187987804412842,-158.75244140625,-316.83349609375
-0.1954345703125,-0.0596923828125,0.004150390625,-5.737304210662842,-153.50341796875,-331.5429382324219
-0.501708984375,-0.6556396484375,0.5404052734375,-15.136717796325684,-152.9541015625,-354.7362976074219
-0.3070068359375,-1.0723876953125,0.9488525390625,-7.751464366912842,-203.24705505371094,-499.7558288574219
0.3975830078125,-0.7767333984375,0.646484375,12.145995140075684,-218.74998474121094,-535.82763671875
0.54541015625,-0.7479248046875,0.3470458984375,-2.197265625,-142.88330078125,-300.048828125
0.262451171875,-0.8206787109375,0.1578369140625,-28.259275436401367,-55.969234466552734,-56.335445404052734
-0.063720703125,-0.772705078125,0.104248046875,-29.541013717651367,-11.596678733825684,62.011714935302734
-0.1441650390625,-0.7423095703125,0.17431640625,-36.1328125,-14.648436546325684,67.68798828125
-0.03759765625,-0.775634765625,0.2432861328125,-49.682613372802734,-30.578611373901367,42.358394622802734
0.0196533203125,-0.867431640625,0.2471923828125,-56.945796966552734,-28.686521530151367,35.09521484375
-0.0228271484375,-1.0235595703125,0.2137451171875,-59.509273529052734,-11.596678733825684,36.9873046875
-0.059326171875,-1.17529296875,0.1771240234375,-51.025386810302734,-0.4272460639476776,37.109375
-0.0582275390625,-1.228759765625,0.17578125,-32.5927734375,1.4038084745407104,32.65380859375
-0.074951171875,-1.21826171875,0.1895751953125,-16.54052734375,2.38037109375,28.564451217651367
-0.0830078125,-1.1966552734375,0.19677734375,-6.713866710662842,1.220703125,24.658201217651367
-0.06884765625,-1.1590576171875,0.193359375,0.9155272841453552,-2.25830078125,14.160155296325684
-0.068603515625,-1.09912109375,0.174072265625,9.46044921875,-2.746581792831421,2.38037109375
-0.0838623046875,-1.034423828125,0.15185546875,17.08984375,-1.03759765625,-0.4272460639476776
-0.11328125,-0.9849853515625,0.1514892578125,20.996091842651367,-0.2441406100988388,3.784179449081421
-0.1363525390625,-0.9459228515625,0.1815185546875,15.563963890075684,-2.197265625,0.8544921278953552
-0.1201171875,-0.9493408203125,0.1851806640625,10.559081077575684,-1.220703125,-3.295898199081421
-0.108154296875,-0.9444580078125,0.184326171875,8.23974609375,1.2817381620407104,-2.38037109375
-0.1212158203125,-0.94287109375,0.1864013671875,6.896972179412842,3.906249761581421,3.417968511581421
-0.1326904296875,-0.9454345703125,0.1832275390625,5.310058116912842,4.33349609375,7.263183116912842
-0.1177978515625,-0.947509765625,0.1695556640625,0.6103515625,2.13623046875,4.21142578125
-0.1126708984375,-0.97216796875,0.1651611328125,-10.559081077575684,-0.9155272841453552,-1.5258787870407104
-0.12841796875,-1.019287109375,0.1795654296875,-20.935056686401367,-4.82177734375,-2.3193359375
-0.134521484375,-1.022216796875,0.194580078125,-15.747069358825684,-7.446288585662842,2.624511480331421
-0.131591796875,-0.9654541015625,0.193359375,0.54931640625,-4.8828125,4.7607421875
-0.1258544921875,-0.9288330078125,0.18017578125,7.446288585662842,-2.01416015625,4.2724609375
-0.120849609375,-0.937255859375,0.159912109375,1.7089842557907104,-2.990722417831421,8.9111328125
-0.12939453125,-0.9556884765625,0.1363525390625,-6.408690929412842,-8.11767578125,18.5546875
-0.1546630859375,-0.9791259765625,0.1395263671875,-13.732909202575684,-23.071287155151367,33.02001953125
-0.2601318359375,-0.95751953125,0.183837890625,-2.563476324081421,-36.0107421875,53.039546966552734
-0.2994384765625,-0.9619140625,0.203125,2.44140625,-25.817869186401367,41.503902435302734
-0.2794189453125,-0.96728515625,0.2120361328125,0.2441406100988388,-20.263669967651367,24.353025436401367
-0.237548828125,-0.9549560546875,0.197265625,-1.8920897245407104,-12.817381858825684,9.33837890625
-0.2264404296875,-0.947509765625,0.174072265625,-3.356933355331421,-0.2441406100988388,-3.662109136581421
-0.2459716796875,-0.9556884765625,0.1640625,-4.39453125,8.11767578125,-8.6669921875
-0.2698974609375,-0.97119140625,0.164306640625,-3.112792730331421,7.812499523162842,-4.638671875
-0.2659912109375,-0.973876953125,0.1669921875,0.2441406100988388,3.051757574081421,0.4272460639476776
-0.248291015625,-0.977294921875,0.1651611328125,1.3427733182907104,-0.8544921278953552,-0.30517578125
-0.248046875,-0.9908447265625,0.1588134765625,-0.4272460639476776,-2.13623046875,-4.150390625
-0.3096923828125,-1.030029296875,0.16064453125,-4.8828125,-11.779784202575684,3.906249761581421
-0.3680419921875,-1.0849609375,0.1724853515625,-18.12744140625,-29.174802780151367,17.4560546875
-0.371826171875,-1.13818359375,0.1822509765625,-56.091304779052734,-65.185546875,36.4990234375
-0.3426513671875,-1.1165771484375,0.1456298828125,-121.03270721435547,-115.53954315185547,65.5517578125
-0.3209228515625,-0.9788818359375,0.0877685546875,-196.41111755371094,-166.01560974121094,95.45897674560547
-0.315185546875,-0.7467041015625,-0.013916015625,-222.22898864746094,-175.90330505371094,97.16796112060547
-0.3651123046875,-0.587158203125,-0.2027587890625,-150.2685546875,-106.14012908935547,64.88037109375
-0.42041015625,-0.575439453125,-0.2860107421875,-46.997066497802734,-13.854979515075684,30.395505905151367
-0.4625244140625,-0.654296875,-0.2288818359375,12.756346702575684,23.986814498901367,14.526366233825684
-0.516357421875,-0.7662353515625,-0.150390625,22.949216842651367,20.080564498901367,17.2119140625
-0.532470703125,-0.845703125,-0.13916015625,2.746581792831421,12.023924827575684,25.878904342651367
-0.4993896484375,-0.8909912109375,-0.2462158203125,-21.850584030151367,4.82177734375,23.193357467651367
-0.528564453125,-1.0025634765625,-0.587890625,-57.922359466552734,4.2724609375,4.45556640625
-0.728759765625,-1.3011474609375,-1.119873046875,-110.83983612060547,8.72802734375,-7.202147960662842
-1.1044921875,-1.6474609375,-1.2578125,-83.37401580810547,15.380858421325684,-7.629394054412842
-1.340576171875,-1.8038330078125,-0.8746337890625,23.193357467651367,37.04833984375,-54.016109466552734
-1.184814453125,-1.6871337890625,-0.5255126953125,72.20458984375,86.73094940185547,-154.35791015625
-0.7972412109375,-1.3770751953125,-0.231689453125,60.974117279052734,136.5966796875,-245.17820739746094
-0.34521484375,-1.0594482421875,0.0631103515625,46.813961029052734,158.99658203125,-293.51806640625
0.184326171875,-0.8115234375,0.099853515625,22.705076217651367,135.7421875,-299.86572265625
0.801025390625,-0.6649169921875,-0.051025390625,-29.663084030151367,44.982906341552734,-268.24951171875
1.2784423828125,-0.635498046875,-0.1793212890625,-72.8759765625,-20.01953125,-197.44871520996094
1.387451171875,-0.680908203125,-0.2685546875,-73.42529296875,27.709959030151367,-105.34667205810547
1.141357421875,-0.678466796875,-0.2537841796875,-41.503902435302734,105.52977752685547,-28.015134811401367
0.69921875,-0.4901123046875,-0.121337890625,-7.324218273162842,126.52587127685547,24.841306686401367
0.307861328125,-0.1551513671875,0.0367431640625,0.2441406100988388,113.03710174560547,58.288570404052734
0.013671875,0.09130859375,0.0040283203125,-37.04833984375,120.42235565185547,80.26123046875
-0.1435546875,0.0543212890625,-0.2425537109375,-105.95702362060547,159.0576171875,100.52489471435547
-0.040283203125,-0.2108154296875,-0.320068359375,-150.32958984375,200.68357849121094,120.78856658935547
0.0567626953125,-0.482666015625,-0.2901611328125,-158.75244140625,228.21043395996094,137.5732421875
-0.030517578125,-0.657958984375,-0.5523681640625,-165.83250427246094,218.38377380371094,120.91063690185547
-0.1278076171875,-0.7862548828125,-0.794921875,-150.20751953125,158.75244140625,62.133785247802734
-0.0623779296875,-0.8609619140625,-0.61279296875,-68.359375,67.9931640625,10.192870140075684
0.15869140625,-0.8348388671875,-0.228759765625,22.460935592651367,-22.338865280151367,-12.573241233825684
0.421630859375,-0.7374267578125,-0.0133056640625,55.175777435302734,-59.448238372802734,-22.277830123901367
0.6734619140625,-0.65283203125,-0.0626220703125,43.334957122802734,-46.447750091552734,-31.860349655151367
0.8966064453125,-0.637451171875,-0.1845703125,14.526366233825684,-52.246089935302734,-37.9638671875
0.9002685546875,-0.674072265625,-0.333740234375,-1.4038084745407104,-70.86181640625,-24.414060592651367
0.7237548828125,-0.739013671875,-0.384033203125,14.892577171325684,-59.997554779052734,8.85009765625
0.5738525390625,-0.8399658203125,-0.14794921875,43.518062591552734,-52.856441497802734,48.217769622802734
0.2828369140625,-0.8955078125,-0.1007080078125,39.9169921875,-48.522945404052734,70.068359375
0.059814453125,-0.8699951171875,-0.42919921875,-1.7700194120407104,-28.015134811401367,37.65869140625
0.1729736328125,-0.87255859375,-0.6251220703125,-20.629880905151367,-26.916501998901367,-19.10400390625
0.32958984375,-1.0006103515625,-0.5693359375,7.629394054412842,-36.43798828125,-20.263669967651367
0.2939453125,-1.150390625,-0.4063720703125,26.123044967651367,-34.85107421875,33.0810546875
0.2750244140625,-1.1553955078125,-0.287353515625,1.220703125,-9.46044921875,81.29882049560547
0.41748046875,-1.076171875,-0.2926025390625,-23.376462936401367,32.71484375,76.96533203125
0.4832763671875,-1.0477294921875,-0.3260498046875,-13.793944358825684,49.133296966552734,14.282225608825684
0.400390625,-1.0543212890625,-0.3707275390625,0.2441406100988388,43.579097747802734,-51.818843841552734
0.3349609375,-1.0252685546875,-0.405517578125,-0.7934569716453552,26.062009811401367,-67.93212890625
0.340576171875,-0.9652099609375,-0.410400390625,-10.375975608825684,-11.718749046325684,-46.142574310302734
0.35302734375,-0.918701171875,-0.4481201171875,-27.099607467651367,-55.908199310302734,-27.160642623901367
0.3677978515625,-0.8824462890625,-0.45166015625,-50.598140716552734,-89.84374237060547,-22.949216842651367
0.374267578125,-0.812744140625,-0.4005126953125,-71.8994140625,-94.66551971435547,-23.071287155151367
0.33642578125,-0.718017578125,-0.3663330078125,-66.89453125,-71.35009765625,-23.437498092651367
0.2945556640625,-0.671142578125,-0.38134765625,-32.958984375,-46.203609466552734,-21.911619186401367
0.2696533203125,-0.685791015625,-0.49853515625,24.902341842651367,-29.052732467651367,-13.183592796325684
0.2828369140625,-0.6727294921875,-0.5169677734375,13.671874046325684,-24.169919967651367,-18.61572265625
0.2908935546875,-0.643310546875,-0.502197265625,-8.48388671875,-33.69140625,-3.906249761581421
0.298583984375,-0.599365234375,-0.411865234375,15.686034202575684,-37.841796875,13.366698265075684
0.2818603515625,-0.666015625,-0.318115234375,116.02782440185547,-17.39501953125,10.681151390075684
0.2205810546875,-0.84375,-0.3468017578125,198.36424255371094,7.629394054412842,29.724119186401367
0.16943359375,-0.9586181640625,-0.3974609375,165.52732849121094,13.183592796325684,59.814449310302734
0.16064453125,-0.894775390625,-0.3021240234375,53.100582122802734,-0.1220703050494194,61.279293060302734
0.161376953125,-0.7982177734375,-0.1837158203125,-28.137205123901367,-7.019042491912842,49.194332122802734
0.139892578125,-0.820556640625,-0.1746826171875,-23.986814498901367,5.371093273162842,38.4521484375
0.1046142578125,-0.895263671875,-0.2010498046875,17.88330078125,22.338865280151367,27.221677780151367
0.0687255859375,-0.949951171875,-0.2476806640625,45.654293060302734,27.160642623901367,14.526366233825684
0.0462646484375,-0.974365234375,-0.2501220703125,38.87939453125,14.648436546325684,6.042479991912842
0.04296875,-0.9735107421875,-0.1839599609375,11.108397483825684,-1.5869139432907104,-0.9155272841453552
0.027099609375,-0.97314453125,-0.154541015625,6.347655773162842,6.896972179412842,-18.310546875
0.044921875,-1.0362548828125,-0.174072265625,20.935056686401367,15.014647483825684,-12.512206077575684
0.112548828125,-1.0650634765625,-0.2098388671875,25.878904342651367,16.9677734375,7.751464366912842
0.148681640625,-0.9388427734375,-0.2347412109375,11.657713890075684,11.657713890075684,12.451170921325684
0.104248046875,-0.5489501953125,-0.1878662109375,-10.192870140075684,-0.8544921278953552,-5.249022960662842
0.0294189453125,-0.10986328125,-0.076416015625,-3.356933355331421,-23.071287155151367,-11.596678733825684
-0.0103759765625,0.0750732421875,0.00732421875,31.921384811401367,-46.936031341552734,2.624511480331421
-0.0115966796875,0.05712890625,0.02490234375,57.067867279052734,-58.471675872802734,14.831542015075684
0.000244140625,-0.007080078125,0.0126953125,61.096187591552734,-58.837886810302734,15.808104515075684
0.00830078125,-0.0413818359375,0.0020751953125,55.358882904052734,-56.091304779052734,10.437010765075684
0.01123046875,-0.0455322265625,0.0006103515625,49.865718841552734,-54.748531341552734,4.69970703125
0.0123291015625,-0.0408935546875,0.0047607421875,47.180171966552734,-55.114742279052734,1.0986328125
0.0133056640625,-0.041259765625,0.009765625,46.508785247802734,-56.152339935302734,-0.6713866591453552
0.01708984375,-0.0462646484375,0.0130615234375,47.485347747802734,-57.617183685302734,-1.220703125
0.024658203125,-0.0511474609375,0.0142822265625,50.354000091552734,-60.058589935302734,-1.6479490995407104
0.03173828125,-0.05615234375,0.01611328125,53.955074310302734,-64.75830078125,-3.479003667831421
0.0399169921875,-0.061767578125,0.0205078125,57.739253997802734,-71.71630859375,-6.958007335662842
0.58154296875,-0.5841064453125,0.5167236328125,96.61864471435547,-80.26123046875,-56.274410247802734
1.3538818359375,-0.900390625,0.9296875,315.5517578125,-92.59032440185547,-296.44775390625
1.276611328125,-0.573974609375,0.7254638671875,422.6073913574219,-47.363277435302734,-432.8002624511719
0.69287109375,-0.462890625,0.544189453125,187.68309020996094,58.227535247802734,-219.84861755371094
0.30322265625,-0.47998046875,0.488037109375,-29.296873092651367,114.74608612060547,6.896972179412842
0.2110595703125,-0.4630126953125,0.5361328125,-78.2470703125,86.12059783935547,77.08740234375
0.35107421875,-0.4376220703125,0.6287841796875,-51.635738372802734,19.95849609375,65.12451171875
0.52197265625,-0.4681396484375,0.7232666015625,-27.160642623901367,-25.817869186401367,42.480464935302734
0.5875244140625,-0.5350341796875,0.7841796875,-19.53125,-32.04345703125,29.235837936401367
0.6058349609375,-0.5806884765625,0.789794921875,-10.803221702575684,-14.770506858825684,31.249998092651367
0.609130859375,-0.6051025390625,0.7841796875,2.25830078125,-0.8544921278953552,36.68212890625
0.5836181640625,-0.6143798828125,0.7850341796875,10.253905296325684,2.50244140625,42.541500091552734
0.467041015625,-0.58642578125,0.7510986328125,15.014647483825684,14.282225608825684,69.88525390625
0.3665771484375,-0.5985107421875,0.772216796875,9.09423828125,19.95849609375,58.776851654052734
0.282470703125,-0.6102294921875,0.7843017578125,4.57763671875,20.568845748901367,39.73388671875
0.2354736328125,-0.6175537109375,0.7880859375,6.225585460662842,13.977049827575684,26.000974655151367
0.2733154296875,-0.612060546875,0.77392578125,9.033203125,-2.50244140625,15.747069358825684
0.369384765625,-0.61865234375,0.7364501953125,5.859374523162842,-12.878417015075684,5.859374523162842
0.422607421875,-0.618896484375,0.6893310546875,4.08935546875,-4.0283203125,-1.4648436307907104
0.4022216796875,-0.5980224609375,0.669921875,7.995604991912842,8.1787109375,-2.685546636581421
0.344482421875,-0.5858154296875,0.6937255859375,9.521484375,9.1552734375,-1.4038084745407104
0.3076171875,-0.5780029296875,0.7183837890625,7.873534679412842,3.540038824081421,-0.0610351525247097
0.3017578125,-0.5732421875,0.72998046875,4.150390625,-0.7934569716453552,0.1220703050494194
0.3189697265625,-0.5860595703125,0.7442626953125,-3.845214605331421,-1.8920897245407104,-0.1831054538488388
0.32861328125,-0.588623046875,0.737548828125,-2.807616949081421,0.6713866591453552,-0.54931640625
0.32421875,-0.59228515625,0.738525390625,-1.6479490995407104,3.051757574081421,-1.6479490995407104
0.3182373046875,-0.593505859375,0.7471923828125,-1.5258787870407104,2.0751953125,-1.4648436307907104
0.3189697265625,-0.591552734375,0.7462158203125,-0.9155272841453552,-0.6713866591453552,-1.03759765625
0.323486328125,-0.5948486328125,0.7396240234375,-0.54931640625,-1.8310545682907104,-0.7324218153953552
0.3289794921875,-0.5987548828125,0.736572265625,-0.9765624403953552,-1.220703125,-0.4272460639476776
0.3328857421875,-0.6007080078125,0.7349853515625,-1.7700194120407104,-0.54931640625,-0.7324218153953552
0.3333740234375,-0.59814453125,0.732177734375,-2.0751953125,-0.54931640625,-1.5258787870407104
0.32568359375,-0.5887451171875,0.732666015625,-1.4038084745407104,-0.9765624403953552,-1.4038084745407104
0.3175048828125,-0.5787353515625,0.7325439453125,-0.4882812201976776,-2.3193359375,0.1831054538488388
0.3197021484375,-0.5806884765625,0.7288818359375,-1.7089842557907104,-4.08935546875,1.7089842557907104
0.33251953125,-0.60400390625,0.7333984375,-4.57763671875,-5.615233898162842,2.38037109375
0.3603515625,-0.63037109375,0.739990234375,-3.845214605331421,-5.981444835662842,0.2441406100988388
0.36083984375,-0.6529541015625,0.7293701171875,-2.01416015625,0.1220703050494194,-2.868652105331421
0.3038330078125,-0.66162109375,0.70263671875,-4.08935546875,7.202147960662842,4.7607421875
0.21337890625,-0.6829833984375,0.7098388671875,-13.549803733825684,2.0751953125,32.04345703125
0.166015625,-0.7708740234375,0.780029296875,-30.456541061401367,-18.00537109375,77.94189453125
0.2703857421875,-0.9515380859375,0.90283203125,-42.785640716552734,-47.607418060302734,136.1083984375
0.5079345703125,-1.267333984375,1.1224365234375,-71.1669921875,-101.31835174560547,186.70652770996094
0.5006103515625,-1.475341796875,1.1353759765625,-170.16600036621094,-169.98289489746094,216.79685974121094
0.186767578125,-1.3720703125,0.5279541015625,-293.8232421875,-154.052734375,207.45848083496094
-0.058837890625,-1.144775390625,-0.2080078125,-327.0873718261719,-46.264644622802734,132.6904296875
-0.0897216796875,-1.044189453125,-0.4425048828125,-244.14060974121094,42.480464935302734,40.344234466552734
0.07470703125,-1.120361328125,-0.3465576171875,-127.80760955810547,65.4296875,-22.644041061401367
0.3890380859375,-1.5509033203125,-1.0533447265625,-159.85107421875,56.152339935302734,-160.21728515625
0.43310546875,-1.4766845703125,-1.1427001953125,-120.97167205810547,77.08740234375,-174.98777770996094
0.4251708984375,-1.2216796875,-0.6551513671875,1.4648436307907104,91.97997283935547,-133.97216796875
0.5115966796875,-0.906982421875,-0.05126953125,77.08740234375,81.23778533935547,-83.31298065185547
0.669677734375,-0.601806640625,0.3009033203125,73.3642578125,73.1201171875,-53.039546966552734
0.715576171875,-0.3397216796875,0.3516845703125,25.451658248901367,95.88622283935547,-37.04833984375
0.5357666015625,-0.112060546875,0.3031005859375,-21.179197311401367,107.36083221435547,8.11767578125
0.1639404296875,-0.0765380859375,0.19970703125,-56.030269622802734,94.60448455810547,84.47264862060547
-0.0999755859375,-0.313232421875,-0.0377197265625,-95.33690643310547,110.53466033935547,125.61034393310547
-0.1197509765625,-0.5987548828125,-0.4127197265625,-134.3994140625,131.40869140625,109.74120330810547
-0.0267333984375,-0.7044677734375,-0.6220703125,-132.080078125,109.49706268310547,73.6083984375
0.17041015625,-0.6146240234375,-0.4764404296875,-64.02587890625,71.4111328125,34.1796875
0.296630859375,-0.5042724609375,-0.165283203125,6.469726085662842,23.925779342651367,18.37158203125
0.164306640625,-0.5167236328125,0.0357666015625,13.122557640075684,-20.080564498901367,38.02490234375
-0.009521484375,-0.6396484375,-0.2298583984375,-40.344234466552734,-18.12744140625,51.269527435302734
0.06396484375,-0.7637939453125,-0.58837890625,-78.0029296875,-5.065917491912842,39.73388671875
0.2734375,-0.83740234375,-0.516845703125,-32.958984375,-15.441893577575684,17.02880859375
0.2801513671875,-0.8909912109375,-0.27734375,34.24072265625,-14.648436546325684,-0.6713866591453552
0.1246337890625,-0.9168701171875,-0.102783203125,53.344722747802734,-2.929687261581421,-4.8828125
0.244873046875,-0.825439453125,-0.121826171875,25.695798873901367,12.634276390075684,-21.179197311401367
0.4833984375,-0.7333984375,-0.287841796875,-17.9443359375,36.56005859375,-36.0107421875
0.4793701171875,-0.8076171875,-0.39453125,-24.047849655151367,30.029294967651367,-1.7089842557907104
0.34326171875,-1.034423828125,-0.413818359375,13.000487327575684,9.521484375,48.034664154052734
0.21044921875,-1.222900390625,-0.421630859375,43.945308685302734,49.743648529052734,68.359375
0.228515625,-1.2322998046875,-0.473876953125,40.466304779052734,101.44042205810547,66.22314453125
0.3607177734375,-1.19775390625,-0.43017578125,-6.713866710662842,70.556640625,40.0390625
0.404296875,-1.16796875,-0.2901611328125,-66.89453125,10.498045921325684,3.662109136581421
0.3250732421875,-1.1075439453125,-0.26318359375,-83.49608612060547,-5.310058116912842,-6.225585460662842
0.27294921875,-1.020751953125,-0.3172607421875,-59.509273529052734,-8.36181640625,5.615233898162842
0.310302734375,-0.9383544921875,-0.328857421875,-35.21728515625,-22.460935592651367,6.225585460662842
0.3448486328125,-0.893798828125,-0.34423828125,-16.05224609375,-26.000974655151367,-11.474608421325684
0.31787109375,-0.859130859375,-0.40478515625,9.033203125,-22.521970748901367,-28.015134811401367
0.2474365234375,-0.8101806640625,-0.38037109375,43.212886810302734,-38.14697265625,-36.376953125
0.1490478515625,-0.768798828125,-0.228515625,100.76903533935547,-81.29882049560547,-43.945308685302734
0.09765625,-0.763671875,-0.187255859375,139.16015625,-87.76854705810547,-42.724605560302734
0.1533203125,-0.806640625,-0.2408447265625,110.16844940185547,-47.668453216552734,-29.541013717651367
0.2421875,-0.8192138671875,-0.21044921875,46.386714935302734,-21.362302780151367,-6.652831554412842
0.302490234375,-0.804443359375,-0.1453857421875,1.5258787870407104,-13.671874046325684,22.460935592651367
0.283447265625,-0.8348388671875,-0.1201171875,10.498045921325684,-9.521484375,32.3486328125
0.1903076171875,-0.8675537109375,-0.1544189453125,51.757808685302734,-10.498045921325684,21.728513717651367
0.118408203125,-0.888427734375,-0.1688232421875,68.9697265625,-27.709959030151367,21.911619186401367
0.1053466796875,-0.901123046875,-0.1175537109375,43.334957122802734,-50.048824310302734,37.17041015625
0.119140625,-0.8740234375,-0.0498046875,5.432128429412842,-50.170894622802734,46.997066497802734
0.1373291015625,-0.8546142578125,-0.0238037109375,-10.498045921325684,-23.925779342651367,40.466304779052734
0.1427001953125,-0.8983154296875,-0.0498046875,-3.112792730331421,5.798339366912842,22.705076217651367
0.1082763671875,-0.9635009765625,-0.072021484375,7.324218273162842,18.6767578125,4.8828125
0.0450439453125,-0.989013671875,-0.066162109375,7.080077648162842,15.563963890075684,-3.967284917831421
0.0172119140625,-0.93896484375,-0.0242919921875,-0.1831054538488388,6.713866710662842,2.01416015625
0.0880126953125,-0.8638916015625,0.01953125,-3.356933355331421,7.812499523162842,14.404295921325684
0.1575927734375,-0.908203125,-0.0140380859375,3.906249761581421,30.700681686401367,8.60595703125
0.1278076171875,-1.02099609375,-0.0848388671875,14.648436546325684,47.424312591552734,-14.282225608825684
0.06103515625,-1.0318603515625,-0.0986328125,12.145995140075684,29.907224655151367,-23.925779342651367
0.02001953125,-0.986572265625,-0.057861328125,-2.3193359375,-0.9155272841453552,-12.390135765075684
0.03271484375,-1.0079345703125,-0.0322265625,-9.521484375,-13.977049827575684,3.967284917831421
0.0947265625,-1.0833740234375,-0.0528564453125,-3.234863042831421,-8.6669921875,18.98193359375
0.1607666015625,-1.1025390625,-0.0858154296875,3.112792730331421,-3.295898199081421,33.0810546875
0.181640625,-1.0382080078125,-0.0738525390625,-1.9531248807907104,-5.310058116912842,37.29248046875
0.15478515625,-0.9847412109375,-0.00927734375,-11.352538108825684,-5.126952648162842,24.169919967651367
0.0853271484375,-0.984619140625,0.01416015625,-3.906249761581421,5.615233898162842,0.0
-0.0042724609375,-1.0157470703125,-0.039794921875,18.1884765625,17.51708984375,-18.06640625
-0.0074462890625,-1.0601806640625,-0.0648193359375,8.056640625,0.1831054538488388,2.01416015625
0.0406494140625,-1.04248046875,-0.05859375,-9.6435546875,-9.58251953125,14.648436546325684
0.0439453125,-0.992431640625,-0.0960693359375,-17.15087890625,-10.803221702575684,12.451170921325684
0.00390625,-0.884521484375,-0.12451171875,-26.245115280151367,-13.427733421325684,-1.5869139432907104
-0.0257568359375,-0.544921875,-0.0810546875,-43.823238372802734,-16.9677734375,-6.225585460662842
-0.019287109375,-0.1124267578125,-0.0142822265625,-54.626461029052734,-12.634276390075684,14.770506858825684
-0.003662109375,0.0712890625,0.0142822265625,-52.551265716552734,-4.94384765625,40.0390625
0.002197265625,0.052978515625,0.010009765625,-47.302242279052734,-1.03759765625,48.645015716552734
-0.001708984375,-0.01220703125,-0.0029296875,-44.250484466552734,-0.8544921278953552,46.630855560302734
-0.0106201171875,-0.04833984375,-0.0107421875,-43.945308685302734,-2.38037109375,45.471187591552734
-0.0357666015625,-0.056640625,-0.019287109375,-49.072261810302734,-11.047362327575684,63.293453216552734
-0.055419921875,-0.0614013671875,-0.0311279296875,-53.649898529052734,-19.775390625,80.26123046875
-0.0789794921875,-0.0701904296875,-0.0489501953125,-59.265132904052734,-31.005857467651367,98.93798065185547
-0.103515625,-0.07958984375,-0.0654296875,-65.61279296875,-43.518062591552734,116.57714080810547
-0.1356201171875,-0.08837890625,-0.0770263671875,-72.93701171875,-55.908199310302734,132.080078125
-0.177978515625,-0.0943603515625,-0.086181640625,-81.23778533935547,-69.7021484375,146.78955078125
-0.4959716796875,-0.33642578125,0.10400390625,-84.16747283935547,-100.52489471435547,168.70115661621094
-0.5308837890625,-0.4083251953125,0.373779296875,-56.701656341552734,-174.25535583496094,199.95115661621094
-0.22705078125,-0.323974609375,0.4005126953125,-15.747069358825684,-182.55613708496094,130.7373046875
-0.431396484375,-0.39306640625,0.186279296875,-0.30517578125,-90.63719940185547,-2.990722417831421
-0.98095703125,-0.313720703125,-0.1929931640625,-7.812499523162842,33.935546875,-18.24951171875
-0.9168701171875,-0.34619140625,-0.173828125,-4.69970703125,18.85986328125,12.329100608825684
-0.84912109375,-0.39501953125,-0.1331787109375,-3.784179449081421,-2.38037109375,29.235837936401367
-0.8768310546875,-0.411376953125,-0.1170654296875,-4.7607421875,-8.11767578125,34.97314453125
-0.9306640625,-0.393310546875,-0.1214599609375,-6.774901866912842,-7.385253429412842,34.72900390625
-0.9520263671875,-0.3736572265625,-0.1356201171875,-10.131834983825684,-4.5166015625,31.005857467651367
-0.9700927734375,-0.3587646484375,-0.1595458984375,-13.427733421325684,-0.7934569716453552,27.526853561401367
-0.989013671875,-0.339599609375,-0.1669921875,-12.451170921325684,0.3662109076976776,25.207517623901367
-1.0101318359375,-0.3275146484375,-0.159423828125,-7.812499523162842,-0.8544921278953552,23.559568405151367
-1.038330078125,-0.322998046875,-0.161865234375,-4.45556640625,-1.8310545682907104,21.728513717651367
-1.0399169921875,-0.314453125,-0.1632080078125,-2.746581792831421,-2.01416015625,16.29638671875
-1.0174560546875,-0.3040771484375,-0.156494140625,-2.01416015625,-2.25830078125,8.4228515625
-1.004638671875,-0.291015625,-0.1561279296875,-1.8920897245407104,-1.220703125,2.685546636581421
-0.984375,-0.2730712890625,-0.1595458984375,-0.9155272841453552,0.6103515625,-1.7089842557907104
-0.9437255859375,-0.2618408203125,-0.156982421875,-0.0610351525247097,0.0610351525247097,-4.5166015625
-0.914794921875,-0.2596435546875,-0.1416015625,-0.7934569716453552,-2.868652105331421,-2.990722417831421
-0.9229736328125,-0.2545166015625,-0.1307373046875,-2.3193359375,-3.784179449081421,1.15966796875
-0.9527587890625,-0.24951171875,-0.138671875,-4.33349609375,-2.38037109375,3.906249761581421
-0.961181640625,-0.2506103515625,-0.146484375,-5.920409679412842,-1.7700194120407104,3.845214605331421
-0.93994140625,-0.256591796875,-0.1488037109375,-5.737304210662842,-1.5869139432907104,2.685546636581421
-0.928466796875,-0.2598876953125,-0.1500244140625,-3.417968511581421,-1.15966796875,3.295898199081421
-0.94091796875,-0.26025390625,-0.1544189453125,-0.9155272841453552,-0.9155272841453552,5.371093273162842
-0.9617919921875,-0.26025390625,-0.156982421875,-0.0,-0.54931640625,7.141112804412842
-0.9833984375,-0.2535400390625,-0.151611328125,-0.1220703050494194,-0.7324218153953552,8.48388671875
-0.993408203125,-0.2452392578125,-0.152099609375,-1.0986328125,-1.220703125,8.30078125
-0.9830322265625,-0.243896484375,-0.1566162109375,-1.9531248807907104,-0.3662109076976776,5.493163585662842
-0.970458984375,-0.245361328125,-0.150634765625,-1.03759765625,0.2441406100988388,2.563476324081421
-0.96533203125,-0.2449951171875,-0.1422119140625,0.6103515625,-0.1220703050494194,1.7700194120407104
-0.964111328125,-0.2418212890625,-0.14208984375,1.4648436307907104,-0.30517578125,2.0751953125
-0.9659423828125,-0.22216796875,-0.137939453125,1.220703125,-1.4648436307907104,3.051757574081421
-0.9371337890625,-0.2216796875,-0.12060546875,1.15966796875,1.220703125,3.723144292831421
-0.9500732421875,-0.2177734375,-0.1385498046875,0.2441406100988388,2.13623046875,5.981444835662842
-0.9710693359375,-0.20947265625,-0.1502685546875,-0.1831054538488388,1.3427733182907104,7.812499523162842
-0.974853515625,-0.2054443359375,-0.1485595703125,-0.1220703050494194,0.2441406100988388,7.446288585662842
-0.967529296875,-0.205322265625,-0.14404296875,-0.1831054538488388,0.0610351525247097,6.835937023162842
-0.9609375,-0.20068359375,-0.145263671875,-0.4272460639476776,1.15966796875,7.812499523162842
-0.9439697265625,-0.1871337890625,-0.15576171875,-0.7934569716453552,2.868652105331421,9.82666015625
-0.9315185546875,-0.1724853515625,-0.1549072265625,-1.3427733182907104,6.958007335662842,14.526366233825684
-0.94921875,-0.1517333984375,-0.155517578125,-2.685546636581421,13.732909202575684,22.155759811401367
-0.973876953125,-0.126953125,-0.1744384765625,-3.234863042831421,18.06640625,25.085447311401367
-0.99072265625,-0.1192626953125,-0.18310546875,-1.7700194120407104,15.686034202575684,21.850584030151367
-1.0047607421875,-0.122314453125,-0.1802978515625,-2.50244140625,4.5166015625,19.34814453125
-1.0281982421875,-0.11669921875,-0.17626953125,-4.2724609375,-9.8876953125,17.7001953125
-1.0594482421875,-0.114013671875,-0.1737060546875,-0.0610351525247097,-14.160155296325684,14.404295921325684
-1.0599365234375,-0.13330078125,-0.13232421875,11.352538108825684,-8.36181640625,8.23974609375
-1.00732421875,-0.1468505859375,-0.0733642578125,18.9208984375,-8.4228515625,-1.6479490995407104
-1.0069580078125,-0.10791015625,-0.088134765625,2.50244140625,-14.282225608825684,-5.493163585662842
-0.987060546875,-0.09228515625,-0.1512451171875,-15.258788108825684,-24.841306686401367,-12.390135765075684
-0.989013671875,-0.094970703125,-0.20556640625,-19.4091796875,-42.297359466552734,-20.874021530151367
-1.028564453125,-0.1376953125,-0.1942138671875,-12.573241233825684,-59.509273529052734,-31.494138717651367
-1.1744384765625,-0.27734375,-0.1170654296875,-3.479003667831421,-70.98388671875,-45.776363372802734
-1.4473876953125,-0.55859375,-0.1009521484375,-1.03759765625,-49.072261810302734,-61.584468841552734
-1.902099609375,-0.8980712890625,-0.418701171875,-10.253905296325684,10.437010765075684,-83.55712127685547
-2.149658203125,-1.057861328125,-0.6529541015625,6.652831554412842,63.415523529052734,-155.45654296875
-1.9251708984375,-1.04296875,-0.4588623046875,40.588375091552734,101.80663299560547,-275.390625
-1.5361328125,-0.9927978515625,-0.254150390625,32.89794921875,142.333984375,-365.6615905761719
-1.0054931640625,-0.9356689453125,-0.172607421875,10.742186546325684,171.87498474121094,-403.8085632324219
-0.33642578125,-0.9420166015625,-0.1116943359375,16.2353515625,169.79978942871094,-410.7055358886719
0.2967529296875,-1.0517578125,0.056884765625,31.188962936401367,131.34765625,-369.7509460449219
0.730712890625,-1.1339111328125,0.3416748046875,31.127927780151367,68.54248046875,-273.0712890625
0.8857421875,-1.0361328125,0.4515380859375,15.197752952575684,40.344234466552734,-173.21775817871094
0.7945556640625,-0.806396484375,0.2158203125,-11.596678733825684,70.49560546875,-102.11180877685547
0.5638427734375,-0.51416015625,-0.0489501953125,-26.794431686401367,75.439453125,-26.550291061401367
0.3466796875,-0.213623046875,-0.100341796875,-8.11767578125,0.6103515625,76.0498046875
0.310791015625,0.110107421875,-0.0633544921875,16.11328125,-54.626461029052734,155.09033203125
0.0621337890625,0.3050537109375,-0.194091796875,-2.929687261581421,27.160642623901367,181.15232849121094
-0.7293701171875,0.098388671875,-0.5445556640625,-58.532711029052734,171.50877380371094,189.39207458496094
-1.322265625,-0.271728515625,-0.4046630859375,-42.907711029052734,185.36375427246094,167.84666442871094
-0.5792236328125,-0.4688720703125,0.1982421875,60.607906341552734,28.381345748901367,50.964351654052734
0.6630859375,-0.584716796875,0.255126953125,69.091796875,-64.51416015625,-107.66600799560547
0.722900390625,-0.8502197265625,-0.197998046875,-51.940914154052734,-3.112792730331421,-116.82128143310547
0.3863525390625,-1.0477294921875,-0.4423828125,-109.68016815185547,28.991697311401367,-13.549803733825684
0.380615234375,-1.00048828125,-0.3736572265625,-55.786128997802734,9.82666015625,24.108884811401367
0.1617431640625,-0.9300537109375,-0.2940673828125,-1.7089842557907104,22.460935592651367,16.54052734375
0.0948486328125,-0.847900390625,-0.200439453125,16.78466796875,29.541013717651367,-2.25830078125
0.336181640625,-0.791259765625,-0.1171875,-2.624511480331421,22.888181686401367,-52.429195404052734
0.4212646484375,-0.8558349609375,-0.1817626953125,-40.405269622802734,38.6962890625,-90.94237518310547
0.3603515625,-0.9315185546875,-0.215087890625,-30.517576217651367,39.794921875,-80.44432830810547
0.238525390625,-0.9852294921875,-0.1663818359375,15.563963890075684,11.108397483825684,-40.649410247802734
0.1806640625,-1.0643310546875,-0.1881103515625,36.865234375,-23.742673873901367,-23.925779342651367
0.3707275390625,-1.08251953125,-0.190673828125,27.343748092651367,-53.466793060302734,-58.471675872802734
0.5001220703125,-0.992431640625,-0.19775390625,27.221677780151367,-62.683101654052734,-83.67919158935547
0.48193359375,-0.902587890625,-0.244873046875,51.574703216552734,-46.264644622802734,-26.672361373901367
0.453125,-0.987060546875,-0.187255859375,53.710933685302734,-21.606443405151367,60.119625091552734
0.4290771484375,-1.1029052734375,-0.086181640625,31.127927780151367,12.268065452575684,106.56737518310547
0.5042724609375,-1.0926513671875,-0.1285400390625,19.775390625,62.072750091552734,120.17821502685547
0.470947265625,-1.0780029296875,-0.1812744140625,-11.901854515075684,95.94725799560547,85.26610565185547
0.185546875,-1.060546875,-0.1505126953125,-70.80078125,27.770994186401367,-10.498045921325684
0.16552734375,-1.0103759765625,-0.1658935546875,-49.255367279052734,-31.311033248901367,13.366698265075684
0.194091796875,-0.967529296875,-0.1768798828125,-28.259275436401367,-74.52392578125,46.325679779052734
0.2169189453125,-0.9486083984375,-0.224609375,-23.925779342651367,-80.2001953125,58.410640716552734
0.13720703125,-0.9449462890625,-0.3128662109375,-31.372068405151367,-16.6015625,8.85009765625
0.125244140625,-0.9097900390625,-0.3236083984375,-24.780271530151367,6.835937023162842,-10.925292015075684
0.1513671875,-0.8687744140625,-0.2928466796875,-4.8828125,7.446288585662842,-6.652831554412842
0.17626953125,-0.8660888671875,-0.244384765625,26.916501998901367,-1.7700194120407104,1.7089842557907104
0.1663818359375,-0.90869140625,-0.215087890625,58.654781341552734,-6.530761241912842,2.44140625
0.1357421875,-0.9375,-0.21923828125,65.12451171875,-1.9531248807907104,4.39453125
0.1082763671875,-0.919921875,-0.2122802734375,37.59765625,2.746581792831421,7.507323741912842
0.1009521484375,-0.8509521484375,-0.171630859375,-4.8828125,9.46044921875,5.798339366912842
0.084228515625,-0.8131103515625,-0.1597900390625,-27.282712936401367,31.005857467651367,-7.080077648162842
0.05615234375,-0.851806640625,-0.18798828125,-7.507323741912842,40.588375091552734,-24.169919967651367
0.0635986328125,-0.864990234375,-0.1988525390625,27.343748092651367,18.798828125,-27.160642623901367
0.0797119140625,-0.8409423828125,-0.1920166015625,40.649410247802734,-11.108397483825684,-21.179197311401367
0.0513916015625,-0.8585205078125,-0.1973876953125,3.356933355331421,-55.847164154052734,-4.82177734375
0.0745849609375,-0.8739013671875,-0.1640625,-24.902341842651367,-74.27978515625,15.075682640075684
0.11083984375,-0.9017333984375,-0.1046142578125,-34.0576171875,-67.2607421875,32.65380859375
0.105224609375,-0.9134521484375,-0.0986328125,-8.36181640625,-30.334470748901367,32.40966796875
0.0635986328125,-0.8983154296875,-0.11669921875,33.203125,6.896972179412842,16.9677734375
0.0194091796875,-0.92578125,-0.0941162109375,61.828609466552734,22.216794967651367,3.051757574081421
0.003662109375,-1.0361328125,-0.0540771484375,71.533203125,21.545408248901367,3.417968511581421
0.019775390625,-1.1490478515625,-0.0361328125,68.115234375,17.15087890625,12.878417015075684
0.04345703125,-1.17578125,-0.0289306640625,51.757808685302734,12.756346702575684,15.747069358825684
0.060546875,-1.124755859375,-0.0113525390625,25.329587936401367,8.7890625,10.559081077575684
0.0633544921875,-1.05419921875,-0.0084228515625,5.432128429412842,7.690429210662842,5.126952648162842
0.044677734375,-0.9722900390625,-0.0252685546875,1.2817381620407104,10.559081077575684,1.7700194120407104
-0.0169677734375,-0.89013671875,-0.061767578125,0.3662109076976776,12.268065452575684,-2.746581792831421
-0.076171875,-0.6541748046875,-0.08447265625,-9.27734375,-6.286620616912842,-2.624511480331421
-0.059814453125,-0.2447509765625,-0.0496826171875,-24.719236373901367,-53.466793060302734,22.033689498901367
0.0115966796875,0.06396484375,0.0120849609375,-38.51318359375,-112.54882049560547,79.28466796875
0.007568359375,0.0078125,0.0091552734375,-35.64453125,-108.64257049560547,80.44432830810547
-0.0087890625,-0.0408935546875,0.00244140625,-32.1044921875,-101.80663299560547,78.18603515625
-0.0277099609375,-0.0601806640625,-0.0025634765625,-29.968259811401367,-99.60936737060547,83.74022674560547
-0.046630859375,-0.0648193359375,-0.0048828125,-29.418943405151367,-101.92870330810547,100.34178924560547
-0.0689697265625,-0.0689697265625,-0.003662109375,-30.090330123901367,-106.14012908935547,125.61034393310547
-0.099365234375,-0.0770263671875,-0.0003662109375,-31.494138717651367,-109.80223846435547,154.9072265625
-0.1390380859375,-0.0843505859375,0.0045166015625,-32.1044921875,-111.14501190185547,185.05857849121094
-0.1771240234375,-0.0859375,0.012451171875,-30.822751998901367,-110.16844940185547,215.08787536621094
-0.5225830078125,-0.2886962890625,-0.072265625,-11.230467796325684,-128.84521484375,246.64305114746094
-0.5546875,-0.2044677734375,0.2718505859375,230.95701599121094,-355.1025085449219,338.0736999511719
-0.0361328125,0.2879638671875,0.865234375,493.3471374511719,-522.5830078125,384.2773132324219
0.1224365234375,0.362060546875,0.7147216796875,62.866207122802734,-19.775390625,28.808591842651367
0.1241455078125,0.2176513671875,0.64013671875,-52.734371185302734,45.471187591552734,-47.302242279052734
0.1812744140625,0.1956787109375,0.680419921875,-22.644041061401367,13.854979515075684,-40.161128997802734
0.2249755859375,0.24853515625,0.7625732421875,34.423828125,-23.315427780151367,-16.05224609375
0.2672119140625,0.335205078125,0.84033203125,64.453125,-41.992183685302734,-11.413573265075684
0.28271484375,0.4375,0.8983154296875,65.97900390625,-33.75244140625,-22.216794967651367
0.283935546875,0.5316162109375,0.9276123046875,57.373043060302734,-15.258788108825684,-24.291990280151367
0.2890625,0.5814208984375,0.9268798828125,47.180171966552734,-7.080077648162842,-12.878417015075684
0.294189453125,0.5875244140625,0.90380859375,36.7431640625,-7.873534679412842,-2.563476324081421
0.283935546875,0.5838623046875,0.8759765625,27.770994186401367,-7.385253429412842,-0.7934569716453552
0.27099609375,0.5850830078125,0.8487548828125,20.751951217651367,-5.493163585662842,-0.8544921278953552
0.2763671875,0.5927734375,0.8253173828125,15.808104515075684,-6.469726085662842,2.38037109375
0.29150390625,0.6007080078125,0.8104248046875,12.329100608825684,-6.713866710662842,4.21142578125
0.295166015625,0.59912109375,0.79736328125,8.9111328125,-3.540038824081421,2.197265625
0.2803955078125,0.578369140625,0.783203125,4.57763671875,0.6713866591453552,0.9155272841453552
0.2711181640625,0.5589599609375,0.77392578125,1.7089842557907104,2.44140625,2.746581792831421
0.268310546875,0.55419921875,0.7701416015625,1.6479490995407104,2.44140625,4.2724609375
0.2640380859375,0.56396484375,0.769287109375,2.807616949081421,2.38037109375,4.0283203125
0.261962890625,0.5789794921875,0.7686767578125,3.540038824081421,1.9531248807907104,3.967284917831421
0.26220703125,0.5765380859375,0.763671875,2.0751953125,1.03759765625,5.310058116912842
0.2606201171875,0.55224609375,0.7509765625,-0.30517578125,0.30517578125,6.774901866912842
0.2564697265625,0.534912109375,0.739990234375,0.1220703050494194,0.0610351525247097,6.225585460662842
0.259765625,0.55029296875,0.739990234375,3.479003667831421,-0.1220703050494194,4.08935546875
0.2689208984375,0.5718994140625,0.7445068359375,6.103515148162842,0.7324218153953552,2.13623046875
0.2801513671875,0.5770263671875,0.738037109375,6.958007335662842,3.784179449081421,3.723144292831421
0.330322265625,0.5645751953125,0.7327880859375,8.36181640625,-0.4882812201976776,18.9208984375
0.36181640625,0.5341796875,0.7393798828125,8.36181640625,-21.118162155151367,59.387203216552734
0.35400390625,0.496826171875,0.725341796875,-0.1831054538488388,-30.395505905151367,82.58055877685547
0.357421875,0.4827880859375,0.7105712890625,-13.977049827575684,-10.742186546325684,39.85595703125
0.3369140625,0.5262451171875,0.7252197265625,-23.315427780151367,16.2353515625,-34.97314453125
0.2967529296875,0.5440673828125,0.7220458984375,-21.911619186401367,30.639646530151367,-73.3642578125
0.319091796875,0.49365234375,0.69580078125,0.9155272841453552,21.301267623901367,-49.316402435302734
0.380126953125,0.4664306640625,0.681396484375,35.21728515625,-7.873534679412842,2.3193359375
0.419921875,0.5084228515625,0.686767578125,51.086421966552734,-42.724605560302734,43.334957122802734
0.53076171875,0.5438232421875,0.686767578125,20.690916061401367,-91.55272674560547,80.93260955810547
0.591064453125,0.460693359375,0.6328125,14.404295921325684,-87.46337127685547,75.25634765625
0.6251220703125,0.4425048828125,0.5640869140625,28.747556686401367,-65.12451171875,65.73486328125
0.6619873046875,0.480712890625,0.50634765625,42.907711029052734,-49.560543060302734,67.2607421875
0.696044921875,0.540283203125,0.455078125,40.405269622802734,-52.917476654052734,80.26123046875
0.759765625,0.5882568359375,0.4495849609375,27.099607467651367,-77.392578125,105.95702362060547
0.8759765625,0.5482177734375,0.4637451171875,17.578125,-104.18700408935547,148.01025390625
1.0609130859375,0.3746337890625,0.4246826171875,12.695311546325684,-102.78319549560547,185.79100036621094
1.262451171875,0.22314453125,0.467529296875,-4.8828125,-72.75390625,177.12400817871094
1.515625,0.1463623046875,0.7071533203125,-38.330078125,-14.526366233825684,156.982421875
1.7510986328125,-0.039794921875,1.145263671875,-48.583980560302734,99.85350799560547,164.36766052246094
1.8802490234375,-0.1273193359375,1.9124755859375,19.53125,234.37498474121094,145.93505859375
1.8514404296875,-0.0072021484375,2.3271484375,72.75390625,308.9599609375,99.97557830810547
1.5018310546875,0.002197265625,1.85791015625,-4.57763671875,351.3793640136719,77.94189453125
1.0628662109375,-0.21875,1.1259765625,-122.86376190185547,408.0810241699219,69.03076171875
0.5986328125,-0.5572509765625,0.4832763671875,-189.81932067871094,426.3915710449219,50.659175872802734
-0.1439208984375,-0.844482421875,-0.080322265625,-209.41160583496094,378.2958679199219,48.950191497802734
-0.8460693359375,-0.9462890625,-0.3660888671875,-174.25535583496094,301.33056640625,43.457027435302734
-1.023681640625,-0.8485107421875,-0.2939453125,-108.52050018310547,167.66355895996094,-16.41845703125
-0.6712646484375,-0.559814453125,-0.254638671875,-73.18115234375,28.869626998901367,-95.94725799560547
-0.1265869140625,-0.1888427734375,-0.185546875,-48.706050872802734,-7.690429210662842,-142.15087890625
0.224609375,-0.0025634765625,0.173095703125,3.906249761581421,10.192870140075684,-161.13279724121094
0.1988525390625,0.021484375,0.533447265625,41.809078216552734,34.48486328125,-152.28271484375
0.0147705078125,0.005126953125,0.673828125,32.65380859375,61.889644622802734,-126.70897674560547
0.3251953125,-0.171142578125,0.54296875,3.967284917831421,46.447750091552734,-123.47411346435547
0.775634765625,-0.458984375,0.25927734375,-17.2119140625,-56.335445404052734,-93.62792205810547
0.426513671875,-0.576904296875,0.2462158203125,-3.601073980331421,-144.22607421875,6.286620616912842
-0.27490234375,-0.528076171875,0.6292724609375,46.142574310302734,-120.05614471435547,84.59471893310547
-0.4501953125,-0.5927734375,0.81689453125,53.710933685302734,-68.17626953125,66.22314453125
-0.2440185546875,-0.761962890625,0.599365234375,-9.46044921875,-26.062009811401367,4.8828125
-0.1083984375,-0.8468017578125,0.45849609375,-50.048824310302734,20.263669967651367,-25.268552780151367
-0.0616455078125,-0.8525390625,0.5355224609375,-37.353515625,25.268552780151367,-26.489255905151367
-0.072509765625,-0.845703125,0.6240234375,-25.451658248901367,-5.065917491912842,-17.578125
-0.08203125,-0.8665771484375,0.4764404296875,-40.222164154052734,-6.896972179412842,0.30517578125
0.01171875,-0.92529296875,0.185791015625,-62.316890716552734,32.89794921875,1.8310545682907104
0.0631103515625,-0.9500732421875,0.11181640625,-50.842281341552734,60.607906341552734,-12.268065452575684
0.010986328125,-0.9478759765625,0.2435302734375,-13.244627952575684,49.682613372802734,-12.329100608825684
0.0068359375,-0.947509765625,0.3814697265625,7.873534679412842,31.860349655151367,-1.8920897245407104
-0.004638671875,-0.9365234375,0.4722900390625,7.934569835662842,24.536130905151367,9.70458984375
-0.0745849609375,-0.917236328125,0.4610595703125,-1.15966796875,22.033689498901367,13.549803733825684
-0.0462646484375,-0.9393310546875,0.313720703125,-16.41845703125,10.681151390075684,-7.019042491912842
0.0130615234375,-0.9522705078125,0.2607421875,-18.798828125,-5.676269054412842,-24.353025436401367
-0.0242919921875,-0.955078125,0.3922119140625,-7.934569835662842,-14.221190452575684,-11.474608421325684
-0.053466796875,-1.0806884765625,0.47802734375,-10.559081077575684,-35.15625,2.685546636581421
0.029296875,-1.2276611328125,0.4764404296875,-32.470703125,-58.105464935302734,-8.056640625
0.106689453125,-1.2581787109375,0.43994140625,-54.809566497802734,-62.744136810302734,-38.2080078125
0.0537109375,-1.13427734375,0.3912353515625,-48.156734466552734,-63.049312591552734,-40.954586029052734
-0.005126953125,-0.9923095703125,0.3070068359375,26.062009811401367,-24.169919967651367,24.597166061401367
-0.0169677734375,-0.9569091796875,0.2178955078125,124.87792205810547,60.180660247802734,102.35594940185547
-0.06494140625,-0.9271240234375,0.2593994140625,134.46044921875,92.40721893310547,109.19188690185547
-0.1502685546875,-0.882568359375,0.3646240234375,63.964839935302734,34.912109375,60.546871185302734
-0.2088623046875,-0.8756103515625,0.4227294921875,-32.28759765625,-56.640621185302734,24.963376998901367
-0.1898193359375,-0.8719482421875,0.40478515625,-33.0810546875,-43.579097747802734,35.64453125
-0.1845703125,-0.858642578125,0.3885498046875,-16.90673828125,-26.855466842651367,32.04345703125
-0.1876220703125,-0.85595703125,0.37939453125,-7.873534679412842,-18.5546875,21.301267623901367
-0.185302734375,-0.8675537109375,0.379638671875,-19.47021484375,-18.37158203125,18.5546875
-0.186767578125,-0.8828125,0.384521484375,-38.6962890625,-18.06640625,20.935056686401367
-0.193115234375,-0.8795166015625,0.3858642578125,-46.813961029052734,-10.375975608825684,19.53125
-0.18994140625,-0.873779296875,0.3782958984375,-40.649410247802734,-4.82177734375,12.145995140075684
-0.19921875,-0.908203125,0.34814453125,-28.747556686401367,-9.70458984375,-1.220703125
-0.212158203125,-0.949951171875,0.3258056640625,-26.916501998901367,-16.4794921875,-14.465331077575684
-0.1986083984375,-0.9595947265625,0.315185546875,-34.60693359375,-18.5546875,-20.202634811401367
-0.18310546875,-0.97216796875,0.278564453125,-34.24072265625,-19.775390625,-20.01953125
-0.1669921875,-0.9827880859375,0.231201171875,-28.137205123901367,-15.014647483825684,-13.244627952575684
-0.1446533203125,-0.9508056640625,0.1961669921875,-26.489255905151367,-1.7089842557907104,4.7607421875
-0.13232421875,-0.8623046875,0.166015625,-25.512693405151367,5.676269054412842,26.611326217651367
-0.13037109375,-0.771240234375,0.145263671875,-25.695798873901367,3.173827886581421,32.40966796875
-0.135009765625,-0.75048828125,0.14599609375,-27.954099655151367,-1.220703125,16.66259765625
-0.141845703125,-0.7861328125,0.1517333984375,-24.108884811401367,-4.8828125,-0.7324218153953552
-0.14794921875,-0.8389892578125,0.1448974609375,-12.145995140075684,-8.9111328125,-5.187987804412842
-0.150146484375,-0.8863525390625,0.1351318359375,-1.4038084745407104,-12.756346702575684,-2.197265625
-0.152587890625,-0.9251708984375,0.131591796875,-0.7934569716453552,-13.488768577575684,-4.39453125
-0.1640625,-0.9666748046875,0.1356201171875,-8.9111328125,-9.46044921875,-16.41845703125
-0.1641845703125,-0.9871826171875,0.13427734375,-17.15087890625,-0.7324218153953552,-28.991697311401367
-0.1348876953125,-1.0068359375,0.10888671875,-20.202634811401367,11.901854515075684,-33.935546875
-0.114013671875,-1.0484619140625,0.08642578125,-23.437498092651367,20.080564498901367,-32.28759765625
-0.112548828125,-1.0526123046875,0.088623046875,-28.076169967651367,21.179197311401367,-22.949216842651367
-0.10009765625,-1.0078125,0.089599609375,-24.719236373901367,23.254392623901367,-7.507323741912842
-0.0811767578125,-0.9659423828125,0.079833984375,-13.488768577575684,28.625486373901367,0.4272460639476776
-0.0731201171875,-0.962646484375,0.068115234375,-3.662109136581421,32.958984375,0.1220703050494194
-0.082763671875,-0.9527587890625,0.0560302734375,-2.197265625,28.808591842651367,6.347655773162842
-0.1162109375,-0.7830810546875,0.037353515625,-12.512206077575684,18.12744140625,18.85986328125
-0.0980224609375,-0.37548828125,0.0118408203125,-30.822751998901367,9.58251953125,32.89794921875
-0.0277099609375,-0.012939453125,-0.005126953125,-45.593257904052734,6.408690929412842,46.142574310302734
0.00439453125,0.0787353515625,-0.009033203125,-50.476070404052734,6.835937023162842,52.795406341552734
-0.00146484375,0.0260009765625,-0.00830078125,-49.438472747802734,6.896972179412842,55.358882904052734
-0.0205078125,-0.03515625,-0.0091552734375,-47.912593841552734,4.21142578125,60.058589935302734
-0.039306640625,-0.060791015625,-0.013427734375,-47.973628997802734,-1.3427733182907104,70.12939453125
-0.0589599609375,-0.0640869140625,-0.020263671875,-49.194332122802734,-8.6669921875,85.14403533935547
-0.0809326171875,-0.0645751953125,-0.027099609375,-51.025386810302734,-17.51708984375,102.72216033935547
-0.1055908203125,-0.0692138671875,-0.034912109375,-52.856441497802734,-29.357908248901367,121.09374237060547
-0.1656494140625,-0.0784912109375,-0.0377197265625,-58.410640716552734,-65.73486328125,160.58349609375
-0.19580078125,-0.0738525390625,-0.0279541015625,-62.683101654052734,-92.40721893310547,181.64060974121094
-1.0050048828125,-0.171875,-0.105712890625,-75.3173828125,-134.3994140625,224.42625427246094
-2.158935546875,-0.4256591796875,0.006103515625,-113.28124237060547,-162.23143005371094,320.00732421875
-1.4544677734375,-0.2086181640625,0.10107421875,-109.00878143310547,-70.80078125,355.4687194824219
-0.2574462890625,0.24560546875,-0.0772705078125,-46.325679779052734,48.095699310302734,240.60057067871094
-0.3935546875,0.2322998046875,-0.146484375,13.427733421325684,48.522945404052734,78.0029296875
-0.7015380859375,0.1539306640625,-0.1121826171875,38.6962890625,-1.0986328125,5.676269054412842
-0.8001708984375,0.2078857421875,-0.0377197265625,11.596678733825684,-30.761716842651367,15.747069358825684
-0.9058837890625,0.254638671875,0.0086669921875,-25.817869186401367,-26.855466842651367,14.343260765075684
-1.0018310546875,0.2430419921875,-0.0574951171875,-41.992183685302734,-3.540038824081421,2.44140625
-0.96923828125,0.265869140625,-0.0679931640625,-46.264644622802734,6.347655773162842,7.995604991912842
-0.861328125,0.3603515625,0.0086669921875,-43.151851654052734,-7.995604991912842,27.648923873901367
-0.9393310546875,0.4881591796875,0.0576171875,-28.869626998901367,-21.301267623901367,41.320796966552734
-0.853759765625,0.5472412109375,0.090087890625,-28.808591842651367,-16.90673828125,35.888671875
-0.819091796875,0.550537109375,0.094970703125,-25.268552780151367,-7.019042491912842,15.686034202575684
-0.9093017578125,0.5382080078125,0.07568359375,-21.545408248901367,-4.57763671875,-4.57763671875
-0.9549560546875,0.5189208984375,0.048095703125,-16.29638671875,-12.268065452575684,-9.27734375
-0.956298828125,0.48486328125,0.057373046875,-10.437010765075684,-14.038084983825684,-7.385253429412842
-0.9537353515625,0.4652099609375,0.100341796875,-10.253905296325684,-8.30078125,-4.5166015625
-0.919189453125,0.4654541015625,0.1319580078125,-12.817381858825684,-4.08935546875,1.03759765625
-0.8599853515625,0.4503173828125,0.1331787109375,-10.009765625,-0.0610351525247097,2.3193359375
-0.8216552734375,0.4185791015625,0.128662109375,-5.615233898162842,0.9155272841453552,-1.7700194120407104
-0.8148193359375,0.3927001953125,0.1248779296875,-4.45556640625,-7.080077648162842,-6.469726085662842
-0.8304443359375,0.38525390625,0.1243896484375,-4.57763671875,-18.5546875,-8.85009765625
-0.8955078125,0.3968505859375,0.1622314453125,-5.554198741912842,-19.287109375,-14.404295921325684
-0.9217529296875,0.3905029296875,0.1866455078125,-7.324218273162842,-15.991209983825684,-17.51708984375
-0.920654296875,0.380859375,0.1846923828125,-7.873534679412842,-12.268065452575684,-17.88330078125
-0.9107666015625,0.376953125,0.18408203125,-8.11767578125,-7.263183116912842,-16.29638671875
-0.9166259765625,0.3795166015625,0.196044921875,-8.056640625,-4.0283203125,-14.404295921325684
-0.97119140625,0.3826904296875,0.2618408203125,-3.417968511581421,-5.981444835662842,-8.48388671875
-0.9459228515625,0.37890625,0.251708984375,4.2724609375,-8.48388671875,-1.220703125
-0.898681640625,0.370849609375,0.2158203125,9.3994140625,-11.352538108825684,4.45556640625
-0.8836669921875,0.36474609375,0.1878662109375,7.751464366912842,-9.033203125,4.0283203125
-0.896240234375,0.3646240234375,0.1905517578125,3.540038824081421,-2.685546636581421,0.7934569716453552
-0.9034423828125,0.36328125,0.210205078125,1.6479490995407104,-0.54931640625,-0.0610351525247097
-0.8887939453125,0.3526611328125,0.2108154296875,1.8920897245407104,-2.624511480331421,0.9765624403953552
-0.8643798828125,0.341064453125,0.1976318359375,0.4882812201976776,-4.0283203125,3.417968511581421
-0.848876953125,0.346923828125,0.205078125,-4.2724609375,-3.173827886581421,5.676269054412842
-0.882080078125,0.350830078125,0.208740234375,-6.103515148162842,-1.5869139432907104,-1.5258787870407104
-0.92822265625,0.337646484375,0.1827392578125,-5.126952648162842,-4.39453125,-11.779784202575684
-0.91552734375,0.34326171875,0.2122802734375,-11.718749046325684,-12.695311546325684,-3.601073980331421
-0.8980712890625,0.37548828125,0.2886962890625,-21.606443405151367,-15.747069358825684,16.7236328125
-0.9112548828125,0.4075927734375,0.3089599609375,-19.53125,-10.925292015075684,24.047849655151367
-0.911865234375,0.4180908203125,0.295166015625,-8.1787109375,-7.019042491912842,17.578125
-0.8955078125,0.394287109375,0.2647705078125,-0.4272460639476776,-2.746581792831421,7.507323741912842
-0.871337890625,0.3709716796875,0.258056640625,-2.746581792831421,-0.1220703050494194,-2.13623046875
-0.863525390625,0.3592529296875,0.314453125,-17.15087890625,4.638671875,-14.709471702575684
-0.9222412109375,0.3104248046875,0.34814453125,-35.15625,28.442380905151367,-39.794921875
-1.071533203125,0.2760009765625,0.20703125,-37.841796875,76.35498046875,-57.373043060302734
-1.1802978515625,0.3143310546875,0.0054931640625,-26.489255905151367,110.10741424560547,-28.991697311401367
-1.130859375,0.363037109375,0.108154296875,-21.423337936401367,67.3828125,30.273435592651367
-1.0848388671875,0.4156494140625,0.3775634765625,0.1220703050494194,-7.446288585662842,65.673828125
-1.086181640625,0.51318359375,0.46240234375,63.720699310302734,-33.38623046875,71.59423828125
-1.0501708984375,0.648681640625,0.31005859375,126.64794158935547,-1.5258787870407104,80.62743377685547
-1.165771484375,0.803955078125,0.0494384765625,137.87841796875,58.044429779052734,93.68895721435547
-1.4276123046875,0.94287109375,-0.133056640625,92.83446502685547,70.00732421875,115.47850799560547
-1.5303955078125,1.11279296875,0.08251953125,9.521484375,3.356933355331421,169.49461364746094
-1.373046875,1.18798828125,0.47900390625,-48.095699310302734,-53.100582122802734,230.71287536621094
-0.9771728515625,1.033203125,0.380859375,-7.446288585662842,-35.0341796875,282.2265625
0.40087890625,0.9039306640625,-0.5438232421875,79.4677734375,-1.5258787870407104,349.8534851074219
0.9742431640625,1.0150146484375,-0.7298583984375,42.968746185302734,-6.286620616912842,311.4013671875
1.1005859375,1.0792236328125,-0.641357421875,-4.33349609375,6.042479991912842,202.63670349121094
0.9068603515625,1.094482421875,-0.3870849609375,-39.4287109375,5.554198741912842,84.22850799560547
0.6082763671875,0.9703369140625,-0.138427734375,-45.654293060302734,-17.333984375,8.85009765625
0.2332763671875,0.6466064453125,-0.0291748046875,-30.578611373901367,-28.686521530151367,-45.166011810302734
-0.1358642578125,0.19482421875,-0.104248046875,-8.11767578125,-37.78076171875,-89.96581268310547
-0.300048828125,-0.11572265625,-0.28173828125,4.45556640625,-64.453125,-101.86766815185547
-0.1971435546875,-0.114990234375,-0.27197265625,-21.484373092651367,-147.39990234375,-55.664058685302734
0.1585693359375,0.084228515625,0.0146484375,-77.94189453125,-277.4658203125,34.7900390625
0.490478515625,0.3526611328125,0.3870849609375,-126.28173065185547,-347.1679382324219,83.80126190185547
0.4442138671875,0.590087890625,0.6773681640625,-139.34326171875,-321.6552429199219,52.124019622802734
-0.024658203125,0.7113037109375,0.626220703125,-99.24315643310547,-244.75096130371094,-15.991209983825684
-0.404052734375,0.78466796875,0.135498046875,-18.49365234375,-110.77880096435547,-85.93749237060547
-0.118408203125,0.875732421875,-0.366455078125,39.9169921875,37.78076171875,-93.68895721435547
0.3267822265625,0.9033203125,-0.4822998046875,34.7900390625,75.86669921875,-31.860349655151367
0.382080078125,0.9146728515625,-0.200439453125,-21.484373092651367,8.4228515625,12.329100608825684
0.25048828125,0.958251953125,0.26025390625,-77.7587890625,-34.3017578125,18.24951171875
0.107666015625,0.960205078125,0.444091796875,-72.20458984375,-12.939452171325684,9.521484375
-0.009765625,0.96240234375,0.2344970703125,-14.892577171325684,15.808104515075684,-14.831542015075684
0.0360107421875,0.98193359375,-0.056884765625,28.259275436401367,18.12744140625,-34.423828125
0.20751953125,0.9833984375,-0.153564453125,23.376462936401367,-6.103515148162842,-27.465818405151367
0.2713623046875,1.0084228515625,0.010986328125,0.0610351525247097,-19.83642578125,-30.456541061401367
0.11767578125,1.032958984375,0.1763916015625,9.70458984375,-1.8920897245407104,-57.800289154052734
-0.078857421875,1.03125,0.141845703125,46.569820404052734,12.512206077575684,-49.621578216552734
-0.1185302734375,1.10888671875,0.01708984375,57.006832122802734,17.88330078125,6.286620616912842
-0.002685546875,1.1893310546875,-0.057861328125,29.663084030151367,13.854979515075684,47.912593841552734
0.105712890625,1.1685791015625,-0.0460205078125,-4.2724609375,-8.6669921875,46.630855560302734
0.1309814453125,1.1304931640625,0.0172119140625,-20.446775436401367,-17.9443359375,33.50830078125
0.185791015625,1.09814453125,0.04150390625,-26.977537155151367,2.197265625,29.296873092651367
0.259521484375,1.0516357421875,0.022705078125,-29.907224655151367,33.8134765625,18.49365234375
0.2149658203125,1.013671875,-0.0238037109375,-11.840819358825684,74.21875,-3.784179449081421
0.0704345703125,1.0302734375,-0.05322265625,20.263669967651367,103.94286346435547,-13.305663108825684
0.014404296875,1.0931396484375,0.0211181640625,35.09521484375,85.93749237060547,-4.5166015625
0.0643310546875,1.1019287109375,0.109130859375,8.23974609375,43.884273529052734,2.50244140625
0.105712890625,1.0140380859375,0.102294921875,-41.870113372802734,37.109375,-5.737304210662842
0.105224609375,0.940185546875,0.0792236328125,-61.035152435302734,72.021484375,-26.306150436401367
0.068359375,0.942138671875,0.1214599609375,-38.330078125,103.82079315185547,-36.43798828125
0.0072021484375,0.932861328125,0.121826171875,-17.51708984375,118.59130096435547,-28.381345748901367
-0.0145263671875,0.874267578125,0.033935546875,-23.986814498901367,114.37987518310547,-28.625486373901367
-0.028076171875,0.8426513671875,0.049560546875,-17.4560546875,68.7255859375,-38.9404296875
-0.0361328125,0.849853515625,0.1715087890625,11.047362327575684,8.30078125,-36.56005859375
-0.0189208984375,0.8365478515625,0.193115234375,5.859374523162842,-19.04296875,-17.9443359375
-0.0316162109375,0.805908203125,0.1392822265625,-22.277830123901367,-12.695311546325684,7.629394054412842
-0.0567626953125,0.8001708984375,0.134765625,-25.878904342651367,0.6713866591453552,24.108884811401367
-0.0614013671875,0.8028564453125,0.1585693359375,-11.779784202575684,3.173827886581421,24.719236373901367
-0.0556640625,0.8004150390625,0.16552734375,-2.25830078125,-3.051757574081421,16.78466796875
-0.044677734375,0.818603515625,0.166015625,3.234863042831421,-7.141112804412842,7.446288585662842
-0.0361328125,0.86279296875,0.16796875,8.30078125,-8.72802734375,3.540038824081421
-0.033935546875,0.9013671875,0.1658935546875,10.986327171325684,-10.742186546325684,5.065917491912842
-0.0269775390625,0.9193115234375,0.1602783203125,11.596678733825684,-13.549803733825684,6.713866710662842
-0.01904296875,0.928955078125,0.14990234375,12.390135765075684,-18.4326171875,7.385253429412842
-0.01220703125,0.9453125,0.1397705078125,13.793944358825684,-21.362302780151367,7.202147960662842
0.00146484375,0.9617919921875,0.1319580078125,15.319823265075684,-19.4091796875,5.493163585662842
0.01953125,0.9632568359375,0.099609375,17.08984375,-18.06640625,4.69970703125
0.0335693359375,0.97119140625,0.07421875,25.390623092651367,-23.132322311401367,10.437010765075684
0.0440673828125,1.0013427734375,0.09716796875,39.9169921875,-29.113767623901367,16.9677734375
0.05322265625,1.0322265625,0.114013671875,39.794921875,-26.367185592651367,14.465331077575684
0.0506591796875,1.03369140625,0.0999755859375,18.85986328125,-15.319823265075684,4.08935546875
0.02734375,0.9798583984375,0.117919921875,-4.69970703125,-4.2724609375,-6.835937023162842
-0.0408935546875,0.888916015625,0.199951171875,-26.550291061401367,6.958007335662842,-21.972654342651367
-0.0411376953125,0.1888427734375,0.0877685546875,-69.51904296875,151.4892578125,-217.16307067871094
0.0162353515625,-0.0662841796875,-0.0091552734375,-57.922359466552734,240.72264099121094,-337.4023132324219
0.0284423828125,-0.0921630859375,-0.0318603515625,-33.02001953125,269.04296875,-379.6996765136719
0.0087890625,-0.035400390625,-0.022216796875,-9.46044921875,259.1552734375,-376.0986022949219
-0.017578125,-0.0,-0.0196533203125,10.009765625,243.65232849121094,-372.7416687011719
-0.034423828125,-0.006591796875,-0.029052734375,28.930662155151367,231.07908630371094,-382.8124694824219
-0.04150390625,-0.0350341796875,-0.03857421875,50.292964935302734,217.65135192871094,-397.3388366699219
-0.0421142578125,-0.0582275390625,-0.041748046875,73.18115234375,201.41600036621094,-403.7475280761719
-0.0291748046875,-0.0650634765625,-0.0400390625,91.91893768310547,187.19480895996094,-395.7519226074219
0.0118408203125,-0.060546875,-0.0325927734375,101.92870330810547,183.77684020996094,-378.8451843261719
0.103271484375,-0.053466796875,-0.0220947265625,104.00389862060547,200.37840270996094,-366.8822937011719
0.2490234375,-0.0496826171875,-0.025634765625,102.35594940185547,243.34715270996094,-369.4457702636719
0.5887451171875,-0.01611328125,-0.511474609375,83.49608612060547,273.681640625,-384.1552429199219
-0.2149658203125,0.3128662109375,-0.91650390625,11.657713890075684,-62.499996185302734,77.94189453125
0.56884765625,-0.3690185546875,-0.3206787109375,10.559081077575684,-17.39501953125,31.249998092651367
0.914794921875,-0.4432373046875,-0.17822265625,19.83642578125,59.692378997802734,-48.828121185302734
1.0174560546875,-0.4305419921875,-0.1473388671875,23.864744186401367,73.54736328125,-59.387203216552734
1.0037841796875,-0.3963623046875,-0.1422119140625,19.775390625,58.166500091552734,-34.423828125
0.9803466796875,-0.3790283203125,-0.130615234375,12.878417015075684,40.893550872802734,-13.366698265075684
0.9757080078125,-0.3883056640625,-0.1220703125,9.09423828125,30.639646530151367,-7.995604991912842
0.9840087890625,-0.401611328125,-0.1240234375,9.46044921875,26.489255905151367,-9.70458984375
0.998291015625,-0.40966796875,-0.1396484375,10.437010765075684,23.498533248901367,-11.108397483825684
1.0081787109375,-0.4097900390625,-0.156494140625,9.09423828125,17.578125,-11.596678733825684
1.00537109375,-0.39208984375,-0.1572265625,5.432128429412842,10.131834983825684,-10.864256858825684
0.9974365234375,-0.369873046875,-0.144775390625,1.03759765625,5.493163585662842,-6.286620616912842
0.9915771484375,-0.3572998046875,-0.1343994140625,-2.0751953125,3.051757574081421,-1.3427733182907104
0.970947265625,-0.3482666015625,-0.1307373046875,-2.868652105331421,-1.7089842557907104,-1.0986328125
0.922607421875,-0.354248046875,-0.1234130859375,-1.220703125,-8.11767578125,-5.737304210662842
0.8887939453125,-0.3565673828125,-0.118896484375,1.03759765625,-7.019042491912842,-10.986327171325684
0.90087890625,-0.3406982421875,-0.1243896484375,1.8920897245407104,1.7700194120407104,-10.131834983825684
0.92431640625,-0.3331298828125,-0.1256103515625,1.4038084745407104,7.446288585662842,-6.958007335662842
0.936279296875,-0.3326416015625,-0.122314453125,-0.1831054538488388,7.995604991912842,-6.347655773162842
0.9373779296875,-0.3267822265625,-0.122802734375,-0.9765624403953552,7.019042491912842,-4.8828125
0.929443359375,-0.3226318359375,-0.1220703125,0.0610351525247097,5.310058116912842,-1.7089842557907104
0.9300537109375,-0.32861328125,-0.1168212890625,2.3193359375,5.0048828125,1.0986328125
0.936767578125,-0.333251953125,-0.1119384765625,4.2724609375,6.896972179412842,1.8310545682907104
0.9373779296875,-0.3232421875,-0.1072998046875,4.45556640625,8.11767578125,0.8544921278953552
0.937744140625,-0.3126220703125,-0.09716796875,3.479003667831421,7.141112804412842,-1.5258787870407104
0.9305419921875,-0.3138427734375,-0.0858154296875,2.563476324081421,5.859374523162842,-3.051757574081421
0.91796875,-0.3209228515625,-0.0816650390625,3.234863042831421,6.713866710662842,-1.4648436307907104
0.9146728515625,-0.3348388671875,-0.0789794921875,4.7607421875,9.82666015625,0.54931640625
0.9254150390625,-0.34130859375,-0.06591796875,3.845214605331421,13.488768577575684,-0.4272460639476776
0.94189453125,-0.333740234375,-0.0462646484375,1.4038084745407104,15.258788108825684,-3.295898199081421
0.9683837890625,-0.3173828125,-0.033447265625,1.9531248807907104,13.916014671325684,-3.723144292831421
0.9783935546875,-0.3099365234375,-0.0347900390625,3.234863042831421,13.183592796325684,-3.173827886581421
0.9747314453125,-0.3048095703125,-0.0330810546875,3.723144292831421,11.230467796325684,-2.13623046875
0.9617919921875,-0.3001708984375,-0.02734375,2.990722417831421,8.9111328125,0.3662109076976776
0.9512939453125,-0.30029296875,-0.016357421875,2.0751953125,8.1787109375,2.990722417831421
0.9407958984375,-0.3077392578125,-0.00390625,1.4648436307907104,8.23974609375,3.662109136581421
0.9371337890625,-0.3153076171875,0.0057373046875,1.0986328125,8.544921875,2.746581792831421
0.9600830078125,-0.323486328125,0.0216064453125,0.9155272841453552,9.8876953125,2.44140625
0.9569091796875,-0.316650390625,0.0252685546875,0.9765624403953552,8.056640625,1.03759765625
0.9464111328125,-0.3057861328125,0.0247802734375,1.0986328125,5.737304210662842,-0.54931640625
0.94677734375,-0.29931640625,0.027099609375,1.8920897245407104,4.638671875,-1.7700194120407104
0.9722900390625,-0.283447265625,0.0234375,2.38037109375,4.150390625,-2.868652105331421
0.9984130859375,-0.267578125,0.01611328125,0.7324218153953552,0.0610351525247097,-6.591796398162842
0.98193359375,-0.252685546875,0.0098876953125,-5.187987804412842,-11.108397483825684,-20.751951217651367
0.934814453125,-0.2235107421875,-0.0064697265625,-16.41845703125,-27.893064498901367,-48.950191497802734
0.9224853515625,-0.2108154296875,-0.04345703125,-31.799314498901367,-44.006343841552734,-75.25634765625
0.91943359375,-0.2032470703125,-0.0823974609375,-45.471187591552734,-53.344722747802734,-81.23778533935547
0.957275390625,-0.1947021484375,-0.1292724609375,-53.894039154052734,-59.204097747802734,-86.24266815185547
1.106201171875,-0.19873046875,-0.21630859375,-57.556148529052734,-65.97900390625,-100.58592987060547
1.271484375,-0.1783447265625,-0.35498046875,-53.771968841552734,-72.021484375,-82.88573455810547
1.380126953125,-0.101806640625,-0.54931640625,-44.250484466552734,-74.03564453125,-32.958984375
1.5364990234375,-0.079833984375,-0.720458984375,-32.958984375,-75.3173828125,2.624511480331421
1.7664794921875,-0.2213134765625,-0.950439453125,-17.76123046875,-107.54393768310547,28.808591842651367
1.9144287109375,-0.4266357421875,-1.3406982421875,8.11767578125,-205.93260192871094,63.537593841552734
1.8671875,-0.420166015625,-1.5535888671875,16.90673828125,-308.2275390625,78.61328125
1.3961181640625,-0.1212158203125,-1.3040771484375,-8.9111328125,-347.3510437011719,65.185546875
0.6551513671875,0.2144775390625,-0.9501953125,-31.799314498901367,-354.3090515136719,80.81053924560547
0.151611328125,0.4896240234375,-0.7852783203125,-42.785640716552734,-359.9853210449219,149.2919921875
-0.2314453125,0.6539306640625,-0.6546630859375,-52.978511810302734,-381.7748718261719,195.25144958496094
-0.57958984375,0.5557861328125,-0.63134765625,-32.71484375,-387.3290710449219,178.10057067871094
-0.61669921875,0.271240234375,-0.8887939453125,14.770506858825684,-289.55078125,140.625
-0.542724609375,0.125244140625,-0.4984130859375,-94.90966033935547,18.85986328125,40.649410247802734
-0.5020751953125,0.11181640625,0.141357421875,-156.6162109375,-15.624999046325684,65.49072265625
-0.3372802734375,0.0478515625,0.3736572265625,-103.63768768310547,-96.19139862060547,161.25486755371094
-0.1331787109375,0.067138671875,0.405029296875,-21.789548873901367,-116.76024627685547,226.07420349121094
0.01513671875,0.078857421875,0.202392578125,48.583980560302734,-110.04637908935547,234.43601989746094
-0.0494384765625,-0.01806640625,-0.4300537109375,126.22069549560547,-121.76512908935547,212.03611755371094
-0.098388671875,0.096435546875,-0.8499755859375,128.60107421875,-86.91405487060547,151.0009765625
-0.2403564453125,0.76904296875,-0.300048828125,-48.461910247802734,62.744136810302734,-24.719236373901367
-0.5841064453125,0.701904296875,-0.2928466796875,-29.357908248901367,35.888671875,-52.551265716552734
-0.74755859375,0.5643310546875,-0.4854736328125,16.6015625,-12.023924827575684,-22.460935592651367
-0.6942138671875,0.5316162109375,-0.68115234375,23.376462936401367,-14.221190452575684,6.530761241912842
-0.5780029296875,0.5491943359375,-0.7802734375,-6.225585460662842,11.169432640075684,4.33349609375
-0.5081787109375,0.585205078125,-0.7445068359375,-41.564937591552734,22.644041061401367,-18.310546875
-0.4725341796875,0.60693359375,-0.6197509765625,-62.988277435302734,27.832029342651367,-41.870113372802734
-0.468505859375,0.640625,-0.579345703125,-51.391597747802734,47.729488372802734,-43.579097747802734
-0.4833984375,0.735595703125,-0.6898193359375,-19.71435546875,75.25634765625,-20.263669967651367
-0.51171875,0.807861328125,-0.7735595703125,-8.056640625,63.354488372802734,11.474608421325684
-0.535888671875,0.8302001953125,-0.7384033203125,-5.065917491912842,-2.13623046875,55.053707122802734
-0.4859619140625,0.8521728515625,-0.654052734375,1.4038084745407104,-37.353515625,84.96092987060547
-0.46435546875,0.88623046875,-0.64306640625,-13.549803733825684,7.812499523162842,62.744136810302734
-0.462890625,0.90576171875,-0.6346435546875,-31.188962936401367,62.438961029052734,5.737304210662842
-0.4022216796875,0.888671875,-0.5985107421875,-17.333984375,82.21434783935547,-40.222164154052734
-0.37548828125,0.83984375,-0.5750732421875,12.451170921325684,79.4677734375,-56.030269622802734
-0.406005859375,0.77197265625,-0.53857421875,35.5224609375,64.63623046875,-63.049312591552734
-0.3980712890625,0.709228515625,-0.507568359375,33.50830078125,66.95556640625,-82.27538299560547
-0.35498046875,0.6683349609375,-0.5302734375,1.5258787870407104,84.16747283935547,-97.10692596435547
-0.338134765625,0.62744140625,-0.5888671875,-20.751951217651367,83.55712127685547,-87.76854705810547
-0.3311767578125,0.581298828125,-0.624267578125,1.7700194120407104,59.570308685302734,-72.021484375
-0.322265625,0.530029296875,-0.60693359375,37.59765625,30.151365280151367,-62.805171966552734
-0.2969970703125,0.4764404296875,-0.5799560546875,39.794921875,19.4091796875,-53.894039154052734
-0.296875,0.4417724609375,-0.5316162109375,4.33349609375,27.099607467651367,-46.203609466552734
-0.3248291015625,0.4425048828125,-0.5076904296875,-59.692378997802734,35.94970703125,-58.837886810302734
-0.3218994140625,0.51708984375,-0.5499267578125,-121.33788299560547,23.315427780151367,-83.55712127685547
-0.3265380859375,0.623779296875,-0.55078125,-133.056640625,0.4882812201976776,-78.125
-0.37646484375,0.681884765625,-0.542236328125,-110.41259002685547,2.25830078125,-40.222164154052734
-0.4293212890625,0.692138671875,-0.576171875,-84.96092987060547,20.568845748901367,-13.549803733825684
-0.4117431640625,0.681640625,-0.5484619140625,-49.072261810302734,31.005857467651367,-23.498533248901367
-0.3363037109375,0.6553955078125,-0.4610595703125,-12.634276390075684,31.677244186401367,-41.503902435302734
-0.3001708984375,0.6483154296875,-0.4305419921875,-2.25830078125,37.7197265625,-25.756834030151367
-0.33544921875,0.69482421875,-0.470458984375,-13.061522483825684,53.344722747802734,20.01953125
-0.3695068359375,0.759765625,-0.5262451171875,-25.451658248901367,63.842769622802734,55.908199310302734
-0.315185546875,0.7684326171875,-0.57275390625,-33.50830078125,55.969234466552734,65.73486328125
-0.198974609375,0.72705078125,-0.5762939453125,-34.97314453125,24.658201217651367,80.81053924560547
-0.0870361328125,0.7701416015625,-0.5313720703125,-19.4091796875,-17.76123046875,125.18309783935547
-0.029296875,0.8765869140625,-0.4986572265625,22.583005905151367,-46.691890716552734,145.08056640625
-0.0341796875,0.8974609375,-0.4775390625,60.119625091552734,-52.001949310302734,94.97069549560547
-0.0518798828125,0.82275390625,-0.4752197265625,48.217769622802734,-43.640132904052734,29.785154342651367
-0.0423583984375,0.70556640625,-0.4971923828125,1.6479490995407104,-41.259761810302734,2.868652105331421
-0.0361328125,0.558837890625,-0.4620361328125,-29.235837936401367,-52.856441497802734,6.835937023162842
-0.04296875,0.3140869140625,-0.276611328125,-36.43798828125,-63.293453216552734,19.53125
-0.0263671875,0.0501708984375,-0.049072265625,-44.921871185302734,-63.171382904052734,21.057126998901367
-0.00830078125,-0.06005859375,0.044921875,-55.480953216552734,-60.241695404052734,10.803221702575684
-0.0048828125,-0.046630859375,0.0341796875,-58.349605560302734,-59.814449310302734,1.0986328125
-0.011474609375,-0.0037841796875,0.0003662109375,-54.931636810302734,-62.561031341552734,-6.286620616912842
-0.0225830078125,0.0223388671875,-0.0174560546875,-49.682613372802734,-67.44384765625,-15.319823265075684
-0.0355224609375,0.031005859375,-0.0191650390625,-45.104976654052734,-73.30322265625,-29.968259811401367
-0.0528564453125,0.0350341796875,-0.015380859375,-41.381832122802734,-79.9560546875,-52.368160247802734
-0.0758056640625,0.042724609375,-0.0106201171875,-38.6962890625,-87.09716033935547,-83.19091033935547
-0.1031494140625,0.0528564453125,-0.008056640625,-38.63525390625,-94.11620330810547,-122.49755096435547
-0.1361083984375,0.0601806640625,-0.00390625,-43.151851654052734,-100.95214080810547,-170.28807067871094
-0.17724609375,0.0618896484375,0.008056640625,-53.283687591552734,-109.25292205810547,-229.43113708496094
-0.507568359375,0.0992431640625,0.25244140625,-73.8525390625,-123.22997283935547,-309.9365234375
-1.365478515625,-0.5928955078125,0.6463623046875,-95.33690643310547,-158.447265625,-453.6132507324219
-1.1842041015625,-1.0245361328125,0.66455078125,-33.5693359375,-223.87693786621094,-507.5072937011719
-0.1800537109375,-0.369873046875,0.571044921875,68.2373046875,-242.55369567871094,-290.71044921875
-0.1478271484375,-0.026611328125,0.5858154296875,71.1669921875,-133.1787109375,10.253905296325684
-0.4991455078125,-0.1199951171875,0.51953125,13.610838890075684,-3.967284917831421,134.33837890625
-0.6856689453125,-0.2642822265625,0.4913330078125,-25.146482467651367,44.189449310302734,87.40233612060547
-0.7864990234375,-0.338623046875,0.517822265625,-35.2783203125,49.804683685302734,19.34814453125
-0.7979736328125,-0.335693359375,0.554931640625,-27.954099655151367,42.114253997802734,-6.958007335662842
-0.802001953125,-0.3427734375,0.5654296875,-20.690916061401367,34.85107421875,-7.019042491912842
-0.839111328125,-0.3631591796875,0.5562744140625,-23.498533248901367,31.005857467651367,0.6103515625
-0.868408203125,-0.3433837890625,0.555419921875,-26.916501998901367,23.925779342651367,11.962889671325684
-0.87451171875,-0.326171875,0.5556640625,-21.606443405151367,16.845703125,17.76123046875
-0.8516845703125,-0.353271484375,0.548095703125,-11.962889671325684,13.488768577575684,11.596678733825684
-0.82958984375,-0.3731689453125,0.530029296875,-3.784179449081421,10.986327171325684,3.540038824081421
-0.8330078125,-0.36474609375,0.50439453125,1.8920897245407104,8.36181640625,-0.4272460639476776
-0.8507080078125,-0.3583984375,0.4794921875,3.601073980331421,6.042479991912842,-1.2817381620407104
-0.8514404296875,-0.345458984375,0.4658203125,3.540038824081421,3.417968511581421,0.0610351525247097
-0.8292236328125,-0.3306884765625,0.4639892578125,3.112792730331421,0.9155272841453552,-0.1831054538488388
-0.824951171875,-0.3284912109375,0.4632568359375,1.8920897245407104,0.2441406100988388,-0.30517578125
-0.83251953125,-0.324462890625,0.458251953125,1.9531248807907104,-0.54931640625,1.5258787870407104
-0.81689453125,-0.3187255859375,0.4493408203125,0.8544921278953552,-0.9155272841453552,0.6103515625
-0.8221435546875,-0.3309326171875,0.447021484375,-0.1220703050494194,1.6479490995407104,-1.6479490995407104
-0.8145751953125,-0.33544921875,0.448486328125,0.7324218153953552,2.44140625,-2.624511480331421
-0.8170166015625,-0.3399658203125,0.4521484375,-0.0,4.33349609375,-1.4038084745407104
-0.8221435546875,-0.3355712890625,0.44580078125,-0.7934569716453552,5.493163585662842,-0.3662109076976776
-0.826416015625,-0.334716796875,0.4398193359375,-2.807616949081421,6.103515148162842,0.2441406100988388
-0.826416015625,-0.333251953125,0.4371337890625,-4.7607421875,6.225585460662842,1.0986328125
-0.8253173828125,-0.3328857421875,0.435302734375,-4.94384765625,6.042479991912842,0.6103515625
-0.8299560546875,-0.3382568359375,0.4324951171875,-3.723144292831421,6.530761241912842,-1.0986328125
-0.83642578125,-0.341552734375,0.43115234375,-1.5258787870407104,7.019042491912842,-1.3427733182907104
-0.84423828125,-0.3367919921875,0.4317626953125,0.9765624403953552,7.141112804412842,-0.1831054538488388
-0.8458251953125,-0.33349609375,0.42724609375,2.685546636581421,7.263183116912842,1.6479490995407104
-0.8336181640625,-0.3389892578125,0.411376953125,0.4882812201976776,5.126952648162842,5.676269054412842
-0.8255615234375,-0.344970703125,0.3902587890625,-7.385253429412842,-0.2441406100988388,10.192870140075684
-0.83642578125,-0.3480224609375,0.361572265625,-18.12744140625,-4.39453125,12.023924827575684
-0.84716796875,-0.3355712890625,0.3470458984375,-35.5224609375,-6.530761241912842,14.221190452575684
-0.8421630859375,-0.33837890625,0.3515625,-59.631343841552734,-10.498045921325684,16.66259765625
-0.8350830078125,-0.37890625,0.34814453125,-79.16259765625,-12.084959983825684,21.484373092651367
-0.86572265625,-0.36865234375,0.318603515625,-98.63280487060547,-2.38037109375,41.442867279052734
-0.897216796875,-0.271240234375,0.346923828125,-200.68357849121094,-22.583005905151367,94.90966033935547
-0.9019775390625,-0.328125,0.358154296875,-222.65623474121094,-36.1328125,87.28026580810547
-0.965576171875,-0.3604736328125,0.303466796875,-200.50047302246094,-14.526366233825684,58.715816497802734
-1.035400390625,-0.388916015625,0.2303466796875,-155.517578125,18.00537109375,29.113767623901367
-1.1650390625,-0.5665283203125,0.333740234375,-111.20604705810547,22.583005905151367,7.446288585662842
-1.168212890625,-0.6942138671875,0.4964599609375,-111.26708221435547,-0.4272460639476776,3.662109136581421
-1.1070556640625,-0.5643310546875,0.3736572265625,-150.69580078125,-30.212400436401367,-5.554198741912842
-1.15673828125,-0.4227294921875,0.051513671875,-188.96482849121094,-40.466304779052734,-28.991697311401367
-1.1832275390625,-0.3831787109375,-0.15478515625,-192.93211364746094,-8.23974609375,-46.203609466552734
-1.2169189453125,-0.4671630859375,-0.1484375,-146.97265625,32.89794921875,-71.533203125
-1.1492919921875,-0.6617431640625,-0.1771240234375,-77.63671875,66.650390625,-100.03661346435547
-1.0106201171875,-0.9571533203125,-0.40380859375,-40.710445404052734,102.35594940185547,-132.8125
-0.9927978515625,-1.180908203125,-0.8126220703125,-80.38329315185547,123.65721893310547,-179.38230895996094
-0.9207763671875,-1.224609375,-1.1654052734375,-127.56346893310547,125.06102752685547,-232.29978942871094
-0.760498046875,-1.1607666015625,-1.120361328125,-66.71142578125,135.68115234375,-257.9345703125
-0.499755859375,-1.07421875,-0.7474365234375,47.729488372802734,154.35791015625,-244.93406677246094
-0.0877685546875,-0.9979248046875,-0.296142578125,111.45018768310547,147.3388671875,-219.72654724121094
0.321533203125,-0.9171142578125,0.0499267578125,114.31884002685547,115.47850799560547,-181.51853942871094
0.46728515625,-0.849365234375,0.2615966796875,79.89501953125,97.10692596435547,-125.48827362060547
0.28173828125,-0.6087646484375,0.251220703125,7.080077648162842,142.333984375,-24.658201217651367
0.2669677734375,-0.412109375,0.126953125,-19.04296875,180.41990661621094,-4.45556640625
0.234375,-0.3775634765625,0.1083984375,-45.837398529052734,220.27586364746094,12.451170921325684
0.143310546875,-0.4835205078125,0.0814208984375,-77.880859375,259.82666015625,20.996091842651367
0.28759765625,-0.5589599609375,-0.08447265625,-109.68016815185547,285.5224609375,-1.8310545682907104
0.55126953125,-0.4822998046875,-0.0826416015625,-101.74559783935547,259.033203125,-30.456541061401367
0.4979248046875,-0.361328125,0.005615234375,-75.98876953125,224.48728942871094,-24.658201217651367
0.2337646484375,-0.333251953125,-0.1302490234375,-91.91893768310547,208.37400817871094,-5.0048828125
0.0496826171875,-0.44970703125,-0.3704833984375,-125.24413299560547,170.89842224121094,0.4882812201976776
0.2530517578125,-0.65625,-0.464599609375,-127.56346893310547,107.36083221435547,-22.888181686401367
0.531982421875,-0.8377685546875,-0.307861328125,-86.24266815185547,19.47021484375,-40.405269622802734
0.4742431640625,-0.9033203125,-0.0550537109375,-20.385740280151367,-37.29248046875,-9.033203125
0.45361328125,-0.8564453125,-0.058837890625,9.58251953125,-9.765625,19.4091796875
0.608642578125,-0.7806396484375,-0.247314453125,-9.58251953125,34.97314453125,1.2817381620407104
0.7005615234375,-0.7275390625,-0.3214111328125,-34.36279296875,21.972654342651367,-33.935546875
0.6907958984375,-0.73876953125,-0.315185546875,-52.124019622802734,-25.024412155151367,-38.39111328125
0.5552978515625,-0.7965087890625,-0.2486572265625,-44.860836029052734,-47.851558685302734,4.94384765625
0.3875732421875,-0.825439453125,-0.30078125,-23.559568405151367,-52.734371185302734,56.213375091552734
0.36962890625,-0.7996826171875,-0.3310546875,-14.526366233825684,-58.044429779052734,51.940914154052734
0.484130859375,-0.809814453125,-0.35205078125,-26.611326217651367,-65.97900390625,2.0751953125
0.4384765625,-0.80810546875,-0.58447265625,-23.437498092651367,-89.66063690185547,-5.065917491912842
0.2593994140625,-0.85009765625,-0.608642578125,31.066892623901367,-130.55419921875,35.64453125
0.2105712890625,-1.071044921875,-0.3829345703125,87.58544158935547,-137.6953125,49.560543060302734
0.3065185546875,-1.1827392578125,-0.370849609375,107.48290252685547,-90.57616424560547,30.639646530151367
0.4390869140625,-1.0960693359375,-0.4942626953125,53.588863372802734,-35.09521484375,10.498045921325684
0.4849853515625,-0.984375,-0.4677734375,-45.532222747802734,-7.385253429412842,-18.61572265625
0.4517822265625,-0.93701171875,-0.3902587890625,-87.76854705810547,-24.780271530151367,-60.241695404052734
0.34814453125,-0.9605712890625,-0.3302001953125,-68.29833984375,-63.171382904052734,-91.24755096435547
0.258544921875,-0.931640625,-0.4071044921875,-45.166011810302734,-77.69775390625,-87.76854705810547
0.2867431640625,-0.837158203125,-0.6019287109375,-26.184080123901367,-73.42529296875,-56.335445404052734
0.3682861328125,-0.7625732421875,-0.6929931640625,-11.657713890075684,-95.27587127685547,-36.9873046875
0.382080078125,-0.7498779296875,-0.618896484375,-1.03759765625,-152.28271484375,-49.194332122802734
0.2987060546875,-0.785888671875,-0.5054931640625,36.62109375,-204.28465270996094,-73.42529296875
0.1829833984375,-0.795166015625,-0.4432373046875,87.34130096435547,-204.71189880371094,-79.89501953125
0.0941162109375,-0.7666015625,-0.4322509765625,110.65673065185547,-176.69676208496094,-53.405757904052734
0.0401611328125,-0.7662353515625,-0.470947265625,106.01805877685547,-147.94921875,-9.033203125
0.025634765625,-0.7728271484375,-0.5146484375,75.62255859375,-95.33690643310547,17.76123046875
0.0167236328125,-0.771240234375,-0.5238037109375,18.4326171875,-29.174802780151367,14.587401390075684
0.01513671875,-0.7530517578125,-0.5164794921875,-36.2548828125,27.221677780151367,13.854979515075684
0.0386962890625,-0.7415771484375,-0.4039306640625,-44.555660247802734,83.06884002685547,44.189449310302734
0.0618896484375,-0.753662109375,-0.2484130859375,16.78466796875,116.69921112060547,65.4296875
0.062744140625,-0.7994384765625,-0.20166015625,115.53954315185547,92.10204315185547,33.8134765625
0.044677734375,-0.884521484375,-0.220703125,182.73924255371094,43.029781341552734,-14.099120140075684
0.0498046875,-0.9163818359375,-0.2337646484375,168.64012145996094,22.277830123901367,-32.16552734375
0.0916748046875,-0.8768310546875,-0.1632080078125,84.41161346435547,27.404783248901367,-24.902341842651367
0.12646484375,-0.8446044921875,-0.0650634765625,8.6669921875,35.2783203125,-14.221190452575684
0.1318359375,-0.863037109375,-0.0440673828125,0.9155272841453552,33.3251953125,-8.1787109375
0.1162109375,-0.9107666015625,-0.07861328125,31.372068405151367,22.399900436401367,-6.530761241912842
0.0675048828125,-0.9359130859375,-0.139892578125,46.936031341552734,11.596678733825684,-9.82666015625
-0.0347900390625,-0.802001953125,-0.1756591796875,29.968259811401367,-5.0048828125,-7.446288585662842
-0.0843505859375,-0.4072265625,-0.1102294921875,-14.465331077575684,-44.006343841552734,23.986814498901367
-0.0377197265625,-0.0299072265625,-0.013427734375,-59.265132904052734,-87.09716033935547,71.4111328125
0.002685546875,0.077880859375,0.0228271484375,-78.125,-105.22460174560547,97.65624237060547
0.009521484375,0.0311279296875,0.0157470703125,-75.68359375,-102.66112518310547,100.52489471435547
-0.004638671875,-0.0308837890625,-0.0010986328125,-68.4814453125,-95.39794158935547,97.83934783935547
-0.0264892578125,-0.06005859375,-0.0133056640625,-65.24658203125,-92.71239471435547,102.60009002685547
-0.0509033203125,-0.0677490234375,-0.021484375,-66.58935546875,-96.80175018310547,118.95751190185547
-0.0791015625,-0.0712890625,-0.029052734375,-69.9462890625,-106.68944549560547,145.44677734375
-0.1136474609375,-0.0750732421875,-0.0340576171875,-72.998046875,-119.75096893310547,177.24607849121094
-0.150146484375,-0.0780029296875,-0.033447265625,-75.0732421875,-133.48388671875,210.20506286621094
-0.1796875,-0.0714111328125,-0.0301513671875,-76.171875,-145.81298828125,243.71336364746094
-0.19970703125,-0.0452880859375,-0.02197265625,-75.37841796875,-156.79931640625,276.06201171875
-0.9656982421875,-0.2509765625,0.01513671875,-74.52392578125,-236.32810974121094,195.12937927246094
-1.328369140625,-0.802001953125,-0.121826171875,-199.95115661621094,-511.2304382324219,-185.72996520996094
-0.4283447265625,-1.0653076171875,-0.0919189453125,-296.7529296875,-648.7426147460938,-408.3251647949219
0.289306640625,-0.3251953125,0.576171875,85.81542205810547,-49.926753997802734,27.282712936401367
0.1146240234375,-0.351318359375,0.533203125,155.09033203125,141.4794921875,75.3173828125
-0.194091796875,-0.705078125,0.55078125,127.13622283935547,183.16648864746094,43.273921966552734
-0.4095458984375,-1.01953125,0.69873046875,85.44921112060547,111.32811737060547,28.747556686401367
-0.412353515625,-0.9830322265625,0.8369140625,75.1953125,-1.15966796875,49.011226654052734
-0.37255859375,-0.739990234375,0.9295654296875,65.7958984375,-77.20947265625,67.07763671875
-0.3599853515625,-0.5614013671875,0.9903564453125,32.53173828125,-113.89159393310547,65.0634765625
-0.2647705078125,-0.4818115234375,0.99169921875,6.164550304412842,-159.0576171875,56.091304779052734
-0.0511474609375,-0.3956298828125,0.9420166015625,14.465331077575684,-224.12107849121094,48.400875091552734
0.2310791015625,-0.3157958984375,0.8875732421875,34.0576171875,-272.88818359375,45.776363372802734
0.457763671875,-0.263671875,0.82666015625,30.395505905151367,-259.1552734375,47.363277435302734
0.5411376953125,-0.2965087890625,0.767822265625,-4.5166015625,-176.02537536621094,48.950191497802734
0.5181884765625,-0.4249267578125,0.739013671875,-43.273921966552734,-72.44873046875,40.222164154052734
0.437255859375,-0.5123291015625,0.7568359375,-43.395992279052734,3.051757574081421,11.596678733825684
0.3575439453125,-0.513427734375,0.7919921875,-6.713866710662842,35.5224609375,-18.5546875
0.3184814453125,-0.4635009765625,0.826171875,24.841306686401367,32.71484375,-29.052732467651367
0.3135986328125,-0.424560546875,0.84423828125,29.113767623901367,13.977049827575684,-22.827146530151367
0.34619140625,-0.4127197265625,0.843505859375,21.789548873901367,-5.554198741912842,-10.620116233825684
0.407470703125,-0.38427734375,0.855224609375,19.287109375,-8.11767578125,3.295898199081421
0.3909912109375,-0.373046875,0.8665771484375,19.6533203125,3.540038824081421,1.3427733182907104
0.3726806640625,-0.3614501953125,0.8602294921875,17.63916015625,7.446288585662842,-1.6479490995407104
0.3717041015625,-0.3592529296875,0.8358154296875,11.962889671325684,1.5869139432907104,-3.906249761581421
0.3837890625,-0.364013671875,0.83154296875,5.981444835662842,-4.08935546875,-5.187987804412842
0.3946533203125,-0.3665771484375,0.8543701171875,3.540038824081421,-3.784179449081421,-4.5166015625
0.39306640625,-0.3594970703125,0.864013671875,4.2724609375,-1.15966796875,-1.8920897245407104
0.3768310546875,-0.3502197265625,0.840087890625,2.38037109375,0.30517578125,1.7089842557907104
0.3751220703125,-0.3482666015625,0.8382568359375,2.563476324081421,0.54931640625,1.0986328125
0.3782958984375,-0.3475341796875,0.8492431640625,4.5166015625,0.7934569716453552,0.1220703050494194
0.3804931640625,-0.3475341796875,0.85888671875,6.591796398162842,1.3427733182907104,0.7934569716453552
0.3743896484375,-0.338134765625,0.86083984375,9.33837890625,3.601073980331421,2.25830078125
0.3660888671875,-0.32666015625,0.859130859375,10.742186546325684,5.554198741912842,1.7089842557907104
0.3665771484375,-0.325439453125,0.8626708984375,7.934569835662842,3.967284917831421,-0.7324218153953552
0.374267578125,-0.32861328125,0.869384765625,3.417968511581421,-0.1831054538488388,-2.807616949081421
0.3797607421875,-0.3302001953125,0.86669921875,0.6103515625,-2.50244140625,-3.540038824081421
0.3790283203125,-0.33056640625,0.8575439453125,-0.4272460639476776,-1.7700194120407104,-3.540038824081421
0.36865234375,-0.3258056640625,0.8515625,0.0610351525247097,0.1831054538488388,-3.601073980331421
0.36376953125,-0.3223876953125,0.85595703125,1.2817381620407104,-0.0,-3.784179449081421
0.382568359375,-0.3187255859375,0.8642578125,1.8920897245407104,-2.868652105331421,-4.2724609375
0.3990478515625,-0.310546875,0.859619140625,2.563476324081421,-3.662109136581421,-5.371093273162842
0.4205322265625,-0.3187255859375,0.85986328125,4.150390625,-3.479003667831421,-6.958007335662842
0.4913330078125,-0.346435546875,0.9364013671875,10.131834983825684,-3.662109136581421,-5.187987804412842
0.5244140625,-0.549072265625,0.9940185546875,30.029294967651367,9.09423828125,13.122557640075684
0.591552734375,-0.8792724609375,1.039306640625,50.964351654052734,16.78466796875,65.00244140625
0.591552734375,-0.9119873046875,1.1348876953125,69.3359375,0.9155272841453552,128.96728515625
0.322509765625,-0.5323486328125,1.1756591796875,100.95214080810547,-6.286620616912842,170.22703552246094
0.2943115234375,0.0185546875,1.354248046875,100.83007049560547,-11.657713890075684,204.40672302246094
0.452392578125,0.3699951171875,1.5906982421875,47.302242279052734,-0.3662109076976776,194.15281677246094
0.2601318359375,0.30712890625,1.53076171875,-3.234863042831421,84.65575408935547,85.26610565185547
0.006591796875,-0.10302734375,1.35400390625,-44.433589935302734,179.62644958496094,1.15966796875
-0.03515625,-0.4244384765625,1.3177490234375,-78.4912109375,223.75486755371094,36.56005859375
-0.9501953125,-0.1197509765625,1.299072265625,-81.35985565185547,290.71044921875,75.927734375
-0.9957275390625,-0.3544921875,0.9632568359375,-105.83495330810547,234.43601989746094,-9.21630859375
-0.762451171875,-0.793212890625,0.4989013671875,-129.57763671875,146.1181640625,-78.369140625
-0.576416015625,-1.0716552734375,0.2008056640625,-114.01366424560547,82.82469940185547,-96.25243377685547
-0.4798583984375,-1.0584716796875,0.0975341796875,-75.8056640625,49.926753997802734,-96.98485565185547
-0.322998046875,-0.8941650390625,0.1441650390625,-41.442867279052734,34.0576171875,-105.16356658935547
-0.152099609375,-0.7047119140625,0.1004638671875,-25.817869186401367,18.6767578125,-111.99950408935547
-0.073974609375,-0.4576416015625,-0.0352783203125,-16.4794921875,6.652831554412842,-105.46874237060547
-0.0311279296875,-0.2047119140625,0.0008544921875,19.287109375,3.295898199081421,-95.94725799560547
-0.017822265625,-0.07958984375,0.1458740234375,61.889644622802734,-0.4882812201976776,-91.36962127685547
-0.183349609375,-0.3367919921875,0.3253173828125,60.302730560302734,104.06493377685547,-95.27587127685547
-0.194091796875,-0.400146484375,0.5054931640625,57.006832122802734,125.42723846435547,-88.74510955810547
0.08837890625,-0.5223388671875,0.63623046875,43.151851654052734,33.63037109375,-57.800289154052734
0.3857421875,-0.7464599609375,0.560791015625,3.967284917831421,-107.60497283935547,5.676269054412842
0.194091796875,-0.8494873046875,0.44091796875,-23.925779342651367,-168.76219177246094,76.84326171875
-0.2296142578125,-0.798828125,0.41650390625,-14.038084983825684,-103.14940643310547,96.06932830810547
-0.4456787109375,-0.7401123046875,0.4454345703125,6.164550304412842,-4.45556640625,54.931636810302734
-0.6334228515625,-0.6953125,0.453857421875,16.4794921875,33.203125,12.084959983825684
-0.672607421875,-0.6480712890625,0.5618896484375,24.108884811401367,9.33837890625,-9.46044921875
-0.4071044921875,-0.697021484375,0.68798828125,16.845703125,-36.2548828125,-21.545408248901367
0.0196533203125,-1.01171875,0.5972900390625,-64.02587890625,-41.381832122802734,-57.006832122802734
-0.084716796875,-1.0167236328125,0.5269775390625,-64.88037109375,-3.601073980331421,-69.64111328125
-0.20849609375,-0.9940185546875,0.531005859375,-16.41845703125,13.305663108825684,-13.061522483825684
-0.2415771484375,-0.9698486328125,0.612060546875,24.719236373901367,11.718749046325684,62.927242279052734
-0.2215576171875,-0.9423828125,0.60400390625,26.489255905151367,5.493163585662842,77.69775390625
-0.2242431640625,-0.9554443359375,0.4989013671875,-21.301267623901367,-26.245115280151367,60.668941497802734
-0.240966796875,-1.02978515625,0.4239501953125,-102.84423065185547,-66.83349609375,63.598628997802734
-0.2493896484375,-1.0599365234375,0.420166015625,-147.0947265625,-71.35009765625,63.781734466552734
-0.2742919921875,-1.0262451171875,0.4376220703125,-93.44481658935547,-58.410640716552734,39.12353515625
-0.323974609375,-0.978271484375,0.4266357421875,16.78466796875,-46.630855560302734,13.610838890075684
-0.354248046875,-0.9095458984375,0.398193359375,86.36473846435547,-32.2265625,7.202147960662842
-0.3375244140625,-0.8385009765625,0.3818359375,89.29442596435547,-21.362302780151367,11.108397483825684
-0.2933349609375,-0.76953125,0.3839111328125,56.030269622802734,-12.023924827575684,15.441893577575684
-0.2537841796875,-0.6856689453125,0.3492431640625,18.6767578125,-4.33349609375,18.61572265625
-0.2158203125,-0.63232421875,0.310302734375,-12.084959983825684,-12.817381858825684,9.94873046875
-0.18408203125,-0.6270751953125,0.3577880859375,-41.503902435302734,-29.357908248901367,-8.23974609375
-0.19189453125,-0.6383056640625,0.3951416015625,-49.865718841552734,-27.404783248901367,-15.075682640075684
-0.2088623046875,-0.6595458984375,0.33544921875,-31.127927780151367,-8.36181640625,-3.479003667831421
-0.1959228515625,-0.719482421875,0.28271484375,-21.057126998901367,7.263183116912842,8.9111328125
-0.1785888671875,-0.8150634765625,0.3094482421875,-31.860349655151367,10.253905296325684,3.967284917831421
-0.1697998046875,-0.88037109375,0.3450927734375,-38.26904296875,4.82177734375,-8.9111328125
-0.163330078125,-0.903564453125,0.3336181640625,-27.099607467651367,-1.15966796875,-14.404295921325684
-0.158935546875,-0.912353515625,0.327392578125,-14.099120140075684,-3.112792730331421,-13.977049827575684
-0.1480712890625,-0.8978271484375,0.3485107421875,-9.1552734375,-1.2817381620407104,-10.131834983825684
-0.146484375,-0.8258056640625,0.3746337890625,-7.751464366912842,5.432128429412842,-0.4272460639476776
-0.1240234375,-0.5653076171875,0.2872314453125,-17.822265625,16.6015625,18.12744140625
-0.0560302734375,-0.1854248046875,0.094482421875,-63.110347747802734,12.878417015075684,44.250484466552734
-0.0059814453125,0.0316162109375,-0.02392578125,-122.98583221435547,-9.58251953125,65.49072265625
-0.001708984375,0.046630859375,-0.0391845703125,-153.3203125,-25.878904342651367,75.37841796875
-0.0201416015625,-0.0101318359375,-0.016845703125,-154.541015625,-28.625486373901367,81.11571502685547
-0.0421142578125,-0.0518798828125,-0.0045166015625,-147.52197265625,-26.489255905151367,90.02684783935547
-0.0633544921875,-0.064453125,-0.0103759765625,-144.6533203125,-27.648923873901367,103.88182830810547
-0.08642578125,-0.0633544921875,-0.025146484375,-147.15576171875,-34.0576171875,121.21581268310547
-0.1148681640625,-0.060546875,-0.0379638671875,-152.34375,-44.189449310302734,140.5029296875
-0.1435546875,-0.056884765625,-0.0438232421875,-157.470703125,-58.288570404052734,160.58349609375
-0.167724609375,-0.0537109375,-0.04150390625,-161.01072692871094,-79.345703125,178.64988708496094
-0.1876220703125,-0.048828125,-0.0294189453125,-161.37693786621094,-111.38915252685547,192.01658630371094
-0.206298828125,-0.0338134765625,-0.0006103515625,-157.89794921875,-155.76171875,197.99803161621094
-0.9327392578125,-0.108154296875,0.006103515625,-131.53076171875,-165.40525817871094,147.4609375
-1.3397216796875,-1.18212890625,-0.7769775390625,244.62889099121094,358.4594421386719,16.41845703125
-0.1995849609375,-0.29541015625,-0.7005615234375,199.21873474121094,306.45751953125,281.8603515625
-0.06298828125,0.3648681640625,-0.4283447265625,41.931148529052734,62.072750091552734,326.5990905761719
-0.6082763671875,0.459228515625,-0.336669921875,-34.1796875,-77.45361328125,151.67236328125
-0.97607421875,0.314208984375,-0.3448486328125,-56.030269622802734,-80.74950408935547,29.235837936401367
-1.037353515625,0.2030029296875,-0.4097900390625,-52.490230560302734,-43.945308685302734,16.4794921875
-0.874755859375,0.2796630859375,-0.418701171875,-37.4755859375,-20.446775436401367,34.48486328125
-0.806396484375,0.363525390625,-0.3817138671875,-25.085447311401367,-12.939452171325684,24.902341842651367
-0.9114990234375,0.3402099609375,-0.3741455078125,-22.338865280151367,-8.056640625,-1.8310545682907104
-0.9638671875,0.327880859375,-0.393310546875,-28.625486373901367,-3.540038824081421,9.1552734375
-0.8612060546875,0.45849609375,-0.3497314453125,-42.419429779052734,-0.9765624403953552,55.725093841552734
-0.7899169921875,0.5638427734375,-0.3216552734375,-56.640621185302734,6.591796398162842,70.86181640625
-0.7890625,0.5284423828125,-0.329833984375,-59.143062591552734,13.061522483825684,38.4521484375
-0.7581787109375,0.5208740234375,-0.27001953125,-54.016109466552734,13.977049827575684,10.192870140075684
-0.7122802734375,0.6253662109375,-0.169189453125,-56.213375091552734,17.578125,9.94873046875
-0.64990234375,0.7279052734375,-0.1102294921875,-58.532711029052734,20.690916061401367,16.4794921875
-0.6766357421875,0.6842041015625,-0.14892578125,-42.480464935302734,17.2119140625,2.197265625
-0.77099609375,0.5858154296875,-0.2122802734375,-18.73779296875,8.23974609375,-20.568845748901367
-0.8143310546875,0.535400390625,-0.2347412109375,-5.859374523162842,0.2441406100988388,-25.817869186401367
-0.7840576171875,0.5335693359375,-0.2237548828125,-4.08935546875,-1.8310545682907104,-16.845703125
-0.74072265625,0.5491943359375,-0.209228515625,-5.676269054412842,-1.4038084745407104,-8.9111328125
-0.757080078125,0.5521240234375,-0.20263671875,-6.225585460662842,-4.638671875,-7.934569835662842
-0.7999267578125,0.5479736328125,-0.20458984375,-6.469726085662842,-9.765625,-7.873534679412842
-0.7911376953125,0.5556640625,-0.1959228515625,-8.6669921875,-11.291502952575684,-3.540038824081421
-0.782958984375,0.565673828125,-0.17724609375,-11.108397483825684,-6.652831554412842,-4.33349609375
-0.8338623046875,0.5675048828125,-0.17041015625,-11.535643577575684,-2.685546636581421,-11.169432640075684
-0.878662109375,0.5753173828125,-0.155029296875,-12.939452171325684,-6.896972179412842,-10.009765625
-0.89013671875,0.577880859375,-0.1435546875,-15.563963890075684,-12.634276390075684,1.0986328125
-0.857421875,0.5679931640625,-0.1383056640625,-18.49365234375,-10.009765625,17.9443359375
-0.7830810546875,0.57421875,-0.127685546875,-19.287109375,-3.051757574081421,31.799314498901367
-0.7418212890625,0.597412109375,-0.132568359375,-13.732909202575684,0.2441406100988388,26.977537155151367
-0.7613525390625,0.6065673828125,-0.136962890625,-8.4228515625,1.4038084745407104,9.09423828125
-0.7886962890625,0.58251953125,-0.1302490234375,-6.774901866912842,2.197265625,-8.36181640625
-0.789306640625,0.571044921875,-0.126220703125,-5.615233898162842,6.286620616912842,-10.375975608825684
-0.7833251953125,0.573974609375,-0.117919921875,-3.967284917831421,7.141112804412842,-9.1552734375
-0.772705078125,0.5762939453125,-0.12109375,-1.5869139432907104,5.0048828125,-7.324218273162842
-0.7808837890625,0.5653076171875,-0.1416015625,0.30517578125,4.82177734375,-8.4228515625
-0.802978515625,0.555419921875,-0.159423828125,0.4882812201976776,4.08935546875,-8.544921875
-0.81494140625,0.5594482421875,-0.1500244140625,-1.4648436307907104,0.30517578125,-4.5166015625
-0.8057861328125,0.567626953125,-0.1324462890625,-3.112792730331421,-3.601073980331421,0.1220703050494194
-0.7996826171875,0.569091796875,-0.1270751953125,-3.845214605331421,-5.126952648162842,1.7700194120407104
-0.807861328125,0.5740966796875,-0.1260986328125,-6.530761241912842,-3.784179449081421,0.4272460639476776
-0.828125,0.592529296875,-0.1273193359375,-13.183592796325684,1.5869139432907104,-1.5869139432907104
-0.8677978515625,0.632568359375,-0.1346435546875,-30.029294967651367,10.314940452575684,0.7324218153953552
-0.8475341796875,0.65771484375,-0.119384765625,-67.56591796875,17.76123046875,3.540038824081421
-0.8223876953125,0.5921630859375,-0.0443115234375,-121.15477752685547,33.8134765625,-17.63916015625
-0.9954833984375,0.475830078125,-0.057861328125,-157.1044921875,62.866207122802734,-57.373043060302734
-1.09033203125,0.436279296875,-0.080810546875,-113.34227752685547,38.818359375,-48.828121185302734
-0.8765869140625,0.5040283203125,0.099853515625,-5.065917491912842,-44.982906341552734,13.305663108825684
-0.6778564453125,0.6036376953125,0.180908203125,72.32666015625,-62.377925872802734,58.654781341552734
-0.5880126953125,0.6358642578125,0.0699462890625,75.3173828125,-9.8876953125,56.823726654052734
-0.5087890625,0.6153564453125,0.01318359375,45.593257904052734,14.343260765075684,18.6767578125
-0.54296875,0.58447265625,0.052001953125,20.568845748901367,9.21630859375,-22.033689498901367
-0.7574462890625,0.575927734375,0.104736328125,-0.8544921278953552,5.493163585662842,-32.65380859375
-1.0823974609375,0.71435546875,0.12158203125,-14.709471702575684,-3.479003667831421,-4.08935546875
-1.403076171875,1.056396484375,0.28515625,-26.672361373901367,-35.09521484375,48.767086029052734
-1.592529296875,1.4488525390625,0.47509765625,-21.972654342651367,-71.59423828125,101.31835174560547
-1.6484375,1.6602783203125,0.4283447265625,9.521484375,-86.85301971435547,157.16552734375
-1.6759033203125,1.5303955078125,0.4007568359375,29.418943405151367,-118.34716033935547,229.73631286621094
-1.329345703125,1.1239013671875,0.3919677734375,34.423828125,-172.36326599121094,321.10595703125
-0.4183349609375,0.7481689453125,0.1075439453125,62.744136810302734,-189.39207458496094,402.6488952636719
0.512939453125,0.6280517578125,-0.3350830078125,90.27098846435547,-163.57420349121094,406.6161804199219
1.0350341796875,0.6751708984375,-0.71630859375,83.67919158935547,-135.498046875,321.9604187011719
1.1119384765625,0.73291015625,-0.9248046875,56.457515716552734,-127.19725799560547,216.49168395996094
0.894775390625,0.7562255859375,-0.7967529296875,18.4326171875,-142.4560546875,146.78955078125
0.714599609375,0.6385498046875,-0.4267578125,-10.314940452575684,-140.13671875,113.15917205810547
0.6800537109375,0.2816162109375,-0.240234375,7.202147960662842,-79.52880859375,83.80126190185547
0.496826171875,-0.1884765625,-0.34814453125,45.471187591552734,-24.475095748901367,21.057126998901367
0.105712890625,-0.384033203125,-0.265625,10.070799827575684,-17.02880859375,-86.24266815185547
-0.166259765625,-0.229248046875,0.0045166015625,-92.52928924560547,-29.785154342651367,-179.56541442871094
-0.1011962890625,0.0670166015625,0.150146484375,-157.8369140625,-87.64647674560547,-166.56492614746094
-0.0460205078125,0.5,0.445556640625,-172.85154724121094,-185.05857849121094,-70.61767578125
-0.2113037109375,0.90478515625,0.643798828125,-153.50341796875,-192.19969177246094,-15.441893577575684
-0.1383056640625,0.9637451171875,0.127685546875,-59.020992279052734,-51.879878997802734,-18.5546875
0.3941650390625,0.7705078125,-0.53173828125,54.138179779052734,75.13427734375,16.9677734375
0.7064208984375,0.688232421875,-0.5224609375,55.725093841552734,87.46337127685547,50.659175872802734
0.46435546875,0.757568359375,-0.0882568359375,-30.395505905151367,74.27978515625,-8.60595703125
0.3662109375,0.85107421875,0.30810546875,-89.41649627685547,79.28466796875,-54.992671966552734
0.5743408203125,0.8858642578125,0.287353515625,-77.7587890625,65.73486328125,-48.889156341552734
0.480712890625,0.879638671875,-0.050048828125,-26.062009811401367,37.841796875,-79.345703125
0.1439208984375,0.921875,-0.10791015625,-6.164550304412842,20.141599655151367,-117.49266815185547
0.0068359375,0.997314453125,0.1602783203125,-26.184080123901367,-0.6103515625,-99.85350799560547
-0.0428466796875,1.0501708984375,0.3345947265625,-30.822751998901367,-49.438472747802734,-46.081539154052734
-0.077880859375,1.1146240234375,0.2550048828125,-14.587401390075684,-62.805171966552734,5.493163585662842
0.0177001953125,1.265380859375,0.1622314453125,-2.3193359375,-22.705076217651367,39.306640625
0.146240234375,1.3134765625,0.1971435546875,-1.0986328125,-45.593257904052734,33.3251953125
0.179443359375,1.17041015625,0.163818359375,-30.944822311401367,-97.71727752685547,-11.474608421325684
0.201171875,1.0203857421875,0.066650390625,-56.396480560302734,-54.565425872802734,-47.973628997802734
0.2508544921875,0.97900390625,0.0516357421875,-35.94970703125,44.860836029052734,-44.433589935302734
0.234619140625,1.03955078125,0.1033935546875,-4.08935546875,106.38426971435547,-9.765625
0.1754150390625,1.09130859375,0.2027587890625,5.126952648162842,108.52050018310547,22.827146530151367
0.119873046875,1.0657958984375,0.26171875,-18.4326171875,88.74510955810547,24.414060592651367
0.079833984375,0.985107421875,0.26171875,-45.166011810302734,92.46825408935547,-3.051757574081421
0.0201416015625,0.86865234375,0.2689208984375,-21.484373092651367,145.08056640625,-33.99658203125
-0.02197265625,0.8232421875,0.241455078125,-7.141112804412842,144.8974609375,-14.343260765075684
-0.031494140625,0.7744140625,0.2109375,-12.634276390075684,112.73192596435547,-9.8876953125
-0.0787353515625,0.7545166015625,0.2718505859375,-4.8828125,27.038572311401367,-13.916014671325684
-0.1292724609375,0.7696533203125,0.308837890625,-4.2724609375,-0.54931640625,-0.9765624403953552
-0.1422119140625,0.77734375,0.3076171875,-20.202634811401367,-12.268065452575684,-0.54931640625
-0.0660400390625,0.819091796875,0.3074951171875,-41.259761810302734,-3.417968511581421,-20.874021530151367
-0.0814208984375,0.8062744140625,0.28076171875,-29.663084030151367,-12.451170921325684,-7.263183116912842
-0.1900634765625,0.8507080078125,0.2633056640625,65.36865234375,-46.081539154052734,27.893064498901367
-0.1956787109375,0.9136962890625,0.3154296875,98.93798065185547,-45.104976654052734,8.48388671875
-0.1431884765625,0.9559326171875,0.2921142578125,73.1201171875,-26.245115280151367,-29.479978561401367
-0.0899658203125,0.949462890625,0.2147216796875,23.925779342651367,-4.7607421875,-46.264644622802734
-0.08447265625,0.931640625,0.1741943359375,3.845214605331421,5.371093273162842,-27.709959030151367
-0.123291015625,0.9251708984375,0.1795654296875,14.648436546325684,4.82177734375,3.601073980331421
-0.169921875,0.921142578125,0.202392578125,27.038572311401367,-0.30517578125,25.146482467651367
-0.19921875,0.8577880859375,0.26025390625,23.498533248901367,-0.30517578125,30.395505905151367
-0.1669921875,0.631103515625,0.2908935546875,6.896972179412842,33.8134765625,28.442380905151367
-0.0625,0.2547607421875,0.1785888671875,19.71435546875,142.4560546875,25.939939498901367
0.051025390625,-0.1033935546875,-0.038818359375,119.81200408935547,342.7123718261719,25.939939498901367
0.046630859375,-0.05859375,-0.03271484375,130.18798828125,342.6513366699219,41.992183685302734
0.0469970703125,-0.0118408203125,-0.01318359375,122.37548065185547,322.0214538574219,66.46728515625
0.0638427734375,0.0052490234375,-0.005859375,113.46434783935547,309.63134765625,97.10692596435547
0.0975341796875,0.0045166015625,-0.0113525390625,108.52050018310547,309.50927734375,135.25390625
0.14501953125,-0.000244140625,-0.0218505859375,105.65184783935547,314.63623046875,183.59373474121094
0.19873046875,-0.00537109375,-0.0247802734375,101.56249237060547,317.138671875,242.67576599121094
0.2437744140625,-0.0155029296875,-0.00927734375,92.95653533935547,312.8662109375,309.9365234375
0.258056640625,-0.0299072265625,0.00732421875,75.98876953125,297.18017578125,377.6244812011719
0.2564697265625,-0.0364990234375,0.0089111328125,50.537105560302734,262.51220703125,430.7250671386719
0.488525390625,-0.27734375,0.4908447265625,42.968746185302734,193.78660583496094,418.1518249511719
0.46337890625,-0.582763671875,0.9949951171875,75.3173828125,126.95311737060547,281.79931640625
0.18798828125,-0.4794921875,0.8831787109375,85.38817596435547,95.09276580810547,97.35106658935547
0.364990234375,-0.2415771484375,0.640869140625,49.621578216552734,47.790523529052734,-20.751951217651367
0.6856689453125,-0.1866455078125,0.484375,15.808104515075684,-13.366698265075684,-63.842769622802734
0.8223876953125,-0.21630859375,0.448974609375,-3.234863042831421,-38.75732421875,-57.983394622802734
0.8197021484375,-0.2396240234375,0.4937744140625,-10.742186546325684,-36.2548828125,-34.0576171875
0.7850341796875,-0.246826171875,0.54296875,-11.962889671325684,-32.53173828125,-16.05224609375
0.764404296875,-0.2435302734375,0.545654296875,-11.108397483825684,-34.0576171875,-0.9765624403953552
0.7841796875,-0.231201171875,0.51123046875,-12.451170921325684,-37.841796875,10.009765625
0.8568115234375,-0.2188720703125,0.47998046875,-17.27294921875,-41.381832122802734,5.493163585662842
0.9501953125,-0.2117919921875,0.47509765625,-21.850584030151367,-41.687007904052734,-1.2817381620407104
0.98583984375,-0.207763671875,0.479736328125,-22.216794967651367,-35.82763671875,2.746581792831421
0.97412109375,-0.210205078125,0.4765625,-19.53125,-26.855466842651367,9.33837890625
0.9744873046875,-0.2205810546875,0.472900390625,-14.892577171325684,-20.263669967651367,11.657713890075684
0.9833984375,-0.2398681640625,0.468017578125,-8.9111328125,-15.686034202575684,10.375975608825684
0.9765625,-0.252197265625,0.45556640625,-3.906249761581421,-10.070799827575684,8.11767578125
0.9500732421875,-0.2537841796875,0.43505859375,-0.3662109076976776,-3.906249761581421,6.652831554412842
0.91455078125,-0.2564697265625,0.4129638671875,1.7089842557907104,0.7934569716453552,5.432128429412842
0.8873291015625,-0.2596435546875,0.3944091796875,1.8310545682907104,3.723144292831421,3.662109136581421
0.8721923828125,-0.260498046875,0.3817138671875,1.3427733182907104,4.82177734375,1.0986328125
0.8583984375,-0.261474609375,0.3768310546875,0.7934569716453552,4.08935546875,-1.03759765625
0.8450927734375,-0.2568359375,0.37353515625,-0.1831054538488388,2.50244140625,-0.8544921278953552
0.8289794921875,-0.2509765625,0.3695068359375,-0.8544921278953552,0.7324218153953552,0.3662109076976776
0.8145751953125,-0.27734375,0.3760986328125,-4.150390625,-5.493163585662842,5.126952648162842
0.82666015625,-0.299560546875,0.365966796875,-8.7890625,-8.23974609375,10.620116233825684
0.8519287109375,-0.353759765625,0.3392333984375,-18.5546875,-6.958007335662842,17.51708984375
0.8458251953125,-0.414794921875,0.3509521484375,-37.4755859375,6.408690929412842,28.320310592651367
0.8072509765625,-0.4410400390625,0.41357421875,-55.725093841552734,28.137205123901367,44.067378997802734
0.90234375,-0.45263671875,0.447998046875,-56.762691497802734,40.893550872802734,59.326168060302734
1.1158447265625,-0.4127197265625,0.4427490234375,-47.424312591552734,38.75732421875,46.325679779052734
1.18896484375,-0.3623046875,0.5123291015625,-47.363277435302734,34.3017578125,-11.901854515075684
1.1353759765625,-0.3701171875,0.6641845703125,-47.790523529052734,44.921871185302734,-70.25146484375
1.1151123046875,-0.33203125,0.7962646484375,-25.573728561401367,66.71142578125,-95.88622283935547
1.1424560546875,-0.2091064453125,0.8709716796875,18.00537109375,96.98485565185547,-112.12157440185547
1.1549072265625,-0.0428466796875,0.9248046875,67.32177734375,140.80810546875,-136.23046875
1.0574951171875,0.1046142578125,0.9671630859375,129.21142578125,188.90379333496094,-164.06248474121094
0.8770751953125,0.2318115234375,1.0238037109375,186.95066833496094,219.48240661621094,-174.43846130371094
0.7396240234375,0.333984375,1.0858154296875,191.58934020996094,220.03172302246094,-143.310546875
0.67626953125,0.361083984375,1.13232421875,149.2919921875,194.03074645996094,-77.57568359375
0.530517578125,0.357177734375,1.142822265625,94.42137908935547,157.16552734375,3.723144292831421
0.21044921875,0.3890380859375,1.10791015625,43.395992279052734,136.41357421875,70.25146484375
-0.16552734375,0.4727783203125,1.1378173828125,6.530761241912842,135.19287109375,90.63719940185547
-0.41064453125,0.4998779296875,1.1561279296875,-23.559568405151367,148.01025390625,67.93212890625
-0.447509765625,0.402099609375,1.097900390625,-54.382320404052734,169.49461364746094,18.73779296875
-0.4036865234375,0.2705078125,1.0987548828125,-77.392578125,152.89306640625,-36.865234375
-0.3858642578125,0.18896484375,1.0660400390625,-99.48729705810547,105.52977752685547,-70.73974609375
-0.4036865234375,0.1177978515625,0.858154296875,-126.89208221435547,82.03124237060547,-84.10643768310547
-0.41650390625,0.231689453125,0.3359375,-157.65380859375,21.972654342651367,-105.52977752685547
-0.3682861328125,0.15966796875,0.0240478515625,-171.08152770996094,-21.484373092651367,-125.85448455810547
-0.2802734375,0.0535888671875,-0.0145263671875,-147.76611328125,-34.72900390625,-172.85154724121094
-0.113037109375,0.0172119140625,0.181640625,-91.49169158935547,-0.6713866591453552,-233.39842224121094
0.1107177734375,-0.10205078125,0.405517578125,-49.926753997802734,25.024412155151367,-278.564453125
0.4940185546875,-0.3048095703125,0.586181640625,-37.7197265625,23.132322311401367,-288.75732421875
0.6396484375,-0.5528564453125,0.6036376953125,-52.307125091552734,22.216794967651367,-222.41209411621094
0.2052001953125,-0.746337890625,0.4853515625,-75.8056640625,37.59765625,-94.60448455810547
-0.1641845703125,-0.759521484375,0.5179443359375,-67.07763671875,46.203609466552734,-12.817381858825684
-0.0909423828125,-0.696044921875,0.6455078125,-32.5927734375,43.212886810302734,-15.258788108825684
-0.0032958984375,-0.5906982421875,0.814208984375,4.2724609375,48.217769622802734,-33.02001953125
-0.08544921875,-0.4952392578125,0.973876953125,25.939939498901367,39.0625,-26.489255905151367
-0.1302490234375,-0.549072265625,0.877685546875,6.896972179412842,11.108397483825684,-20.263669967651367
-0.0399169921875,-0.66748046875,0.7056884765625,-18.49365234375,-24.230955123901367,-30.273435592651367
0.1085205078125,-0.623046875,0.6929931640625,-10.986327171325684,-55.114742279052734,-36.43798828125
0.2425537109375,-0.5650634765625,0.7451171875,-10.925292015075684,-62.499996185302734,-33.02001953125
0.2913818359375,-0.7266845703125,0.69921875,-43.029781341552734,-67.626953125,-32.1044921875
0.193603515625,-0.90625,0.54931640625,-52.490230560302734,-55.847164154052734,-19.04296875
0.1470947265625,-0.9161376953125,0.4923095703125,-18.6767578125,-15.991209983825684,2.0751953125
0.2244873046875,-0.876953125,0.6011962890625,16.357421875,-1.4648436307907104,17.7001953125
0.239501953125,-0.8658447265625,0.728759765625,19.8974609375,-3.479003667831421,20.080564498901367
0.185302734375,-0.8819580078125,0.714599609375,-19.04296875,24.291990280151367,6.164550304412842
0.1236572265625,-0.9715576171875,0.7479248046875,-72.69287109375,38.818359375,19.47021484375
0.0369873046875,-1.049072265625,0.860107421875,-79.28466796875,13.488768577575684,75.86669921875
-0.0814208984375,-1.0389404296875,0.7509765625,-18.98193359375,14.770506858825684,121.88719940185547
-0.177978515625,-0.9383544921875,0.5244140625,32.77587890625,47.424312591552734,129.39453125
-0.2276611328125,-0.8072509765625,0.406982421875,14.953612327575684,61.584468841552734,111.14501190185547
-0.232177734375,-0.7408447265625,0.3428955078125,-23.681638717651367,51.879878997802734,78.857421875
-0.211181640625,-0.7203369140625,0.3114013671875,-34.11865234375,25.146482467651367,52.246089935302734
-0.170654296875,-0.7041015625,0.390380859375,-35.7666015625,-1.7089842557907104,27.465818405151367
-0.123779296875,-0.7203369140625,0.540283203125,-44.982906341552734,2.0751953125,-14.099120140075684
-0.1031494140625,-0.9127197265625,0.43896484375,-70.556640625,55.847164154052734,-156.3720703125
-0.115234375,-1.079345703125,0.3221435546875,-42.663570404052734,-66.58935546875,-121.45995330810547
-0.078857421875,-1.027587890625,0.370361328125,-27.954099655151367,-94.72655487060547,-28.869626998901367
-0.020263671875,-0.9913330078125,0.3736572265625,0.2441406100988388,-72.1435546875,19.6533203125
0.029541015625,-0.9503173828125,0.3543701171875,29.052732467651367,-34.60693359375,22.399900436401367
0.042724609375,-0.8988037109375,0.3389892578125,47.668453216552734,-6.469726085662842,1.6479490995407104
0.049560546875,-0.83837890625,0.325927734375,53.833003997802734,4.94384765625,-10.559081077575684
0.065185546875,-0.781494140625,0.3162841796875,46.386714935302734,8.97216796875,-2.624511480331421
0.0703125,-0.7655029296875,0.3265380859375,28.320310592651367,12.329100608825684,11.413573265075684
0.0548095703125,-0.7945556640625,0.3656005859375,7.751464366912842,13.244627952575684,18.06640625
0.0445556640625,-0.8270263671875,0.4041748046875,-4.21142578125,12.023924827575684,18.1884765625
0.0238037109375,-0.820068359375,0.3743896484375,-0.30517578125,17.7001953125,13.427733421325684
-0.004150390625,-0.8131103515625,0.34912109375,-1.8920897245407104,19.1650390625,6.835937023162842
-0.030517578125,-0.82958984375,0.3446044921875,-9.46044921875,15.319823265075684,-0.6713866591453552
-0.037353515625,-0.8662109375,0.358642578125,-18.5546875,10.498045921325684,-4.45556640625
-0.02001953125,-0.90380859375,0.372314453125,-23.620603561401367,7.263183116912842,-3.112792730331421
0.004150390625,-0.9365234375,0.3717041015625,-20.629880905151367,4.638671875,-0.1831054538488388
0.013671875,-0.96044921875,0.3656005859375,-13.366698265075684,4.0283203125,0.9765624403953552
0.0008544921875,-0.9652099609375,0.354736328125,-7.446288585662842,6.896972179412842,-0.54931640625
-0.0255126953125,-0.958251953125,0.33740234375,-5.065917491912842,11.169432640075684,-3.723144292831421
-0.0611572265625,-0.9793701171875,0.33740234375,-10.437010765075684,11.413573265075684,-7.385253429412842
-0.0821533203125,-0.9791259765625,0.3585205078125,-12.573241233825684,4.57763671875,-8.6669921875
0.031005859375,-0.8604736328125,0.34130859375,-14.221190452575684,-19.22607421875,-2.25830078125
0.0638427734375,-0.52685546875,0.1851806640625,-41.198726654052734,-29.968259811401367,7.507323741912842
0.0286865234375,-0.11767578125,0.0203857421875,-105.46874237060547,-44.311519622802734,17.822265625
-0.0029296875,0.0589599609375,-0.0401611328125,-164.79490661621094,-58.349605560302734,25.878904342651367
-0.0135498046875,0.0433349609375,-0.0306396484375,-184.38719177246094,-63.781734466552734,30.517576217651367
-0.0145263671875,-0.018798828125,-0.01123046875,-179.19920349121094,-63.476558685302734,35.400390625
-0.0191650390625,-0.054443359375,-0.0079345703125,-171.32566833496094,-63.354488372802734,43.640132904052734
-0.03125,-0.0609130859375,-0.018798828125,-169.43357849121094,-66.34521484375,56.030269622802734
-0.0509033203125,-0.0570068359375,-0.03662109375,-172.42430114746094,-72.81494140625,70.98388671875
-0.0770263671875,-0.0537109375,-0.0579833984375,-177.55125427246094,-81.23778533935547,85.87645721435547
-0.107177734375,-0.0516357421875,-0.0811767578125,-183.95994567871094,-90.14891815185547,98.81591033935547
-0.1353759765625,-0.05078125,-0.0994873046875,-190.55174255371094,-99.42626190185547,108.64257049560547
-0.1649169921875,-0.050048828125,-0.1087646484375,-195.31248474121094,-110.47362518310547,114.80712127685547
-0.5665283203125,-0.1466064453125,-0.255615234375,-194.39695739746094,-131.53076171875,118.16405487060547
-0.903076171875,0.198486328125,-0.90576171875,-190.61277770996094,-129.5166015625,238.22019958496094
-0.6416015625,0.8516845703125,-0.940673828125,-191.10105895996094,-77.94189453125,418.7011413574219
-0.4423828125,0.9393310546875,-0.2799072265625,-141.2353515625,-72.32666015625,337.0971374511719
-0.5938720703125,0.6436767578125,-0.21142578125,-45.227046966552734,-108.39842987060547,75.3173828125
-0.7867431640625,0.416748046875,-0.3760986328125,7.568358898162842,-100.28075408935547,-65.24658203125
-0.834228515625,0.41552734375,-0.426513671875,6.347655773162842,-61.950679779052734,-66.83349609375
-0.772705078125,0.5098876953125,-0.428955078125,-15.258788108825684,-26.123044967651367,-26.184080123901367
-0.680419921875,0.5645751953125,-0.3609619140625,-39.85595703125,-16.05224609375,-4.150390625
-0.6788330078125,0.5535888671875,-0.2471923828125,-47.912593841552734,-33.69140625,-10.986327171325684
-0.771484375,0.5128173828125,-0.18115234375,-33.5693359375,-58.898921966552734,-23.559568405151367
-0.8670654296875,0.4990234375,-0.091064453125,-18.61572265625,-62.805171966552734,-24.841306686401367
-0.89208984375,0.4708251953125,-0.1236572265625,-5.371093273162842,-31.005857467651367,-17.02880859375
-0.8907470703125,0.493408203125,-0.1177978515625,2.868652105331421,-27.343748092651367,1.0986328125
-0.90185546875,0.5494384765625,0.05078125,-8.30078125,-69.03076171875,13.183592796325684
-0.8880615234375,0.5517578125,0.0853271484375,-16.7236328125,-67.3828125,3.967284917831421
-0.8753662109375,0.55078125,0.01904296875,-6.042479991912842,-23.010251998901367,-9.94873046875
-0.8712158203125,0.5340576171875,-0.0224609375,4.39453125,4.57763671875,-15.624999046325684
-0.8809814453125,0.5047607421875,-0.0137939453125,4.45556640625,4.57763671875,-14.465331077575684
-0.914306640625,0.486328125,-0.012939453125,-0.0610351525247097,-2.624511480331421,-11.596678733825684
-0.9298095703125,0.47607421875,-0.0198974609375,-4.21142578125,-4.82177734375,-7.019042491912842
-0.842041015625,0.4681396484375,0.0067138671875,-9.033203125,-4.94384765625,4.8828125
-0.8013916015625,0.4752197265625,0.0101318359375,-5.920409679412842,-2.563476324081421,5.0048828125
-0.81201171875,0.4775390625,0.000244140625,-0.3662109076976776,0.2441406100988388,0.0
-0.84814453125,0.4722900390625,-0.0072021484375,3.601073980331421,1.8310545682907104,-4.94384765625
-0.8668212890625,0.465576171875,-0.005859375,5.126952648162842,1.4648436307907104,-6.958007335662842
-0.8553466796875,0.4578857421875,0.000732421875,6.225585460662842,0.2441406100988388,-7.873534679412842
-0.8594970703125,0.45751953125,-0.0048828125,7.080077648162842,2.197265625,-8.1787109375
-0.8802490234375,0.4599609375,-0.0167236328125,7.629394054412842,3.845214605331421,-9.27734375
-0.901123046875,0.4580078125,-0.022705078125,6.774901866912842,4.69970703125,-9.765625
-0.905517578125,0.451904296875,-0.0224609375,5.249022960662842,5.615233898162842,-8.7890625
-0.90380859375,0.44775390625,-0.0284423828125,4.94384765625,5.981444835662842,-7.568358898162842
-0.924560546875,0.437255859375,-0.01806640625,5.798339366912842,5.065917491912842,-6.774901866912842
-0.9766845703125,0.4295654296875,-0.0146484375,7.019042491912842,5.432128429412842,-5.493163585662842
-1.07470703125,0.5245361328125,-0.1424560546875,4.7607421875,3.112792730331421,0.4882812201976776
-1.1097412109375,0.638916015625,-0.1236572265625,-14.587401390075684,-11.291502952575684,31.494138717651367
-1.0513916015625,0.6917724609375,0.0743408203125,-44.494625091552734,-17.27294921875,90.08788299560547
-1.0810546875,0.7967529296875,0.102783203125,-50.659175872802734,-18.5546875,120.91063690185547
-1.1834716796875,0.897705078125,0.1636962890625,-35.09521484375,-55.786128997802734,96.13036346435547
-1.19970703125,0.9515380859375,0.4647216796875,-41.687007904052734,-135.009765625,65.85693359375
-1.0899658203125,0.98388671875,0.85009765625,-101.25731658935547,-224.67039489746094,64.0869140625
-0.8956298828125,0.8662109375,1.2962646484375,-207.09226989746094,-310.1806640625,52.368160247802734
-0.650634765625,0.6614990234375,1.6871337890625,-276.91650390625,-374.5116882324219,22.644041061401367
-0.387939453125,0.5743408203125,1.655029296875,-211.48680114746094,-369.9950866699219,8.85009765625
-0.048828125,0.6177978515625,1.16259765625,-46.203609466552734,-309.75341796875,15.563963890075684
0.326171875,0.692626953125,0.6519775390625,76.84326171875,-257.01904296875,23.071287155151367
0.5679931640625,0.6524658203125,0.416748046875,103.51561737060547,-230.10252380371094,11.779784202575684
0.60498046875,0.47265625,0.3023681640625,100.15868377685547,-184.32615661621094,-9.09423828125
0.5230712890625,0.339599609375,0.1485595703125,106.01805877685547,-75.439453125,-33.87451171875
0.405517578125,0.253173828125,0.0325927734375,101.07421112060547,39.9169921875,-72.44873046875
0.12890625,0.173828125,0.134033203125,64.75830078125,80.93260955810547,-121.76512908935547
-0.234619140625,0.23828125,0.2796630859375,21.484373092651367,49.133296966552734,-159.5458984375
-0.2479248046875,0.3330078125,0.2860107421875,2.38037109375,-43.334957122802734,-144.8974609375
0.1529541015625,0.3021240234375,0.3079833984375,-10.864256858825684,-141.29638671875,-71.1669921875
0.456298828125,0.3040771484375,0.3099365234375,-8.72802734375,-128.90625,1.8920897245407104
0.296142578125,0.4637451171875,0.17724609375,30.883787155151367,-6.896972179412842,9.58251953125
-0.1302490234375,0.60498046875,0.232177734375,45.104976654052734,78.369140625,-32.16552734375
-0.2218017578125,0.626708984375,0.5142822265625,-3.295898199081421,38.51318359375,-37.59765625
0.0914306640625,0.652099609375,0.61474609375,-37.353515625,-33.26416015625,5.859374523162842
0.2857666015625,0.7381591796875,0.5096435546875,-9.94873046875,-40.466304779052734,25.329587936401367
0.2362060546875,0.81201171875,0.40771484375,31.616209030151367,-22.399900436401367,3.845214605331421
0.2022705078125,0.823974609375,0.429443359375,41.015621185302734,-18.98193359375,-12.817381858825684
0.268798828125,0.7833251953125,0.5504150390625,18.4326171875,-10.620116233825684,-3.906249761581421
0.2874755859375,0.7601318359375,0.634033203125,-3.356933355331421,1.15966796875,7.446288585662842
0.2666015625,0.76171875,0.6492919921875,-8.30078125,-0.3662109076976776,3.479003667831421
0.2257080078125,0.718505859375,0.630615234375,-6.225585460662842,-4.7607421875,-0.4882812201976776
0.2811279296875,0.7391357421875,0.5823974609375,11.169432640075684,-2.868652105331421,10.192870140075684
0.40625,0.8165283203125,0.4954833984375,40.527339935302734,6.042479991912842,15.930174827575684
0.3111572265625,0.8699951171875,0.417724609375,60.852046966552734,19.775390625,-4.57763671875
0.160400390625,0.989013671875,0.350830078125,70.61767578125,26.489255905151367,-25.817869186401367
0.1253662109375,1.1634521484375,0.368896484375,72.08251953125,19.287109375,-29.235837936401367
0.13916015625,1.2642822265625,0.5093994140625,62.561031341552734,-0.9765624403953552,-32.65380859375
0.1903076171875,1.212158203125,0.563232421875,20.141599655151367,-20.690916061401367,-34.5458984375
0.227294921875,1.0672607421875,0.44580078125,-54.565425872802734,-35.82763671875,-24.536130905151367
0.2347412109375,0.970703125,0.3177490234375,-75.62255859375,-59.509273529052734,-16.845703125
0.2503662109375,0.9884033203125,0.31103515625,-5.432128429412842,-75.3173828125,-11.840819358825684
0.2462158203125,1.0400390625,0.34716796875,66.10107421875,-49.743648529052734,3.967284917831421
0.2252197265625,1.0201416015625,0.3282470703125,59.265132904052734,0.7934569716453552,19.6533203125
0.240234375,0.9268798828125,0.2647705078125,1.3427733182907104,37.04833984375,14.770506858825684
0.27197265625,0.856201171875,0.24072265625,-21.789548873901367,52.612300872802734,-3.417968511581421
0.258056640625,0.8330078125,0.2802734375,5.554198741912842,55.175777435302734,-11.840819358825684
0.187744140625,0.80615234375,0.3072509765625,22.338865280151367,56.518550872802734,-6.286620616912842
0.108154296875,0.73681640625,0.2750244140625,2.807616949081421,62.622066497802734,-5.615233898162842
0.0919189453125,0.6622314453125,0.2403564453125,-24.597166061401367,55.236812591552734,-18.5546875
0.11767578125,0.656982421875,0.25537109375,-28.320310592651367,29.602048873901367,-31.188962936401367
0.124755859375,0.7276611328125,0.2998046875,-7.812499523162842,11.474608421325684,-31.433103561401367
0.12548828125,0.828125,0.3428955078125,7.812499523162842,5.432128429412842,-20.935056686401367
0.1265869140625,0.876220703125,0.3463134765625,-0.3662109076976776,-3.845214605331421,-3.112792730331421
0.1026611328125,0.8341064453125,0.2994384765625,-8.23974609375,-13.671874046325684,23.498533248901367
0.054443359375,0.7794189453125,0.2821044921875,10.803221702575684,-18.5546875,42.724605560302734
0.036376953125,0.7962646484375,0.29345703125,37.59765625,-19.83642578125,34.11865234375
0.0657958984375,0.8548583984375,0.2626953125,51.330562591552734,-13.916014671325684,8.23974609375
0.1121826171875,0.8919677734375,0.20703125,56.884761810302734,-6.591796398162842,-5.981444835662842
0.1419677734375,0.916748046875,0.157958984375,61.218257904052734,-4.2724609375,-0.30517578125
0.146240234375,0.9473876953125,0.1287841796875,61.462398529052734,-4.150390625,12.145995140075684
0.141845703125,0.9578857421875,0.1304931640625,50.109859466552734,-6.530761241912842,22.338865280151367
0.136962890625,0.9437255859375,0.1417236328125,31.311033248901367,-11.474608421325684,23.864744186401367
0.156982421875,0.9404296875,0.1229248046875,14.648436546325684,-15.441893577575684,11.230467796325684
0.2010498046875,0.9532470703125,0.091064453125,5.493163585662842,-17.02880859375,-6.042479991912842
0.2122802734375,0.9576416015625,0.0875244140625,6.164550304412842,-15.869139671325684,-10.559081077575684
0.17529296875,0.920166015625,0.130126953125,12.329100608825684,-13.916014671325684,-4.150390625
0.0972900390625,0.7786865234375,0.2025146484375,29.357908248901367,-10.314940452575684,-20.446775436401367
0.01953125,0.4112548828125,0.184814453125,93.81102752685547,26.062009811401367,-106.87255096435547
-0.0057373046875,0.0169677734375,0.07275390625,197.57078552246094,106.62841033935547,-229.18699645996094
0.0009765625,-0.1236572265625,-0.0040283203125,273.0712890625,178.16160583496094,-292.90771484375
0.00830078125,-0.0938720703125,-0.0230712890625,297.9736328125,206.11570739746094,-282.28759765625
0.005859375,-0.0399169921875,-0.0201416015625,300.1708984375,206.17674255371094,-244.62889099121094
-0.0029296875,-0.0240478515625,-0.0205078125,304.6875,199.89012145996094,-213.25682067871094
-0.0040283203125,-0.038330078125,-0.0228271484375,317.3828125,197.69285583496094,-190.79588317871094
0.0196533203125,-0.05859375,-0.0211181640625,332.5805358886719,206.48191833496094,-168.64012145996094
0.0782470703125,-0.072998046875,-0.018310546875,343.2616882324219,232.42185974121094,-142.4560546875
0.158935546875,-0.0816650390625,-0.0191650390625,346.1303405761719,272.4609375,-113.46434783935547
0.2227783203125,-0.0904541015625,-0.020263671875,341.5527038574219,314.75830078125,-85.38817596435547
0.2469482421875,-0.0986328125,-0.0057373046875,334.0453796386719,344.2992858886719,-63.354488372802734
0.757080078125,-0.26220703125,0.4915771484375,339.7216491699219,349.9755554199219,-76.5380859375
0.9775390625,-0.1181640625,1.157470703125,368.4692077636719,420.8373718261719,-186.95066833496094
0.4617919921875,0.430419921875,1.2515869140625,301.7578125,406.9823913574219,-206.90916442871094
0.252197265625,0.4984130859375,0.9381103515625,114.37987518310547,172.36326599121094,-59.326168060302734
0.3878173828125,0.084716796875,0.646484375,-29.479978561401367,-22.094724655151367,46.142574310302734
0.5594482421875,-0.230224609375,0.6396484375,-65.85693359375,-67.5048828125,59.631343841552734
0.6319580078125,-0.2705078125,0.7376708984375,-41.320796966552734,-48.034664154052734,29.785154342651367
0.6605224609375,-0.1669921875,0.8319091796875,-13.427733421325684,1.5869139432907104,11.901854515075684
0.626953125,-0.1893310546875,0.8345947265625,-19.04296875,9.94873046875,12.207030296325684
0.59619140625,-0.2296142578125,0.8265380859375,-22.033689498901367,11.901854515075684,8.23974609375
0.5869140625,-0.2498779296875,0.822998046875,-20.141599655151367,11.474608421325684,6.530761241912842
0.58349609375,-0.243896484375,0.8187255859375,-13.671874046325684,10.498045921325684,6.713866710662842
0.58544921875,-0.249755859375,0.8299560546875,-7.324218273162842,10.253905296325684,7.873534679412842
0.5926513671875,-0.2685546875,0.843994140625,-0.2441406100988388,11.352538108825684,9.8876953125
0.574462890625,-0.2569580078125,0.838623046875,10.498045921325684,10.681151390075684,12.756346702575684
0.546630859375,-0.2252197265625,0.8309326171875,19.53125,12.207030296325684,20.202634811401367
0.509765625,-0.204833984375,0.8287353515625,24.414060592651367,23.864744186401367,24.536130905151367
0.4454345703125,-0.191162109375,0.7972412109375,28.320310592651367,38.4521484375,15.991209983825684
0.4215087890625,-0.1702880859375,0.7501220703125,27.770994186401367,41.992183685302734,9.521484375
0.4256591796875,-0.1781005859375,0.7967529296875,14.770506858825684,29.785154342651367,7.568358898162842
0.419921875,-0.22265625,0.9046630859375,-6.286620616912842,15.197752952575684,1.7700194120407104
0.4322509765625,-0.2490234375,0.95068359375,-20.202634811401367,10.314940452575684,1.03759765625
0.4671630859375,-0.2420654296875,0.94287109375,-20.01953125,4.45556640625,4.638671875
0.48388671875,-0.2176513671875,0.9158935546875,-11.352538108825684,-6.469726085662842,3.479003667831421
0.465087890625,-0.2125244140625,0.888671875,-5.249022960662842,-11.230467796325684,-2.624511480331421
0.4412841796875,-0.2440185546875,0.876953125,-5.615233898162842,-7.629394054412842,-7.263183116912842
0.431884765625,-0.2681884765625,0.8695068359375,-5.371093273162842,-3.051757574081421,-7.141112804412842
0.4345703125,-0.25341796875,0.853271484375,-2.01416015625,-2.685546636581421,-5.249022960662842
0.4471435546875,-0.226318359375,0.8360595703125,-0.6713866591453552,-6.225585460662842,-4.21142578125
0.4656982421875,-0.20751953125,0.819580078125,-1.7089842557907104,-9.033203125,-2.929687261581421
0.4639892578125,-0.20556640625,0.8057861328125,-3.601073980331421,-7.446288585662842,-0.8544921278953552
0.4437255859375,-0.2164306640625,0.797119140625,-6.042479991912842,-3.845214605331421,0.9155272841453552
0.4246826171875,-0.2271728515625,0.8009033203125,-8.11767578125,-1.4038084745407104,4.0283203125
0.4185791015625,-0.2559814453125,0.84375,-9.58251953125,0.7324218153953552,12.084959983825684
0.41650390625,-0.2777099609375,0.862548828125,-8.36181640625,6.164550304412842,25.146482467651367
0.3853759765625,-0.2655029296875,0.8751220703125,-7.873534679412842,16.845703125,42.114253997802734
0.3685302734375,-0.255859375,0.9012451171875,-5.493163585662842,25.085447311401367,62.622066497802734
0.3548583984375,-0.2572021484375,0.914794921875,11.779784202575684,30.456541061401367,81.78710174560547
0.3172607421875,-0.2825927734375,0.923583984375,43.701168060302734,43.701168060302734,105.83495330810547
0.24658203125,-0.2816162109375,1.0069580078125,85.44921112060547,66.2841796875,144.95849609375
0.1873779296875,-0.304443359375,1.123291015625,98.20555877685547,69.9462890625,147.64404296875
0.22998046875,-0.3905029296875,1.133544921875,64.63623046875,34.3017578125,85.14403533935547
0.252197265625,-0.373046875,1.1341552734375,36.865234375,4.150390625,24.719236373901367
0.1849365234375,-0.310546875,1.3114013671875,2.990722417831421,8.48388671875,-11.352538108825684
0.285888671875,-0.3753662109375,1.381103515625,-4.45556640625,-11.230467796325684,-38.02490234375
0.4029541015625,-0.3336181640625,1.439697265625,65.24658203125,-41.870113372802734,-43.823238372802734
0.50634765625,-0.035888671875,1.5006103515625,219.05516052246094,-84.28954315185547,-8.7890625
0.836669921875,0.3052978515625,1.5660400390625,305.419921875,-167.66355895996094,55.419918060302734
1.21875,0.5921630859375,1.1156005859375,173.40086364746094,-232.05564880371094,63.110347747802734
0.830078125,0.7490234375,0.5634765625,135.498046875,-147.64404296875,-53.222652435302734
0.62548828125,0.9228515625,0.1661376953125,109.00878143310547,-85.26610565185547,-74.15771484375
0.6944580078125,0.9788818359375,0.0325927734375,94.42137908935547,-45.837398529052734,-17.51708984375
0.7496337890625,0.9136962890625,0.0738525390625,91.30858612060547,-12.023924827575684,12.207030296325684
0.6021728515625,0.71826171875,0.0869140625,82.15331268310547,26.611326217651367,-6.469726085662842
0.3824462890625,0.37939453125,0.033447265625,65.24658203125,65.00244140625,-43.518062591552734
0.133544921875,0.0897216796875,0.08203125,27.465818405151367,86.42577362060547,-78.67431640625
-0.092529296875,-0.0435791015625,0.2684326171875,-18.00537109375,91.43065643310547,-111.87743377685547
-0.077880859375,-0.0264892578125,0.35888671875,-26.123044967651367,69.27490234375,-116.08885955810547
0.037841796875,0.1585693359375,0.28466796875,13.427733421325684,-0.9765624403953552,-90.75926971435547
0.0731201171875,0.3773193359375,0.2523193359375,41.137691497802734,-71.6552734375,-77.7587890625
0.1060791015625,0.4937744140625,0.2862548828125,35.94970703125,-65.00244140625,-66.40625
0.127197265625,0.56298828125,0.3294677734375,30.456541061401367,-2.624511480331421,-34.66796875
0.1826171875,0.8043212890625,0.24169921875,43.823238372802734,20.324705123901367,4.45556640625
0.2586669921875,0.876708984375,0.1121826171875,58.227535247802734,9.033203125,2.0751953125
0.330322265625,0.8775634765625,0.214111328125,41.931148529052734,-26.245115280151367,-6.164550304412842
0.3656005859375,0.8468017578125,0.404541015625,2.685546636581421,-45.166011810302734,-18.9208984375
0.3265380859375,0.84765625,0.2908935546875,0.8544921278953552,-13.977049827575684,-20.568845748901367
0.292236328125,0.88037109375,0.1331787109375,24.169919967651367,22.033689498901367,-6.042479991912842
0.32861328125,1.01953125,0.158203125,23.864744186401367,50.354000091552734,8.7890625
0.322021484375,1.1920166015625,0.2330322265625,18.12744140625,54.443355560302734,-0.1831054538488388
0.2542724609375,1.13330078125,0.3990478515625,21.728513717651367,-5.126952648162842,-51.147457122802734
0.1903076171875,0.9482421875,0.4063720703125,-0.8544921278953552,-58.166500091552734,-84.04540252685547
0.1561279296875,0.9268798828125,0.1729736328125,-43.701168060302734,-13.977049827575684,-49.438472747802734
0.20458984375,1.0584716796875,0.138916015625,-32.71484375,30.212400436401367,-7.873534679412842
0.3140869140625,1.1199951171875,0.2994384765625,7.141112804412842,-14.282225608825684,17.333984375
0.355712890625,1.0611572265625,0.296875,1.5258787870407104,-49.682613372802734,43.457027435302734
0.3433837890625,0.97021484375,0.160400390625,-39.12353515625,-18.4326171875,56.457515716552734
0.3470458984375,0.9075927734375,0.1468505859375,-72.998046875,13.000487327575684,56.152339935302734
0.3814697265625,0.8533935546875,0.267822265625,-74.70703125,10.864256858825684,55.969234466552734
0.452392578125,0.7735595703125,0.34912109375,-53.344722747802734,3.295898199081421,60.852046966552734
0.5054931640625,0.7083740234375,0.3160400390625,-17.27294921875,18.06640625,68.359375
0.4810791015625,0.699462890625,0.2193603515625,25.634763717651367,54.748531341552734,73.05908203125
0.4366455078125,0.6864013671875,0.0477294921875,52.856441497802734,81.84813690185547,65.00244140625
0.458984375,0.6685791015625,-0.1510009765625,80.44432830810547,56.213375091552734,49.499507904052734
0.439453125,0.7587890625,-0.082275390625,153.86962890625,-11.352538108825684,42.968746185302734
0.318115234375,0.8870849609375,0.298095703125,233.70359802246094,-46.752925872802734,31.127927780151367
0.2298583984375,0.926513671875,0.5179443359375,193.48143005371094,-12.390135765075684,-14.465331077575684
0.2039794921875,0.90380859375,0.387939453125,26.672361373901367,50.415035247802734,-70.98388671875
0.17724609375,0.892333984375,0.24658203125,-115.72264862060547,80.99364471435547,-97.83934783935547
0.1400146484375,0.9381103515625,0.2745361328125,-145.08056640625,68.603515625,-97.90038299560547
0.20947265625,1.09912109375,0.364501953125,-61.950679779052734,44.860836029052734,-104.49217987060547
0.2431640625,1.073486328125,0.3223876953125,-27.221677780151367,32.77587890625,-81.17675018310547
0.1650390625,0.9801025390625,0.33447265625,16.9677734375,16.6015625,-29.113767623901367
0.0328369140625,0.95458984375,0.33984375,50.781246185302734,19.775390625,16.54052734375
-0.0157470703125,0.99462890625,0.3101806640625,57.983394622802734,39.9169921875,23.315427780151367
0.040283203125,1.0113525390625,0.273193359375,44.738765716552734,51.757808685302734,4.21142578125
0.1142578125,0.96533203125,0.179931640625,13.122557640075684,40.466304779052734,2.197265625
0.1387939453125,0.876708984375,0.078369140625,-13.183592796325684,12.207030296325684,31.249998092651367
0.128662109375,0.8309326171875,0.076416015625,-7.385253429412842,-20.629880905151367,60.791011810302734
0.16064453125,0.850830078125,0.13623046875,15.869139671325684,-48.950191497802734,50.598140716552734
0.23046875,0.883544921875,0.18603515625,27.709959030151367,-66.7724609375,19.53125
0.236083984375,0.894287109375,0.224609375,19.53125,-62.316890716552734,5.798339366912842
0.1580810546875,0.8856201171875,0.229736328125,-3.051757574081421,-30.395505905151367,-3.356933355331421
0.1142578125,0.9305419921875,0.245361328125,-44.494625091552734,15.563963890075684,-46.325679779052734
0.170166015625,0.9407958984375,0.2510986328125,-41.015621185302734,13.122557640075684,-55.603023529052734
0.1912841796875,0.8924560546875,0.2276611328125,-27.893064498901367,6.958007335662842,-41.748043060302734
0.188232421875,0.85009765625,0.2095947265625,-11.657713890075684,2.807616949081421,-20.263669967651367
0.16796875,0.864013671875,0.2115478515625,7.263183116912842,0.1831054538488388,-1.7700194120407104
0.1412353515625,0.9176025390625,0.2137451171875,22.521970748901367,-1.03759765625,7.812499523162842
0.1365966796875,0.9691162109375,0.2227783203125,31.433103561401367,-1.4038084745407104,6.835937023162842
0.1397705078125,0.985595703125,0.227783203125,30.517576217651367,-2.929687261581421,5.859374523162842
0.1195068359375,0.9771728515625,0.2188720703125,20.141599655151367,-4.39453125,10.681151390075684
0.0909423828125,0.9757080078125,0.2113037109375,11.047362327575684,-4.33349609375,14.221190452575684
0.0931396484375,0.990234375,0.2086181640625,9.1552734375,-3.967284917831421,9.8876953125
0.12353515625,0.9937744140625,0.203125,9.58251953125,-3.356933355331421,0.1220703050494194
0.13720703125,0.95458984375,0.2000732421875,8.72802734375,-3.662109136581421,-4.82177734375
0.1163330078125,0.892822265625,0.2099609375,8.056640625,-4.45556640625,-2.0751953125
0.0577392578125,0.8409423828125,0.237548828125,6.469726085662842,-0.54931640625,-1.0986328125
-0.013916015625,0.61962890625,0.204345703125,-5.798339366912842,20.324705123901367,-28.991697311401367
-0.033447265625,0.215087890625,0.085205078125,-26.245115280151367,65.12451171875,-110.16844940185547
-0.011474609375,-0.052490234375,-0.00830078125,-35.888671875,108.39842987060547,-197.08250427246094
0.0009765625,-0.0908203125,-0.027587890625,-31.616209030151367,124.57274627685547,-233.03221130371094
-0.0081787109375,-0.033447265625,-0.0111083984375,-23.559568405151367,121.15477752685547,-232.72703552246094
-0.0572509765625,0.030029296875,0.0064697265625,-14.465331077575684,112.97606658935547,-248.10789489746094
-0.0806884765625,0.0235595703125,-0.0020751953125,-12.329100608825684,112.79296112060547,-279.6630859375
-0.09765625,0.0069580078125,-0.0142822265625,-9.8876953125,109.00878143310547,-318.7255859375
-0.1072998046875,-0.0194091796875,-0.0203857421875,-6.042479991912842,100.28075408935547,-358.5815124511719
-0.1143798828125,-0.0428466796875,-0.0167236328125,-0.4272460639476776,88.50096893310547,-392.2729187011719
-0.1282958984375,-0.05810546875,-0.0133056640625,4.57763671875,74.3408203125,-410.5224304199219
-0.189453125,-0.142822265625,-0.0850830078125,5.432128429412842,58.654781341552734,-404.5409851074219
-1.072998046875,-0.4871826171875,-0.471435546875,-92.34618377685547,45.837398529052734,-226.74559020996094
-1.722900390625,-0.351806640625,-0.6114501953125,-286.31591796875,-4.7607421875,238.22019958496094
-1.2303466796875,0.0899658203125,-0.4010009765625,-288.0859375,-26.611326217651367,471.1913757324219
-0.809814453125,0.0015869140625,-0.3739013671875,-95.45897674560547,10.375975608825684,235.10740661621094
-0.6744384765625,-0.162353515625,-0.415771484375,28.076169967651367,9.8876953125,-9.765625
-0.6802978515625,-0.1793212890625,-0.47705078125,39.794921875,-13.183592796325684,-79.2236328125
-0.7855224609375,-0.1717529296875,-0.5089111328125,15.686034202575684,-19.95849609375,-59.936519622802734
-0.9007568359375,-0.2010498046875,-0.50390625,7.690429210662842,-10.803221702575684,-34.423828125
-0.9381103515625,-0.241455078125,-0.498291015625,11.352538108825684,-1.5258787870407104,-20.874021530151367
-0.9188232421875,-0.279296875,-0.50634765625,10.925292015075684,0.7324218153953552,-17.02880859375
-0.8912353515625,-0.293212890625,-0.5062255859375,5.554198741912842,-0.6103515625,-16.9677734375
-0.8775634765625,-0.2884521484375,-0.4969482421875,2.929687261581421,-2.13623046875,-15.991209983825684
-0.8751220703125,-0.28369140625,-0.48828125,5.249022960662842,-1.5258787870407104,-13.061522483825684
-0.87353515625,-0.2923583984375,-0.4835205078125,8.48388671875,1.4648436307907104,-9.27734375
-0.866943359375,-0.305419921875,-0.4849853515625,9.70458984375,3.356933355331421,-6.042479991912842
-0.8529052734375,-0.31005859375,-0.4912109375,8.6669921875,2.868652105331421,-3.479003667831421
-0.84228515625,-0.314697265625,-0.4971923828125,7.263183116912842,0.4272460639476776,-1.5869139432907104
-0.84033203125,-0.3182373046875,-0.4940185546875,6.469726085662842,-3.295898199081421,0.54931640625
-0.84228515625,-0.3153076171875,-0.481689453125,4.69970703125,-4.45556640625,1.8920897245407104
-0.84619140625,-0.314453125,-0.4705810546875,2.563476324081421,-1.15966796875,1.8920897245407104
-0.84814453125,-0.3203125,-0.467529296875,1.8310545682907104,2.746581792831421,2.868652105331421
-0.854736328125,-0.3265380859375,-0.4686279296875,0.6713866591453552,3.906249761581421,5.0048828125
-0.861328125,-0.319091796875,-0.4730224609375,-3.662109136581421,4.5166015625,7.019042491912842
-0.8424072265625,-0.2860107421875,-0.4903564453125,-10.253905296325684,6.164550304412842,7.995604991912842
-0.8392333984375,-0.2681884765625,-0.532958984375,-16.41845703125,9.09423828125,6.469726085662842
-0.832275390625,-0.2406005859375,-0.5994873046875,-21.118162155151367,12.817381858825684,9.27734375
-0.7811279296875,-0.167724609375,-0.614501953125,-33.87451171875,10.559081077575684,19.47021484375
-0.7596435546875,-0.1583251953125,-0.5552978515625,-60.668941497802734,9.82666015625,19.775390625
-0.7777099609375,-0.2066650390625,-0.4898681640625,-75.98876953125,22.338865280151367,10.192870140075684
-0.7799072265625,-0.2178955078125,-0.4808349609375,-62.866207122802734,35.33935546875,3.845214605331421
-0.8021240234375,-0.2423095703125,-0.572265625,-46.447750091552734,35.7666015625,-8.48388671875
-0.874755859375,-0.2969970703125,-0.6240234375,-41.015621185302734,27.221677780151367,-17.02880859375
-1.1326904296875,-0.0673828125,-0.7242431640625,-15.808104515075684,13.061522483825684,82.58055877685547
-1.5604248046875,0.1893310546875,-0.693359375,-0.7324218153953552,-82.76366424560547,165.22215270996094
-1.8863525390625,0.691650390625,-0.5367431640625,28.137205123901367,-207.82469177246094,321.6552429199219
-1.833740234375,1.08984375,-0.492431640625,74.03564453125,-209.96092224121094,448.0590515136719
-1.487060546875,1.0098876953125,-0.6224365234375,83.61815643310547,-101.13524627685547,406.4330749511719
-1.012939453125,0.81689453125,-0.7132568359375,38.26904296875,-20.507810592651367,316.22314453125
-0.4749755859375,0.7799072265625,-0.6773681640625,-16.05224609375,-10.620116233825684,281.8603515625
0.0203857421875,0.9302978515625,-0.4505615234375,-57.250972747802734,-29.541013717651367,263.97705078125
0.3809814453125,1.11572265625,-0.2301025390625,-78.0029296875,-40.527339935302734,229.06492614746094
0.492431640625,1.1171875,-0.2603759765625,-66.40625,-49.804683685302734,173.21775817871094
0.4205322265625,0.9385986328125,-0.3292236328125,-53.039546966552734,-76.904296875,118.10301971435547
0.3543701171875,0.5894775390625,-0.298828125,-70.068359375,-97.65624237060547,81.17675018310547
0.2908935546875,0.1749267578125,-0.22998046875,-90.57616424560547,-86.85301971435547,36.7431640625
0.1083984375,-0.051025390625,-0.316650390625,-67.19970703125,-78.61328125,-20.568845748901367
-0.2021484375,0.124267578125,-0.46142578125,-31.433103561401367,-102.41698455810547,-56.823726654052734
-0.4134521484375,0.5306396484375,-0.2838134765625,-57.373043060302734,-128.2958984375,-54.016109466552734
0.0540771484375,0.7615966796875,0.2950439453125,-128.60107421875,-69.51904296875,16.78466796875
0.1312255859375,0.66845703125,0.1953125,-73.974609375,-30.578611373901367,8.97216796875
-0.024658203125,0.6236572265625,0.123291015625,-33.99658203125,-0.9155272841453552,-29.113767623901367
-0.104248046875,0.6390380859375,0.1923828125,-29.418943405151367,23.864744186401367,-40.527339935302734
-0.0185546875,0.695068359375,0.2706298828125,-23.986814498901367,27.099607467651367,-12.084959983825684
0.0792236328125,0.7724609375,0.3021240234375,-8.36181640625,22.827146530151367,10.864256858825684
0.0897216796875,0.8189697265625,0.289306640625,0.9155272841453552,20.385740280151367,2.563476324081421
0.0604248046875,0.8502197265625,0.326904296875,-8.36181640625,6.774901866912842,-30.090330123901367
-0.0028076171875,0.89892578125,0.486572265625,-32.470703125,3.479003667831421,-64.02587890625
-0.0855712890625,0.9190673828125,0.6109619140625,-38.51318359375,17.08984375,-58.044429779052734
-0.142578125,0.9022216796875,0.5931396484375,-13.916014671325684,19.53125,-17.51708984375
-0.1444091796875,0.8995361328125,0.52001953125,13.183592796325684,9.21630859375,9.8876953125
-0.112060546875,0.9061279296875,0.4349365234375,28.625486373901367,-1.9531248807907104,12.084959983825684
-0.1248779296875,0.8997802734375,0.2552490234375,35.64453125,-3.356933355331421,4.39453125
-0.1842041015625,0.8875732421875,0.12841796875,23.315427780151367,8.1787109375,-6.103515148162842
-0.1295166015625,1.0216064453125,0.4385986328125,-14.343260765075684,37.90283203125,-0.9765624403953552
-0.1214599609375,1.1365966796875,0.23681640625,21.362302780151367,38.9404296875,10.314940452575684
-0.1939697265625,1.1641845703125,0.0115966796875,55.236812591552734,7.019042491912842,10.742186546325684
-0.1475830078125,1.1898193359375,0.018798828125,85.99852752685547,-66.650390625,0.0
0.0948486328125,1.2535400390625,0.2142333984375,103.33251190185547,-159.423828125,4.94384765625
0.23046875,1.21875,0.31884765625,44.799800872802734,-171.56980895996094,33.63037109375
0.1240234375,1.1337890625,0.2584228515625,-63.659664154052734,-75.50048828125,68.05419921875
-0.0029296875,1.0460205078125,0.2916259765625,-141.05224609375,55.419918060302734,64.0869140625
-0.064697265625,1.0035400390625,0.326416015625,-174.74363708496094,191.65037536621094,6.225585460662842
-0.0616455078125,0.7989501953125,0.23828125,-76.11083984375,58.227535247802734,7.751464366912842
0.04736328125,0.7003173828125,0.3748779296875,13.244627952575684,-124.51171112060547,118.22509002685547
0.0416259765625,0.6685791015625,0.5166015625,27.038572311401367,-151.7333984375,161.31590270996094
0.064208984375,0.673583984375,0.631103515625,-23.681638717651367,-74.52392578125,79.16259765625
0.1934814453125,0.6968994140625,0.6563720703125,-57.006832122802734,-13.488768577575684,-40.954586029052734
0.31298828125,0.733154296875,0.5750732421875,-32.3486328125,-14.099120140075684,-101.74559783935547
0.2718505859375,0.8077392578125,0.5023193359375,35.7666015625,-16.05224609375,-97.77831268310547
0.027587890625,0.9132080078125,0.378662109375,118.40819549560547,64.697265625,-93.99413299560547
-0.1907958984375,0.9678955078125,0.21923828125,166.99217224121094,161.62107849121094,-135.25390625
-0.2252197265625,0.9395751953125,0.1640625,139.7705078125,149.47509765625,-168.27391052246094
-0.198974609375,0.8629150390625,0.1448974609375,68.7255859375,67.93212890625,-127.31932830810547
-0.2481689453125,0.794189453125,0.1082763671875,9.6435546875,15.136717796325684,-31.188962936401367
-0.3363037109375,0.784912109375,0.0797119140625,-16.4794921875,4.57763671875,42.236324310302734
-0.337890625,0.7879638671875,0.056640625,-19.34814453125,7.202147960662842,43.334957122802734
-0.27099609375,0.76123046875,0.0538330078125,-7.751464366912842,-7.690429210662842,12.329100608825684
-0.21142578125,0.728271484375,0.198974609375,60.180660247802734,-52.490230560302734,10.925292015075684
-0.195068359375,0.7999267578125,0.206787109375,59.204097747802734,-37.7197265625,22.155759811401367
-0.1737060546875,0.895263671875,0.140869140625,28.747556686401367,-11.230467796325684,29.785154342651367
-0.1607666015625,0.92626953125,0.096923828125,7.690429210662842,0.6713866591453552,36.9873046875
-0.1748046875,0.83056640625,0.07421875,12.023924827575684,-4.82177734375,42.053218841552734
-0.1688232421875,0.5736083984375,0.015380859375,32.5927734375,-16.66259765625,43.945308685302734
-0.0916748046875,0.2071533203125,-0.0291748046875,66.83349609375,-26.855466842651367,52.917476654052734
-0.00537109375,-0.042724609375,-0.0250244140625,100.83007049560547,-28.930662155151367,73.974609375
0.0262451171875,-0.0838623046875,-0.0120849609375,116.82128143310547,-25.207517623901367,91.43065643310547
0.023681640625,-0.036376953125,-0.007080078125,118.10301971435547,-22.888181686401367,96.00829315185547
0.0206298828125,0.0028076171875,-0.0098876953125,116.69921112060547,-22.399900436401367,95.58104705810547
0.031005859375,0.0108642578125,-0.01708984375,119.62889862060547,-19.95849609375,99.42626190185547
0.0537109375,0.00341796875,-0.0277099609375,128.11279296875,-11.657713890075684,112.79296112060547
0.085693359375,-0.005126953125,-0.0419921875,141.6015625,5.249022960662842,136.71875
0.1282958984375,-0.0135498046875,-0.0634765625,159.7900390625,30.700681686401367,170.28807067871094
0.18505859375,-0.029541015625,-0.0904541015625,183.22752380371094,62.988277435302734,212.70750427246094
0.2540283203125,-0.052734375,-0.103759765625,210.38816833496094,101.62352752685547,261.41357421875
0.3790283203125,-0.122802734375,-0.162841796875,234.06980895996094,148.37646484375,309.6923828125
1.2593994140625,-0.447265625,-0.4915771484375,201.78221130371094,221.06932067871094,257.14111328125
1.8475341796875,-0.387939453125,-0.635986328125,44.799800872802734,180.23680114746094,83.67919158935547
1.063232421875,-0.083740234375,-0.3167724609375,-92.95653533935547,45.959468841552734,40.954586029052734
0.4097900390625,-0.2332763671875,-0.2747802734375,-24.719236373901367,67.44384765625,121.70409393310547
0.6236572265625,-0.3123779296875,-0.2705078125,6.103515148162842,107.54393768310547,105.52977752685547
0.8662109375,-0.4053955078125,-0.203369140625,21.118162155151367,126.28173065185547,88.25682830810547
0.907958984375,-0.5047607421875,-0.1558837890625,33.935546875,134.94873046875,89.05028533935547
0.7886962890625,-0.596435546875,-0.0213623046875,50.048824310302734,117.91991424560547,95.76415252685547
0.70263671875,-0.6561279296875,0.1405029296875,53.894039154052734,82.03124237060547,78.43017578125
0.67138671875,-0.658935546875,0.16552734375,33.3251953125,50.354000091552734,51.330562591552734
0.665283203125,-0.634521484375,0.1153564453125,12.634276390075684,29.479978561401367,25.756834030151367
0.63720703125,-0.6513671875,0.1763916015625,18.9208984375,6.713866710662842,-13.977049827575684
0.8338623046875,-0.607177734375,0.1871337890625,41.503902435302734,-58.105464935302734,-107.11669158935547
0.9312744140625,-0.5213623046875,0.1162109375,44.616695404052734,-50.048824310302734,-96.00829315185547
0.96923828125,-0.4849853515625,0.173095703125,42.785640716552734,-27.709959030151367,-63.110347747802734
1.0172119140625,-0.498779296875,0.2564697265625,34.72900390625,-14.099120140075684,-39.55078125
0.986572265625,-0.4827880859375,0.179931640625,26.550291061401367,-7.507323741912842,-25.329587936401367
0.8956298828125,-0.419921875,0.06494140625,23.803709030151367,-3.540038824081421,-20.385740280151367
0.901611328125,-0.4029541015625,0.1243896484375,30.273435592651367,-14.831542015075684,-27.893064498901367
0.968505859375,-0.423828125,0.2501220703125,36.62109375,-29.907224655151367,-30.334470748901367
0.975341796875,-0.40673828125,0.207763671875,26.306150436401367,-24.353025436401367,-18.85986328125
0.9722900390625,-0.365478515625,0.0899658203125,4.57763671875,-18.98193359375,-13.671874046325684
1.0111083984375,-0.34033203125,0.0377197265625,-11.108397483825684,-30.639646530151367,-17.2119140625
0.9876708984375,-0.33349609375,0.0491943359375,-10.620116233825684,-28.015134811401367,-8.60595703125
0.9447021484375,-0.3291015625,0.0679931640625,2.746581792831421,-11.352538108825684,6.347655773162842
0.98291015625,-0.3699951171875,0.0400390625,14.221190452575684,-3.662109136581421,11.901854515075684
0.9599609375,-0.4337158203125,0.0167236328125,28.381345748901367,19.10400390625,17.15087890625
0.909423828125,-0.4344482421875,0.079833984375,47.851558685302734,31.860349655151367,30.761716842651367
0.947265625,-0.4013671875,0.163330078125,51.574703216552734,13.671874046325684,37.41455078125
0.9581298828125,-0.3758544921875,0.2303466796875,37.04833984375,12.634276390075684,28.381345748901367
0.96484375,-0.3988037109375,0.2974853515625,15.197752952575684,16.6015625,20.812986373901367
1.0517578125,-0.4951171875,0.3240966796875,-3.662109136581421,6.164550304412842,23.559568405151367
1.1778564453125,-0.6199951171875,0.343017578125,-7.873534679412842,3.540038824081421,31.188962936401367
1.2681884765625,-0.7196044921875,0.4088134765625,-1.7089842557907104,3.906249761581421,41.992183685302734
1.2822265625,-0.775634765625,0.471435546875,-1.7700194120407104,-11.840819358825684,55.480953216552734
1.275146484375,-0.8531494140625,0.417724609375,-15.747069358825684,-38.75732421875,72.44873046875
1.297119140625,-0.94580078125,0.3233642578125,-25.146482467651367,-46.203609466552734,93.26171112060547
1.2333984375,-0.9803466796875,0.2093505859375,-25.573728561401367,-30.578611373901367,120.48339080810547
1.006591796875,-1.0032958984375,0.079833984375,-22.155759811401367,-6.713866710662842,151.123046875
0.7679443359375,-1.055419921875,0.0792236328125,-7.202147960662842,9.6435546875,163.08592224121094
0.6234130859375,-1.105224609375,0.166748046875,9.765625,7.873534679412842,150.2685546875
0.431396484375,-1.0950927734375,0.1138916015625,7.751464366912842,9.09423828125,136.41357421875
0.18798828125,-1.0162353515625,-0.064697265625,-9.27734375,16.11328125,125.30516815185547
0.0770263671875,-0.949462890625,-0.146240234375,-17.333984375,18.73779296875,100.89110565185547
0.0540771484375,-0.881591796875,-0.1846923828125,-14.831542015075684,35.400390625,73.91357421875
-0.009033203125,-0.7264404296875,-0.1668701171875,-2.38037109375,78.91845703125,58.837886810302734
-0.0224609375,-0.505126953125,-0.044677734375,15.502928733825684,113.22020721435547,39.4287109375
0.1741943359375,-0.4029541015625,-0.0928955078125,-2.3193359375,140.7470703125,-5.615233898162842
0.209716796875,-0.5079345703125,0.1185302734375,13.977049827575684,168.76219177246094,-12.512206077575684
0.12353515625,-0.555419921875,0.306640625,28.381345748901367,168.88426208496094,-11.596678733825684
0.0289306640625,-0.552978515625,0.1729736328125,-1.4648436307907104,134.09423828125,-1.4038084745407104
0.0771484375,-0.5865478515625,0.0023193359375,-33.75244140625,79.345703125,-4.21142578125
0.1236572265625,-0.65380859375,0.0040283203125,-31.494138717651367,9.6435546875,-18.9208984375
0.1268310546875,-0.719482421875,0.0926513671875,-12.084959983825684,-32.3486328125,-21.179197311401367
0.1861572265625,-0.7890625,0.1661376953125,0.9765624403953552,-33.5693359375,-13.610838890075684
0.2000732421875,-0.869384765625,0.2220458984375,5.0048828125,-21.972654342651367,-2.929687261581421
0.1455078125,-0.94677734375,0.245849609375,4.39453125,-6.774901866912842,9.27734375
0.1441650390625,-1.016357421875,0.2470703125,2.197265625,-3.173827886581421,12.695311546325684
0.1314697265625,-1.0439453125,0.2645263671875,2.25830078125,-8.4228515625,12.451170921325684
0.0699462890625,-1.0284423828125,0.2525634765625,1.3427733182907104,-13.305663108825684,14.160155296325684
0.09912109375,-0.9915771484375,0.1649169921875,-4.33349609375,-19.4091796875,8.544921875
0.151123046875,-0.939697265625,0.11962890625,-6.774901866912842,-25.878904342651367,-1.7089842557907104
0.058349609375,-1.036376953125,0.142333984375,-25.085447311401367,-12.939452171325684,-5.310058116912842
0.210205078125,-1.083984375,-0.0489501953125,-64.3310546875,-1.220703125,-1.6479490995407104
0.1885986328125,-1.178466796875,-0.1751708984375,-78.369140625,-2.44140625,-8.4228515625
0.0919189453125,-1.2886962890625,-0.10107421875,-51.391597747802734,2.563476324081421,-29.785154342651367
0.072998046875,-1.3321533203125,0.0621337890625,-12.878417015075684,38.87939453125,-4.08935546875
0.160400390625,-1.244140625,0.109619140625,22.583005905151367,112.79296112060547,87.58544158935547
0.2138671875,-1.06298828125,0.0245361328125,66.71142578125,126.09862518310547,138.5498046875
0.1375732421875,-0.9437255859375,-0.01611328125,106.81151580810547,28.503416061401367,73.42529296875
-0.0152587890625,-0.962890625,0.0767822265625,104.73632049560547,-79.1015625,-36.7431640625
-0.123046875,-1.018310546875,0.22314453125,60.424800872802734,-73.974609375,-68.9697265625
-0.1317138671875,-1.0296630859375,0.3204345703125,18.9208984375,22.583005905151367,1.8920897245407104
-0.142333984375,-0.98486328125,0.3228759765625,9.09423828125,119.93407440185547,117.55370330810547
-0.1756591796875,-0.8748779296875,0.2550048828125,2.868652105331421,182.37303161621094,207.82469177246094
-0.2518310546875,-0.774169921875,0.1741943359375,-16.05224609375,176.63572692871094,193.60350036621094
-0.4215087890625,-0.7733154296875,0.1258544921875,-26.855466842651367,110.35155487060547,72.1435546875
-0.6053466796875,-0.8115234375,0.086181640625,-22.888181686401367,51.147457122802734,-49.316402435302734
-0.6575927734375,-0.8359375,0.06103515625,-26.245115280151367,24.536130905151367,-84.10643768310547
-0.5517578125,-0.868408203125,0.0570068359375,-43.151851654052734,11.901854515075684,-47.912593841552734
-0.3912353515625,-0.8961181640625,0.06982421875,-52.124019622802734,-4.69970703125,-4.0283203125
-0.296142578125,-0.908447265625,0.095458984375,-38.330078125,-32.89794921875,2.685546636581421
-0.2891845703125,-0.913818359375,0.088623046875,-2.44140625,-60.546871185302734,-33.02001953125
-0.283447265625,-0.935302734375,0.041015625,30.883787155151367,-69.76318359375,-79.77294921875
-0.2120361328125,-0.9705810546875,0.0260009765625,32.65380859375,-58.959957122802734,-103.75975799560547
-0.1123046875,-0.983154296875,0.08349609375,15.014647483825684,-45.776363372802734,-96.80175018310547
-0.0196533203125,-0.95947265625,0.1312255859375,12.451170921325684,-41.320796966552734,-62.744136810302734
0.033935546875,-0.8900146484375,0.1346435546875,26.611326217651367,-36.4990234375,-12.145995140075684
0.012451171875,-0.839599609375,0.148193359375,33.99658203125,-28.015134811401367,19.95849609375
-0.0655517578125,-0.882568359375,0.192626953125,27.038572311401367,-20.202634811401367,9.033203125
-0.1422119140625,-0.9549560546875,0.2322998046875,17.7001953125,-8.30078125,-20.263669967651367
-0.1588134765625,-0.96240234375,0.22412109375,16.54052734375,10.498045921325684,-27.770994186401367
-0.12158203125,-0.907470703125,0.1943359375,19.53125,26.184080123901367,-8.72802734375
-0.07568359375,-0.8504638671875,0.2132568359375,14.465331077575684,33.75244140625,14.648436546325684
-0.0213623046875,-0.8193359375,0.2396240234375,-1.2817381620407104,48.522945404052734,30.944822311401367
0.052978515625,-0.815673828125,0.2042236328125,-15.075682640075684,67.2607421875,37.109375
0.0965576171875,-0.821044921875,0.123291015625,-21.850584030151367,69.4580078125,16.9677734375
0.072265625,-0.6175537109375,0.0311279296875,-34.912109375,64.8193359375,-31.616209030151367
0.0218505859375,-0.2191162109375,-0.02197265625,-58.593746185302734,73.974609375,-76.11083984375
-0.005615234375,0.03125,-0.0245361328125,-77.392578125,89.47753143310547,-94.48241424560547
-0.0062255859375,0.061767578125,-0.0120849609375,-81.66503143310547,96.00829315185547,-93.93309783935547
0.00439453125,0.0074462890625,-0.005615234375,-78.2470703125,93.81102752685547,-88.50096893310547
0.0174560546875,-0.0333251953125,-0.00732421875,-75.01220703125,89.23339080810547,-86.12059783935547
0.0340576171875,-0.0423583984375,-0.0120849609375,-74.64599609375,86.60887908935547,-89.29442596435547
0.058349609375,-0.0367431640625,-0.0174560546875,-76.66015625,87.58544158935547,-99.12108612060547
0.0928955078125,-0.033203125,-0.0262451171875,-80.01708984375,92.89550018310547,-116.76024627685547
0.1383056640625,-0.037109375,-0.0418701171875,-84.10643768310547,102.78319549560547,-142.7001953125
0.189697265625,-0.04345703125,-0.0576171875,-87.70751190185547,115.84471893310547,-174.01121520996094
0.239990234375,-0.0419921875,-0.0614013671875,-89.59960174560547,130.67626953125,-206.05467224121094
0.57763671875,-0.0616455078125,-0.1219482421875,-90.57616424560547,150.20751953125,-244.20164489746094
0.86767578125,0.16064453125,-0.044677734375,-91.30858612060547,109.80223846435547,-396.2402038574219
0.446533203125,0.34375,0.179443359375,-75.68359375,-87.70751190185547,-537.59765625
0.123291015625,0.4261474609375,0.111328125,-46.752925872802734,-182.92234802246094,-387.6952819824219
0.3677978515625,0.6234130859375,-0.1192626953125,-13.916014671325684,-60.424800872802734,-89.78270721435547
0.5897216796875,0.6793212890625,-0.248291015625,15.258788108825684,28.564451217651367,86.66991424560547
0.65625,0.68408203125,-0.30615234375,21.850584030151367,40.344234466552734,107.97118377685547
0.6624755859375,0.771484375,-0.2799072265625,15.258788108825684,29.907224655151367,51.086421966552734
0.6734619140625,0.7528076171875,-0.189208984375,25.817869186401367,23.803709030151367,-25.878904342651367
0.704833984375,0.56884765625,-0.1790771484375,23.498533248901367,19.4091796875,-63.110347747802734
0.7340087890625,0.4920654296875,-0.2303466796875,-21.911619186401367,12.573241233825684,-29.418943405151367
0.7330322265625,0.5263671875,-0.2158203125,-58.410640716552734,11.474608421325684,20.812986373901367
0.70703125,0.6031494140625,-0.15869140625,-57.922359466552734,19.287109375,35.94970703125
0.7152099609375,0.6678466796875,-0.093994140625,-37.65869140625,26.428220748901367,34.7900390625
0.7711181640625,0.685546875,-0.056884765625,-19.1650390625,23.559568405151367,43.701168060302734
0.8541259765625,0.6629638671875,-0.0538330078125,-12.329100608825684,15.747069358825684,52.001949310302734
0.9068603515625,0.63037109375,-0.0701904296875,-11.657713890075684,7.995604991912842,47.058101654052734
0.9144287109375,0.6107177734375,-0.0767822265625,-11.169432640075684,2.50244140625,32.1044921875
0.8887939453125,0.5892333984375,-0.044921875,-11.413573265075684,2.746581792831421,1.2817381620407104
0.8681640625,0.5799560546875,-0.0382080078125,-8.23974609375,0.9765624403953552,-5.065917491912842
0.86572265625,0.5789794921875,-0.0406494140625,-2.0751953125,-4.7607421875,-0.30517578125
0.85595703125,0.5704345703125,-0.0634765625,6.896972179412842,-11.230467796325684,7.324218273162842
0.8575439453125,0.5703125,-0.092041015625,10.925292015075684,-10.253905296325684,3.417968511581421
0.9324951171875,0.58203125,-0.0931396484375,11.596678733825684,-0.7934569716453552,-7.446288585662842
1.0306396484375,0.614501953125,-0.10498046875,18.24951171875,0.7934569716453552,-11.108397483825684
1.0989990234375,0.670654296875,-0.1661376953125,30.883787155151367,-15.075682640075684,-9.46044921875
1.23095703125,0.701904296875,-0.3607177734375,47.729488372802734,-42.724605560302734,-1.7089842557907104
1.3001708984375,0.80322265625,-0.5802001953125,-0.1220703050494194,-66.46728515625,-27.587888717651367
1.2342529296875,0.8885498046875,-0.5159912109375,-35.7666015625,-80.87157440185547,-76.5380859375
1.08056640625,0.938720703125,-0.458251953125,-35.21728515625,-104.79735565185547,-110.77880096435547
0.765625,0.9588623046875,-0.4351806640625,-20.690916061401367,-112.85399627685547,-141.7236328125
0.4595947265625,1.0042724609375,-0.406982421875,-7.019042491912842,-104.85839080810547,-144.775390625
0.2581787109375,1.0732421875,-0.3387451171875,0.30517578125,-93.87206268310547,-114.01366424560547
0.170166015625,1.0721435546875,-0.3714599609375,8.4228515625,-99.85350799560547,-80.078125
0.1033935546875,0.96923828125,-0.499755859375,16.6015625,-115.05126190185547,-55.786128997802734
-0.0009765625,0.878662109375,-0.463623046875,5.737304210662842,-109.19188690185547,-37.7197265625
-0.0244140625,0.78515625,-0.33154296875,-11.779784202575684,-91.49169158935547,-14.770506858825684
0.06884765625,0.6141357421875,-0.3231201171875,-13.305663108825684,-76.23291015625,15.991209983825684
0.114013671875,0.447998046875,-0.2608642578125,-20.080564498901367,-66.58935546875,32.71484375
0.0509033203125,0.3858642578125,-0.049560546875,-42.297359466552734,-72.509765625,29.602048873901367
0.0418701171875,0.4173583984375,0.0418701171875,-45.532222747802734,-91.55272674560547,37.841796875
0.09326171875,0.5064697265625,-0.136474609375,-17.822265625,-116.82128143310547,62.133785247802734
0.0474853515625,0.61669921875,-0.327880859375,8.85009765625,-154.96826171875,77.0263671875
-0.0394287109375,0.642578125,-0.34912109375,15.014647483825684,-176.75779724121094,76.11083984375
0.07470703125,0.5921630859375,-0.37451171875,13.000487327575684,-138.0615234375,73.6083984375
0.280517578125,0.553466796875,-0.3868408203125,8.4228515625,-64.94140625,66.89453125
0.2744140625,0.548095703125,-0.2978515625,-2.0751953125,3.417968511581421,36.43798828125
0.1776123046875,0.611572265625,-0.2491455078125,-3.540038824081421,59.692378997802734,6.286620616912842
0.1314697265625,0.718017578125,-0.3218994140625,10.253905296325684,75.5615234375,4.7607421875
0.099365234375,0.771240234375,-0.4727783203125,23.681638717651367,46.020503997802734,10.498045921325684
0.1639404296875,0.7701416015625,-0.5714111328125,22.766111373901367,10.131834983825684,12.268065452575684
0.26953125,0.779052734375,-0.587890625,13.488768577575684,-8.97216796875,10.986327171325684
0.2344970703125,0.7772216796875,-0.62255859375,14.038084983825684,-2.0751953125,-1.9531248807907104
0.2303466796875,0.732666015625,-0.646728515625,18.61572265625,13.122557640075684,-11.901854515075684
0.3232421875,0.726318359375,-0.6285400390625,13.549803733825684,23.315427780151367,-9.765625
0.23828125,0.7799072265625,-0.5006103515625,1.3427733182907104,37.04833984375,-15.319823265075684
0.140869140625,0.7952880859375,-0.42431640625,6.835937023162842,24.841306686401367,-5.249022960662842
0.3504638671875,0.7767333984375,-0.5758056640625,33.63037109375,4.150390625,29.602048873901367
0.4757080078125,0.8624267578125,-0.704345703125,25.146482467651367,16.78466796875,-2.990722417831421
0.21630859375,1.035888671875,-0.6361083984375,-46.997066497802734,1.15966796875,-105.59081268310547
-0.009033203125,1.1722412109375,-0.5911865234375,-127.31932830810547,-69.9462890625,-144.22607421875
-0.0235595703125,1.208251953125,-0.7490234375,-126.03759002685547,-112.12157440185547,-97.83934783935547
-0.0255126953125,1.162109375,-0.7979736328125,-7.080077648162842,-89.59960174560547,-33.99658203125
-0.0615234375,1.0738525390625,-0.5777587890625,131.53076171875,-53.344722747802734,13.366698265075684
-0.0982666015625,0.952392578125,-0.409912109375,164.24559020996094,-39.9169921875,31.555173873901367
-0.120361328125,0.8719482421875,-0.5230712890625,94.29930877685547,-30.395505905151367,28.198240280151367
-0.1312255859375,0.831298828125,-0.7322998046875,19.6533203125,-11.718749046325684,16.845703125
-0.153564453125,0.751953125,-0.712158203125,13.854979515075684,-18.5546875,9.1552734375
-0.15185546875,0.6229248046875,-0.4925537109375,51.635738372802734,-55.725093841552734,5.310058116912842
-0.0953369140625,0.516357421875,-0.36572265625,69.580078125,-72.20458984375,0.54931640625
-0.045166015625,0.4876708984375,-0.387451171875,51.635738372802734,-53.466793060302734,-0.9765624403953552
-0.08154296875,0.5377197265625,-0.447265625,-0.1220703050494194,-18.310546875,6.103515148162842
-0.140380859375,0.6336669921875,-0.49951171875,-84.89989471435547,44.189449310302734,-3.234863042831421
-0.09912109375,0.7010498046875,-0.521728515625,-173.76707458496094,114.99022674560547,-42.724605560302734
-0.009521484375,0.6920166015625,-0.511474609375,-202.02635192871094,125.24413299560547,-54.504390716552734
0.0364990234375,0.6824951171875,-0.4566650390625,-130.4931640625,62.438961029052734,1.7700194120407104
0.037109375,0.720703125,-0.3681640625,-20.141599655151367,14.343260765075684,69.3359375
0.0196533203125,0.77685546875,-0.310302734375,41.137691497802734,20.263669967651367,86.85301971435547
0.0113525390625,0.8309326171875,-0.3128662109375,39.306640625,24.475095748901367,52.001949310302734
0.0157470703125,0.9239501953125,-0.3780517578125,14.221190452575684,2.563476324081421,-1.6479490995407104
0.0284423828125,0.98388671875,-0.436279296875,-1.7700194120407104,-19.10400390625,-37.841796875
0.04638671875,0.9068603515625,-0.4244384765625,-4.45556640625,-24.597166061401367,-45.532222747802734
0.0535888671875,0.814208984375,-0.38720703125,-1.9531248807907104,-24.353025436401367,-31.799314498901367
0.035888671875,0.8140869140625,-0.3790283203125,-4.21142578125,-26.062009811401367,-12.451170921325684
0.0032958984375,0.888671875,-0.403564453125,-10.192870140075684,-32.2265625,-3.479003667831421
-0.00732421875,0.931640625,-0.4307861328125,-13.793944358825684,-40.161128997802734,-8.7890625
0.0042724609375,0.865234375,-0.421142578125,-10.009765625,-38.4521484375,-18.06640625
-0.0380859375,0.6436767578125,-0.3140869140625,4.8828125,-16.54052734375,-14.953612327575684
-0.0799560546875,0.2801513671875,-0.13037109375,19.10400390625,30.639646530151367,18.06640625
0.0062255859375,-0.087890625,0.034423828125,15.380858421325684,103.69872283935547,106.20116424560547
0.029541015625,-0.0513916015625,0.0140380859375,12.023924827575684,103.82079315185547,115.17333221435547
0.0389404296875,-0.00830078125,-0.0079345703125,12.207030296325684,99.91454315185547,115.53954315185547
0.0526123046875,0.00634765625,-0.0172119140625,14.770506858825684,102.35594940185547,123.29100799560547
0.077880859375,0.0030517578125,-0.01953125,18.5546875,112.18260955810547,144.95849609375
0.1173095703125,-0.00390625,-0.023681640625,23.193357467651367,126.34276580810547,179.87059020996094
0.1678466796875,-0.0107421875,-0.029052734375,28.198240280151367,140.7470703125,225.28074645996094
0.21630859375,-0.0196533203125,-0.0220947265625,31.249998092651367,152.099609375,278.076171875
0.247314453125,-0.03515625,-0.000244140625,29.113767623901367,157.77587890625,332.1532897949219
0.7513427734375,-0.427490234375,-0.0584716796875,-2.563476324081421,121.03270721435547,392.1508483886719
1.1668701171875,-0.9130859375,-0.311767578125,-124.63378143310547,-131.53076171875,248.53514099121094
0.793212890625,-0.855712890625,-0.5640869140625,-230.40769958496094,-486.3280944824219,-3.234863042831421
0.332763671875,-0.5235595703125,-0.6387939453125,-160.5224609375,-528.99169921875,-97.04589080810547
0.1495361328125,-0.271484375,-0.6607666015625,-48.645015716552734,-303.89404296875,-27.954099655151367
0.1170654296875,-0.1500244140625,-0.7138671875,-2.3193359375,-90.39305877685547,51.208492279052734
0.10302734375,-0.098876953125,-0.7911376953125,-5.676269054412842,1.8920897245407104,60.180660247802734
0.0928955078125,-0.126953125,-0.875,-7.568358898162842,14.831542015075684,18.49365234375
0.0960693359375,-0.2244873046875,-0.9515380859375,11.657713890075684,9.94873046875,-15.563963890075684
0.087158203125,-0.3421630859375,-1.001708984375,31.677244186401367,8.11767578125,-14.526366233825684
0.1029052734375,-0.396728515625,-1.025146484375,36.80419921875,10.986327171325684,11.596678733825684
0.1409912109375,-0.384521484375,-1.0185546875,27.587888717651367,14.099120140075684,33.0810546875
0.156494140625,-0.3604736328125,-0.9891357421875,13.244627952575684,17.822265625,25.268552780151367
0.17138671875,-0.34375,-0.964111328125,5.676269054412842,24.536130905151367,0.6713866591453552
0.2049560546875,-0.360595703125,-0.9505615234375,7.812499523162842,26.489255905151367,-15.197752952575684
0.2344970703125,-0.3961181640625,-0.9398193359375,11.840819358825684,19.95849609375,-21.301267623901367
0.2220458984375,-0.411865234375,-0.927001953125,9.521484375,10.864256858825684,-22.888181686401367
0.1907958984375,-0.4024658203125,-0.9117431640625,2.197265625,5.126952648162842,-19.83642578125
0.17724609375,-0.37841796875,-0.8941650390625,-2.868652105331421,3.662109136581421,-14.404295921325684
0.1810302734375,-0.3614501953125,-0.8873291015625,-2.50244140625,4.5166015625,-9.33837890625
0.1884765625,-0.3563232421875,-0.8935546875,0.2441406100988388,5.126952648162842,-4.94384765625
0.1968994140625,-0.357666015625,-0.9007568359375,1.4648436307907104,4.94384765625,-0.9765624403953552
0.2049560546875,-0.361328125,-0.9044189453125,0.7934569716453552,4.69970703125,1.3427733182907104
0.2105712890625,-0.3612060546875,-0.9022216796875,0.2441406100988388,4.638671875,0.9155272841453552
0.2147216796875,-0.3592529296875,-0.892822265625,0.7934569716453552,4.2724609375,-0.9155272841453552
0.2235107421875,-0.362060546875,-0.8778076171875,1.5869139432907104,4.0283203125,-3.417968511581421
0.2322998046875,-0.4005126953125,-0.875,3.540038824081421,3.845214605331421,-6.408690929412842
0.22705078125,-0.443115234375,-0.93115234375,11.047362327575684,-2.01416015625,-1.7700194120407104
0.2730712890625,-0.50732421875,-1.0079345703125,18.12744140625,-12.145995140075684,25.817869186401367
0.385498046875,-0.5657958984375,-1.0562744140625,2.624511480331421,-17.08984375,55.786128997802734
0.4354248046875,-0.4063720703125,-1.13037109375,-18.24951171875,-24.597166061401367,28.015134811401367
0.37451171875,-0.0648193359375,-1.151611328125,3.112792730331421,-32.28759765625,-64.697265625
0.3646240234375,-0.14501953125,-1.1627197265625,44.067378997802734,-2.990722417831421,-191.71141052246094
0.4036865234375,-0.521484375,-1.2425537109375,35.46142578125,37.78076171875,-274.47509765625
0.4327392578125,-0.6009521484375,-1.33642578125,-46.142574310302734,30.029294967651367,-259.82666015625
0.3692626953125,-0.291015625,-1.349853515625,-146.97265625,-7.446288585662842,-215.69822692871094
0.2044677734375,0.11279296875,-1.3682861328125,-187.31687927246094,-46.386714935302734,-224.12107849121094
0.037841796875,0.303466796875,-1.7078857421875,-148.193359375,-138.7939453125,-238.34226989746094
-0.0404052734375,0.387939453125,-1.99169921875,-108.33739471435547,-244.75096130371094,-139.83154296875
-0.046875,0.4677734375,-1.5809326171875,-159.0576171875,-237.91502380371094,1.4038084745407104
-0.1268310546875,0.6217041015625,-0.795166015625,-249.08445739746094,-178.52781677246094,42.907711029052734
-0.1658935546875,0.790771484375,-0.1644287109375,-264.95361328125,-146.30126953125,4.5166015625
-0.136474609375,0.8336181640625,0.071533203125,-190.24656677246094,-83.06884002685547,-31.066892623901367
-0.1614990234375,0.7000732421875,-0.1383056640625,-94.36034393310547,50.781246185302734,-45.104976654052734
-0.1820068359375,0.45849609375,-0.4217529296875,-42.968746185302734,180.17576599121094,-42.907711029052734
-0.0572509765625,0.2882080078125,-0.4964599609375,-32.71484375,196.53318786621094,-0.54931640625
0.167724609375,0.318115234375,-0.367919921875,-36.19384765625,93.13964080810547,53.588863372802734
0.2161865234375,0.4468994140625,-0.2164306640625,-43.457027435302734,-11.413573265075684,44.982906341552734
-0.06103515625,0.42333984375,-0.2386474609375,-41.625972747802734,-30.273435592651367,-17.9443359375
-0.306640625,0.363037109375,-0.3287353515625,-29.174802780151367,-33.02001953125,-48.583980560302734
-0.3641357421875,0.4293212890625,-0.3487548828125,-33.02001953125,-46.752925872802734,-16.11328125
-0.2138671875,0.5614013671875,-0.3319091796875,-51.391597747802734,-33.447265625,37.841796875
0.113037109375,0.7506103515625,-0.299072265625,-53.283687591552734,9.82666015625,86.48680877685547
0.249267578125,0.8543701171875,-0.2467041015625,-37.59765625,44.128414154052734,87.70751190185547
0.1339111328125,0.849609375,-0.2218017578125,-15.014647483825684,32.2265625,40.588375091552734
-0.010009765625,0.8414306640625,-0.244873046875,5.310058116912842,6.958007335662842,2.01416015625
-0.07080078125,0.8592529296875,-0.23193359375,7.995604991912842,-0.54931640625,-12.390135765075684
-0.0625,0.8839111328125,-0.2034912109375,1.0986328125,1.9531248807907104,-13.061522483825684
0.0267333984375,0.9232177734375,-0.2015380859375,6.408690929412842,-1.220703125,-5.0048828125
0.0928955078125,0.943603515625,-0.2584228515625,26.306150436401367,-0.0610351525247097,3.356933355331421
0.039306640625,0.894287109375,-0.429931640625,47.668453216552734,1.9531248807907104,2.868652105331421
-0.0078125,0.840087890625,-0.603515625,44.677730560302734,-3.601073980331421,2.685546636581421
-0.044189453125,0.8533935546875,-0.5885009765625,-2.25830078125,6.774901866912842,2.868652105331421
-0.09130859375,0.92431640625,-0.3043212890625,-64.39208984375,24.536130905151367,-9.27734375
-0.06787109375,0.97802734375,-0.0814208984375,-72.75390625,27.587888717651367,-25.695798873901367
-0.0296630859375,0.9508056640625,-0.2232666015625,-25.939939498901367,42.236324310302734,-44.921871185302734
-0.146240234375,0.987060546875,-0.4140625,9.82666015625,62.499996185302734,-65.0634765625
-0.2813720703125,1.1468505859375,-0.4390869140625,2.868652105331421,43.701168060302734,-46.813961029052734
-0.185791015625,1.2568359375,-0.4510498046875,-36.9873046875,-27.587888717651367,2.3193359375
-0.03173828125,1.221923828125,-0.4462890625,-44.738765716552734,-97.90038299560547,2.929687261581421
-0.03173828125,1.0633544921875,-0.3363037109375,16.7236328125,-118.53026580810547,-31.555173873901367
-0.1156005859375,0.88818359375,-0.2032470703125,86.73094940185547,-100.28075408935547,-32.04345703125
-0.1658935546875,0.7850341796875,-0.18603515625,101.74559783935547,-68.9697265625,-6.896972179412842
-0.19091796875,0.752685546875,-0.246337890625,64.51416015625,-53.466793060302734,12.817381858825684
-0.2080078125,0.7613525390625,-0.2392578125,16.357421875,-55.786128997802734,18.12744140625
-0.220703125,0.80419921875,-0.2086181640625,-39.73388671875,-55.480953216552734,23.559568405151367
-0.205810546875,0.8616943359375,-0.2598876953125,-97.35106658935547,-41.503902435302734,34.423828125
-0.1864013671875,0.9200439453125,-0.30322265625,-98.32762908935547,-22.949216842651367,38.39111328125
-0.22607421875,0.9405517578125,-0.2447509765625,-34.85107421875,-8.36181640625,39.12353515625
-0.2957763671875,0.9031982421875,-0.1685791015625,20.996091842651367,10.375975608825684,45.593257904052734
-0.3270263671875,0.858642578125,-0.165771484375,31.921384811401367,33.50830078125,49.133296966552734
-0.2847900390625,0.847900390625,-0.192626953125,29.541013717651367,39.0625,33.3251953125
-0.1932373046875,0.857421875,-0.197265625,31.188962936401367,21.789548873901367,3.662109136581421
-0.117431640625,0.8525390625,-0.2076416015625,18.85986328125,10.192870140075684,-15.930174827575684
-0.108154296875,0.8472900390625,-0.251220703125,-7.141112804412842,22.949216842651367,-15.747069358825684
-0.1529541015625,0.853759765625,-0.293212890625,-25.268552780151367,35.15625,-9.6435546875
-0.18505859375,0.87158203125,-0.3021240234375,-27.465818405151367,14.343260765075684,-10.986327171325684
-0.172119140625,0.9105224609375,-0.2880859375,-22.033689498901367,-28.625486373901367,-12.329100608825684
-0.1383056640625,0.95556640625,-0.26611328125,-10.314940452575684,-56.396480560302734,-11.779784202575684
-0.12451171875,0.9615478515625,-0.232177734375,9.521484375,-52.001949310302734,-19.34814453125
-0.150634765625,0.921875,-0.2021484375,21.484373092651367,-30.334470748901367,-25.085447311401367
-0.1741943359375,0.7598876953125,-0.160400390625,7.934569835662842,-10.742186546325684,-23.559568405151367
-0.1201171875,0.36572265625,-0.071533203125,-28.076169967651367,8.23974609375,-24.719236373901367
0.0150146484375,-0.1063232421875,0.020263671875,-79.52880859375,34.7900390625,-14.526366233825684
0.01171875,-0.0584716796875,0.0108642578125,-78.369140625,34.1796875,-10.681151390075684
-0.005126953125,0.001220703125,0.001953125,-72.93701171875,30.822751998901367,-13.854979515075684
-0.01953125,0.026123046875,0.0015869140625,-70.068359375,28.503416061401367,-22.827146530151367
-0.0311279296875,0.0284423828125,0.0067138671875,-70.49560546875,27.893064498901367,-37.4755859375
-0.045166015625,0.028564453125,0.0150146484375,-72.81494140625,28.808591842651367,-59.265132904052734
-0.0655517578125,0.034423828125,0.0250244140625,-76.72119140625,31.738279342651367,-89.84374237060547
-0.135009765625,0.05322265625,0.04736328125,-94.78759002685547,40.161128997802734,-175.41502380371094
-0.5638427734375,0.297119140625,0.279052734375,-118.83544158935547,42.236324310302734,-239.68504333496094
-1.5533447265625,0.126953125,0.6875,-193.11521911621094,47.729488372802734,-433.0444030761719
-1.4788818359375,-0.4493408203125,0.6448974609375,-221.92381286621094,-13.610838890075684,-542.48046875
-0.466552734375,-0.570556640625,0.356201171875,-109.61913299560547,-144.10400390625,-295.59326171875
-0.2762451171875,-0.38134765625,0.35693359375,5.249022960662842,-155.82275390625,22.033689498901367
-0.5433349609375,-0.1729736328125,0.4674072265625,30.639646530151367,-33.63037109375,117.55370330810547
-0.6456298828125,-0.11767578125,0.53125,16.90673828125,70.4345703125,43.029781341552734
-0.7427978515625,-0.1484375,0.5260009765625,6.347655773162842,94.11620330810547,-13.610838890075684
-0.9124755859375,-0.215087890625,0.457763671875,3.051757574081421,62.255855560302734,1.7700194120407104
-0.9859619140625,-0.2681884765625,0.40283203125,2.868652105331421,26.794431686401367,26.000974655151367
-0.9901123046875,-0.254150390625,0.4072265625,5.0048828125,7.629394054412842,32.40966796875
-0.9998779296875,-0.212158203125,0.4293212890625,7.568358898162842,2.0751953125,29.235837936401367
-1.0057373046875,-0.1844482421875,0.42919921875,6.225585460662842,-1.15966796875,22.094724655151367
-0.984619140625,-0.172607421875,0.4281005859375,2.3193359375,-9.27734375,15.441893577575684
-0.9342041015625,-0.1673583984375,0.4447021484375,0.7324218153953552,-13.549803733825684,9.033203125
-0.8883056640625,-0.162353515625,0.454345703125,1.5869139432907104,-8.056640625,2.13623046875
-0.8848876953125,-0.155029296875,0.4476318359375,1.8310545682907104,-1.7089842557907104,-0.4272460639476776
-0.89453125,-0.15380859375,0.4324951171875,1.15966796875,1.5869139432907104,0.7934569716453552
-0.8720703125,-0.1622314453125,0.416259765625,1.6479490995407104,3.967284917831421,0.6103515625
-0.85986328125,-0.1629638671875,0.4189453125,5.187987804412842,5.249022960662842,1.15966796875
-0.885498046875,-0.1492919921875,0.4365234375,9.58251953125,6.164550304412842,2.929687261581421
-0.9041748046875,-0.136962890625,0.4404296875,9.58251953125,3.906249761581421,2.624511480331421
-0.9014892578125,-0.1351318359375,0.4315185546875,5.310058116912842,-1.3427733182907104,2.01416015625
-0.8997802734375,-0.1368408203125,0.4259033203125,1.9531248807907104,-2.807616949081421,2.746581792831421
-0.904296875,-0.1405029296875,0.417724609375,0.9155272841453552,0.4882812201976776,2.38037109375
-0.892333984375,-0.1470947265625,0.41259765625,1.7700194120407104,3.601073980331421,0.1220703050494194
-0.87060546875,-0.145751953125,0.4305419921875,4.5166015625,3.479003667831421,-0.7324218153953552
-0.8885498046875,-0.1365966796875,0.453125,4.82177734375,-0.3662109076976776,2.990722417831421
-0.9688720703125,-0.127197265625,0.4781494140625,1.5258787870407104,-8.11767578125,8.4228515625
-1.09765625,-0.1397705078125,0.5533447265625,2.01416015625,-16.41845703125,4.150390625
-1.2322998046875,-0.1785888671875,0.6583251953125,4.57763671875,-8.36181640625,-26.489255905151367
-1.1416015625,-0.301025390625,0.5384521484375,-7.080077648162842,40.588375091552734,-87.40233612060547
-1.2281494140625,-0.6622314453125,0.649658203125,-41.564937591552734,2.868652105331421,-125.42723846435547
-1.4254150390625,-0.820556640625,0.59912109375,-70.00732421875,17.88330078125,-133.30078125
-0.7020263671875,-1.5303955078125,-0.5791015625,-157.40966796875,356.4452819824219,-431.1523132324219
-0.208984375,-1.765625,-0.859130859375,-100.89110565185547,404.6630554199219,-501.2206726074219
0.1490478515625,-1.4639892578125,-0.458251953125,38.26904296875,200.56150817871094,-338.5009460449219
0.38916015625,-1.072265625,0.0498046875,136.1083984375,25.817869186401367,-186.52342224121094
0.4527587890625,-0.7978515625,0.3095703125,143.98193359375,27.160642623901367,-171.02049255371094
0.3614501953125,-0.6754150390625,0.22509765625,73.91357421875,79.89501953125,-150.81787109375
0.210205078125,-0.536376953125,0.115478515625,2.0751953125,86.60887908935547,-91.91893768310547
-0.0101318359375,-0.246826171875,0.246337890625,-11.596678733825684,62.255855560302734,-57.678218841552734
-0.0496826171875,-0.1527099609375,0.17822265625,-27.893064498901367,22.705076217651367,-57.861324310302734
0.1038818359375,-0.347900390625,-0.3302001953125,-108.58153533935547,-33.8134765625,-78.06396484375
0.2200927734375,-0.4903564453125,-0.46630859375,-141.7236328125,-51.391597747802734,-65.91796875
0.3367919921875,-0.6378173828125,-0.106201171875,-59.387203216552734,10.986327171325684,-23.193357467651367
0.3101806640625,-0.681884765625,0.076416015625,33.38623046875,38.26904296875,65.36865234375
0.1856689453125,-0.5767822265625,0.1551513671875,91.06444549560547,-41.870113372802734,171.50877380371094
0.218994140625,-0.6302490234375,0.1986083984375,96.80175018310547,-93.07860565185547,150.0244140625
0.3031005859375,-0.7437744140625,0.1119384765625,42.724605560302734,-64.5751953125,61.035152435302734
0.2525634765625,-0.7978515625,0.0283203125,-18.12744140625,-46.691890716552734,36.19384765625
0.2091064453125,-0.8192138671875,-0.0411376953125,-49.316402435302734,-38.39111328125,20.874021530151367
0.2977294921875,-0.8165283203125,-0.1939697265625,-68.7255859375,-33.0810546875,-17.02880859375
0.324951171875,-0.87109375,-0.3109130859375,-69.7021484375,-47.424312591552734,-28.259275436401367
0.2650146484375,-0.92822265625,-0.2994384765625,-30.700681686401367,-54.138179779052734,0.7934569716453552
0.2198486328125,-0.952392578125,-0.299072265625,4.08935546875,-41.137691497802734,31.921384811401367
0.123046875,-0.9814453125,-0.30517578125,12.145995140075684,-25.939939498901367,38.4521484375
0.060791015625,-0.9783935546875,-0.2867431640625,12.451170921325684,-20.751951217651367,29.785154342651367
0.0987548828125,-0.9488525390625,-0.266845703125,11.840819358825684,-20.874021530151367,19.53125
0.2021484375,-0.9219970703125,-0.191650390625,18.1884765625,-20.568845748901367,14.221190452575684
0.2171630859375,-0.9456787109375,-0.12646484375,28.381345748901367,-12.939452171325684,22.277830123901367
0.0740966796875,-1.007568359375,-0.1365966796875,31.494138717651367,-1.7700194120407104,35.888671875
0.0897216796875,-1.0869140625,-0.1531982421875,27.709959030151367,-5.737304210662842,28.198240280151367
0.231689453125,-1.23193359375,-0.1719970703125,9.765625,5.676269054412842,2.624511480331421
0.1934814453125,-1.2999267578125,-0.14599609375,-21.545408248901367,61.340328216552734,-5.798339366912842
0.0787353515625,-1.2276611328125,-0.103271484375,-28.320310592651367,92.65135955810547,11.474608421325684
0.0540771484375,-1.1661376953125,-0.1201171875,-10.070799827575684,73.05908203125,25.939939498901367
0.131591796875,-1.129638671875,-0.1396484375,-3.601073980331421,73.18115234375,22.277830123901367
0.2215576171875,-1.0914306640625,-0.1566162109375,-5.737304210662842,93.62792205810547,7.385253429412842
0.2301025390625,-1.0595703125,-0.1746826171875,-7.324218273162842,83.25194549560547,-15.319823265075684
0.1995849609375,-0.9534912109375,-0.1951904296875,-27.954099655151367,17.15087890625,-49.377437591552734
0.13623046875,-0.9232177734375,-0.2230224609375,-43.151851654052734,0.7934569716453552,-27.465818405151367
0.01123046875,-0.92626953125,-0.2188720703125,-48.034664154052734,-35.58349609375,35.82763671875
-0.0404052734375,-0.9794921875,-0.201416015625,-23.193357467651367,-94.11620330810547,117.79784393310547
0.029541015625,-0.9970703125,-0.2432861328125,5.126952648162842,-113.89159393310547,176.57469177246094
0.076416015625,-0.9503173828125,-0.2791748046875,3.967284917831421,-85.93749237060547,169.06736755371094
0.0164794921875,-0.9022216796875,-0.2476806640625,-5.737304210662842,-58.959957122802734,94.23827362060547
-0.096435546875,-0.88232421875,-0.2005615234375,2.563476324081421,-43.273921966552734,-2.3193359375
-0.1761474609375,-0.8682861328125,-0.1798095703125,15.441893577575684,-28.991697311401367,-68.17626953125
-0.1612548828125,-0.839111328125,-0.13916015625,14.526366233825684,-12.939452171325684,-78.857421875
-0.0797119140625,-0.7967529296875,-0.0946044921875,17.88330078125,17.822265625,-55.541988372802734
-0.0140380859375,-0.76416015625,-0.1090087890625,41.809078216552734,59.448238372802734,-30.944822311401367
-0.0106201171875,-0.7611083984375,-0.115966796875,60.058589935302734,72.6318359375,-20.874021530151367
-0.04248046875,-0.777099609375,-0.07421875,51.818843841552734,44.067378997802734,-24.108884811401367
-0.0726318359375,-0.815673828125,-0.0369873046875,32.3486328125,9.82666015625,-31.127927780151367
-0.09423828125,-0.8741455078125,-0.032958984375,22.521970748901367,-0.54931640625,-33.63037109375
-0.1063232421875,-0.9404296875,-0.027587890625,25.390623092651367,9.521484375,-22.277830123901367
-0.0921630859375,-1.0013427734375,-0.0184326171875,30.822751998901367,27.526853561401367,7.995604991912842
-0.035888671875,-1.0108642578125,-0.021240234375,31.249998092651367,36.43798828125,41.503902435302734
0.025634765625,-0.992919921875,0.017333984375,20.141599655151367,25.451658248901367,47.363277435302734
0.019287109375,-1.0335693359375,0.0819091796875,6.530761241912842,9.21630859375,16.11328125
-0.0313720703125,-1.1246337890625,0.094970703125,7.385253429412842,5.676269054412842,-21.911619186401367
-0.05322265625,-1.171142578125,0.0684814453125,14.770506858825684,10.498045921325684,-35.0341796875
-0.0611572265625,-1.133544921875,0.05029296875,11.535643577575684,13.061522483825684,-28.015134811401367
-0.0546875,-0.961181640625,0.06103515625,4.150390625,11.047362327575684,-17.4560546875
-0.022705078125,-0.529541015625,0.0592041015625,14.099120140075684,2.807616949081421,-4.5166015625
0.001708984375,-0.076904296875,0.023193359375,40.222164154052734,-10.314940452575684,10.986327171325684
0.006591796875,0.087890625,-0.002685546875,59.631343841552734,-20.446775436401367,20.751951217651367
0.001953125,0.0537109375,-0.005859375,63.415523529052734,-23.437498092651367,21.728513717651367
-0.003173828125,-0.0142822265625,0.001708984375,59.875484466552734,-22.399900436401367,19.53125
-0.0059814453125,-0.0462646484375,0.0093994140625,56.884761810302734,-20.507810592651367,19.47021484375
-0.0201416015625,-0.045166015625,0.02490234375,58.959957122802734,-15.624999046325684,30.456541061401367
-0.03125,-0.0467529296875,0.034912109375,62.194820404052734,-9.765625,41.809078216552734
-0.0440673828125,-0.0526123046875,0.0457763671875,66.40625,-1.9531248807907104,55.541988372802734
-0.067626953125,-0.060791015625,0.0587158203125,71.8994140625,7.812499523162842,70.9228515625
-0.530029296875,-0.1947021484375,0.427490234375,107.97118377685547,49.377437591552734,132.080078125
-0.646728515625,-0.27734375,0.3270263671875,319.2138671875,137.451171875,298.583984375
-0.177490234375,-0.2808837890625,0.0390625,532.40966796875,196.16697692871094,383.5448913574219
-0.14111328125,-0.1068115234375,0.33203125,358.6425476074219,44.616695404052734,204.16258239746094
-0.44677734375,0.146240234375,0.5714111328125,23.071287155151367,-131.28662109375,-6.225585460662842
-0.5692138671875,0.0858154296875,0.59033203125,-122.68065643310547,-33.935546875,-71.8994140625
-0.60986328125,-0.0098876953125,0.5909423828125,-74.76806640625,23.925779342651367,-48.095699310302734
-0.6544189453125,-0.0482177734375,0.6624755859375,-39.0625,37.841796875,-39.24560546875
-0.694580078125,-0.001220703125,0.68505859375,-11.413573265075684,47.973628997802734,-22.583005905151367
-0.760498046875,0.0250244140625,0.6923828125,5.065917491912842,64.94140625,-9.3994140625
-0.8233642578125,-0.00439453125,0.7259521484375,6.530761241912842,71.10595703125,-11.718749046325684
-0.912841796875,-0.028076171875,0.7508544921875,-0.4882812201976776,63.476558685302734,-14.648436546325684
-1.000732421875,-0.0526123046875,0.75,-6.713866710662842,47.851558685302734,-12.512206077575684
-1.0078125,-0.0655517578125,0.717041015625,-4.8828125,29.113767623901367,-6.774901866912842
-0.9595947265625,-0.04248046875,0.6507568359375,3.112792730331421,14.465331077575684,0.0
-0.9097900390625,-0.0255126953125,0.593505859375,8.1787109375,3.967284917831421,0.3662109076976776
-0.86865234375,-0.03564453125,0.56005859375,8.544921875,-2.746581792831421,-1.5258787870407104
-0.8369140625,-0.0338134765625,0.5343017578125,8.7890625,-3.601073980331421,2.50244140625
-0.830322265625,-0.002685546875,0.5186767578125,9.09423828125,-2.0751953125,6.835937023162842
-0.8233642578125,0.02880859375,0.52685546875,7.812499523162842,-3.417968511581421,6.225585460662842
-0.8160400390625,0.05908203125,0.55224609375,5.0048828125,-5.920409679412842,1.220703125
-0.8428955078125,0.1021728515625,0.5823974609375,2.929687261581421,-4.08935546875,-8.4228515625
-0.880615234375,0.1024169921875,0.606201171875,12.145995140075684,0.4882812201976776,-10.192870140075684
-0.919921875,0.046630859375,0.62548828125,41.381832122802734,4.45556640625,17.51708984375
-0.996826171875,0.0572509765625,0.634765625,76.47705078125,4.150390625,57.678218841552734
-1.058349609375,0.11181640625,0.6612548828125,89.90477752685547,-11.901854515075684,62.255855560302734
-1.074951171875,0.1455078125,0.742919921875,74.52392578125,-42.419429779052734,39.48974609375
-1.1195068359375,0.1651611328125,0.97607421875,43.518062591552734,-77.20947265625,21.057126998901367
-1.239501953125,0.134765625,1.418701171875,6.469726085662842,-101.19628143310547,16.11328125
-1.286376953125,0.1761474609375,1.54296875,4.5166015625,-80.01708984375,49.865718841552734
-1.1585693359375,0.3271484375,1.19580078125,46.325679779052734,-41.931148529052734,99.42626190185547
-0.9912109375,0.4400634765625,0.8309326171875,75.62255859375,-50.292964935302734,114.01366424560547
-0.715576171875,0.5494384765625,0.5860595703125,77.94189453125,-92.04100799560547,122.43651580810547
-0.274658203125,0.7177734375,0.5240478515625,60.485836029052734,-132.50732421875,144.04296875
0.1329345703125,0.826416015625,0.65185546875,24.780271530151367,-166.07664489746094,138.12255859375
0.3453369140625,0.7884521484375,0.8143310546875,-9.82666015625,-197.08250427246094,92.52928924560547
0.404052734375,0.66015625,0.822021484375,-17.9443359375,-211.05955505371094,36.0107421875
0.3759765625,0.5352783203125,0.6436767578125,9.82666015625,-181.70164489746094,-9.21630859375
0.30029296875,0.4259033203125,0.4005126953125,50.659175872802734,-112.24364471435547,-39.12353515625
0.19189453125,0.3348388671875,0.179931640625,74.462890625,-54.992671966552734,-54.016109466552734
0.11083984375,0.3125,0.0416259765625,61.218257904052734,-75.0732421875,-53.833003997802734
0.1341552734375,0.3634033203125,0.0941162109375,14.038084983825684,-118.28612518310547,-51.879878997802734
0.1966552734375,0.41162109375,0.27294921875,-27.526853561401367,-98.14452362060547,-63.537593841552734
0.267578125,0.4097900390625,0.3897705078125,-42.236324310302734,-60.974117279052734,-70.9228515625
0.1973876953125,0.36865234375,0.5174560546875,-45.776363372802734,-54.260250091552734,-72.265625
-0.002685546875,0.3880615234375,0.6043701171875,-24.719236373901367,-30.334470748901367,-78.125
-0.1358642578125,0.5052490234375,0.551513671875,25.756834030151367,26.550291061401367,-68.66455078125
-0.1409912109375,0.6298828125,0.5341796875,54.626461029052734,51.940914154052734,-39.97802734375
-0.03173828125,0.72314453125,0.52392578125,49.499507904052734,39.0625,-11.413573265075684
0.043701171875,0.7762451171875,0.4774169921875,37.04833984375,23.742673873901367,3.295898199081421
0.06396484375,0.7918701171875,0.4432373046875,22.521970748901367,17.39501953125,4.5166015625
0.0782470703125,0.7745361328125,0.4814453125,5.676269054412842,14.465331077575684,-0.30517578125
0.050537109375,0.73681640625,0.6217041015625,-7.324218273162842,3.967284917831421,-7.019042491912842
0.0347900390625,0.719482421875,0.714111328125,-6.591796398162842,1.4648436307907104,-7.690429210662842
0.01513671875,0.755859375,0.65673828125,8.23974609375,16.78466796875,-4.45556640625
-0.0274658203125,0.806884765625,0.5662841796875,20.385740280151367,27.160642623901367,-2.38037109375
-0.0247802734375,0.81884765625,0.521728515625,18.24951171875,23.498533248901367,2.685546636581421
-0.0263671875,0.8092041015625,0.5111083984375,6.835937023162842,19.287109375,7.019042491912842
-0.0213623046875,0.816162109375,0.50341796875,-0.7324218153953552,15.686034202575684,11.291502952575684
-0.002197265625,0.8282470703125,0.5494384765625,-0.7934569716453552,18.6767578125,13.671874046325684
-0.0225830078125,0.83935546875,0.6602783203125,1.5869139432907104,21.484373092651367,8.48388671875
-0.05322265625,0.922119140625,0.6593017578125,11.169432640075684,10.070799827575684,5.554198741912842
-0.056884765625,1.0234375,0.6370849609375,27.282712936401367,-7.812499523162842,12.207030296325684
-0.0184326171875,1.0347900390625,0.7451171875,27.526853561401367,-24.841306686401367,14.770506858825684
0.0654296875,1.0064697265625,0.81298828125,-14.099120140075684,-18.5546875,10.803221702575684
0.14599609375,1.0189208984375,0.708984375,-86.73094940185547,9.765625,11.718749046325684
0.1512451171875,1.0130615234375,0.6357421875,-111.93846893310547,12.268065452575684,16.2353515625
0.107421875,0.9560546875,0.67529296875,-48.339839935302734,4.82177734375,35.7666015625
0.1019287109375,0.91845703125,0.666748046875,27.221677780151367,39.794921875,64.88037109375
0.1202392578125,0.88720703125,0.596435546875,45.410152435302734,96.19139862060547,64.27001953125
0.0924072265625,0.79931640625,0.552490234375,25.817869186401367,110.53466033935547,32.2265625
0.0274658203125,0.663330078125,0.56982421875,10.620116233825684,66.89453125,-0.9765624403953552
0.0057373046875,0.5892333984375,0.6116943359375,25.695798873901367,-16.66259765625,-27.526853561401367
0.06640625,0.5986328125,0.5570068359375,69.03076171875,-124.45067596435547,-63.964839935302734
0.14013671875,0.588623046875,0.40869140625,101.86766815185547,-182.73924255371094,-95.09276580810547
0.122802734375,0.544189453125,0.2880859375,115.05126190185547,-150.45166015625,-74.27978515625
0.058837890625,0.5689697265625,0.2454833984375,120.11717987060547,-90.33202362060547,-18.12744140625
0.0745849609375,0.7066650390625,0.2510986328125,99.85350799560547,-44.433589935302734,4.39453125
0.1400146484375,0.833740234375,0.2528076171875,58.227535247802734,-14.709471702575684,-12.817381858825684
0.1536865234375,0.84228515625,0.2470703125,21.545408248901367,-5.0048828125,-15.075682640075684
0.083984375,0.67578125,0.247314453125,1.03759765625,-10.131834983825684,20.080564498901367
-0.006103515625,0.3216552734375,0.2000732421875,-4.21142578125,-4.57763671875,65.85693359375
-0.0350341796875,0.0068359375,0.08349609375,-0.2441406100988388,45.654293060302734,91.49169158935547
-0.0081787109375,-0.0887451171875,-0.006591796875,4.69970703125,112.85399627685547,97.04589080810547
0.0208740234375,-0.0543212890625,-0.0247802734375,5.126952648162842,144.59228515625,96.74071502685547
0.038330078125,-0.0062255859375,-0.0076904296875,0.9765624403953552,141.66259765625,100.58592987060547
0.0511474609375,0.01416015625,0.0096435546875,-5.554198741912842,126.64794158935547,112.24364471435547
0.0673828125,0.0145263671875,0.01904296875,-13.549803733825684,111.87743377685547,131.591796875
0.092041015625,0.01123046875,0.02587890625,-23.437498092651367,97.53417205810547,157.28759765625
0.1279296875,0.0091552734375,0.0350341796875,-36.1328125,79.40673828125,187.80516052246094
0.171142578125,0.0037841796875,0.044921875,-52.185054779052734,54.626461029052734,223.99900817871094
0.2149658203125,-0.00732421875,0.05078125,-70.6787109375,22.521970748901367,268.4326171875
0.2515869140625,-0.026123046875,0.050048828125,-89.53856658935547,-15.930174827575684,319.51904296875
0.5694580078125,-0.2313232421875,0.241455078125,-104.49217987060547,-65.4296875,368.2861022949219
1.6317138671875,-0.6129150390625,0.3770751953125,-116.82128143310547,-188.41551208496094,353.5155944824219
1.7371826171875,-0.6263427734375,0.2142333984375,-117.37059783935547,-315.0634765625,246.76512145996094
0.7320556640625,-0.3984375,-0.017822265625,-89.84374237060547,-266.90673828125,130.67626953125
0.425048828125,-0.2833251953125,-0.2635498046875,-35.888671875,-81.90917205810547,49.316402435302734
0.4998779296875,-0.2530517578125,-0.326416015625,17.27294921875,70.1904296875,16.357421875
0.6827392578125,-0.3577880859375,-0.18115234375,41.748043060302734,94.60448455810547,6.164550304412842
0.9185791015625,-0.4716796875,-0.0689697265625,39.73388671875,32.04345703125,-18.310546875
1.02099609375,-0.5020751953125,-0.0830078125,30.944822311401367,-25.695798873901367,-30.944822311401367
0.99658203125,-0.48779296875,-0.1119384765625,30.517576217651367,-50.964351654052734,-34.36279296875
0.91357421875,-0.497802734375,-0.0867919921875,36.92626953125,-48.828121185302734,-35.2783203125
0.865478515625,-0.5440673828125,-0.0169677734375,39.73388671875,-30.273435592651367,-29.418943405151367
0.8857421875,-0.5521240234375,-0.0106201171875,29.357908248901367,-16.357421875,-26.123044967651367
0.9324951171875,-0.5003662109375,-0.0849609375,12.817381858825684,-7.629394054412842,-24.230955123901367
0.9736328125,-0.4505615234375,-0.1173095703125,4.33349609375,-0.6713866591453552,-18.4326171875
0.9892578125,-0.416748046875,-0.1092529296875,3.845214605331421,2.0751953125,-10.742186546325684
0.961669921875,-0.40478515625,-0.0863037109375,4.82177734375,2.929687261581421,-2.563476324081421
0.9298095703125,-0.4041748046875,-0.082763671875,3.234863042831421,1.03759765625,1.5258787870407104
0.907470703125,-0.398681640625,-0.09912109375,0.0610351525247097,-1.8310545682907104,1.2817381620407104
0.9337158203125,-0.3826904296875,-0.1199951171875,-2.38037109375,1.8310545682907104,0.0
0.9423828125,-0.37939453125,-0.117919921875,-0.9765624403953552,2.685546636581421,0.4882812201976776
0.9061279296875,-0.38916015625,-0.0977783203125,2.50244140625,4.45556640625,3.356933355331421
0.8682861328125,-0.3994140625,-0.0760498046875,5.920409679412842,8.544921875,6.103515148162842
0.867431640625,-0.4000244140625,-0.069580078125,6.042479991912842,11.230467796325684,5.493163585662842
0.895263671875,-0.3953857421875,-0.064697265625,3.662109136581421,7.202147960662842,1.8920897245407104
0.9522705078125,-0.3837890625,-0.0992431640625,1.5869139432907104,2.13623046875,-0.6713866591453552
1.01123046875,-0.3812255859375,-0.1505126953125,6.042479991912842,5.371093273162842,4.2724609375
1.073974609375,-0.373046875,-0.2010498046875,21.850584030151367,16.17431640625,17.822265625
1.16357421875,-0.424560546875,-0.1439208984375,51.330562591552734,23.437498092651367,30.822751998901367
1.2147216796875,-0.630126953125,0.140380859375,83.80126190185547,24.108884811401367,40.283199310302734
1.26611328125,-0.89013671875,0.228759765625,80.62743377685547,30.578611373901367,53.771968841552734
1.2418212890625,-1.0882568359375,0.1231689453125,30.700681686401367,46.936031341552734,78.4912109375
1.06396484375,-1.179443359375,0.16357421875,0.1831054538488388,69.15283203125,113.22020721435547
0.963623046875,-1.127197265625,0.232666015625,25.512693405151367,61.523433685302734,154.78515625
0.94140625,-1.0382080078125,0.27392578125,52.429195404052734,12.512206077575684,196.77732849121094
0.8651123046875,-1.0975341796875,0.504150390625,60.302730560302734,-15.991209983825684,194.82420349121094
0.822509765625,-1.2066650390625,0.8905029296875,67.7490234375,-3.173827886581421,131.2255859375
0.686767578125,-1.1650390625,0.880126953125,33.02001953125,12.451170921325684,93.62792205810547
0.322998046875,-1.0423583984375,0.4871826171875,-26.245115280151367,14.770506858825684,113.40331268310547
-0.139404296875,-0.8917236328125,0.1251220703125,-37.4755859375,25.024412155151367,135.68115234375
-0.4102783203125,-0.7227783203125,0.0078125,-16.11328125,51.391597747802734,118.53026580810547
-0.4180908203125,-0.5120849609375,0.0516357421875,-11.535643577575684,73.8525390625,60.424800872802734
-0.227294921875,-0.2860107421875,0.13818359375,-22.583005905151367,77.81982421875,-10.009765625
0.224853515625,-0.2508544921875,0.2933349609375,-18.9208984375,78.125,-89.72167205810547
0.5404052734375,-0.413330078125,0.2508544921875,-18.85986328125,98.44969940185547,-131.9580078125
0.487060546875,-0.5703125,-0.0203857421875,-39.55078125,100.46385955810547,-101.62352752685547
0.3612060546875,-0.63818359375,-0.20947265625,-48.828121185302734,42.175289154052734,-57.922359466552734
0.329345703125,-0.65087890625,-0.2415771484375,-33.447265625,-18.98193359375,-34.5458984375
0.2890625,-0.6429443359375,-0.080078125,-3.723144292831421,-29.785154342651367,-8.056640625
0.2767333984375,-0.6529541015625,0.169921875,25.451658248901367,-17.27294921875,12.390135765075684
0.361328125,-0.686279296875,0.274658203125,33.8134765625,-15.563963890075684,15.930174827575684
0.372314453125,-0.7276611328125,0.26806640625,25.451658248901367,-23.620603561401367,25.024412155151367
0.237060546875,-0.80517578125,0.2296142578125,17.15087890625,-34.60693359375,38.6962890625
0.1090087890625,-0.8896484375,0.2080078125,17.51708984375,-37.7197265625,40.466304779052734
0.1209716796875,-0.9154052734375,0.2322998046875,22.277830123901367,-24.291990280151367,32.958984375
0.168212890625,-0.922607421875,0.30712890625,26.977537155151367,-8.72802734375,26.977537155151367
0.157470703125,-0.9183349609375,0.3477783203125,27.099607467651367,-2.01416015625,27.648923873901367
0.1295166015625,-0.904052734375,0.3125,18.12744140625,-5.737304210662842,25.695798873901367
0.188232421875,-0.91943359375,0.37158203125,9.46044921875,-16.4794921875,13.122557640075684
0.20703125,-0.9769287109375,0.406982421875,-5.126952648162842,-44.616695404052734,10.925292015075684
0.15234375,-1.0802001953125,0.312744140625,-26.489255905151367,-56.396480560302734,14.892577171325684
0.19580078125,-1.192138671875,0.280517578125,-24.719236373901367,2.50244140625,3.906249761581421
0.2132568359375,-1.2296142578125,0.3919677734375,-3.723144292831421,77.33154296875,8.1787109375
0.146240234375,-1.231689453125,0.4993896484375,24.230955123901367,93.93309783935547,21.240232467651367
0.0865478515625,-1.228271484375,0.4605712890625,60.241695404052734,84.41161346435547,7.263183116912842
0.0897216796875,-1.2230224609375,0.329345703125,73.42529296875,91.97997283935547,-9.21630859375
0.0848388671875,-1.200927734375,0.19140625,51.635738372802734,71.83837890625,11.718749046325684
0.004638671875,-1.1009521484375,0.26806640625,11.474608421325684,-24.597166061401367,68.84765625
-0.0518798828125,-0.98876953125,0.5615234375,-29.663084030151367,-114.80712127685547,115.35643768310547
-0.09765625,-0.8935546875,0.67431640625,-29.907224655151367,-96.31346893310547,101.25731658935547
-0.1500244140625,-0.7413330078125,0.5157470703125,11.108397483825684,-18.37158203125,44.189449310302734
-0.1329345703125,-0.5546875,0.3809814453125,33.26416015625,32.3486328125,-4.150390625
-0.063232421875,-0.45166015625,0.408935546875,18.85986328125,53.344722747802734,-43.273921966552734
-0.0068359375,-0.4927978515625,0.4317626953125,6.103515148162842,79.16259765625,-95.09276580810547
-0.0230712890625,-0.620361328125,0.3128662109375,25.939939498901367,107.36083221435547,-140.13671875
-0.0552978515625,-0.7100830078125,0.216796875,49.987789154052734,97.04589080810547,-130.06591796875
-0.0023193359375,-0.7318115234375,0.2509765625,36.62109375,54.565425872802734,-65.185546875
0.09619140625,-0.7696533203125,0.3006591796875,4.2724609375,24.597166061401367,4.7607421875
0.110107421875,-0.8438720703125,0.31494140625,-17.578125,11.230467796325684,51.574703216552734
0.0247802734375,-0.93505859375,0.4364013671875,-43.090816497802734,10.437010765075684,72.81494140625
-0.0498046875,-0.99267578125,0.5989990234375,-67.0166015625,20.507810592651367,68.359375
-0.0521240234375,-0.949462890625,0.58740234375,-49.499507904052734,20.996091842651367,50.170894622802734
0.0230712890625,-0.833740234375,0.5047607421875,-5.249022960662842,12.145995140075684,25.878904342651367
0.0770263671875,-0.67431640625,0.405517578125,27.282712936401367,17.08984375,-14.709471702575684
0.033935546875,-0.4034423828125,0.202880859375,28.564451217651367,43.029781341552734,-67.2607421875
-0.0133056640625,-0.10205078125,0.0108642578125,-4.33349609375,69.580078125,-104.67528533935547
-0.014892578125,0.036865234375,-0.04931640625,-37.65869140625,78.18603515625,-113.89159393310547
0.000244140625,0.031005859375,-0.0302734375,-47.485347747802734,74.0966796875,-107.72704315185547
0.0147705078125,-0.012939453125,-0.002197265625,-42.419429779052734,67.7490234375,-101.19628143310547
0.027099609375,-0.0379638671875,0.010009765625,-34.97314453125,62.744136810302734,-100.52489471435547
0.0423583984375,-0.0419921875,0.01220703125,-30.334470748901367,57.678218841552734,-106.50634002685547
0.0640869140625,-0.0416259765625,0.01318359375,-28.137205123901367,49.621578216552734,-119.01854705810547
0.0927734375,-0.0472412109375,0.0145263671875,-26.550291061401367,36.9873046875,-137.51220703125
0.171875,-0.0640869140625,0.0035400390625,-21.362302780151367,3.173827886581421,-183.95994567871094
0.221923828125,-0.0634765625,-0.0032958984375,-17.578125,-16.357421875,-209.28953552246094
0.7357177734375,-0.434814453125,-0.25146484375,-24.902341842651367,-67.138671875,-258.11767578125
0.9979248046875,-0.4586181640625,-0.7734375,-75.439453125,-298.583984375,-479.0649108886719
0.492431640625,-0.0362548828125,-0.6839599609375,87.64647674560547,-391.5404968261719,-757.2020874023438
0.1224365234375,-0.0164794921875,-0.04150390625,528.1982421875,-61.462398529052734,-813.3544311523438
0.0614013671875,-0.1287841796875,0.2950439453125,855.9569702148438,294.189453125,-699.0355834960938
0.633056640625,0.06787109375,0.8671875,889.8314819335938,373.4130554199219,-508.7890319824219
1.0684814453125,0.5013427734375,0.7689208984375,548.583984375,-40.222164154052734,-115.23436737060547
0.9461669921875,-0.0721435546875,0.2159423828125,257.01904296875,-702.5145874023438,225.64695739746094
0.38623046875,-0.6715087890625,-0.1064453125,270.93505859375,-983.9476928710938,175.29295349121094
-0.30224609375,-0.5504150390625,-0.481201171875,200.50047302246094,-696.5331420898438,14.221190452575684
-0.3779296875,-0.732421875,-0.5201416015625,43.212886810302734,-220.45896911621094,-15.930174827575684
-0.427001953125,-0.93505859375,-0.62109375,-36.80419921875,37.41455078125,-4.39453125
-0.472900390625,-0.83349609375,-0.701171875,-33.87451171875,68.115234375,-43.640132904052734
-0.2969970703125,-0.6221923828125,-0.647705078125,20.202634811401367,-1.5258787870407104,-86.73094940185547
-0.2008056640625,-0.6077880859375,-0.38232421875,100.21971893310547,-98.38866424560547,-85.51024627685547
-0.213623046875,-0.802734375,-0.239990234375,143.9208984375,-166.44285583496094,-53.833003997802734
-0.33642578125,-0.93310546875,-0.3975830078125,99.30419158935547,-178.52781677246094,-4.57763671875
-0.54736328125,-0.912109375,-0.52294921875,44.616695404052734,-198.48631286621094,50.292964935302734
-0.5892333984375,-0.8709716796875,-0.287109375,43.151851654052734,-256.40869140625,89.23339080810547
-0.5216064453125,-0.7589111328125,0.11083984375,46.874996185302734,-250.79344177246094,102.84423065185547
-0.530029296875,-0.7010498046875,0.3533935546875,25.512693405151367,-153.4423828125,81.66503143310547
-0.6031494140625,-0.7490234375,0.447509765625,8.4228515625,-63.293453216552734,43.212886810302734
-0.6387939453125,-0.7752685546875,0.3828125,16.90673828125,-12.878417015075684,11.657713890075684
-0.6256103515625,-0.7862548828125,0.2449951171875,24.902341842651367,10.864256858825684,-17.15087890625
-0.627685546875,-0.8275146484375,0.1263427734375,17.9443359375,19.95849609375,-45.410152435302734
-0.6072998046875,-0.8380126953125,0.107177734375,7.995604991912842,12.939452171325684,-42.724605560302734
-0.586181640625,-0.8218994140625,0.1490478515625,0.0610351525247097,-1.15966796875,-16.29638671875
-0.589599609375,-0.80908203125,0.161865234375,-5.859374523162842,-7.507323741912842,0.1220703050494194
-0.5924072265625,-0.79736328125,0.1614990234375,-8.30078125,-8.97216796875,4.39453125
-0.5999755859375,-0.8155517578125,0.167236328125,-8.11767578125,-7.507323741912842,2.50244140625
-0.6041259765625,-0.8594970703125,0.1590576171875,-7.141112804412842,-3.723144292831421,0.4272460639476776
-0.6163330078125,-0.88525390625,0.1263427734375,-5.126952648162842,-0.0610351525247097,3.112792730331421
-0.6617431640625,-0.909423828125,0.0946044921875,-5.0048828125,0.9765624403953552,11.657713890075684
-0.7498779296875,-0.9149169921875,0.0833740234375,-8.85009765625,-2.807616949081421,25.634763717651367
-0.9376220703125,-0.96337890625,-0.006103515625,-23.254392623901367,-5.859374523162842,33.447265625
-1.217041015625,-1.10693359375,-0.18359375,-48.645015716552734,11.840819358825684,23.193357467651367
-1.331787109375,-1.24951171875,-0.3431396484375,-67.32177734375,75.86669921875,-10.742186546325684
-1.1470947265625,-1.3577880859375,-0.46435546875,-72.69287109375,165.52732849121094,-62.072750091552734
-0.86669921875,-1.3790283203125,-0.5179443359375,-65.00244140625,228.45457458496094,-94.90966033935547
-0.644287109375,-1.283203125,-0.4154052734375,-36.80419921875,247.13133239746094,-93.74999237060547
-0.3294677734375,-1.1116943359375,-0.2208251953125,-8.36181640625,231.14012145996094,-92.71239471435547
0.0601806640625,-0.911865234375,-0.2935791015625,-27.160642623901367,211.85301208496094,-101.74559783935547
0.2373046875,-0.7928466796875,-0.592041015625,-78.55224609375,205.32225036621094,-83.55712127685547
0.135498046875,-0.8277587890625,-0.629638671875,-70.80078125,172.24119567871094,-23.315427780151367
-0.091064453125,-0.8616943359375,-0.423095703125,-1.8920897245407104,106.62841033935547,39.73388671875
-0.2947998046875,-0.7635498046875,-0.36328125,27.038572311401367,78.4912109375,69.76318359375
-0.390869140625,-0.59716796875,-0.3367919921875,19.34814453125,113.83055877685547,63.781734466552734
-0.0560302734375,-0.4744873046875,0.14501953125,66.650390625,167.41941833496094,-1.8920897245407104
0.1651611328125,-0.5828857421875,0.041748046875,22.888181686401367,177.00193786621094,-9.33837890625
0.2210693359375,-0.721435546875,-0.2733154296875,-42.968746185302734,171.02049255371094,6.530761241912842
0.2135009765625,-0.806884765625,-0.454345703125,-52.612300872802734,134.765625,13.549803733825684
0.2655029296875,-0.7679443359375,-0.476318359375,-21.484373092651367,84.59471893310547,-1.0986328125
0.2276611328125,-0.689697265625,-0.4471435546875,6.286620616912842,50.292964935302734,-8.72802734375
-0.0045166015625,-0.676513671875,-0.349609375,23.803709030151367,38.14697265625,10.498045921325684
-0.17919921875,-0.715087890625,-0.16943359375,34.72900390625,21.118162155151367,43.640132904052734
0.0885009765625,-0.669677734375,-0.1522216796875,17.51708984375,-3.723144292831421,52.856441497802734
0.40625,-0.587890625,-0.482666015625,-39.4287109375,10.314940452575684,32.53173828125
0.3321533203125,-0.596435546875,-0.787109375,-63.110347747802734,29.663084030151367,28.686521530151367
0.1959228515625,-0.6861572265625,-0.677490234375,-8.1787109375,4.82177734375,35.58349609375
0.238037109375,-0.83056640625,-0.2779541015625,56.091304779052734,-31.799314498901367,37.4755859375
0.31103515625,-0.943603515625,-0.0201416015625,64.0869140625,-43.640132904052734,42.846675872802734
0.0059814453125,-0.958740234375,-0.3603515625,-12.573241233825684,-4.5166015625,51.818843841552734
-0.1580810546875,-0.9361572265625,-0.593505859375,-22.705076217651367,-4.5166015625,43.823238372802734
-0.18896484375,-0.9320068359375,-0.5213623046875,5.493163585662842,-16.05224609375,18.24951171875
-0.102783203125,-0.9581298828125,-0.225830078125,41.870113372802734,-20.935056686401367,-10.498045921325684
-0.035888671875,-0.9671630859375,-0.1065673828125,42.114253997802734,-15.319823265075684,-26.672361373901367
-0.0081787109375,-0.959228515625,-0.2449951171875,10.620116233825684,-10.498045921325684,-35.0341796875
0.0887451171875,-0.956787109375,-0.4603271484375,-6.774901866912842,-5.371093273162842,-47.424312591552734
0.135009765625,-1.058349609375,-0.4713134765625,28.320310592651367,-3.662109136581421,-39.24560546875
0.034423828125,-1.3323974609375,-0.2574462890625,95.94725799560547,-12.329100608825684,0.9155272841453552
-0.0169677734375,-1.5142822265625,-0.198974609375,121.52098846435547,-3.906249761581421,36.1328125
0.045166015625,-1.4129638671875,-0.1878662109375,31.738279342651367,49.743648529052734,27.893064498901367
0.0888671875,-1.162109375,-0.06103515625,-104.18700408935547,104.91942596435547,-11.108397483825684
0.1138916015625,-0.9986572265625,-0.09912109375,-132.38525390625,116.21092987060547,-27.038572311401367
0.1732177734375,-1.0029296875,-0.278564453125,-64.02587890625,97.59520721435547,-13.183592796325684
0.208740234375,-1.0560302734375,-0.39404296875,-7.385253429412842,64.697265625,2.3193359375
0.19091796875,-1.0452880859375,-0.3826904296875,8.60595703125,24.169919967651367,16.11328125
0.1766357421875,-0.9495849609375,-0.3271484375,14.465331077575684,-17.4560546875,38.330078125
0.1781005859375,-0.83251953125,-0.283447265625,22.583005905151367,-50.170894622802734,56.884761810302734
0.1866455078125,-0.691650390625,-0.207275390625,19.59228515625,-56.396480560302734,46.081539154052734
0.12109375,-0.6114501953125,-0.1512451171875,8.6669921875,-26.672361373901367,-0.54931640625
-0.0172119140625,-0.6422119140625,-0.1883544921875,14.343260765075684,7.751464366912842,-39.55078125
-0.0528564453125,-0.6572265625,-0.19970703125,33.02001953125,12.878417015075684,-20.690916061401367
0.0191650390625,-0.6751708984375,-0.1434326171875,48.095699310302734,1.8310545682907104,28.930662155151367
0.0714111328125,-0.7744140625,-0.124755859375,60.424800872802734,2.563476324081421,44.799800872802734
0.0423583984375,-0.9012451171875,-0.130615234375,66.83349609375,11.108397483825684,16.66259765625
-0.0455322265625,-0.9586181640625,-0.107177734375,59.875484466552734,11.108397483825684,-17.02880859375
-0.101806640625,-0.7845458984375,-0.0662841796875,38.75732421875,4.45556640625,-7.507323741912842
-0.070556640625,-0.351806640625,-0.0230712890625,26.306150436401367,-5.126952648162842,68.4814453125
-0.0133056640625,-0.0008544921875,0.0050048828125,36.68212890625,-15.869139671325684,156.18896484375
0.0052490234375,0.0772705078125,0.0098876953125,51.696773529052734,-22.094724655151367,194.45799255371094
-0.009033203125,0.02001953125,0.0076904296875,59.143062591552734,-23.315427780151367,193.84764099121094
-0.034912109375,-0.0396728515625,0.0111083984375,60.485836029052734,-21.911619186401367,188.53758239746094
-0.061279296875,-0.0614013671875,0.0205078125,60.241695404052734,-18.85986328125,194.09178161621094
-0.0885009765625,-0.058349609375,0.0303955078125,61.035152435302734,-14.709471702575684,208.06883239746094
-0.1180419921875,-0.047607421875,0.0360107421875,62.927242279052734,-10.009765625,223.44969177246094
-0.145263671875,-0.0340576171875,0.037353515625,65.00244140625,-3.723144292831421,235.59568786621094
-0.1627197265625,-0.020263671875,0.034912109375,66.34521484375,7.141112804412842,241.63816833496094
-0.1710205078125,-0.0106201171875,0.0286865234375,66.2841796875,24.169919967651367,237.60984802246094
-0.17919921875,-0.0009765625,0.0208740234375,63.476558685302734,45.593257904052734,218.20066833496094
-0.49755859375,0.3046875,0.4720458984375,48.156734466552734,0.7324218153953552,165.22215270996094
-0.352783203125,0.3773193359375,0.9725341796875,-16.2353515625,-250.18309020996094,146.54541015625
-0.04052734375,-0.0853271484375,0.947509765625,-98.81591033935547,-357.2997741699219,148.01025390625
-0.4012451171875,-0.2315673828125,0.7864990234375,-90.02684783935547,-115.96678924560547,73.18115234375
-0.6600341796875,0.0093994140625,0.6875,-15.319823265075684,82.21434783935547,-9.94873046875
-0.691650390625,0.1883544921875,0.6865234375,22.949216842651367,106.68944549560547,-37.53662109375
-0.692138671875,0.198486328125,0.693603515625,20.935056686401367,64.02587890625,-27.648923873901367
-0.7215576171875,0.1549072265625,0.6951904296875,11.718749046325684,29.846189498901367,-6.591796398162842
-0.752685546875,0.1141357421875,0.6826171875,6.713866710662842,16.78466796875,6.652831554412842
-0.7615966796875,0.1009521484375,0.6556396484375,5.0048828125,15.441893577575684,10.253905296325684
-0.74658203125,0.11083984375,0.642578125,4.39453125,14.038084983825684,15.380858421325684
-0.746337890625,0.14404296875,0.6512451171875,5.981444835662842,12.451170921325684,20.751951217651367
-0.771484375,0.185791015625,0.6646728515625,8.7890625,11.535643577575684,20.446775436401367
-0.79541015625,0.2047119140625,0.665283203125,9.1552734375,8.36181640625,15.869139671325684
-0.80517578125,0.205078125,0.6536865234375,8.1787109375,5.187987804412842,9.94873046875
-0.803466796875,0.1971435546875,0.63427734375,6.530761241912842,3.967284917831421,5.126952648162842
-0.790771484375,0.1968994140625,0.6219482421875,3.906249761581421,2.3193359375,3.234863042831421
-0.7755126953125,0.2061767578125,0.6226806640625,1.7700194120407104,-0.0,2.44140625
-0.767578125,0.1998291015625,0.6273193359375,-0.1220703050494194,-1.7089842557907104,0.0
-0.7701416015625,0.1898193359375,0.65576171875,-1.15966796875,-3.173827886581421,-2.44140625
-0.817138671875,0.1767578125,0.693603515625,-2.38037109375,-0.4882812201976776,-6.591796398162842
-0.8702392578125,0.1671142578125,0.707275390625,-9.94873046875,4.69970703125,-12.145995140075684
-0.853759765625,0.1746826171875,0.750732421875,-23.681638717651367,-1.9531248807907104,-18.61572265625
-0.7982177734375,0.229736328125,1.0625,-25.451658248901367,-42.663570404052734,-35.58349609375
-0.8062744140625,0.25732421875,1.3106689453125,-44.555660247802734,-61.645503997802734,-75.62255859375
-0.86767578125,0.0518798828125,0.961669921875,-125.30516815185547,-15.441893577575684,-112.36571502685547
-0.89306640625,-0.2669677734375,0.4483642578125,-189.08689880371094,-22.460935592651367,-91.55272674560547
-0.8472900390625,-0.4541015625,0.409912109375,-167.29734802246094,-115.90575408935547,-43.457027435302734
-0.7928466796875,-0.52392578125,0.8507080078125,-106.07909393310547,-157.1044921875,-44.311519622802734
-0.6868896484375,-0.572509765625,1.113037109375,-85.69335174560547,-71.6552734375,-125.85448455810547
-0.4163818359375,-0.700927734375,0.911376953125,-113.58641815185547,61.767574310302734,-281.31103515625
-0.0992431640625,-0.957763671875,0.6812744140625,-132.8125,150.69580078125,-430.2978210449219
0.099853515625,-1.2008056640625,0.5489501953125,-147.705078125,141.54052734375,-423.8280944824219
0.2340087890625,-1.2298583984375,0.4478759765625,-142.333984375,25.817869186401367,-251.03758239746094
0.3153076171875,-1.172119140625,0.30517578125,-130.0048828125,-64.02587890625,-79.52880859375
0.3116455078125,-1.2088623046875,0.08935546875,-145.32470703125,-29.785154342651367,-25.085447311401367
0.257080078125,-1.1649169921875,0.008544921875,-137.63427734375,25.451658248901367,-29.541013717651367
0.1005859375,-0.996337890625,-0.056884765625,-106.75048065185547,26.672361373901367,-0.0610351525247097
-0.0579833984375,-0.8077392578125,-0.1224365234375,-85.44921112060547,18.00537109375,38.2080078125
-0.04736328125,-0.5936279296875,0.047119140625,-38.26904296875,26.611326217651367,32.04345703125
0.06640625,-0.4493408203125,0.298095703125,15.197752952575684,49.377437591552734,5.310058116912842
0.1317138671875,-0.4832763671875,0.3387451171875,2.197265625,70.3125,7.446288585662842
0.055419921875,-0.69287109375,0.0850830078125,-64.208984375,107.48290252685547,28.686521530151367
-0.20361328125,-0.9501953125,-0.211669921875,-107.91014862060547,159.3017578125,41.687007904052734
-0.246826171875,-0.9871826171875,-0.27099609375,-75.37841796875,129.08935546875,29.724119186401367
0.1851806640625,-0.787353515625,-0.1839599609375,-9.09423828125,1.4038084745407104,-9.27734375
0.4451904296875,-0.5955810546875,-0.0745849609375,27.099607467651367,-97.53417205810547,-11.230467796325684
0.212890625,-0.5272216796875,0.1282958984375,34.97314453125,-109.13085174560547,41.870113372802734
-0.0928955078125,-0.5880126953125,0.1617431640625,10.803221702575684,-55.541988372802734,76.35498046875
-0.2752685546875,-0.7237548828125,-0.210205078125,-49.255367279052734,17.578125,64.27001953125
-0.2994384765625,-0.8392333984375,-0.5172119140625,-69.9462890625,44.555660247802734,25.085447311401367
-0.189208984375,-0.90625,-0.361083984375,-14.404295921325684,16.54052734375,-13.977049827575684
-0.0321044921875,-0.93798828125,-0.041748046875,42.297359466552734,-21.911619186401367,-27.221677780151367
0.0623779296875,-0.9620361328125,0.060302734375,42.846675872802734,-35.5224609375,-13.427733421325684
-0.0389404296875,-0.9771728515625,-0.058349609375,7.324218273162842,-22.216794967651367,19.34814453125
-0.2244873046875,-0.982177734375,-0.2767333984375,-30.273435592651367,-1.0986328125,41.564937591552734
-0.3121337890625,-0.9937744140625,-0.396240234375,-38.330078125,4.5166015625,22.216794967651367
-0.2567138671875,-0.98876953125,-0.3201904296875,-7.019042491912842,-11.108397483825684,-16.9677734375
-0.1263427734375,-0.9761962890625,-0.1610107421875,25.268552780151367,-29.602048873901367,-35.70556640625
-0.0460205078125,-0.9720458984375,-0.0787353515625,28.869626998901367,-33.447265625,-28.076169967651367
-0.002197265625,-0.991943359375,-0.11865234375,12.084959983825684,-24.475095748901367,-10.620116233825684
-0.0797119140625,-1.044921875,-0.254638671875,7.324218273162842,-11.779784202575684,3.417968511581421
-0.06396484375,-1.19384765625,0.046630859375,96.86278533935547,-15.380858421325684,-37.29248046875
0.037109375,-1.294677734375,0.1842041015625,143.5546875,37.17041015625,-60.974117279052734
0.0657958984375,-1.301513671875,0.036376953125,90.69823455810547,106.62841033935547,-64.88037109375
0.1142578125,-1.223388671875,-0.010986328125,-58.471675872802734,121.64305877685547,-65.0634765625
0.1795654296875,-1.0723876953125,0.0821533203125,-164.00144958496094,93.81102752685547,-68.603515625
0.208251953125,-0.942138671875,0.06884765625,-135.43701171875,68.54248046875,-74.64599609375
0.226318359375,-0.87548828125,-0.0325927734375,-40.283199310302734,36.56005859375,-57.861324310302734
0.206298828125,-0.9423828125,-0.1494140625,32.65380859375,-23.864744186401367,10.986327171325684
0.14599609375,-1.0072021484375,-0.1424560546875,28.930662155151367,-28.259275436401367,24.719236373901367
0.0775146484375,-1.0323486328125,-0.1365966796875,33.02001953125,-29.235837936401367,36.19384765625
0.010009765625,-0.9471435546875,-0.0950927734375,23.498533248901367,-50.231929779052734,77.33154296875
-0.0089111328125,-0.91357421875,-0.0565185546875,2.929687261581421,-52.307125091552734,81.90917205810547
-0.05322265625,-0.889404296875,-0.0555419921875,-7.751464366912842,-36.4990234375,67.81005859375
-0.08251953125,-0.8875732421875,-0.0621337890625,-8.1787109375,-12.512206077575684,52.001949310302734
-0.0457763671875,-0.8463134765625,-0.000244140625,12.451170921325684,22.705076217651367,25.146482467651367
-0.030517578125,-0.7962646484375,0.0201416015625,42.297359466552734,29.663084030151367,-7.995604991912842
-0.0045166015625,-0.8262939453125,0.0640869140625,80.2001953125,18.5546875,-47.790523529052734
0.01318359375,-0.943359375,0.1270751953125,112.67089080810547,-4.8828125,-81.66503143310547
-0.001220703125,-1.0330810546875,0.1343994140625,110.04637908935547,-13.671874046325684,-87.76854705810547
0.0164794921875,-1.0113525390625,0.1318359375,52.490230560302734,-2.38037109375,-49.743648529052734
0.063720703125,-0.9302978515625,0.152587890625,-17.02880859375,8.544921875,-3.234863042831421
0.07861328125,-0.8670654296875,0.1575927734375,-43.579097747802734,9.70458984375,9.521484375
0.059326171875,-0.8721923828125,0.12939453125,-26.855466842651367,2.25830078125,-4.2724609375
0.0018310546875,-0.831298828125,0.0728759765625,-5.615233898162842,-13.305663108825684,-17.88330078125
-0.0438232421875,-0.5103759765625,0.0230712890625,-13.122557640075684,-36.4990234375,-5.798339366912842
-0.02978515625,-0.1007080078125,-0.0009765625,-42.175289154052734,-54.443355560302734,31.494138717651367
-0.00390625,0.0672607421875,-0.0059814453125,-63.110347747802734,-58.227535247802734,59.875484466552734
0.0069580078125,0.046875,-0.00244140625,-66.83349609375,-54.748531341552734,65.673828125
0.00390625,-0.01513671875,0.0008544921875,-62.255855560302734,-51.147457122802734,61.462398529052734
-0.0048828125,-0.048828125,0.00048828125,-57.983394622802734,-49.743648529052734,59.814449310302734
-0.0169677734375,-0.0562744140625,-0.0030517578125,-56.701656341552734,-50.476070404052734,65.73486328125
-0.0560302734375,-0.0655517578125,-0.011962890625,-59.387203216552734,-55.603023529052734,103.08837127685547
-0.0802001953125,-0.075439453125,-0.019287109375,-61.340328216552734,-61.096187591552734,132.50732421875
-0.1097412109375,-0.0849609375,-0.026611328125,-63.781734466552734,-68.42041015625,164.06248474121094
-0.1636962890625,-0.1015625,-0.0333251953125,-67.56591796875,-77.392578125,195.25144958496094
-0.411376953125,0.0318603515625,0.158447265625,-103.08837127685547,-62.805171966552734,276.9775390625
-0.2099609375,0.428955078125,0.3553466796875,-111.32811737060547,-60.119625091552734,338.5009460449219
0.1158447265625,0.228759765625,0.1802978515625,-4.0283203125,-96.19139862060547,165.03904724121094
-0.223388671875,-0.39208984375,-0.0606689453125,72.998046875,-80.44432830810547,-67.3828125
-0.647705078125,-0.5250244140625,-0.1341552734375,34.72900390625,-15.441893577575684,-95.03173065185547
-0.9266357421875,-0.400390625,-0.1317138671875,-10.192870140075684,20.446775436401367,-17.7001953125
-1.08056640625,-0.263427734375,-0.12744140625,-19.22607421875,17.51708984375,40.283199310302734
-1.09814453125,-0.22802734375,-0.138671875,-9.94873046875,0.9765624403953552,51.574703216552734
-1.0545654296875,-0.252197265625,-0.152587890625,-1.4648436307907104,-7.202147960662842,37.353515625
-1.0389404296875,-0.2685546875,-0.1630859375,-0.9765624403953552,-8.36181640625,23.376462936401367
-1.032958984375,-0.279541015625,-0.1568603515625,-2.929687261581421,-8.36181640625,15.747069358825684
-1.0262451171875,-0.278564453125,-0.141845703125,-2.990722417831421,-6.896972179412842,12.145995140075684
-1.02099609375,-0.2587890625,-0.125244140625,-1.7700194120407104,-5.615233898162842,9.765625
-1.0130615234375,-0.233642578125,-0.1185302734375,-0.30517578125,-3.967284917831421,6.530761241912842
-1.0008544921875,-0.2176513671875,-0.12890625,-0.0,-0.54931640625,3.417968511581421
-0.984130859375,-0.21337890625,-0.133544921875,-0.7934569716453552,0.8544921278953552,1.5869139432907104
-0.9744873046875,-0.214111328125,-0.1278076171875,-1.0986328125,-0.9155272841453552,0.9155272841453552
-0.97802734375,-0.212158203125,-0.1279296875,-0.1831054538488388,-1.4648436307907104,1.03759765625
-0.9818115234375,-0.206787109375,-0.1298828125,0.54931640625,-1.5869139432907104,0.7324218153953552
-0.97265625,-0.205078125,-0.126708984375,0.6713866591453552,-2.44140625,-0.3662109076976776
-0.9566650390625,-0.207763671875,-0.125244140625,1.220703125,-1.15966796875,-0.7324218153953552
-0.94873046875,-0.208740234375,-0.125732421875,2.0751953125,0.1220703050494194,0.3662109076976776
-0.95458984375,-0.2061767578125,-0.1226806640625,2.990722417831421,-1.5869139432907104,1.9531248807907104
-0.9605712890625,-0.204345703125,-0.1220703125,3.723144292831421,-2.929687261581421,2.746581792831421
-0.95947265625,-0.2032470703125,-0.1221923828125,3.112792730331421,-4.39453125,2.746581792831421
-0.9649658203125,-0.199951171875,-0.1136474609375,0.9155272841453552,-8.4228515625,4.150390625
-0.9727783203125,-0.19287109375,-0.10009765625,-1.4648436307907104,-13.366698265075684,7.019042491912842
-0.96826171875,-0.185791015625,-0.076416015625,-1.7700194120407104,-18.61572265625,8.85009765625
-0.9556884765625,-0.1824951171875,-0.0430908203125,0.8544921278953552,-22.949216842651367,8.85009765625
-0.9453125,-0.2064208984375,-0.0135498046875,4.57763671875,-28.503416061401367,7.934569835662842
-0.973876953125,-0.245849609375,0.04345703125,-1.8920897245407104,-48.461910247802734,2.44140625
-1.062255859375,-0.2386474609375,0.10986328125,-25.878904342651367,-67.9931640625,-10.742186546325684
-1.0316162109375,-0.1785888671875,0.0860595703125,-44.433589935302734,-48.706050872802734,-25.390623092651367
-0.8817138671875,-0.1099853515625,0.0225830078125,-30.151365280151367,-33.63037109375,-43.029781341552734
-0.8494873046875,-0.14892578125,0.0733642578125,15.319823265075684,-68.78662109375,-61.706539154052734
-0.9017333984375,-0.2823486328125,0.1602783203125,52.307125091552734,-78.0029296875,-55.786128997802734
-0.902099609375,-0.3751220703125,0.14208984375,39.306640625,3.601073980331421,-30.456541061401367
-0.8660888671875,-0.38818359375,0.0604248046875,-13.122557640075684,114.25780487060547,-26.123044967651367
-0.871826171875,-0.3973388671875,0.01708984375,-45.043941497802734,163.87937927246094,-51.879878997802734
-0.94482421875,-0.3956298828125,-0.0928955078125,-7.385253429412842,101.68456268310547,-35.46142578125
-0.893310546875,-0.4312744140625,-0.0994873046875,-15.197752952575684,42.480464935302734,5.187987804412842
-0.826416015625,-0.5050048828125,-0.0811767578125,-4.5166015625,-13.916014671325684,22.583005905151367
-0.8404541015625,-0.4918212890625,-0.1419677734375,16.17431640625,-39.85595703125,26.367185592651367
-1.03125,-0.4571533203125,-0.1881103515625,-20.446775436401367,-18.49365234375,-2.990722417831421
-0.9747314453125,-0.4188232421875,-0.216552734375,-22.460935592651367,8.97216796875,26.611326217651367
-0.9683837890625,-0.369873046875,-0.257568359375,-21.240232467651367,8.30078125,31.860349655151367
-0.9749755859375,-0.3223876953125,-0.2818603515625,-23.620603561401367,5.676269054412842,26.184080123901367
-0.9647216796875,-0.29541015625,-0.28466796875,-21.362302780151367,7.568358898162842,19.287109375
-0.9486083984375,-0.29345703125,-0.2744140625,-13.122557640075684,5.310058116912842,9.58251953125
-0.9552001953125,-0.2977294921875,-0.248291015625,-5.432128429412842,-0.4882812201976776,-0.6103515625
-0.9664306640625,-0.3006591796875,-0.2193603515625,-0.8544921278953552,-3.967284917831421,-5.859374523162842
-0.957275390625,-0.30322265625,-0.1922607421875,3.173827886581421,-2.868652105331421,-5.371093273162842
-0.9376220703125,-0.3021240234375,-0.177490234375,5.981444835662842,2.807616949081421,-1.03759765625
-0.9298095703125,-0.3214111328125,-0.16650390625,8.85009765625,3.723144292831421,-2.01416015625
-0.935302734375,-0.3519287109375,-0.1522216796875,11.657713890075684,-4.150390625,-11.596678733825684
-0.922119140625,-0.3533935546875,-0.1702880859375,8.6669921875,-8.23974609375,-15.747069358825684
-0.9114990234375,-0.3223876953125,-0.213623046875,1.9531248807907104,-3.845214605331421,-5.371093273162842
-0.9517822265625,-0.293212890625,-0.235107421875,-0.7934569716453552,-2.624511480331421,5.432128429412842
-0.982666015625,-0.3018798828125,-0.2108154296875,3.051757574081421,-4.8828125,3.723144292831421
-0.9466552734375,-0.3353271484375,-0.16650390625,8.30078125,-0.3662109076976776,-2.44140625
-0.8975830078125,-0.3634033203125,-0.123779296875,7.446288585662842,7.141112804412842,-3.234863042831421
-0.8729248046875,-0.353515625,-0.1099853515625,-0.7934569716453552,10.803221702575684,1.5258787870407104
-0.8760986328125,-0.32080078125,-0.13818359375,-7.873534679412842,6.164550304412842,3.723144292831421
-0.8980712890625,-0.3131103515625,-0.1669921875,-6.225585460662842,-3.234863042831421,2.44140625
-0.926025390625,-0.3275146484375,-0.166259765625,-0.54931640625,-5.920409679412842,5.676269054412842
-0.943359375,-0.343017578125,-0.156982421875,1.6479490995407104,-5.371093273162842,6.103515148162842
-0.9361572265625,-0.35009765625,-0.1470947265625,-0.1220703050494194,-8.6669921875,-2.624511480331421
-0.925048828125,-0.3377685546875,-0.150146484375,-5.371093273162842,-9.765625,-7.263183116912842
-0.9212646484375,-0.32666015625,-0.1690673828125,-11.047362327575684,-5.920409679412842,-1.6479490995407104
-0.91943359375,-0.3316650390625,-0.1822509765625,-11.840819358825684,-2.50244140625,4.33349609375
-0.9283447265625,-0.335693359375,-0.189453125,-8.60595703125,-2.50244140625,5.065917491912842
-0.94287109375,-0.333251953125,-0.1884765625,-4.8828125,-3.051757574081421,3.662109136581421
-0.94482421875,-0.32666015625,-0.182861328125,-2.13623046875,-2.197265625,2.13623046875
-0.9327392578125,-0.3240966796875,-0.1771240234375,0.0610351525247097,-0.7934569716453552,1.15966796875
-0.918701171875,-0.3253173828125,-0.17529296875,2.0751953125,0.6713866591453552,1.0986328125
-0.90966796875,-0.3253173828125,-0.1771240234375,3.417968511581421,1.5258787870407104,0.54931640625
-0.9166259765625,-0.321044921875,-0.179443359375,4.08935546875,1.9531248807907104,0.7324218153953552
-0.9351806640625,-0.308837890625,-0.1812744140625,3.784179449081421,2.197265625,1.7700194120407104
-0.93994140625,-0.296142578125,-0.1798095703125,3.173827886581421,1.5869139432907104,0.6103515625
-0.935302734375,-0.2962646484375,-0.1690673828125,3.601073980331421,0.9155272841453552,-0.4272460639476776
-0.94287109375,-0.3023681640625,-0.156982421875,3.662109136581421,0.6713866591453552,1.4648436307907104
-0.956298828125,-0.3056640625,-0.1561279296875,3.051757574081421,-0.7324218153953552,2.563476324081421
-0.958740234375,-0.307861328125,-0.1619873046875,3.540038824081421,-1.9531248807907104,1.8920897245407104
-0.95947265625,-0.3095703125,-0.165283203125,4.21142578125,-1.9531248807907104,1.0986328125
-0.956787109375,-0.313232421875,-0.1676025390625,4.08935546875,-1.7700194120407104,-0.3662109076976776
-0.93896484375,-0.3162841796875,-0.171875,3.906249761581421,-0.3662109076976776,-1.15966796875
-0.922607421875,-0.3170166015625,-0.173583984375,4.08935546875,1.6479490995407104,-0.30517578125
-0.917724609375,-0.3182373046875,-0.171630859375,4.45556640625,2.685546636581421,0.8544921278953552
-0.91845703125,-0.3173828125,-0.1741943359375,4.08935546875,2.868652105331421,0.7934569716453552
-0.922119140625,-0.3204345703125,-0.1767578125,3.417968511581421,2.929687261581421,0.30517578125
-0.9287109375,-0.336181640625,-0.164306640625,3.173827886581421,3.051757574081421,0.54931640625
-0.9366455078125,-0.3466796875,-0.1484375,1.7089842557907104,2.868652105331421,1.7089842557907104
-0.9351806640625,-0.357666015625,-0.121337890625,-0.4882812201976776,2.624511480331421,3.234863042831421
-0.925537109375,-0.3746337890625,-0.0928955078125,-2.13623046875,0.54931640625,3.173827886581421
-0.9078369140625,-0.368408203125,-0.1016845703125,-3.723144292831421,-3.906249761581421,1.7089842557907104
-0.9041748046875,-0.336181640625,-0.1373291015625,-4.8828125,-9.09423828125,1.4648436307907104
-0.936767578125,-0.296630859375,-0.177734375,-5.432128429412842,-12.207030296325684,6.042479991912842
-0.994873046875,-0.2579345703125,-0.2113037109375,-4.8828125,-13.732909202575684,10.803221702575684
-1.0430908203125,-0.2257080078125,-0.2410888671875,-2.563476324081421,-11.779784202575684,4.21142578125
-1.0369873046875,-0.23388671875,-0.2452392578125,1.8920897245407104,3.601073980331421,-13.244627952575684
-0.9423828125,-0.2896728515625,-0.2320556640625,2.624511480331421,31.494138717651367,-31.066892623901367
-0.7999267578125,-0.3348388671875,-0.2283935546875,-2.25830078125,55.847164154052734,-34.0576171875
-0.7232666015625,-0.3375244140625,-0.2257080078125,-4.08935546875,57.189937591552734,-18.6767578125
-0.736572265625,-0.35595703125,-0.23583984375,-10.253905296325684,33.02001953125,-0.4272460639476776
-0.6981201171875,-0.3619384765625,-0.255859375,-18.85986328125,7.751464366912842,4.33349609375
-0.612060546875,-0.3074951171875,-0.2132568359375,-15.136717796325684,-15.075682640075684,-3.356933355331421
-0.6112060546875,-0.2547607421875,-0.1124267578125,-5.859374523162842,-51.635738372802734,-14.465331077575684
-0.6519775390625,-0.2176513671875,-0.0347900390625,-12.756346702575684,-90.45409393310547,-27.038572311401367
-0.77587890625,-0.168701171875,0.0244140625,-40.283199310302734,-124.32860565185547,-29.968259811401367
-0.9361572265625,-0.0574951171875,-0.0291748046875,-86.97509002685547,-152.099609375,-1.8920897245407104
-1.043701171875,-0.027587890625,-0.1063232421875,-119.87303924560547,-168.21287536621094,37.9638671875
-1.17041015625,-0.10693359375,-0.0450439453125,-102.72216033935547,-162.65867614746094,64.02587890625
-1.3603515625,-0.153076171875,0.0628662109375,-61.035152435302734,-129.94384765625,78.06396484375
-1.4755859375,-0.1710205078125,0.07421875,-19.8974609375,-82.94676971435547,75.0732421875
-1.381591796875,-0.1158447265625,-0.09375,12.817381858825684,-31.555173873901367,58.288570404052734
-1.2235107421875,-0.0098876953125,-0.2781982421875,53.710933685302734,6.347655773162842,32.16552734375
-1.1376953125,0.0340576171875,-0.2877197265625,125.48827362060547,18.61572265625,-1.2817381620407104
-1.125,-0.0050048828125,-0.1673583984375,203.30809020996094,22.460935592651367,-21.728513717651367
-1.13623046875,-0.0391845703125,-0.0313720703125,244.56785583496094,33.3251953125,-18.4326171875
-1.149658203125,-0.0552978515625,0.104248046875,244.56785583496094,42.053218841552734,-12.329100608825684
-1.101806640625,-0.0731201171875,0.212646484375,221.19139099121094,47.790523529052734,-18.37158203125
-0.973388671875,-0.0479736328125,0.2310791015625,188.78172302246094,49.987789154052734,-30.761716842651367
-0.9013671875,-0.0255126953125,0.222412109375,164.42869567871094,34.24072265625,-44.799800872802734
-0.9268798828125,-0.0167236328125,0.2203369140625,149.84130859375,12.817381858825684,-53.039546966552734
-0.956298828125,0.033203125,0.170654296875,135.19287109375,8.60595703125,-48.095699310302734
-0.9991455078125,0.0556640625,0.1146240234375,129.94384765625,11.413573265075684,-38.39111328125
-1.0772705078125,0.0064697265625,0.0592041015625,134.6435546875,9.94873046875,-32.16552734375
-1.2967529296875,-0.03857421875,-0.0523681640625,129.638671875,5.187987804412842,-22.277830123901367
-1.5743408203125,-0.021240234375,-0.152587890625,119.20165252685547,1.9531248807907104,-13.793944358825684
-1.5406494140625,0.0684814453125,-0.151123046875,120.84960174560547,16.41845703125,-27.099607467651367
-1.2369384765625,0.171875,-0.08349609375,131.34765625,45.288082122802734,-55.114742279052734
-1.009765625,0.2076416015625,-0.0086669921875,139.16015625,62.316890716552734,-70.37353515625
-0.95263671875,0.1820068359375,0.0458984375,140.19775390625,58.471675872802734,-64.51416015625
-0.96826171875,0.1024169921875,0.1162109375,140.9912109375,40.893550872802734,-55.358882904052734
-1.0184326171875,-0.02978515625,0.2296142578125,140.31982421875,21.667478561401367,-56.884761810302734
-1.0478515625,-0.1441650390625,0.2813720703125,120.42235565185547,18.12744140625,-59.509273529052734
-1.0321044921875,-0.18212890625,0.2159423828125,75.439453125,36.92626953125,-49.316402435302734
-0.9649658203125,-0.1776123046875,0.1051025390625,28.259275436401367,62.499996185302734,-29.846189498901367
-0.863037109375,-0.1895751953125,0.0335693359375,1.8310545682907104,71.6552734375,-18.6767578125
